WavFileName,canonical_word,decoded_word,label,start_time,end_time,span_dur,speech_dur,ctm_entry,canonical_phone_seq,EN_phone_seq_raw,EN_phone_seq_clean,frame_start,frame_end,n_frames,raw_logmax_min,raw_logmax_sum,raw_logmax_mean,temprature_logmax_min,temprature_logmax_sum,temprature_logmax_mean,raw_entropy_min,raw_entropy_sum,raw_entropy_mean,temprature_entropy_min,temprature_entropy_sum,temprature_entropy_mean,normalized_max_prob_min,normalized_max_prob_sum,normalized_max_prob_mean,entropy_gibbs_lin_min,entropy_gibbs_lin_sum,entropy_gibbs_lin_mean,entropy_gibbs_exp_min,entropy_gibbs_exp_sum,entropy_gibbs_exp_mean,entropy_tsallis_lin_min,entropy_tsallis_lin_sum,entropy_tsallis_lin_mean,entropy_tsallis_exp_min,entropy_tsallis_exp_sum,entropy_tsallis_exp_mean,entropy_renyi_lin_min,entropy_renyi_lin_sum,entropy_renyi_lin_mean,entropy_renyi_exp_min,entropy_renyi_exp_sum,entropy_renyi_exp_mean,costed_neglog,lev_dist,n_canon_phones,n_hyp_phones
aa_3-a-1_kv_kv-no1-gorakhpur_06082025-000000-1_EN-OL-RC-235_1,long,अंग,s,0.96,1.17,0.21,0.21,अंग,L AO NG,HH *,HH,48,59,11,-1.0518507957458496,-2.0640182495117188,-0.1876380294561386,-1.9797734022140503,-11.284738540649414,-1.0258853435516357,0.0053788055665791035,4.098523139953613,0.3725930154323578,1.8639881610870361,29.008285522460938,2.6371169090270996,0.6246387362480164,10.232406616210938,0.9302187561988831,0.36975908279418945,5.949016571044922,0.5408197045326233,2.3533584680990316e-05,0.01690053381025791,0.001536412164568901,0.6013985276222229,8.642953872680664,0.785723090171814,0.00014253142580855638,0.3358536660671234,0.030532151460647583,0.2917752265930176,5.38681697845459,0.48971062898635864,0.045688603073358536,1.504404067993164,0.13676400482654572,15.960867808425718,3.0,3,1
aa_3-a-1_kv_kv-no1-gorakhpur_06082025-000000-1_EN-OL-RC-235_1,long,long,c,1.17,1.56,0.39,0.39,long,L AO NG,* L AO NG *,L AO NG,58,78,20,-0.40803006291389465,-0.8434810042381287,-0.042174048721790314,-1.2303228378295898,-9.566102027893066,-0.4783051013946533,0.00017941341502591968,2.0620172023773193,0.10310085862874985,1.0726263523101807,34.2652473449707,1.7132623195648193,0.8425741791725159,19.67108726501465,0.9835543632507324,0.5373228788375854,14.490799903869629,0.7245399951934814,0.0004006778763141483,0.4511607885360718,0.02255803905427456,0.7806520462036133,18.055871963500977,0.9027935862541199,0.007647530175745487,3.8318777084350586,0.19159388542175293,0.46440589427948,13.680286407470703,0.6840143203735352,0.1092948392033577,6.209259986877441,0.310463011264801,0.0,0.0,3,3
aa_3-a-1_kv_kv-no1-gorakhpur_06082025-000000-1_EN-OL-RC-235_1,ago,ago,c,1.56,2.01,0.45,0.45,ago,AH G OW,AH G OW *,AH G OW,78,101,23,-0.08314578980207443,-0.13077114522457123,-0.005685701966285706,-0.9992927312850952,-9.996973991394043,-0.43465104699134827,0.00040004056063480675,0.6117998361587524,0.02659999206662178,1.1938564777374268,40.263397216796875,1.7505824565887451,0.966605007648468,22.94732093811035,0.9977096319198608,0.5317249894142151,16.5839786529541,0.7210425734519958,0.0003644927928689867,0.411579430103302,0.01789475791156292,0.7905923128128052,20.855308532714844,0.9067525267601013,0.009537490084767342,4.171260833740234,0.1813591718673706,0.47702330350875854,15.81509017944336,0.6876125931739807,0.1158040463924408,7.045021057128906,0.30630525946617126,0.0,0.0,3,3
aa_3-a-1_kv_kv-no1-gorakhpur_06082025-000000-1_EN-OL-RC-235_1,the,the,c,2.01,2.28,0.27,0.27,the,DH AH,* DH AH *,DH AH,100,114,14,-0.5702073574066162,-0.8659576177597046,-0.06185411661863327,-1.0559656620025635,-8.171602249145508,-0.5836858749389648,0.0004920277278870344,1.7577002048492432,0.1255500167608261,1.236472487449646,27.734086990356445,1.9810062646865845,0.784328818321228,13.665656089782715,0.976118266582489,0.5675393342971802,9.585112571716309,0.6846508979797363,0.0006678452482447028,0.15012727677822113,0.010723376646637917,0.8159998059272766,12.384921073913574,0.8846372365951538,0.016772205010056496,1.6514992713928223,0.1179642304778099,0.5115183591842651,8.931273460388184,0.6379480957984924,0.13529160618782043,3.488522529602051,0.24918018281459808,0.0,0.0,2,2
aa_3-a-1_kv_kv-no1-gorakhpur_06082025-000000-1_EN-OL-RC-235_1,peacock,peacock,c,2.28,2.79,0.51,0.51,peacock,P IY K AO K,* P IY K AO K *,P IY K AO K,113,140,27,-0.7290427684783936,-1.810514211654663,-0.0670560821890831,-1.4988430738449097,-16.277305603027344,-0.6028631925582886,0.00043671729508787394,3.269843339920044,0.12110530585050583,1.19913649559021,54.78673553466797,2.0291383266448975,0.7295275926589966,26.310585021972656,0.97446608543396,0.505063533782959,18.334253311157227,0.6790463924407959,0.00023221947776619345,0.22049905359745026,0.008166631683707237,0.7316160202026367,23.77241325378418,0.880459725856781,0.0025726158637553453,2.851848840713501,0.10562402755022049,0.40808701515197754,17.006607055664062,0.6298743486404419,0.08378546684980392,6.45517635345459,0.23908060789108276,0.0,0.0,5,5
aa_3-a-1_kv_kv-no1-gorakhpur_06082025-000000-1_EN-OL-RC-235_1,had,had,c,2.79,3.09,0.3,0.3,had,HH AE D,* HH AE D *,HH AE D,139,155,16,-0.6164393424987793,-0.7970502972602844,-0.049815643578767776,-1.0809811353683472,-7.844404697418213,-0.4902752935886383,0.00021351058967411518,1.510165810585022,0.09438536316156387,1.0230413675308228,27.96666717529297,1.7479166984558105,0.7681527733802795,15.695256233215332,0.9809535145759583,0.6017850637435913,11.593123435974121,0.7245702147483826,0.0011916117509827018,0.3161214292049408,0.0197575893253088,0.8318204283714294,14.45124340057373,0.9032027125358582,0.02383650653064251,2.763352394104004,0.17270952463150024,0.5348626375198364,10.867571830749512,0.6792232394218445,0.15001796185970306,4.7683796882629395,0.2980237305164337,0.0,0.0,3,3
aa_3-a-1_kv_kv-no1-gorakhpur_06082025-000000-1_EN-OL-RC-235_1,a,a,c,3.09,3.21,0.12,0.12,a,AH,AH *,AH,154,161,7,-0.09404678642749786,-0.18628914654254913,-0.02661273442208767,-0.9207468628883362,-3.99700665473938,-0.5710009336471558,0.0009938636794686317,0.7261144518852234,0.10373063385486603,1.443882942199707,13.74489688873291,1.9635566473007202,0.9622780084609985,6.925074100494385,0.9892963171005249,0.5540493726730347,4.846614837646484,0.6923735737800598,0.0005316426977515221,0.06352701038122177,0.00907528679817915,0.808403491973877,6.205667972564697,0.8865240216255188,0.014167516492307186,0.7910269498825073,0.11300384998321533,0.5008423924446106,4.479735374450684,0.6399621963500977,0.12898308038711548,1.7327697277069092,0.24753853678703308,0.0,0.0,1,1
aa_3-a-1_kv_kv-no1-gorakhpur_06082025-000000-1_EN-OL-RC-235_1,lovely,lovely,c,3.21,3.69,0.48,0.48,lovely,L AH V L IY,* L AH V L IY *,L AH V L IY,160,185,25,-0.5226664543151855,-0.9670495390892029,-0.03868198022246361,-1.3046461343765259,-13.448932647705078,-0.5379573106765747,0.0001988481089938432,2.581428050994873,0.10325711965560913,1.0073323249816895,46.50035095214844,1.8600140810012817,0.8011589646339417,24.622406005859375,0.9848962426185608,0.5135393738746643,17.579999923706055,0.7031999826431274,0.0002680051838979125,0.4073679447174072,0.01629471778869629,0.761142373085022,22.289867401123047,0.8915947079658508,0.004957620054483414,3.7872958183288574,0.15149183571338654,0.44089674949645996,16.43792152404785,0.6575168371200562,0.09797432273626328,6.91441011428833,0.2765763998031616,0.0,0.0,5,5
aa_3-a-1_kv_kv-no1-gorakhpur_06082025-000000-1_EN-OL-RC-235_1,voice,voice,c,3.69,4.14,0.45,0.45,voice,V OY S,* W OY Z *,W OY Z,184,207,23,-0.5949032306671143,-1.1140364408493042,-0.04843636602163315,-1.3120558261871338,-12.801482200622559,-0.5565862059593201,0.00045915288501419127,2.532985210418701,0.11012978851795197,1.2229204177856445,44.146324157714844,1.9194053411483765,0.7756646871566772,22.568641662597656,0.9812452793121338,0.5262620449066162,15.961996078491211,0.6939998269081116,0.0003323323908261955,0.2792116105556488,0.012139635160565376,0.7681889533996582,20.427234649658203,0.8881406188011169,0.005797828081995249,3.0603697299957275,0.1330595463514328,0.4492059350013733,14.911641120910645,0.6483322381973267,0.10185962170362473,6.033397197723389,0.2623216211795807,4.366691608659984,2.0,3,3
aa_3-a-1_kv_kv-no1-gorakhpur_06082025-000000-1_EN-OL-RC-235_1,and,and,c,4.14,4.38,0.24,0.24,and,AE N D,* AE N D *,AE N D,206,219,13,-0.04401683434844017,-0.09349185973405838,-0.007191681303083897,-0.7390576004981995,-5.873727798461914,-0.45182520151138306,0.00011381717922631651,0.49368929862976074,0.03797610104084015,0.8910008072853088,22.73460578918457,1.7488157749176025,0.9822344779968262,12.962175369262695,0.9970903992652893,0.5979694128036499,9.424915313720703,0.7249934673309326,0.0011171657824888825,0.2768295407295227,0.02129458077251911,0.8456730842590332,11.789019584655762,0.9068476557731628,0.03242698311805725,2.2769010066986084,0.17514623701572418,0.5566725730895996,8.904003143310547,0.6849232912063599,0.16501803696155548,3.9325835704803467,0.3025064170360565,0.0,0.0,3,3
aa_3-a-1_kv_kv-no1-gorakhpur_06082025-000000-1_EN-OL-RC-235_1,beautiful,beautiful,c,4.38,4.95,0.57,0.57,beautiful,B Y UW T IH F UH L,* B Y UW T IH F UH L *,B Y UW T IH F UH L,219,248,29,-0.059205200523138046,-0.30660480260849,-0.010572579689323902,-0.963869571685791,-13.80722427368164,-0.47611117362976074,0.00031164169195108116,1.4503459930419922,0.050011929124593735,1.1035048961639404,52.34266662597656,1.8049194812774658,0.9761495590209961,28.87615966796875,0.9957296252250671,0.550667405128479,20.67010498046875,0.7127622365951538,0.0005020950920879841,0.4917861819267273,0.016958143562078476,0.8023056983947754,26.119478225708008,0.900671660900116,0.012372475117444992,4.794994354248047,0.16534462571144104,0.4925030469894409,19.546329498291016,0.6740113496780396,0.12423163652420044,8.452617645263672,0.2914695739746094,0.0,0.0,8,8
aa_3-a-1_kv_kv-no1-gorakhpur_06082025-000000-1_EN-OL-RC-235_1,feathers,फिदर्स,s,4.95,5.58,0.63,0.63,फिदर्स,F EH DH AH R Z,* F EH DH AH R S * SIL *,F EH DH AH R S,247,279,32,-0.7731229066848755,-1.784801959991455,-0.05577506124973297,-1.6019196510314941,-18.441186904907227,-0.5762870907783508,0.0011487272568047047,3.7688281536102295,0.11777587980031967,1.260542869567871,63.348976135253906,1.9796555042266846,0.7147009372711182,31.32121467590332,0.9787879586219788,0.48628532886505127,21.950712203979492,0.6859597563743591,0.00016904034418985248,0.29330819845199585,0.00916588120162487,0.7066572904586792,28.28185272216797,0.883807897567749,0.001477572601288557,3.7420401573181152,0.1169387549161911,0.38257676362991333,20.450349807739258,0.6390734314918518,0.07392130047082901,7.990184307098389,0.24969325959682465,1.6986296296440053,1.0,6,6
aa_3-a-1_kv_kv-no1-gorakhpur_06082025-000000-1_EN-OL-RC-235_1,every,every,c,5.94,6.39,0.45,0.45,every,EH V R IY,EH V R IY,EH V R IY,297,320,23,-0.8797141313552856,-2.037062883377075,-0.08856794983148575,-1.5401352643966675,-13.476452827453613,-0.585932731628418,0.0003781674604397267,3.58923602104187,0.15605373680591583,1.233149528503418,44.21360778808594,1.9223307371139526,0.6795163750648499,22.234960556030273,0.9667373895645142,0.47837990522384644,15.887304306030273,0.690752387046814,0.00014788667613174766,0.2800319194793701,0.01217530108988285,0.7247889637947083,20.300790786743164,0.8826431035995483,0.00221055094152689,3.1756770610809326,0.1380729228258133,0.40092140436172485,14.815098762512207,0.6441347002983093,0.08091672509908676,6.058417320251465,0.26340943574905396,0.0,0.0,4,4
aa_3-a-1_kv_kv-no1-gorakhpur_06082025-000000-1_EN-OL-RC-235_1,day,day,c,6.39,6.72,0.33,0.33,day,D EY,* D EY *,D EY,319,336,17,-0.49986016750335693,-1.6926296949386597,-0.09956645220518112,-1.1210012435913086,-10.626395225524902,-0.6250820755958557,0.0006404570303857327,3.574815511703491,0.21028326451778412,1.3089783191680908,33.2491340637207,1.9558314085006714,0.8093039989471436,16.343730926513672,0.9613959193229675,0.5261698365211487,11.735424995422363,0.6903191208839417,0.00033181451726704836,0.18318390846252441,0.010775524191558361,0.7912229299545288,14.98504638671875,0.8814733028411865,0.009672063402831554,1.9824788570404053,0.11661640554666519,0.47783946990966797,10.767086029052734,0.6333580017089844,0.11623600125312805,4.186166286468506,0.24624507129192352,0.0,0.0,2,2
aa_3-a-1_kv_kv-no1-gorakhpur_06082025-000000-1_EN-OL-RC-235_1,he,he,c,6.72,6.9,0.18,0.18,he,HH IY,HH IY *,HH IY,336,345,9,-0.2664136290550232,-0.41373568773269653,-0.04597063362598419,-1.1939188241958618,-6.353423118591309,-0.7059358954429626,0.002230299636721611,1.3615379333496094,0.15128199756145477,1.6150155067443848,19.842206954956055,2.2046897411346436,0.8954026699066162,8.835956573486328,0.9817729592323303,0.4529411792755127,5.76885986328125,0.6409844160079956,9.617808973416686e-05,0.051879651844501495,0.005764405708760023,0.7333207726478577,7.701722621917725,0.8557469844818115,0.0026719202287495136,0.7270877361297607,0.0807875245809555,0.4098995327949524,5.307483673095703,0.5897204279899597,0.08452365547418594,1.8651381731033325,0.20723757147789001,0.0,0.0,2,2
aa_3-a-1_kv_kv-no1-gorakhpur_06082025-000000-1_EN-OL-RC-235_1,walked,walked,c,6.9,7.47,0.57,0.57,walked,W AO K D,* W AO K D * SIL *,W AO K D,345,374,29,-0.11408741027116776,-0.5701514482498169,-0.01966039463877678,-1.4264355897903442,-17.79846954345703,-0.6137403249740601,0.0007173334597609937,2.6513876914978027,0.09142716228961945,1.3329660892486572,60.27523422241211,2.078456401824951,0.9543536305427551,28.770858764648438,0.9920985698699951,0.42772483825683594,19.294784545898438,0.6653373837471008,6.277966167544946e-05,0.23349341750144958,0.008051496930420399,0.6817284226417542,25.27211570739746,0.871452271938324,0.0008492023916915059,3.0621933937072754,0.10559287667274475,0.3588358759880066,17.96904945373535,0.6196224093437195,0.06556768715381622,6.808687210083008,0.23478232324123383,0.0,0.0,4,4
aa_3-a-1_kv_kv-no1-gorakhpur_06082025-000000-1_EN-OL-RC-235_1,in,in,c,7.71,8.07,0.36,0.36,in,IH N,IH N * SIL *,IH N,385,404,19,-0.07830910384654999,-0.19290734827518463,-0.010153017938137054,-0.7878320813179016,-7.832394599914551,-0.41223129630088806,0.00019637178047560155,0.8304218649864197,0.043706413358449936,1.0033047199249268,31.388872146606445,1.6520458459854126,0.9685286283493042,18.92221450805664,0.9959060549736023,0.5789673328399658,14.03909969329834,0.7389000058174133,0.0008101959829218686,0.4212423861026764,0.022170651704072952,0.8382006287574768,17.365013122558594,0.9139480590820312,0.027466587722301483,3.769231081008911,0.19838058948516846,0.5447383522987366,13.334643363952637,0.701823353767395,0.1566551774740219,6.126210689544678,0.32243213057518005,0.0,0.0,2,2
aa_3-a-1_kv_kv-no1-gorakhpur_06082025-000000-1_EN-OL-RC-235_1,front,front,c,8.22,8.7,0.48,0.48,front,F R AH N T,F R AH N T *,F R AH N T,411,435,24,-0.15211060643196106,-0.28326699137687683,-0.011802791617810726,-1.277380108833313,-9.160818099975586,-0.3817007541656494,0.00013597786892205477,0.9902740716934204,0.04126141965389252,1.0088281631469727,37.59581756591797,1.5664924383163452,0.9394275546073914,23.886869430541992,0.995286226272583,0.4588421583175659,17.9671630859375,0.7486317753791809,0.00010627300071064383,0.6679900288581848,0.027832917869091034,0.7265771627426147,22.027284622192383,0.9178035259246826,0.0023001432418823242,5.4979658126831055,0.2290819138288498,0.4027840495109558,17.196895599365234,0.7165372967720032,0.08165489137172699,8.308182716369629,0.3461742699146271,0.0,0.0,5,5
aa_3-a-1_kv_kv-no1-gorakhpur_06082025-000000-1_EN-OL-RC-235_1,of,of,c,8.73,9.06,0.33,0.33,of,AO F,* AO F,AO F,436,453,17,-0.12332073599100113,-0.13348019123077393,-0.007851775735616684,-0.7799243927001953,-6.020953178405762,-0.3541737198829651,0.00016238079115282744,0.447472482919693,0.026321910321712494,0.9862973093986511,26.062114715576172,1.5330655574798584,0.9507161974906921,16.94659423828125,0.9968584775924683,0.5616464614868164,12.868144035339355,0.7569496631622314,0.0006045124609954655,0.4524388313293457,0.026614049449563026,0.8315663933753967,15.706269264221191,0.9238982200622559,0.023702338337898254,3.9149608612060547,0.23029181361198425,0.5344750881195068,12.329084396362305,0.7252402305603027,0.1497626155614853,5.959244251251221,0.3505437672138214,0.0,0.0,2,2
aa_3-a-1_kv_kv-no1-gorakhpur_06082025-000000-1_EN-OL-RC-235_1,all,all,c,9.21,9.57,0.36,0.36,all,AO L,AO L *,AO L,460,479,19,-0.15218167006969452,-0.3463405966758728,-0.018228452652692795,-0.8092947006225586,-7.706291198730469,-0.40559425950050354,0.00023886609415058047,1.0986915826797485,0.05782587453722954,1.0503352880477905,30.64012908935547,1.6126383543014526,0.9393998980522156,18.861669540405273,0.9927194714546204,0.5753390789031982,14.157014846801758,0.745106041431427,0.0007619890966452658,0.4564528465270996,0.024023834615945816,0.8301604986190796,17.40622329711914,0.9161170125007629,0.02297341823577881,3.9470441341400146,0.20773915946483612,0.5323384404182434,13.44250774383545,0.7075003981590271,0.1483614444732666,6.272069454193115,0.3301089107990265,0.0,0.0,2,2
aa_3-a-1_kv_kv-no1-gorakhpur_06082025-000000-1_EN-OL-RC-235_1,the,the,c,9.57,10.02,0.45,0.45,the,DH AH,* DH AH *,DH AH,478,501,23,-0.3615676760673523,-0.6420735716819763,-0.02791624143719673,-1.0616018772125244,-11.112606048583984,-0.4831567704677582,0.000500911963172257,1.5360745191574097,0.06678584963083267,1.1529964208602905,42.54133987426758,1.849623441696167,0.8597007989883423,22.74761962890625,0.9890269637107849,0.5709533095359802,16.247066497802734,0.7063941955566406,0.0007075296598486602,0.32756173610687256,0.014241814613342285,0.8100513219833374,20.695541381835938,0.8998061418533325,0.014695816673338413,3.4877817630767822,0.15164268016815186,0.5031306743621826,15.396297454833984,0.6694042086601257,0.13031361997127533,6.487302303314209,0.28205662965774536,0.0,0.0,2,2
aa_3-a-1_kv_kv-no1-gorakhpur_06082025-000000-1_EN-OL-RC-235_1,other,other,c,10.02,10.47,0.45,0.45,other,AH DH AH R,AH DH AH R *,AH DH AH R,500,524,24,-0.15714901685714722,-0.24404187500476837,-0.010168411768972874,-0.7664793729782104,-8.515998840332031,-0.3548332750797272,0.0001703355519566685,0.8150997161865234,0.03396248817443848,0.9283846616744995,36.07429122924805,1.5030955076217651,0.9374604821205139,23.902421951293945,0.995934247970581,0.5813041925430298,18.249074935913086,0.7603781223297119,0.0008428484434261918,0.7508599162101746,0.03128582984209061,0.8421811461448669,22.184070587158203,0.9243362545967102,0.03000630810856819,5.841676712036133,0.24340319633483887,0.5510446429252625,17.481334686279297,0.7283889651298523,0.16102665662765503,8.624441146850586,0.3593517243862152,0.0,0.0,4,4
aa_3-a-1_kv_kv-no1-gorakhpur_06082025-000000-1_EN-OL-RC-235_1,animals,animals,c,10.47,11.28,0.81,0.81,animals,AE N IH M AH L S,* AE N IH M AH L Z * SIL *,AE N IH M AH L Z,523,564,41,-0.35431697964668274,-0.6148873567581177,-0.014997252263128757,-1.078958511352539,-15.331378936767578,-0.3739360570907593,0.00015330608584918082,1.7549464702606201,0.0428035706281662,0.9464563131332397,63.106781005859375,1.5391898155212402,0.8623914122581482,40.7575798034668,0.9940873384475708,0.5315800309181213,30.963729858398438,0.7552129030227661,0.00036360041121952236,1.136225938796997,0.027712827548384666,0.7810968160629272,37.76252365112305,0.9210371375083923,0.007723470218479633,9.464288711547852,0.23083631694316864,0.4649607539176941,29.558591842651367,0.7209412455558777,0.10957451164722443,14.304472923278809,0.3488895893096924,3.3817063944827876,1.0,7,7
aa_3-a-1_kv_kv-no1-gorakhpur_06082025-000000-1_EN-OL-RC-235_1,he,he,c,11.58,11.88,0.3,0.3,he,HH IY,HH IY *,HH IY,579,594,15,-0.024531127884984016,-0.042743001133203506,-0.0028495334554463625,-0.8872061371803284,-6.614504814147949,-0.44096699357032776,0.0007448971155099571,0.26701822876930237,0.01780121587216854,1.2863363027572632,26.859567642211914,1.7906378507614136,0.9900750517845154,14.982688903808594,0.9988459348678589,0.5392003059387207,10.785104751586914,0.7190069556236267,0.0004136012867093086,0.2221383899450302,0.01480922568589449,0.8097884058952332,13.596704483032227,0.9064469933509827,0.01461021788418293,2.4481430053710938,0.16320952773094177,0.5027644634246826,10.240657806396484,0.6827105283737183,0.13009995222091675,4.415920257568359,0.29439467191696167,0.0,0.0,2,2
aa_3-a-1_kv_kv-no1-gorakhpur_06082025-000000-1_EN-OL-RC-235_1,liked,लाइद,s,11.88,12.63,0.75,0.75,लाइद,L AY K D,* L AY K D * SIL *,L AY K D,594,632,38,-0.24563898146152496,-0.8629021644592285,-0.022707952186465263,-0.992304265499115,-17.918941497802734,-0.4715510904788971,0.0002903730783145875,2.644890546798706,0.06960238516330719,1.2415493726730347,68.28834533691406,1.7970616817474365,0.903311014175415,37.65633773803711,0.9909562468528748,0.5505729913711548,27.204936981201172,0.7159193754196167,0.0005012945621274412,0.5419837236404419,0.014262729324400425,0.8001575469970703,34.30440902709961,0.902747631072998,0.011795842088758945,6.046475410461426,0.15911777317523956,0.4896121621131897,25.688627243041992,0.6760165095329285,0.12261958420276642,10.983941078186035,0.2890510857105255,0.0,0.0,4,4
aa_3-a-1_kv_kv-no1-gorakhpur_06082025-000000-1_EN-OL-RC-235_1,to,to,c,12.66,12.93,0.27,0.27,to,T UW,T UW *,T UW,633,647,14,-0.029832664877176285,-0.035280048847198486,-0.0025200035888701677,-0.6681507229804993,-5.242800712585449,-0.3744857609272003,0.00023382599465548992,0.18589171767234802,0.01327797956764698,1.103133201599121,22.869876861572266,1.633562684059143,0.9879379868507385,13.98572826385498,0.9989805817604065,0.6325153708457947,10.37065315246582,0.7407609224319458,0.0020034348126500845,0.3153352737426758,0.022523948922753334,0.869317889213562,12.858907699584961,0.918493390083313,0.0548345148563385,2.916926145553589,0.20835186541080475,0.5973789095878601,9.955228805541992,0.7110877633094788,0.19659624993801117,4.6490583419799805,0.3320755958557129,0.0,0.0,2,2
aa_3-a-1_kv_kv-no1-gorakhpur_06082025-000000-1_EN-OL-RC-235_1,show,so,s,12.93,13.44,0.51,0.51,so,SH OW,* SH OW *,SH OW,646,672,26,-0.34807053208351135,-0.798983097076416,-0.030730118975043297,-1.2840076684951782,-14.723334312438965,-0.5662820935249329,0.0004362639447208494,1.9281529188156128,0.07415972650051117,1.2374200820922852,53.12433624267578,2.043243646621704,0.864713191986084,25.687196731567383,0.9879691004753113,0.4863833785057068,17.4670467376709,0.6718094944953918,0.00016932083235587925,0.24002106487751007,0.00923157949000597,0.7447581887245178,22.92262077331543,0.8816392421722412,0.0034449477680027485,3.0003647804260254,0.11539864540100098,0.4223102927207947,16.48541259765625,0.6340543031692505,0.0897182896733284,6.400590419769287,0.2461765557527542,0.0,0.0,2,2
aa_3-a-1_kv_kv-no1-gorakhpur_06082025-000000-1_EN-OL-RC-235_1,off,off,c,13.5,13.89,0.39,0.39,off,AO F,AO F * SIL *,AO F,675,695,20,-0.4203343689441681,-0.6978906989097595,-0.03489453345537186,-1.2489683628082275,-11.96356201171875,-0.5981780886650085,0.0009485231712460518,2.174851179122925,0.10874255746603012,1.4713363647460938,40.875999450683594,2.043799877166748,0.8380717635154724,19.726211547851562,0.986310601234436,0.4735761880874634,13.517802238464355,0.6758900880813599,0.00013634742936119437,0.1461683064699173,0.00730841513723135,0.7320420742034912,17.57138442993164,0.8785692453384399,0.0025970805436372757,2.0381722450256348,0.1019086092710495,0.4085391163825989,12.542081832885742,0.6271041035652161,0.0839691162109375,4.721015453338623,0.2360507696866989,0.0,0.0,2,2
aa_3-a-1_kv_kv-no1-gorakhpur_06082025-000000-1_EN-OL-RC-235_1,his,his,c,14.19,14.73,0.54,0.54,his,HH IH Z,HH IH Z *,HH IH Z,709,737,28,-0.057127516716718674,-0.18430104851722717,-0.006582180503755808,-0.9568706750869751,-12.08630657196045,-0.43165379762649536,0.0006054614204913378,0.8839201331138611,0.03156857565045357,1.22697913646698,48.52197265625,1.7329275608062744,0.9769805669784546,27.92557144165039,0.9973418116569519,0.5275300741195679,20.35599708557129,0.7269998788833618,0.00033953471574932337,0.46282193064689636,0.016529355198144913,0.7956045866012573,25.44872283935547,0.9088829755783081,0.010660985484719276,4.92244815826416,0.17580172419548035,0.48356324434280396,19.317604064941406,0.6899144053459167,0.11930369585752487,8.525352478027344,0.30447688698768616,0.0,0.0,3,3
aa_3-a-1_kv_kv-no1-gorakhpur_06082025-000000-1_EN-OL-RC-235_1,beautiful,beautiful,c,14.73,15.39,0.66,0.66,beautiful,B Y UW T IH F UH L,B Y UW T IH F UH L *,B Y UW T IH F UH L,736,770,34,-0.2296290248632431,-0.4698418378829956,-0.013818877749145031,-0.946038544178009,-16.119905471801758,-0.47411486506462097,0.0003468664363026619,1.7227919101715088,0.05067035183310509,1.1634594202041626,61.5684700012207,1.8108373880386353,0.9094335436820984,33.81235885620117,0.9944811463356018,0.5544917583465576,24.213590621948242,0.7121644020080566,0.0005356342298910022,0.5506706237792969,0.016196195036172867,0.8056745529174805,30.63665008544922,0.901077926158905,0.013334044255316257,5.547231197357178,0.16315385699272156,0.4970855116844177,22.918344497680664,0.6740689277648926,0.12682375311851501,9.870060920715332,0.29029589891433716,0.0,0.0,8,8
aa_3-a-1_kv_kv-no1-gorakhpur_06082025-000000-1_EN-OL-RC-235_1,feathers,feathers,c,15.39,16.02,0.63,0.63,feathers,F EH DH AH R Z,* F EH DH AH R S * SIL,F EH DH AH R S,769,801,32,-0.8306534290313721,-1.7099120616912842,-0.05343475192785263,-1.526761770248413,-17.445758819580078,-0.5451799631118774,0.0005236907163634896,3.2978341579437256,0.10305731743574142,1.181028962135315,60.96400451660156,1.9051251411437988,0.6955943703651428,31.356611251831055,0.9798941016197205,0.5043402910232544,22.357370376586914,0.6986678242683411,0.00022939707559999079,0.3907115161418915,0.012209734879434109,0.733612060546875,28.486499786376953,0.8902031183242798,0.00268926820717752,4.339597702026367,0.13561242818832397,0.41021013259887695,20.887290954589844,0.6527278423309326,0.0846506878733635,8.510178565979004,0.26594308018684387,1.6986296296440053,1.0,6,6
aa_3-a-1_kv_kv-no1-gorakhpur_06082025-000000-1_EN-OL-RC-235_1,the,the,c,16.26,16.89,0.63,0.63,the,DH AH,DH AH * SIL *,DH AH,813,845,32,-0.2551058828830719,-0.6205180287361145,-0.019391188398003578,-1.020424485206604,-15.077730178833008,-0.4711790680885315,0.00037685627466998994,1.9356036186218262,0.06048761308193207,1.1105189323425293,58.01873016357422,1.8130853176116943,0.899702250957489,31.752756118774414,0.9922736287117004,0.5677223205566406,22.74561309814453,0.7108004093170166,0.0006699149962514639,0.5500335693359375,0.017188549041748047,0.8102021217346191,28.84430694580078,0.9013845920562744,0.014745133928954601,5.297573566436768,0.165549173951149,0.5033408403396606,21.59744644165039,0.6749202013015747,0.13043640553951263,9.344953536987305,0.29202979803085327,0.0,0.0,2,2
aa_3-a-1_kv_kv-no1-gorakhpur_06082025-000000-1_EN-OL-RC-235_1,animals,animals,c,16.89,17.49,0.6,0.6,animals,AE N IH M AH L S,AE N IH M AH L Z *,AE N IH M AH L Z,844,875,31,-0.533581018447876,-0.7805431485176086,-0.025178810581564903,-1.0968765020370483,-13.851273536682129,-0.44681528210639954,0.00020740028412546962,1.8256916999816895,0.05889328196644783,1.057500958442688,52.89832305908203,1.706397533416748,0.7972773313522339,30.69793128967285,0.9902558326721191,0.5369877815246582,22.562877655029297,0.7278347611427307,0.00039841406396590173,0.6506472229957581,0.020988620817661285,0.7798417210578918,28.120773315429688,0.9071217179298401,0.007511076517403126,5.929646015167236,0.19127890467643738,0.46339720487594604,21.400920867919922,0.6903522610664368,0.1087878942489624,9.706916809082031,0.3131263554096222,3.3817063944827876,1.0,7,7
aa_3-a-1_kv_kv-no1-gorakhpur_06082025-000000-1_EN-OL-RC-235_1,always,always,c,17.49,17.97,0.48,0.48,always,AO L W EH Z,* AO L W EY Z *,AO L W EY Z,874,899,25,-0.22541780769824982,-0.3082318902015686,-0.012329275719821453,-1.3586586713790894,-12.82223892211914,-0.512889564037323,0.0004228890757076442,1.2362602949142456,0.04945041239261627,1.221134901046753,47.81512451171875,1.9126049280166626,0.9110482335090637,24.87749671936035,0.9950998425483704,0.47979843616485596,17.36199951171875,0.6944800019264221,0.0001514774194220081,0.3047967553138733,0.012191870249807835,0.7184088230133057,22.27767562866211,0.8911070227622986,0.001918397145345807,3.5564239025115967,0.142256960272789,0.39435553550720215,16.40378189086914,0.656151294708252,0.0783562958240509,6.776732444763184,0.2710692882537842,1.9622615556998557,1.0,5,5
aa_3-a-1_kv_kv-no1-gorakhpur_06082025-000000-1_EN-OL-RC-235_1,smiled,smiled,c,18.0,18.57,0.57,0.57,smiled,S M AY L D,* S M AY L D *,S M AY L D,900,929,29,-0.06013994663953781,-0.1825968474149704,-0.006296442821621895,-0.9158133268356323,-12.66756820678711,-0.43681269884109497,0.00024258525809273124,0.94475257396698,0.032577674835920334,1.071330189704895,50.31032180786133,1.7348387241363525,0.9757758975028992,28.926177978515625,0.9974544048309326,0.5465787053108215,21.032644271850586,0.7252635955810547,0.00046855726395733654,0.5267952680587769,0.018165353685617447,0.8070323467254639,26.32665252685547,0.9078155755996704,0.013742429204285145,5.223754405975342,0.18012946844100952,0.49894970655441284,19.970308303833008,0.6886312961578369,0.12789137661457062,8.881427764892578,0.30625611543655396,0.0,0.0,5,5
aa_3-a-1_kv_kv-no1-gorakhpur_06082025-000000-1_EN-OL-RC-235_1,at,at,c,18.57,18.93,0.36,0.36,at,AE T,* AE T *,AE T,928,947,19,-0.346285879611969,-0.7358842492103577,-0.03873075172305107,-1.0557011365890503,-9.310367584228516,-0.4900193512439728,0.00021718518109992146,1.9808906316757202,0.10425740480422974,1.0333645343780518,33.32643508911133,1.7540229558944702,0.8653773665428162,18.709510803222656,0.9847111105918884,0.595348596572876,13.728668212890625,0.7225614786148071,0.0010687437606975436,0.3596125841140747,0.01892697811126709,0.8152158260345459,17.143476486206055,0.9022882580757141,0.016482597216963768,3.244790554046631,0.17077845335006714,0.5104013085365295,12.871548652648926,0.6774499416351318,0.13461937010288239,5.626343727111816,0.29612335562705994,0.0,0.0,2,2
aa_3-a-1_kv_kv-no1-gorakhpur_06082025-000000-1_EN-OL-RC-235_1,him,him,c,18.93,19.35,0.42,0.42,him,HH IH M,* HH IH M *,HH IH M,946,968,22,-0.5985550880432129,-0.8091614246368408,-0.036780063062906265,-0.9361432194709778,-9.93038272857666,-0.45138102769851685,0.000392960908357054,1.4574952125549316,0.066249780356884,1.1929484605789185,37.97480773925781,1.7261276245117188,0.7743881344795227,21.69005584716797,0.9859116077423096,0.5629066228866577,15.992131233215332,0.7269150614738464,0.0006175311282277107,0.4234817326068878,0.019249169155955315,0.82376629114151,19.974210739135742,0.9079186916351318,0.019930971786379814,3.975694417953491,0.18071338534355164,0.5227828621864319,15.146928787231445,0.6884967684745789,0.14223343133926392,6.743191719055176,0.30650871992111206,0.0,0.0,3,3
aa_3-a-1_kv_kv-no1-gorakhpur_06082025-000000-1_EN-OL-RC-235_1,but,but,c,19.35,19.74,0.39,0.39,but,B AH T,* B AH T * SIL,B AH T,967,987,20,-0.24394577741622925,-0.2765541970729828,-0.01382770948112011,-0.9607674479484558,-7.358397483825684,-0.3679198622703552,0.00018754979828372598,0.7381558418273926,0.03690779209136963,1.0196105241775513,30.720294952392578,1.5360147953033447,0.9039574861526489,19.8907470703125,0.994537353515625,0.5873980522155762,15.116683959960938,0.7558342218399048,0.0009343189303763211,0.5795822739601135,0.028979113325476646,0.8267896175384521,18.438093185424805,0.9219046831130981,0.021315760910511017,4.688595771789551,0.23442979156970978,0.5272684097290039,14.456157684326172,0.7228078842163086,0.14508207142353058,7.034239768981934,0.3517119884490967,0.0,0.0,3,3
aa_3-a-1_kv_kv-no1-gorakhpur_06082025-000000-1_EN-OL-RC-235_1,one,one,c,20.04,20.46,0.42,0.42,one,W AH N,W AH N *,W AH N,1001,1023,22,-0.05394219234585762,-0.17478680610656738,-0.007944854907691479,-0.92930006980896,-9.727931022644043,-0.4421786963939667,0.0004209982871543616,0.8522295355796814,0.0387377068400383,1.2229114770889282,38.34512710571289,1.7429603338241577,0.9782555103302002,21.92938995361328,0.9967904686927795,0.5498586893081665,16.0181884765625,0.7280994653701782,0.0004952764138579369,0.3405350148677826,0.015478864312171936,0.8053438067436218,19.99001693725586,0.9086371064186096,0.013236423954367638,3.668060064315796,0.16673000156879425,0.4966329336166382,15.110966682434082,0.6868621110916138,0.12656575441360474,6.561417579650879,0.29824626445770264,0.0,0.0,3,3
aa_3-a-1_kv_kv-no1-gorakhpur_06082025-000000-1_EN-OL-RC-235_1,day,day,c,20.46,20.85,0.39,0.39,day,D EY,D EY * SIL,D EY,1023,1043,20,-0.24582843482494354,-0.658775806427002,-0.03293878957629204,-1.0129104852676392,-9.68865966796875,-0.48443299531936646,0.00034305822919122875,1.811423420906067,0.09057117253541946,1.1691938638687134,35.93659591674805,1.7968298196792603,0.9032387733459473,19.738506317138672,0.9869253039360046,0.5836347341537476,14.306376457214355,0.7153187990188599,0.0008767218678258359,0.33700770139694214,0.016850385814905167,0.8141056299209595,18.02979850769043,0.9014899134635925,0.016081012785434723,3.252807140350342,0.16264036297798157,0.5088255405426025,13.48651123046875,0.6743255853652954,0.1336759626865387,5.805320739746094,0.2902660369873047,0.0,0.0,2,2
aa_3-a-1_kv_kv-no1-gorakhpur_06082025-000000-1_EN-OL-RC-235_1,the,the,c,21.6,22.14,0.54,0.54,the,DH AH,DH AH *,DH AH,1080,1107,27,-0.16131049394607544,-0.5043840408325195,-0.018680891022086143,-0.8802995681762695,-10.92259693145752,-0.40454062819480896,9.812164353206754e-05,1.628960132598877,0.06033185496926308,0.9543170928955078,43.271034240722656,1.602630853652954,0.9358375072479248,26.798219680786133,0.992526650428772,0.5850076675415039,20.171493530273438,0.7470923662185669,0.0008973109652288258,0.6766121983528137,0.025059711188077927,0.838291347026825,24.748851776123047,0.916624128818512,0.027522018179297447,5.683348655700684,0.21049439907073975,0.5448808670043945,19.139280319213867,0.7088622450828552,0.1567527800798416,8.972278594970703,0.3323066234588623,0.0,0.0,2,2
aa_3-a-1_kv_kv-no1-gorakhpur_06082025-000000-1_EN-OL-RC-235_1,animals,animals,c,22.14,22.83,0.69,0.69,animals,AE N IH M AH L S,AE N IH M AH L Z * SIL *,AE N IH M AH L Z,1107,1142,35,-0.4809541404247284,-0.8045148253440857,-0.022986138239502907,-1.137745976448059,-14.269109725952148,-0.40768885612487793,0.00016931397840380669,2.0208287239074707,0.057737965136766434,0.9896208047866821,56.21946716308594,1.606270432472229,0.8160912990570068,34.68611145019531,0.9910317659378052,0.5204185247421265,26.02136993408203,0.7434676885604858,0.0003010653890669346,0.8883389830589294,0.025381114333868027,0.7695174217224121,32.01597213745117,0.9147420525550842,0.005971497390419245,7.559270858764648,0.2159791737794876,0.45079487562179565,24.776437759399414,0.7078981995582581,0.10261675715446472,11.715211868286133,0.33472034335136414,3.3817063944827876,1.0,7,7
aa_3-a-1_kv_kv-no1-gorakhpur_06082025-000000-1_EN-OL-RC-235_1,were,were,c,23.1,23.4,0.3,0.3,were,W AH R,W AH R *,W AH R,1155,1170,15,-0.5278632640838623,-0.7766219973564148,-0.051774799823760986,-1.1316509246826172,-7.574701309204102,-0.5049800872802734,0.000391900452086702,1.6551399230957031,0.11034265905618668,1.1525275707244873,26.37874984741211,1.7585833072662354,0.799309492111206,14.699329376220703,0.9799553155899048,0.5467106699943542,10.789325714111328,0.7192884087562561,0.00046960372128523886,0.289226770401001,0.01928178407251835,0.7930241227149963,13.485040664672852,0.899002730846405,0.010066970251500607,2.6321940422058105,0.17547960579395294,0.48018091917037964,10.122337341308594,0.6748225092887878,0.11748284101486206,4.45746374130249,0.29716426134109497,0.0,0.0,3,3
aa_3-a-1_kv_kv-no1-gorakhpur_06082025-000000-1_EN-OL-RC-235_1,angry,angry,c,23.4,24.06,0.66,0.66,angry,AE NG R IY,* AE NG G R IY *,AE NG G R IY,1170,1203,33,-0.1318611353635788,-0.24096839129924774,-0.007302072364836931,-1.0456719398498535,-12.985736846923828,-0.393507182598114,0.00021516450215131044,1.0246796607971191,0.031050898134708405,1.0739965438842773,53.49668884277344,1.6211117506027222,0.947359025478363,32.90321350097656,0.9970670938491821,0.5444164276123047,24.510089874267578,0.7427300214767456,0.0004517360357567668,0.7630770206451416,0.023123545572161674,0.7925227284431458,30.227706909179688,0.9159911274909973,0.009955443441867828,6.942648410797119,0.21038328111171722,0.4795275926589966,23.383459091186523,0.7085896730422974,0.11713377386331558,10.951637268066406,0.3318677842617035,5.626620616885717,1.0,4,5
aa_3-a-1_kv_kv-no1-gorakhpur_06082025-000000-1_EN-OL-RC-235_1,with,with,c,24.06,24.57,0.51,0.51,with,W IH DH,* W IH DH *,W IH DH,1203,1229,26,-0.3968966603279114,-0.6471936106681824,-0.024892061948776245,-0.9715760350227356,-12.36640453338623,-0.4756309390068054,0.0002646005304995924,1.6665747165679932,0.0640990287065506,1.1081525087356567,46.864376068115234,1.8024760484695435,0.8466598391532898,25.745941162109375,0.990228533744812,0.5125216841697693,18.529176712036133,0.7126606702804565,0.00026343276840634644,0.42955392599105835,0.016521304845809937,0.7990032434463501,23.438858032226562,0.901494562625885,0.011497175320982933,4.269528865814209,0.1642126441001892,0.4880686402320862,17.5552921295166,0.6752035617828369,0.12176616489887238,7.579082489013672,0.2915031611919403,0.0,0.0,3,3
aa_3-a-1_kv_kv-no1-gorakhpur_06082025-000000-1_EN-OL-RC-235_1,him,him,c,24.57,25.05,0.48,0.48,him,HH IH M,HH IH M * SIL *,HH IH M,1228,1253,25,-0.08210142701864243,-0.21071353554725647,-0.008428541012108326,-1.0710771083831787,-11.815110206604004,-0.4726043939590454,0.0004593320772983134,0.9852280616760254,0.03940912336111069,1.1656479835510254,45.635704040527344,1.8254281282424927,0.9670202136039734,24.91503143310547,0.9966012835502625,0.49099278450012207,17.767757415771484,0.7107102870941162,0.00018304736295249313,0.37850087881088257,0.015140035189688206,0.7670601010322571,22.519039154052734,0.9007615447044373,0.005654225591570139,3.962151527404785,0.15848606824874878,0.4478614330291748,16.821178436279297,0.6728471517562866,0.10122251510620117,7.182657241821289,0.2873062789440155,0.0,0.0,3,3
aa_3-a-1_kv_kv-no1-gorakhpur_06082025-000000-1_EN-OL-RC-235_1,because,because,c,25.23,25.89,0.66,0.66,because,B IH K AO Z,B IH K AO Z *,B IH K AO Z,1261,1295,34,-0.06756287068128586,-0.2530765235424042,-0.007443427108228207,-1.1492685079574585,-15.138327598571777,-0.4452449381351471,0.00035485063563100994,1.2697232961654663,0.0373448021709919,1.1431493759155273,59.06009292602539,1.7370615005493164,0.9728111028671265,33.89786148071289,0.9969959259033203,0.46520674228668213,24.580530166625977,0.7229567766189575,0.00011835126497317106,0.6209608316421509,0.018263554200530052,0.7465211749076843,30.77073860168457,0.9050217270851135,0.003582561621442437,6.214729309082031,0.18278615176677704,0.4242632985115051,23.34402084350586,0.6865888237953186,0.09055843204259872,10.432365417480469,0.30683428049087524,0.0,0.0,5,5
aa_3-a-1_kv_kv-no1-gorakhpur_06082025-000000-1_EN-OL-RC-235_1,he,he,c,25.89,26.25,0.36,0.36,he,HH IY,HH IY *,HH IY,1294,1313,19,-0.18587103486061096,-0.3244493901729584,-0.0170762836933136,-0.9348163604736328,-7.8895392417907715,-0.4152389168739319,0.00026837241603061557,0.9364262223243713,0.04928559064865112,1.0927432775497437,31.79566192626953,1.673455834388733,0.9262932538986206,18.870861053466797,0.9932032227516174,0.5654358863830566,13.926265716552734,0.7329613566398621,0.0006445110775530338,0.4061289131641388,0.021375205367803574,0.8172218799591064,17.328420639038086,0.9120221138000488,0.017233826220035553,3.7724738121032715,0.1985512524843216,0.5132668614387512,13.290428161621094,0.6994962096214294,0.13634958863258362,6.103394985198975,0.32123130559921265,0.0,0.0,2,2
aa_3-a-1_kv_kv-no1-gorakhpur_06082025-000000-1_EN-OL-RC-235_1,was,was,c,26.25,26.76,0.51,0.51,was,W AO Z,* W AO Z * SIL *,W AO Z,1312,1338,26,-0.24033485352993011,-0.5178132057189941,-0.01991589181125164,-0.9705833792686462,-10.84060001373291,-0.416946142911911,0.00015590415569022298,1.6092486381530762,0.06189417839050293,0.9942265748977661,41.90561294555664,1.611754298210144,0.9053367376327515,25.794021606445312,0.9920777678489685,0.505999743938446,19.322839736938477,0.7431861162185669,0.00023592526849824935,0.6742339730262756,0.025932075455784798,0.7883666753768921,23.754173278808594,0.9136220216751099,0.009077345952391624,5.539673328399658,0.21306435763835907,0.47415828704833984,18.34191131591797,0.7054581046104431,0.1142982617020607,8.63572883605957,0.3321434259414673,0.0,0.0,3,3
aa_3-a-1_kv_kv-no1-gorakhpur_06082025-000000-1_EN-OL-RC-235_1,proud,proud,c,26.94,27.42,0.48,0.48,proud,P R AW D,P R AW D *,P R AW D,1347,1371,24,-0.12248039990663528,-0.19308435916900635,-0.008045181632041931,-0.7602264881134033,-9.195849418640137,-0.38316038250923157,0.0001180377003038302,0.7419233322143555,0.030913472175598145,1.0301326513290405,38.719642639160156,1.6133184432983398,0.9510468244552612,23.92246437072754,0.996769368648529,0.575779914855957,17.836151123046875,0.7431729435920715,0.0007676893728785217,0.5860291719436646,0.024417882785201073,0.843379020690918,22.037946701049805,0.9182477593421936,0.030815616250038147,5.074840545654297,0.2114516943693161,0.5529650449752808,17.073293685913086,0.7113872170448303,0.1623789221048355,8.019317626953125,0.33413824439048767,0.0,0.0,4,4
aa_3-a-1_kv_kv-no1-gorakhpur_06082025-000000-1_EN-OL-RC-235_1,and,and,c,27.42,27.81,0.39,0.39,and,AE N D,* AE N D *,AE N D,1371,1391,20,-0.05343785881996155,-0.16056428849697113,-0.008028214797377586,-0.732671320438385,-7.4581732749938965,-0.37290865182876587,8.613007958047092e-05,0.7449174523353577,0.03724587336182594,0.835821270942688,30.516788482666016,1.5258394479751587,0.978457510471344,19.93513298034668,0.9967566728591919,0.6049787998199463,15.1863374710083,0.7593168616294861,0.0012577236630022526,0.6113630533218384,0.03056815266609192,0.8481436967849731,18.44968032836914,0.9224840402603149,0.034256648272275925,4.631641387939453,0.23158207535743713,0.5607100129127502,14.450939178466797,0.7225469350814819,0.1679348349571228,7.009181499481201,0.3504590690135956,0.0,0.0,3,3
aa_3-a-1_kv_kv-no1-gorakhpur_06082025-000000-1_EN-OL-RC-235_1,they,they,c,27.81,28.05,0.24,0.24,they,DH EY,DH EY *,DH EY,1390,1403,13,-0.08019271492958069,-0.09399711340665817,-0.00723054725676775,-0.8470085263252258,-5.671878814697266,-0.4362983703613281,0.00017534093058202416,0.3928041458129883,0.030215702950954437,1.0438141822814941,22.899757385253906,1.7615197896957397,0.9677793383598328,12.962179183959961,0.9970906972885132,0.5561705827713013,9.380395889282227,0.7215689420700073,0.0005510566406883299,0.21599119901657104,0.016614707186818123,0.8207902908325195,11.796454429626465,0.9074195623397827,0.01865578256547451,2.245983600616455,0.17276796698570251,0.518423318862915,8.921829223632812,0.6862945556640625,0.13951127231121063,3.9165875911712646,0.30127596855163574,0.0,0.0,2,2
aa_3-a-1_kv_kv-no1-gorakhpur_06082025-000000-1_EN-OL-RC-235_1,ran,rain,s,28.05,28.59,0.54,0.54,rain,R AE N,* R AE N * SIL *,R AE N,1402,1430,28,-0.09896670281887054,-0.29940664768218994,-0.010693094693124294,-0.8470085263252258,-11.590197563171387,-0.4139356315135956,0.0002159344730898738,1.2432516813278198,0.04440184682607651,1.087689757347107,45.756195068359375,1.6341497898101807,0.9603289365768433,27.879451751708984,0.9956946969032288,0.574429988861084,20.72462272644043,0.740165114402771,0.000750366656575352,0.7028119564056396,0.025100426748394966,0.8291556239128113,25.57421875,0.9133649468421936,0.022466223686933517,5.859162330627441,0.20925579965114594,0.530819296836853,19.6993408203125,0.7035478949546814,0.14737217128276825,9.214276313781738,0.32908129692077637,0.0,0.0,3,3
aa_3-a-1_kv_kv-no1-gorakhpur_06082025-000000-1_EN-OL-RC-235_1,away,away,c,28.77,29.34,0.57,0.57,away,AH W EY,AH W EY * SIL *,AH W EY,1438,1467,29,-0.5611228942871094,-0.6422383189201355,-0.02214614860713482,-1.0644134283065796,-11.838994979858398,-0.4082412123680115,0.00031625712290406227,1.1415069103240967,0.039362307637929916,1.1135951280593872,48.38928985595703,1.6685961484909058,0.7875293493270874,28.754714965820312,0.9915419220924377,0.5888056755065918,21.385345458984375,0.737425684928894,0.0009568216046318412,0.5660940408706665,0.019520483911037445,0.8316677808761597,26.526050567626953,0.9146913886070251,0.02375580184161663,5.575714111328125,0.19226600229740143,0.5346297025680542,20.355083465576172,0.7018994092941284,0.14986445009708405,9.250680923461914,0.31898900866508484,0.0,0.0,3,3
aa_3-a-1_kv_kv-no1-gorakhpur_06082025-000000-1_EN-OL-RC-235_1,the,the,c,29.52,29.79,0.27,0.27,the,DH AH,DH AH *,DH AH,1476,1490,14,-0.13123975694179535,-0.2421245127916336,-0.017294608056545258,-0.8710124492645264,-6.191173553466797,-0.44222667813301086,0.0005148219061084092,0.8161085247993469,0.05829346552491188,1.0881633758544922,23.82927703857422,1.7020912170410156,0.9476030468940735,13.903059005737305,0.9930756688117981,0.5521785020828247,10.218019485473633,0.7298585176467896,0.0005150885554030538,0.2965620756149292,0.02118300460278988,0.8154283761978149,12.713171005249023,0.9080836176872253,0.01656060665845871,2.6674554347991943,0.19053253531455994,0.5107038021087646,9.68089485168457,0.69149249792099,0.13480111956596375,4.384451866149902,0.31317514181137085,0.0,0.0,2,2
aa_3-a-1_kv_kv-no1-gorakhpur_06082025-000000-1_EN-OL-RC-235_1,peacock,peacock,c,29.79,30.33,0.54,0.54,peacock,P IY K AO K,* P IH K AO K *,P IH K AO K,1489,1517,28,-0.5236038565635681,-1.9810490608215332,-0.07075174897909164,-1.379062533378601,-19.200300216674805,-0.6857250332832336,0.0006479975418187678,4.691682815551758,0.16756010055541992,1.360887050628662,60.51206588745117,2.1611452102661133,0.8008250594139099,27.23110008239746,0.9725393056869507,0.48569613695144653,18.25457191467285,0.6519489884376526,0.0001673644146649167,0.17024396359920502,0.006080141756683588,0.7135950326919556,24.147247314453125,0.8624016642570496,0.0017238155705854297,2.4035861492156982,0.08584236353635788,0.389482319355011,16.795347213745117,0.5998338460922241,0.07649713009595871,6.007549285888672,0.21455533802509308,3.2036670897076975,1.0,5,5
aa_3-a-1_kv_kv-no1-gorakhpur_06082025-000000-1_EN-OL-RC-235_1,shouted,साउटेड,s,30.33,30.93,0.6,0.6,साउटेड,SH AW T EH D,* S OW T EH D *,S OW T EH D,1516,1547,31,-0.9557910561561584,-3.350627899169922,-0.1080847680568695,-1.923750400543213,-24.972736358642578,-0.8055721521377563,0.0021758852526545525,7.155490398406982,0.23082226514816284,1.6853982210159302,72.02445983886719,2.3233697414398193,0.6549714207649231,29.740938186645508,0.959385097026825,0.3800622820854187,19.14728546142578,0.6176543831825256,2.802026028803084e-05,0.1205265074968338,0.0038879518397152424,0.6159365177154541,25.954580307006836,0.8372445106506348,0.00019687341409735382,1.8760535717010498,0.06051785871386528,0.3029934763908386,17.406356811523438,0.5614953637123108,0.04866896569728851,5.711968421936035,0.18425704538822174,8.699918649329073,2.0,5,5
aa_3-a-1_kv_kv-no1-gorakhpur_06082025-000000-1_EN-OL-RC-235_1,and,and,c,30.93,31.17,0.24,0.24,and,AE N D,* AE N D *,AE N D,1546,1559,13,-0.03428702801465988,-0.13200607895851135,-0.010154313407838345,-0.8288267254829407,-6.313063144683838,-0.4856202304363251,0.00013728372869081795,0.6906152963638306,0.05312425270676613,0.9103567600250244,23.488248825073242,1.8067883253097534,0.9861446619033813,12.946569442749023,0.9958899617195129,0.5888323783874512,9.325519561767578,0.7173476815223694,0.00095725292339921,0.21555660665035248,0.016581278294324875,0.8307241797447205,11.720704078674316,0.9015926122665405,0.02326294407248497,2.00618052482605,0.1543215811252594,0.5331935882568359,8.738525390625,0.672194242477417,0.14892081916332245,3.7057127952575684,0.2850548326969147,0.0,0.0,3,3
aa_3-a-1_kv_kv-no1-gorakhpur_06082025-000000-1_EN-OL-RC-235_1,shouted,साउटेड,s,31.17,31.68,0.51,0.51,साउटेड,SH AW T EH D,* S OW T IH D *,S OW T IH D,1558,1584,26,-0.9163107872009277,-2.4135658740997314,-0.09282945841550827,-1.881363034248352,-20.809289932250977,-0.8003572821617126,0.0012316390639171004,5.315939426422119,0.20445920526981354,1.4109419584274292,60.83263397216797,2.339716672897339,0.6676506400108337,25.08729362487793,0.9648959040641785,0.4175373315811157,15.931396484375,0.612746000289917,5.283953214529902e-05,0.11774692684412003,0.004528727848082781,0.6255776882171631,21.732006072998047,0.8358463644981384,0.00024390140606556088,1.6721312999725342,0.06431274116039276,0.31063753366470337,14.569709777832031,0.5603734254837036,0.050774358212947845,4.825934886932373,0.18561288714408875,14.184822680927077,3.0,5,5
aa_3-a-1_kv_kv-no1-gorakhpur_06082025-000000-1_EN-OL-RC-235_1,[INS:all they],all they,i,31.68,32.55,0.87,0.87,all+they,,* AO L * DH EY * SIL *,AO L DH EY,1584,1628,44,-0.4027342200279236,-1.4609724283218384,-0.03320391848683357,-1.3800069093704224,-27.874042510986328,-0.6335009932518005,0.0005616641719825566,4.468224048614502,0.10155054926872253,1.3474012613296509,95.03278350830078,2.1598360538482666,0.8445162177085876,43.42253112792969,0.9868757128715515,0.43376392126083374,28.79733657836914,0.6544849276542664,6.953295815037563e-05,0.24905258417129517,0.005660286173224449,0.6948502063751221,38.27992630004883,0.8699983358383179,0.001136638573370874,3.7210991382598877,0.08457043766975403,0.3711303472518921,26.802927017211914,0.6091574430465698,0.06979887187480927,9.600104331970215,0.2181841880083084,,,0,4
aa_3-a-1_kv_kv-no1-gorakhpur_06082025-000000-1_EN-OL-RC-235_1,all,all,c,32.79,33.12,0.33,0.33,all,AO L,AH L *,AH L,1639,1656,17,-0.6432574391365051,-1.6107399463653564,-0.09474940598011017,-1.3725697994232178,-12.024181365966797,-0.7073047757148743,0.001337076653726399,3.2314133644104004,0.19008314609527588,1.748626947402954,37.35361099243164,2.1972713470458984,0.7588547468185425,16.379249572753906,0.9634852409362793,0.48602378368377686,11.029590606689453,0.6487994194030762,0.0001682942674960941,0.07218057662248611,0.00424591638147831,0.722792387008667,14.641230583190918,0.8612488508224487,0.0021146356593817472,1.2042146921157837,0.0708361566066742,0.3988533616065979,10.090060234069824,0.5935329794883728,0.0801033154129982,3.4624507427215576,0.2036735713481903,4.284524614496072,1.0,2,2
aa_3-a-1_kv_kv-no1-gorakhpur_06082025-000000-1_EN-OL-RC-235_1,day,day,c,33.12,33.54,0.42,0.42,day,D EY,* D EY * SIL *,D EY,1655,1677,22,-0.3818663954734802,-0.5144990086555481,-0.023386318236589432,-0.8455798625946045,-9.79828929901123,-0.44537678360939026,0.0003731119795702398,1.2516709566116333,0.05689413473010063,1.155090570449829,38.17747497558594,1.7353397607803345,0.8521938920021057,21.79865074157715,0.9908477663993835,0.5825748443603516,16.003055572509766,0.7274116277694702,0.0008611513767391443,0.40319642424583435,0.01832710951566696,0.8317217826843262,19.988609313964844,0.9085731506347656,0.023784324526786804,3.860360860824585,0.17547094821929932,0.5347121357917786,15.138553619384766,0.6881160736083984,0.14991873502731323,6.67938756942749,0.3036085367202759,0.0,0.0,2,2
aa_3-a-1_kv_kv-no1-gorakhpur_06082025-000000-1_EN-OL-RC-235_1,long,long,c,33.87,34.32,0.45,0.45,long,L AO NG,L AH R NG *,L AH R NG,1693,1716,23,-0.7294294834136963,-2.3628220558166504,-0.10273139178752899,-1.5693145990371704,-16.54010581970215,-0.719135046005249,0.0007723815506324172,4.585894584655762,0.19938671588897705,1.4645299911499023,49.996524810791016,2.1737618446350098,0.7293968200683594,22.09677505493164,0.9607293605804443,0.45606446266174316,14.790567398071289,0.6430681347846985,0.00010139561345567927,0.14064742624759674,0.006115105468779802,0.7031404376029968,19.670209884643555,0.8552265167236328,0.0013665156438946724,2.0428009033203125,0.08881743252277374,0.3791278004646301,13.636880874633789,0.5929078459739685,0.07266008853912354,4.907600402832031,0.21337392926216125,6.924866050683281,2.0,3,4
aa_3-a-1_kv_kv-no1-gorakhpur_06082025-000000-1_EN-OL-RC-235_1,hoping,hoping,c,34.32,35.01,0.69,0.69,hoping,HH OW P IH NG,* HH OW P IH NG * SIL *,HH OW P IH NG,1716,1751,35,-0.6317791938781738,-2.5606517791748047,-0.07316148281097412,-1.5947864055633545,-25.080486297607422,-0.7165853381156921,0.0009800952393561602,6.152270793914795,0.17577916383743286,1.5965791940689087,77.68247985839844,2.219499349594116,0.7628267407417297,34.0094108581543,0.9716974496841431,0.41600286960601807,22.4008731842041,0.6400249600410461,5.148523996467702e-05,0.16649925708770752,0.004757121670991182,0.6653100252151489,29.911062240600586,0.8546018004417419,0.0005896450602449477,2.632185697555542,0.07520530372858047,0.3440396785736084,20.576068878173828,0.587887704372406,0.060732703655958176,7.137007713317871,0.20391450822353363,0.0,0.0,5,5
aa_3-a-1_kv_kv-no1-gorakhpur_06082025-000000-1_EN-OL-RC-235_1,for,for,c,35.25,35.61,0.36,0.36,for,F AO R,F AO R *,F AO R,1762,1781,19,-0.133576899766922,-0.22374626994132996,-0.011776119470596313,-0.9764018058776855,-8.062746047973633,-0.42435505986213684,0.00010665228182915598,0.890676736831665,0.046877723187208176,0.9433647394180298,31.356172561645508,1.650324821472168,0.9466853737831116,18.910205841064453,0.995274007320404,0.5445595979690552,14.01966667175293,0.7378771901130676,0.0004528310673777014,0.4523780047893524,0.023809367790818214,0.7972412109375,17.313472747802734,0.9112353920936584,0.011055776849389076,3.887028217315674,0.2045804262161255,0.4857255220413208,13.297906875610352,0.6998898386955261,0.12048021703958511,6.170769691467285,0.32477736473083496,0.0,0.0,3,3
aa_3-a-1_kv_kv-no1-gorakhpur_06082025-000000-1_EN-OL-RC-235_1,them,them,c,35.61,36.0,0.39,0.39,them,DH EH M,* DH EH M *,DH EH M,1780,1800,20,-0.26192840933799744,-0.44490981101989746,-0.022245490923523903,-0.9507353901863098,-9.407208442687988,-0.4703604280948639,0.00022841544705443084,1.3715015649795532,0.06857507675886154,1.0434890985488892,34.89479446411133,1.7447397708892822,0.8971067070960999,19.823410034179688,0.9911705255508423,0.5507782101631165,14.427906036376953,0.7213953137397766,0.0005030367756262422,0.42544975876808167,0.021272487938404083,0.8058946132659912,18.060855865478516,0.9030427932739258,0.013399413786828518,3.6558024883270264,0.1827901303768158,0.4973870515823364,13.636870384216309,0.6818435192108154,0.12699593603610992,6.094013214111328,0.30470067262649536,0.0,0.0,3,3
aa_3-a-1_kv_kv-no1-gorakhpur_06082025-000000-1_EN-OL-RC-235_1,to,to,c,36.0,36.33,0.33,0.33,to,T UW,T UW * SIL,T UW,1800,1817,17,-0.5147626399993896,-1.0347850322723389,-0.06086970865726471,-1.1039865016937256,-7.7860026359558105,-0.45800015330314636,0.0001735410187393427,1.987239122390747,0.11689642071723938,1.033689260482788,28.56128692626953,1.6800756454467773,0.8039763569831848,16.598278045654297,0.976369321346283,0.5781649351119995,12.418416976928711,0.7304950952529907,0.0007992791943252087,0.39162492752075195,0.023036761209368706,0.8134056925773621,15.439773559570312,0.908221960067749,0.015832863748073578,3.3200178146362305,0.19529516994953156,0.5078356266021729,11.770659446716309,0.6923917531967163,0.13308626413345337,5.379477500915527,0.3164398670196533,0.0,0.0,2,2
aa_3-a-1_kv_kv-no1-gorakhpur_06082025-000000-1_EN-OL-RC-235_1,come,come,c,36.33,36.72,0.39,0.39,come,K AH M,SIL * K AH M *,K AH M,1816,1836,20,-0.5147626399993896,-0.9198803305625916,-0.04599401727318764,-1.1039865016937256,-8.745991706848145,-0.43729957938194275,0.00014638870197813958,1.6785169839859009,0.08392585068941116,0.9339703917503357,33.2741813659668,1.663709044456482,0.8039763569831848,19.644550323486328,0.9822275042533875,0.5768675804138184,14.664071083068848,0.7332035303115845,0.0007819372694939375,0.47335466742515564,0.02366773411631584,0.8134056925773621,18.211214065551758,0.9105607271194458,0.015832863748073578,4.0346856117248535,0.2017342746257782,0.5078356266021729,13.951862335205078,0.697593092918396,0.13308626413345337,6.446018218994141,0.32230091094970703,0.0,0.0,3,3
aa_3-a-1_kv_kv-no1-gorakhpur_06082025-000000-1_EN-OL-RC-235_1,back,back,c,36.72,37.08,0.36,0.36,back,B AE K,* B AE K *,B AE K,1836,1854,18,-0.03359585627913475,-0.08121620863676071,-0.004512011539191008,-0.7813218832015991,-6.688257694244385,-0.3715698719024658,0.00018708387506194413,0.42919406294822693,0.023844115436077118,1.0664103031158447,28.06365966796875,1.5590921640396118,0.9864228367805481,17.96713638305664,0.998174250125885,0.6051141023635864,13.549057006835938,0.75272536277771,0.0012606034288182855,0.4854085147380829,0.026967139914631844,0.8411428332328796,16.5750675201416,0.9208371043205261,0.02932203933596611,4.075002670288086,0.22638903558254242,0.5493886470794678,12.943475723266602,0.7190819978713989,0.1598684936761856,6.220237731933594,0.34556877613067627,0.0,0.0,3,3
aa_3-a-1_kv_kv-no1-gorakhpur_06082025-000000-1_EN-OL-RC-235_1,but,but,c,37.08,37.44,0.36,0.36,but,B AH T,* B AH T *,B AH T,1853,1872,19,-0.043772824108600616,-0.12023814767599106,-0.006328323390334845,-0.7644506692886353,-7.382634162902832,-0.3885596990585327,0.00015878579870332032,0.5882006883621216,0.030957931652665138,1.0073703527450562,30.196548461914062,1.589292049407959,0.9823324084281921,18.95138931274414,0.9974415302276611,0.5849454402923584,14.223262786865234,0.7485927939414978,0.000896367069799453,0.5056841373443604,0.026614954695105553,0.8389115333557129,17.447708129882812,0.918300449848175,0.027903860434889793,4.135443210601807,0.21765489876270294,0.5458562970161438,13.54725456237793,0.7130134105682373,0.15742245316505432,6.424886703491211,0.3381519317626953,0.0,0.0,3,3
aa_3-a-1_kv_kv-no1-gorakhpur_06082025-000000-1_EN-OL-RC-235_1,the,the,c,37.44,37.92,0.48,0.48,the,DH AH,* DH AH * SIL *,DH AH,1871,1896,25,-0.043772824108600616,-0.12451900541782379,-0.004980760160833597,-0.8205320835113525,-10.220951080322266,-0.40883803367614746,0.0002083658764604479,0.6326945424079895,0.025307781994342804,1.0891836881637573,42.152313232421875,1.686092495918274,0.9823324084281921,24.94964599609375,0.99798583984375,0.563632607460022,18.380172729492188,0.7352069020271301,0.0006251578452065587,0.49591460824012756,0.019836584106087685,0.8258335590362549,22.845012664794922,0.9138004779815674,0.02086774818599224,4.705999374389648,0.18823997676372528,0.525843620300293,17.481836318969727,0.6992734670639038,0.14417195320129395,7.894688606262207,0.31578755378723145,0.0,0.0,2,2
aa_3-a-1_kv_kv-no1-gorakhpur_06082025-000000-1_EN-OL-RC-235_1,animals,animals,c,38.34,38.91,0.57,0.57,animals,AE N IH M AH L S,AE N IH M AH L Z *,AE N IH M AH L Z,1917,1946,29,-0.08882350474596024,-0.1963573396205902,-0.006770942825824022,-1.0775370597839355,-12.117982864379883,-0.4178614914417267,0.00015126989455893636,0.995530903339386,0.0343286506831646,0.9550110101699829,48.188594818115234,1.6616756916046143,0.9643498063087463,28.920795440673828,0.997268795967102,0.5317240953445435,21.308128356933594,0.7347630262374878,0.0003644873795565218,0.6917964816093445,0.023855051025748253,0.780568540096283,26.42508316040039,0.911209762096405,0.007633350323885679,5.93965482711792,0.20481568574905396,0.46430182456970215,20.293107986450195,0.6997623443603516,0.10924243181943893,9.423858642578125,0.3249606490135193,3.3817063944827876,1.0,7,7
aa_3-a-1_kv_kv-no1-gorakhpur_06082025-000000-1_EN-OL-RC-235_1,did,did,c,38.91,39.21,0.3,0.3,did,D IH D,* D IH D *,D IH D,1945,1961,16,-0.15147894620895386,-0.17941632866859436,-0.011213520541787148,-0.7106920480728149,-6.309603691101074,-0.39435023069381714,0.00014855749031994492,0.5905686616897583,0.036910541355609894,1.0027954578399658,26.060672760009766,1.6287920475006104,0.9396743774414062,15.928350448608398,0.9955219030380249,0.616700291633606,11.909842491149902,0.7443651556968689,0.0015333873452618718,0.3492923974990845,0.02183077484369278,0.861493706703186,14.68352222442627,0.9177201390266418,0.046084918081760406,3.1971938610076904,0.19982461631298065,0.5833755135536194,11.327993392944336,0.707999587059021,0.18517345190048218,5.217652320861816,0.3261032700538635,0.0,0.0,3,3
aa_3-a-1_kv_kv-no1-gorakhpur_06082025-000000-1_EN-OL-RC-235_1,not,not,c,39.21,39.6,0.39,0.39,not,N AO T,* N AO T *,N AO T,1960,1980,20,-0.07773099839687347,-0.12305014580488205,-0.00615250738337636,-0.7254371047019958,-6.830673694610596,-0.34153369069099426,9.827348549151793e-05,0.5315952301025391,0.026579761877655983,0.9174946546554565,29.418094635009766,1.4709047079086304,0.9687588810920715,19.950395584106445,0.9975197911262512,0.6178847551345825,15.314146041870117,0.7657073140144348,0.0015644034137949347,0.6945834159851074,0.03472917154431343,0.8621783256530762,18.54017448425293,0.9270087480545044,0.04679127782583237,5.053165912628174,0.25265830755233765,0.5845786333084106,14.686352729797363,0.7343176603317261,0.18613098561763763,7.350275039672852,0.3675137460231781,0.0,0.0,3,3
aa_3-a-1_kv_kv-no1-gorakhpur_06082025-000000-1_EN-OL-RC-235_1,come,come,c,39.6,39.87,0.27,0.27,come,K AH M,* K AH M *,K AH M,1980,1994,14,-0.023370273411273956,-0.03912036120891571,-0.0027943116147071123,-0.677781879901886,-5.102928638458252,-0.3644948899745941,0.0001424905058229342,0.2238345444202423,0.01598818227648735,0.9239734411239624,22.00797462463379,1.5719982385635376,0.9905433058738708,13.98415756225586,0.9988684058189392,0.6087327003479004,10.527145385742188,0.7519389390945435,0.0013401350006461143,0.36007246375083923,0.02571946196258068,0.8563839793205261,12.907657623291016,0.9219755530357361,0.0411391444504261,3.081104278564453,0.22007887065410614,0.5745251774787903,10.070903778076172,0.719350278377533,0.1782636195421219,4.793616771697998,0.3424012064933777,0.0,0.0,3,3
aa_3-a-1_kv_kv-no1-gorakhpur_06082025-000000-1_EN-OL-RC-235_1,back,back,c,39.87,40.2,0.33,0.33,back,B AE K,* B AE K *,B AE K,1993,2010,17,-0.16101637482643127,-0.24480575323104858,-0.014400338754057884,-0.6786271929740906,-6.191807270050049,-0.3642239570617676,0.0001777799625415355,0.8044953346252441,0.047323256731033325,1.075492262840271,25.711788177490234,1.512458086013794,0.9359522461891174,16.902116775512695,0.9942421913146973,0.6290189027786255,12.940975189208984,0.7612338066101074,0.0018884344026446342,0.4720708727836609,0.027768874540925026,0.8607708811759949,15.711807250976562,0.9242239594459534,0.04535074159502983,3.9348666667938232,0.2314627468585968,0.582109808921814,12.331430435180664,0.7253782749176025,0.18417087197303772,5.972834587097168,0.35134321451187134,0.0,0.0,3,3
aw_3-a-1_kv_kv-ssb-campus-gadania-palia-kalan-lakhimpur-kheri_06082025-000000-1_EN-OL-RC-248_2,many,many,c,0.99,1.44,0.45,0.45,many,M EH N IY,M EH N IY *,M EH N IY,49,72,23,-0.08528764545917511,-0.18686357140541077,-0.008124503307044506,-0.9102930426597595,-9.094734191894531,-0.3954232335090637,0.0001793160627130419,0.8309115767478943,0.03612659126520157,0.9879887104034424,36.740760803222656,1.5974243879318237,0.9657539129257202,22.924652099609375,0.996724009513855,0.529129147529602,17.152170181274414,0.7457465529441833,0.00034884040360338986,0.6032273173332214,0.026227274909615517,0.8037053346633911,21.076942443847656,0.9163888096809387,0.012763246893882751,5.018187046051025,0.2181820422410965,0.4943995475769043,16.347028732299805,0.7107403874397278,0.12529891729354858,7.75607967376709,0.33722084760665894,0.0,0.0,4,4
aw_3-a-1_kv_kv-ssb-campus-gadania-palia-kalan-lakhimpur-kheri_06082025-000000-1_EN-OL-RC-248_2,of,of,c,1.44,1.71,0.27,0.27,of,AO F,* AO F *,AO F,72,86,14,-0.036634936928749084,-0.07083586603403091,-0.005059704650193453,-0.764753520488739,-5.960943222045898,-0.4257816672325134,0.00016945025708992034,0.37091827392578125,0.026494162157177925,1.0416765213012695,24.20599937438965,1.7289999723434448,0.9852002263069153,13.971341133117676,0.997952938079834,0.5731467008590698,10.175030708312988,0.7267879247665405,0.0007342606550082564,0.2669358551502228,0.01906684599816799,0.8363655805587769,12.740840911865234,0.9100600481033325,0.026369307190179825,2.5253446102142334,0.18038176000118256,0.5418691635131836,9.682435989379883,0.6916025876998901,0.15470093488693237,4.312401294708252,0.3080286681652069,0.0,0.0,2,2
aw_3-a-1_kv_kv-ssb-campus-gadania-palia-kalan-lakhimpur-kheri_06082025-000000-1_EN-OL-RC-248_2,them,them,c,1.71,2.25,0.54,0.54,them,DH EH M,* DH EH M * SIL *,DH EH M,85,113,28,-0.41109997034072876,-0.6553161144256592,-0.02340414747595787,-1.242492437362671,-12.420554161071777,-0.4435912072658539,0.00013774032413493842,1.6967873573303223,0.06059954687952995,0.9887067079544067,47.771080017089844,1.7061100006103516,0.8414494395256042,27.743181228637695,0.9908279180526733,0.5149307250976562,20.352493286132812,0.7268747687339783,0.00027438512188382447,0.6730909943580627,0.02403896488249302,0.7661249041557312,25.401470184326172,0.9071953892707825,0.005537953227758408,5.469559669494629,0.19534142315387726,0.4467514753341675,19.357364654541016,0.6913344264030457,0.10069902241230011,8.85755729675293,0.3163413405418396,0.0,0.0,3,3
aw_3-a-1_kv_kv-ssb-campus-gadania-palia-kalan-lakhimpur-kheri_06082025-000000-1_EN-OL-RC-248_2,go,go,c,2.31,2.52,0.21,0.21,go,G OW,G OW,G OW,115,126,11,-0.03916575759649277,-0.09124913811683655,-0.008295375853776932,-1.0943355560302734,-6.8700032234191895,-0.6245457530021667,0.0010548630962148309,0.5712383985519409,0.05193076282739639,1.482375979423523,23.429445266723633,2.1299495697021484,0.9841828346252441,10.96310806274414,0.9966461658477783,0.5089751482009888,7.169360160827637,0.6517600417137146,0.00024809929891489446,0.09935597330331802,0.009032361209392548,0.7694953083992004,9.528385162353516,0.8662168383598328,0.005968567915260792,1.2266963720321655,0.11151785403490067,0.45076847076416016,6.735965728759766,0.6123605370521545,0.10260410606861115,2.5720677375793457,0.23382434248924255,0.0,0.0,2,2
aw_3-a-1_kv_kv-ssb-campus-gadania-palia-kalan-lakhimpur-kheri_06082025-000000-1_EN-OL-RC-248_2,faster,faster,c,2.52,3.06,0.54,0.54,faster,F AA S T AH R,* F AA S T AH R,F AA S T AH R,126,153,27,-0.29813674092292786,-0.44881001114845276,-0.016622593626379967,-0.988388180732727,-10.425448417663574,-0.3861277103424072,0.00010041134373750538,1.1923651695251465,0.04416167363524437,0.9534473419189453,42.30002975463867,1.5666677951812744,0.8834056258201599,26.82290267944336,0.9934408664703369,0.5996206998825073,20.246967315673828,0.7498877048492432,0.0011487953597679734,0.8002519011497498,0.02963895909488201,0.8250725269317627,24.80178451538086,0.9185845851898193,0.020517878234386444,6.221798896789551,0.2304369956254959,0.5247137546539307,19.34209632873535,0.7163739204406738,0.1434536874294281,9.361990928649902,0.34674039483070374,0.0,0.0,6,6
aw_3-a-1_kv_kv-ssb-campus-gadania-palia-kalan-lakhimpur-kheri_06082025-000000-1_EN-OL-RC-248_2,than,than,c,3.09,3.45,0.36,0.36,than,TH AE N,* TH AE N *,TH AE N,154,173,19,-0.1186927780508995,-0.3018600046634674,-0.015887368470430374,-0.8354872465133667,-8.294715881347656,-0.43656399846076965,0.000162347627338022,1.176079273223877,0.061898909509181976,1.021230936050415,31.547687530517578,1.6604045629501343,0.9525383114814758,18.878591537475586,0.9936100840568542,0.5666604042053223,13.991933822631836,0.7364175915718079,0.0006579949404112995,0.47106102108955383,0.024792686104774475,0.825547456741333,17.301055908203125,0.9105818867683411,0.02073550783097744,3.784353256225586,0.19917649030685425,0.5254184007644653,13.236164093017578,0.6966401934623718,0.1439012587070465,6.0925984382629395,0.32066306471824646,0.0,0.0,3,3
aw_3-a-1_kv_kv-ssb-campus-gadania-palia-kalan-lakhimpur-kheri_06082025-000000-1_EN-OL-RC-248_2,the,the,c,3.45,3.63,0.18,0.18,the,DH AH,DH AH *,DH AH,172,182,10,-0.059236567467451096,-0.11569840461015701,-0.011569840833544731,-0.8449134826660156,-4.848965644836426,-0.48489657044410706,0.0005159687134437263,0.532444953918457,0.053244493901729584,1.1618918180465698,18.15887451171875,1.815887451171875,0.9761370420455933,9.953276634216309,0.9953276515007019,0.5646296739578247,7.142940044403076,0.7142940163612366,0.0006357853999361396,0.15800003707408905,0.015800002962350845,0.8227887153625488,9.006935119628906,0.9006935358047485,0.01950274035334587,1.5573608875274658,0.15573608875274658,0.5213447213172913,6.715915679931641,0.671591579914093,0.14133040606975555,2.852639675140381,0.28526395559310913,0.0,0.0,2,2
aw_3-a-1_kv_kv-ssb-campus-gadania-palia-kalan-lakhimpur-kheri_06082025-000000-1_EN-OL-RC-248_2,moon,moon,c,3.63,4.23,0.6,0.6,moon,M UW N,* M UW N * SIL *,M UW N,181,212,31,-0.12418518960475922,-0.26072999835014343,-0.008410644717514515,-0.8742177486419678,-12.83823013305664,-0.41413646936416626,0.0001058716734405607,1.114628791809082,0.0359557680785656,0.9276257157325745,51.90201950073242,1.6742587089538574,0.950376033782959,30.895099639892578,0.9966161251068115,0.560345470905304,22.774755477905273,0.7346695065498352,0.0005913603818044066,0.6622260808944702,0.02136213146150112,0.81733238697052,28.29638671875,0.9127866625785828,0.01727619208395481,6.02183723449707,0.19425281882286072,0.5134254693984985,21.67499542236328,0.6991934180259705,0.13644587993621826,9.889676094055176,0.3190218210220337,0.0,0.0,3,3
aw_3-a-1_kv_kv-ssb-campus-gadania-palia-kalan-lakhimpur-kheri_06082025-000000-1_EN-OL-RC-248_2,some,some,c,4.47,4.83,0.36,0.36,some,S AH M,S AH M *,S AH M,223,242,19,-0.4055253267288208,-0.6928371787071228,-0.0364651158452034,-0.9595468044281006,-8.5634183883667,-0.45070624351501465,0.00018154889403376728,1.6248762607574463,0.08551980555057526,0.9597122669219971,31.903470993041992,1.6791300773620605,0.843492329120636,18.728586196899414,0.9857150912284851,0.5802052021026611,13.902444839477539,0.7317076325416565,0.0008273309213109314,0.467816561460495,0.02462192438542843,0.818683385848999,17.257081985473633,0.9082674980163574,0.017802614718675613,3.7738125324249268,0.1986217051744461,0.5153695344924927,13.168423652648926,0.6930749416351318,0.13763132691383362,6.0525641441345215,0.318556010723114,0.0,0.0,3,3
aw_3-a-1_kv_kv-ssb-campus-gadania-palia-kalan-lakhimpur-kheri_06082025-000000-1_EN-OL-RC-248_2,go,go,c,4.83,5.07,0.24,0.24,go,G OW,G OW *,G OW,241,254,13,-0.06246687099337578,-0.08871296793222427,-0.006824074313044548,-0.8598114848136902,-6.85303258895874,-0.5271563529968262,0.0004643740248866379,0.43954145908355713,0.03381088003516197,1.2479503154754639,25.780887603759766,1.9831452369689941,0.9748458862304688,12.964202880859375,0.9972463846206665,0.561497688293457,8.887935638427734,0.6836873292922974,0.0006029937649145722,0.15626192092895508,0.012020147405564785,0.8223990201950073,11.554121017456055,0.888778567314148,0.019334634765982628,1.6911964416503906,0.13009203970432281,0.52077317237854,8.41018009185791,0.6469369530677795,0.14097289741039276,3.3782122135162354,0.25986248254776,0.0,0.0,2,2
aw_3-a-1_kv_kv-ssb-campus-gadania-palia-kalan-lakhimpur-kheri_06082025-000000-1_EN-OL-RC-248_2,round,round,c,5.07,5.58,0.51,0.51,round,R AW N D,* R AW N D * SIL *,R AW N D,253,279,26,-0.03544655442237854,-0.13879406452178955,-0.005338233429938555,-0.7177117466926575,-10.686941146850586,-0.4110361933708191,0.00019521509238984436,0.7364057302474976,0.028323296457529068,1.1550887823104858,43.98303985595703,1.6916553974151611,0.9856781363487244,25.943822860717773,0.9978393316268921,0.6199969053268433,19.07916259765625,0.7338139414787292,0.0016212783521041274,0.4768263101577759,0.018339473754167557,0.8553576469421387,23.75164031982422,0.9135246276855469,0.04021169990301132,4.798806667327881,0.18456949293613434,0.5727744102478027,18.14232063293457,0.6977815628051758,0.1769241988658905,8.139739990234375,0.31306692957878113,0.0,0.0,4,4
aw_3-a-1_kv_kv-ssb-campus-gadania-palia-kalan-lakhimpur-kheri_06082025-000000-1_EN-OL-RC-248_2,the,the,c,5.61,6.06,0.45,0.45,the,DH AH,DH AH * SIL *,DH AH,280,303,23,-0.2503788471221924,-0.3380136489868164,-0.014696246013045311,-0.8349418044090271,-10.713876724243164,-0.4658207297325134,0.0010259103728458285,1.009461522102356,0.04388963058590889,1.347254753112793,42.304344177246094,1.8393193483352661,0.9015031456947327,22.866092681884766,0.9941779375076294,0.5701689720153809,16.388370513916016,0.7125378251075745,0.0006982085178606212,0.27820339798927307,0.012095799669623375,0.825262188911438,20.7761173248291,0.9033094644546509,0.020604509860277176,3.3584814071655273,0.14602093398571014,0.524994969367981,15.48473072052002,0.6732491850852966,0.14363215863704681,6.459246635437012,0.280836820602417,0.0,0.0,2,2
aw_3-a-1_kv_kv-ssb-campus-gadania-palia-kalan-lakhimpur-kheri_06082025-000000-1_EN-OL-RC-248_2,earth,earth,c,6.45,6.81,0.36,0.36,earth,AH R TH,AH R TH *,AH R TH,322,341,19,-0.3570582866668701,-0.6871607303619385,-0.03616635501384735,-1.2659622430801392,-11.02781867980957,-0.5804114937782288,0.0005565263563767076,1.9850716590881348,0.10447745770215988,1.278851866722107,37.691158294677734,1.9837452173233032,0.8613734245300293,18.729036331176758,0.9857387542724609,0.4771299958229065,12.998103141784668,0.684110701084137,0.00014479343371931463,0.19852237403392792,0.010448546148836613,0.7338207960128784,16.757343292236328,0.8819654583930969,0.0027017679531127214,2.3030173778533936,0.12121143937110901,0.41043299436569214,12.099002838134766,0.6367896199226379,0.08474189043045044,4.761687278747559,0.25061511993408203,0.0,0.0,3,3
aw_3-a-1_kv_kv-ssb-campus-gadania-palia-kalan-lakhimpur-kheri_06082025-000000-1_EN-OL-RC-248_2,in,in,c,7.26,7.56,0.3,0.3,in,IH N,IH N * SIL,IH N,363,378,15,-0.655590832233429,-0.8473166823387146,-0.056487780064344406,-1.181369662284851,-7.637156009674072,-0.5091437101364136,0.000344875588780269,1.5202194452285767,0.10134796053171158,1.1468837261199951,27.42731475830078,1.8284876346588135,0.7545995116233826,14.67754077911377,0.9785026907920837,0.5677117705345154,10.663155555725098,0.7108770608901978,0.0006697959033772349,0.20597510039806366,0.01373167335987091,0.8147871494293213,13.47790241241455,0.8985268473625183,0.016326356679201126,2.254747152328491,0.15031647682189941,0.5097919702529907,10.009178161621094,0.667278528213501,0.13425391912460327,4.20396614074707,0.28026440739631653,0.0,0.0,2,2
aw_3-a-1_kv_kv-ssb-campus-gadania-palia-kalan-lakhimpur-kheri_06082025-000000-1_EN-OL-RC-248_2,a,a,c,7.59,7.86,0.27,0.27,a,AH,AH *,AH,379,393,14,-0.38259753584861755,-0.41883090138435364,-0.029916493222117424,-1.137457251548767,-8.159867286682129,-0.5828476548194885,0.0008818640490062535,1.0780683755874634,0.07700488716363907,1.4582109451293945,29.20466423034668,2.086047410964966,0.8519241809844971,13.837241172790527,0.9883743524551392,0.5342758893966675,9.386394500732422,0.6704567670822144,0.0003805576416198164,0.09122923016548157,0.0065163737162947655,0.794634222984314,12.32512092590332,0.880365788936615,0.010433612391352654,1.3638659715652466,0.09741900116205215,0.48228752613067627,8.77480411529541,0.6267717480659485,0.11861415207386017,3.2634706497192383,0.23310504853725433,0.0,0.0,1,1
aw_3-a-1_kv_kv-ssb-campus-gadania-palia-kalan-lakhimpur-kheri_06082025-000000-1_EN-OL-RC-248_2,day,day,c,7.86,8.34,0.48,0.48,day,D EY,* D EY * SIL *,D EY,393,417,24,-0.5648289918899536,-1.071852684020996,-0.044660527259111404,-1.0721327066421509,-12.531771659851074,-0.5221571326255798,0.00030018913093954325,2.345244884490967,0.09771853685379028,1.2033443450927734,45.10248565673828,1.8792701959609985,0.7862229347229004,23.584083557128906,0.9826701283454895,0.5042390823364258,16.871408462524414,0.702975332736969,0.0002290048578288406,0.295696496963501,0.01232068706303835,0.7709760069847107,21.478206634521484,0.8949252963066101,0.006168187130242586,3.343522787094116,0.1393134444952011,0.45254790782928467,15.821822166442871,0.659242570400238,0.10345745831727982,6.49561882019043,0.2706507742404938,0.0,0.0,2,2
aw_3-a-1_kv_kv-ssb-campus-gadania-palia-kalan-lakhimpur-kheri_06082025-000000-1_EN-OL-RC-248_2,these,these,c,8.55,8.85,0.3,0.3,these,DH IY Z,DH IY Z *,DH IY Z,427,443,16,-0.33801013231277466,-0.6112353801727295,-0.03820221126079559,-1.46535325050354,-9.87282657623291,-0.6170516610145569,0.00023732101544737816,2.123171806335449,0.13269823789596558,1.1738336086273193,32.512939453125,2.0320587158203125,0.8684606552124023,15.758790016174316,0.9849243760108948,0.43120425939559937,10.702564239501953,0.6689102649688721,6.658618076471612e-05,0.15797513723373413,0.009873446077108383,0.7011685967445374,13.918652534484863,0.869915783405304,0.0013079424388706684,1.9264956712722778,0.12040597945451736,0.377208948135376,9.979726791381836,0.6237329244613647,0.07196556031703949,3.9228718280792236,0.24517948925495148,0.0,0.0,3,3
aw_3-a-1_kv_kv-ssb-campus-gadania-palia-kalan-lakhimpur-kheri_06082025-000000-1_EN-OL-RC-248_2,man,man,c,8.88,9.18,0.3,0.3,man,M AE N,* M EH N *,M EH N,444,459,15,-0.43587374687194824,-0.9734440445899963,-0.06489627063274384,-1.4462792873382568,-10.063016891479492,-0.6708678007125854,0.0010545947588980198,2.66471266746521,0.17764751613140106,1.4253897666931152,31.50697135925293,2.1004648208618164,0.8324054479598999,14.619125366210938,0.9746083617210388,0.43793290853500366,9.861868858337402,0.6574579477310181,7.461402856279165e-05,0.12259090691804886,0.008172727189958096,0.7042772173881531,12.931402206420898,0.8620935082435608,0.0014014687621966004,1.5736685991287231,0.10491123795509338,0.38023895025253296,9.115612983703613,0.6077075600624084,0.07306457310914993,3.4358835220336914,0.2290589064359665,3.4554327829412066,1.0,3,3
aw_3-a-1_kv_kv-ssb-campus-gadania-palia-kalan-lakhimpur-kheri_06082025-000000-1_EN-OL-RC-248_2,made,made,c,9.18,9.48,0.3,0.3,made,M EY D,* M EY D *,M EY D,459,474,15,-0.32344919443130493,-1.1878069639205933,-0.07918713241815567,-1.4955357313156128,-10.46845817565918,-0.69789719581604,0.0015074482653290033,3.448131561279297,0.22987543046474457,1.3968210220336914,31.28554344177246,2.085702896118164,0.8739010691642761,14.532140731811523,0.9688093662261963,0.44402945041656494,9.921709060668945,0.661447286605835,8.271975821116939e-05,0.12220321595668793,0.008146881125867367,0.6845746040344238,12.907792091369629,0.8605194687843323,0.0009046357008628547,1.5051815509796143,0.1003454402089119,0.3614659905433655,9.057116508483887,0.6038077473640442,0.06645618379116058,3.370809316635132,0.22472062706947327,0.0,0.0,3,3
aw_3-a-1_kv_kv-ssb-campus-gadania-palia-kalan-lakhimpur-kheri_06082025-000000-1_EN-OL-RC-248_2,satellites,satellites,c,9.48,10.2,0.72,0.72,satellites,S AE T AH L AY T S,* S AE T AH L AY T S *,S AE T AH L AY T S,474,510,36,-0.36652350425720215,-1.2244174480438232,-0.0340115949511528,-1.4495373964309692,-22.632070541381836,-0.6286686062812805,0.0007439701003022492,4.136214733123779,0.11489485204219818,1.4655894041061401,75.7406997680664,2.1039083003997803,0.857864499092102,35.515357971191406,0.9865376949310303,0.49009203910827637,23.868194580078125,0.6630054116249084,0.0001802801270969212,0.24657559394836426,0.006849322002381086,0.7115106582641602,31.343595504760742,0.8706554174423218,0.001645806711167097,3.4804234504699707,0.09667842835187912,0.38739317655563354,22.140487670898438,0.6150135397911072,0.07571066915988922,8.19410514831543,0.22761403024196625,0.0,0.0,8,8
aw_3-a-1_kv_kv-ssb-campus-gadania-palia-kalan-lakhimpur-kheri_06082025-000000-1_EN-OL-RC-248_2,work,work,c,10.2,10.53,0.33,0.33,work,W AH R K,* W AH R K *,W AH R K,509,527,18,-0.6417232751846313,-1.344117283821106,-0.07467318326234818,-1.0880212783813477,-10.73491382598877,-0.5963841080665588,0.00044254795648157597,2.498317003250122,0.1387953907251358,1.2657556533813477,35.693443298339844,1.982969045639038,0.7593850493431091,17.48395538330078,0.9713308811187744,0.5152783393859863,12.301517486572266,0.6834176182746887,0.00027600309113040566,0.1935555636882782,0.010753086768090725,0.7705745697021484,15.894600868225098,0.8830333948135376,0.006113419309258461,2.119626522064209,0.11775702983140945,0.4520646333694458,11.441719055175781,0.6356510519981384,0.10322510451078415,4.465656757354736,0.24809204041957855,0.0,0.0,4,4
aw_3-a-1_kv_kv-ssb-campus-gadania-palia-kalan-lakhimpur-kheri_06082025-000000-1_EN-OL-RC-248_2,for,for,c,10.59,10.92,0.33,0.33,for,F AO R,F AO R *,F AO R,529,546,17,-0.46124956011772156,-1.0310869216918945,-0.060652170330286026,-0.913453221321106,-7.9494147300720215,-0.467612624168396,0.00024230931012425572,1.9099403619766235,0.11234943568706512,1.0945781469345093,28.679683685302734,1.6870402097702026,0.8231996297836304,16.599905014038086,0.9764649868011475,0.5708966255187988,12.432068824768066,0.7312981486320496,0.0007068514241836965,0.37243789434432983,0.02190811187028885,0.8288612365722656,15.42111587524414,0.9071244597434998,0.022319745272397995,3.25712513923645,0.19159559905529022,0.5303754806518555,11.730348587036133,0.6900205016136169,0.14708420634269714,5.322284698486328,0.31307557225227356,0.0,0.0,3,3
aw_3-a-1_kv_kv-ssb-campus-gadania-palia-kalan-lakhimpur-kheri_06082025-000000-1_EN-OL-RC-248_2,us,us,c,10.95,11.34,0.39,0.39,us,AH S,AH S * SIL,AH S,547,567,20,-0.3874984085559845,-0.8913149833679199,-0.044565748423337936,-1.2836657762527466,-11.291117668151855,-0.5645558834075928,0.00020283377671148628,2.4899613857269287,0.12449806928634644,1.1002590656280518,38.59729766845703,1.9298648834228516,0.8501177430152893,19.648983001708984,0.9824491739273071,0.4659958481788635,13.901751518249512,0.6950875520706177,0.00011994148371741176,0.235605388879776,0.0117802694439888,0.7231059074401855,17.747047424316406,0.8873523473739624,0.0021294159814715385,2.5421018600463867,0.12710508704185486,0.3991772532463074,12.91120719909668,0.6455603837966919,0.08023028075695038,5.160496234893799,0.25802481174468994,0.0,0.0,2,2
aw_3-a-1_kv_kv-ssb-campus-gadania-palia-kalan-lakhimpur-kheri_06082025-000000-1_EN-OL-RC-248_2,some,some,c,11.61,12.12,0.51,0.51,some,S AH M,S AH M * SIL *,S AH M,580,606,26,-0.38015955686569214,-0.5551449656486511,-0.021351728588342667,-1.0145163536071777,-11.807901382446289,-0.4541500508785248,0.00032190524507313967,1.6589295864105225,0.0638049840927124,1.0962367057800293,45.212459564208984,1.738940715789795,0.8528235554695129,25.782163619995117,0.9916216731071472,0.560526967048645,18.8453311920166,0.7248204350471497,0.0005931781488470733,0.4959166646003723,0.019073717296123505,0.8178860545158386,23.55727195739746,0.9060488939285278,0.017490018159151077,4.663050174713135,0.17934808135032654,0.5142208337783813,17.825599670410156,0.6855999827384949,0.13692983984947205,7.915013790130615,0.30442360043525696,0.0,0.0,3,3
aw_3-a-1_kv_kv-ssb-campus-gadania-palia-kalan-lakhimpur-kheri_06082025-000000-1_EN-OL-RC-248_2,of,of,c,12.84,13.17,0.33,0.33,of,AO F,AO F *,AO F,642,659,17,-0.03303421661257744,-0.049119070172309875,-0.002889357041567564,-0.8468469977378845,-6.489283084869385,-0.3817225396633148,0.00022189474839251488,0.2777014672756195,0.01633538119494915,1.103898048400879,27.652847290039062,1.6266380548477173,0.9866489171981812,16.980125427246094,0.9988309144973755,0.5566397905349731,12.622014999389648,0.74247145652771,0.0005554454401135445,0.3678009808063507,0.021635351702570915,0.8203442096710205,15.59937858581543,0.9176105260848999,0.018471794202923775,3.5196211338043213,0.20703653991222382,0.5177745819091797,12.072905540466309,0.7101709246635437,0.1391099989414215,5.62382173538208,0.33081305027008057,0.0,0.0,2,2
aw_3-a-1_kv_kv-ssb-campus-gadania-palia-kalan-lakhimpur-kheri_06082025-000000-1_EN-OL-RC-248_2,them,them,c,13.17,13.53,0.36,0.36,them,DH EH M,* DH EH M *,DH EH M,658,677,19,-0.5581963658332825,-0.7745872735977173,-0.04076775163412094,-0.8689340353012085,-8.66948413848877,-0.4562886357307434,0.0001432229473721236,1.5757828950881958,0.08293594419956207,1.021496057510376,31.978069305419922,1.6830562353134155,0.7885619401931763,18.7014217376709,0.9842853546142578,0.5717161893844604,13.886951446533203,0.7308921813964844,0.0007167150033637881,0.4668595492839813,0.024571554735302925,0.8237391114234924,17.245437622070312,0.9076545834541321,0.019918933510780334,3.7502808570861816,0.19738321006298065,0.522742748260498,13.144543647766113,0.6918180584907532,0.14220815896987915,6.029959201812744,0.31736627221107483,0.0,0.0,3,3
aw_3-a-1_kv_kv-ssb-campus-gadania-palia-kalan-lakhimpur-kheri_06082025-000000-1_EN-OL-RC-248_2,tell,tell,c,13.53,13.92,0.39,0.39,tell,T EH L,* T EH L * SIL *,T EH L,676,696,20,-0.566921591758728,-1.1983877420425415,-0.059919387102127075,-1.090996265411377,-9.824193000793457,-0.49120965600013733,0.00012651098950300366,2.1185646057128906,0.10592822730541229,0.9991803169250488,34.94611358642578,1.7473056316375732,0.7854856252670288,19.54227638244629,0.9771138429641724,0.5842572450637817,14.437804222106934,0.7218902111053467,0.0008859987719915807,0.4489128589630127,0.022445643320679665,0.8305068016052246,18.05173110961914,0.9025865793228149,0.02315087988972664,3.607321262359619,0.18036606907844543,0.5328636169433594,13.594589233398438,0.6797294616699219,0.14870476722717285,6.053292274475098,0.3026646077632904,0.0,0.0,3,3
aw_3-a-1_kv_kv-ssb-campus-gadania-palia-kalan-lakhimpur-kheri_06082025-000000-1_EN-OL-RC-248_2,us,us,c,14.01,14.28,0.27,0.27,us,AH S,AH S *,AH S,700,714,14,-0.09751694649457932,-0.10922982543706894,-0.007802130188792944,-0.7614325881004333,-5.116656303405762,-0.36547544598579407,0.00021469435887411237,0.4055822789669037,0.02897016331553459,1.0392953157424927,21.794984817504883,1.5567846298217773,0.9609030485153198,13.956151008605957,0.9968679547309875,0.5854073762893677,10.552228927612305,0.7537306547164917,0.0009033960523083806,0.34952881932258606,0.024966344237327576,0.8394550681114197,12.909015655517578,0.9220725297927856,0.02824288047850132,3.1158533096313477,0.22256095707416534,0.5467134714126587,10.086485862731934,0.7204632759094238,0.1580129861831665,4.816936016082764,0.344066858291626,0.0,0.0,2,2
aw_3-a-1_kv_kv-ssb-campus-gadania-palia-kalan-lakhimpur-kheri_06082025-000000-1_EN-OL-RC-248_2,about,about,c,14.31,14.82,0.51,0.51,about,AH B AW T,* AH B AW T *,AH B AW T,715,741,26,-0.0504145547747612,-0.07707147300243378,-0.002964287530630827,-0.678670346736908,-8.774381637573242,-0.3374762237071991,0.00012616993626579642,0.3881487250328064,0.014928797259926796,1.0440709590911865,39.08949661254883,1.5034421682357788,0.9796685576438904,25.96885871887207,0.9988022446632385,0.6023640632629395,19.80276870727539,0.7616449594497681,0.001203334191814065,0.7193540334701538,0.027667462825775146,0.8550804853439331,24.096670150756836,0.9267950057983398,0.039964839816093445,6.186189651489258,0.23793037235736847,0.572303056716919,19.009790420532227,0.7311457991600037,0.17656517028808594,9.292545318603516,0.3574056029319763,0.0,0.0,4,4
aw_3-a-1_kv_kv-ssb-campus-gadania-palia-kalan-lakhimpur-kheri_06082025-000000-1_EN-OL-RC-248_2,the,the,c,14.82,15.0,0.18,0.18,the,DH AH,* DH AH *,DH AH,741,750,9,-0.2861740291118622,-0.40318742394447327,-0.0447986014187336,-0.7675015926361084,-4.566284656524658,-0.5073649883270264,0.000313327182084322,1.011152744293213,0.11235030740499496,1.1032065153121948,15.974006652832031,1.774889588356018,0.8879185318946838,8.840925216674805,0.98232501745224,0.5878705978393555,6.479074478149414,0.7198971509933472,0.00094181252643466,0.17947125434875488,0.01994124986231327,0.8397643566131592,8.102224349975586,0.9002471566200256,0.028437620028853416,1.4993919134140015,0.1665990948677063,0.5472022294998169,6.056113243103027,0.672901451587677,0.15835054218769073,2.6265220642089844,0.2918357849121094,0.0,0.0,2,2
aw_3-a-1_kv_kv-ssb-campus-gadania-palia-kalan-lakhimpur-kheri_06082025-000000-1_EN-OL-RC-248_2,weather,weather,c,15.0,15.51,0.51,0.51,weather,W EH DH AH R,* W EH DH AH R * SIL *,W EH DH AH R,750,776,26,-0.3969569206237793,-0.4678899645805359,-0.017995767295360565,-1.0176019668579102,-10.877012252807617,-0.4183466136455536,0.00014145259046927094,1.239593267440796,0.04767666384577751,0.9301884770393372,43.201026916503906,1.6615779399871826,0.8466377258300781,25.817890167236328,0.9929957985877991,0.5845586061477661,19.190839767456055,0.7381092309951782,0.000890524301212281,0.5864263772964478,0.02255486138164997,0.8434353470802307,23.74898338317871,0.9134224653244019,0.030854204669594765,5.112209320068359,0.19662342965602875,0.5530555844306946,18.21088981628418,0.7004188299179077,0.16244295239448547,8.345285415649414,0.3209725022315979,0.0,0.0,5,5
aw_3-a-1_kv_kv-ssb-campus-gadania-palia-kalan-lakhimpur-kheri_06082025-000000-1_EN-OL-RC-248_2,they,they,c,15.84,16.32,0.48,0.48,they,DH EY,DH EY *,DH EY,792,816,24,-0.0236851554363966,-0.055377859622240067,-0.002307410817593336,-0.8938528299331665,-8.502439498901367,-0.35426831245422363,0.0001469240669393912,0.3473435640335083,0.01447264850139618,1.013168454170227,37.00535583496094,1.5418897867202759,0.9904162287712097,23.977569580078125,0.9990653991699219,0.5434390306472778,18.151031494140625,0.756292998790741,0.0004443319921847433,0.6132770776748657,0.025553211569786072,0.8097631335258484,22.158313751220703,0.9232630729675293,0.014602020382881165,5.497115612030029,0.22904647886753082,0.5027292966842651,17.378265380859375,0.7240943908691406,0.130079448223114,8.378345489501953,0.34909772872924805,0.0,0.0,2,2
aw_3-a-1_kv_kv-ssb-campus-gadania-palia-kalan-lakhimpur-kheri_06082025-000000-1_EN-OL-RC-248_2,tell,tell,c,16.32,16.8,0.48,0.48,tell,T EH L,* T EH L * SIL *,T EH L,816,840,24,-0.15407779812812805,-0.4107622802257538,-0.017115095630288124,-0.9485480189323425,-10.587514877319336,-0.44114646315574646,0.0002104450250044465,1.4513152837753296,0.06047147139906883,1.089569091796875,40.97122573852539,1.7071343660354614,0.9386591911315918,23.835397720336914,0.9931415915489197,0.5557510852813721,17.5020809173584,0.729253351688385,0.0005471620243042707,0.5042997598648071,0.02101249061524868,0.8044852018356323,21.804990768432617,0.9085412621498108,0.012986314482986927,4.485480308532715,0.18689501285552979,0.4954608082771301,16.583219528198242,0.6909675002098083,0.1258995085954666,7.469415664672852,0.31122565269470215,0.0,0.0,3,3
aw_3-a-1_kv_kv-ssb-campus-gadania-palia-kalan-lakhimpur-kheri_06082025-000000-1_EN-OL-RC-248_2,us,us,c,16.86,17.28,0.42,0.42,us,AH S,AH S * SIL *,AH S,843,864,21,-0.4689902067184448,-0.5914007425308228,-0.02816193923354149,-0.9395750164985657,-8.525567054748535,-0.4059793949127197,0.0001964204857358709,1.2077065706253052,0.05750983580946922,1.048410177230835,34.09794616699219,1.6237117052078247,0.8204030394554138,20.771085739135742,0.9890993237495422,0.5674958229064941,15.620491027832031,0.7438328862190247,0.0006673549651168287,0.4582860469818115,0.02182314544916153,0.8222277760505676,19.239404678344727,0.9161621332168579,0.019261207431554794,4.261899471282959,0.20294758677482605,0.5205222964286804,14.842367172241211,0.7067793607711792,0.14081621170043945,6.868646621704102,0.3270784020423889,0.0,0.0,2,2
aw_3-a-1_kv_kv-ssb-campus-gadania-palia-kalan-lakhimpur-kheri_06082025-000000-1_EN-OL-RC-248_2,if,if,c,17.34,17.76,0.42,0.42,if,IH F,IH F * SIL *,IH F,867,889,22,-0.05100461095571518,-0.1794423758983612,-0.008156471885740757,-1.0436094999313354,-11.056771278381348,-0.5025805234909058,0.0007620657561346889,0.9132962226867676,0.04151346534490585,1.4294441938400269,42.47351837158203,1.9306144714355469,0.9794321060180664,21.92745590209961,0.9967025518417358,0.4982031583786011,15.309806823730469,0.6959003210067749,0.00020678403961937875,0.1930440366268158,0.008774728514254093,0.7736281752586365,19.68975830078125,0.894989013671875,0.006542564369738102,2.7537789344787598,0.12517176568508148,0.4557582139968872,14.434349060058594,0.6561067700386047,0.1050117164850235,5.758444786071777,0.26174747943878174,0.0,0.0,2,2
aw_3-a-1_kv_kv-ssb-campus-gadania-palia-kalan-lakhimpur-kheri_06082025-000000-1_EN-OL-RC-248_2,it's,it's,c,17.76,18.09,0.33,0.33,it's,IH T S,IH T S * SIL *,IH T S,888,905,17,-0.6456940174102783,-1.369368076324463,-0.08055106550455093,-1.061012864112854,-8.997373580932617,-0.5292572975158691,0.0005014506168663502,1.9301512241363525,0.11353830993175507,1.2582707405090332,31.49933624267578,1.8529021739959717,0.7580130100250244,16.482419967651367,0.9695541262626648,0.5792927742004395,12.045021057128906,0.7085306644439697,0.0008146667969413102,0.2202252745628357,0.012954427860677242,0.8169867396354675,15.243295669555664,0.8966644406318665,0.017144037410616875,2.439545154571533,0.14350265264511108,0.5129297971725464,11.267112731933594,0.6627713441848755,0.13614508509635925,4.66625452041626,0.2744855582714081,0.0,0.0,3,3
aw_3-a-1_kv_kv-ssb-campus-gadania-palia-kalan-lakhimpur-kheri_06082025-000000-1_EN-OL-RC-248_2,going,going,c,18.15,18.63,0.48,0.48,going,G OW IH NG,G OW IH NG *,G OW IH NG,907,932,25,-0.5407504439353943,-1.2333991527557373,-0.049335967749357224,-1.199413776397705,-13.997329711914062,-0.5598931908607483,0.00033907758188433945,2.860576868057251,0.11442307382822037,1.1980156898498535,48.56189727783203,1.9424759149551392,0.7947334051132202,24.51976776123047,0.9807907342910767,0.5215520858764648,17.270565032958984,0.6908226013183594,0.0003068918304052204,0.27694737911224365,0.01107789482921362,0.7679272890090942,22.182104110717773,0.8872841596603394,0.0057642171159386635,3.198584794998169,0.12794339656829834,0.44889378547668457,16.13579750061035,0.6454318761825562,0.10171140730381012,6.453914165496826,0.25815656781196594,0.0,0.0,4,4
aw_3-a-1_kv_kv-ssb-campus-gadania-palia-kalan-lakhimpur-kheri_06082025-000000-1_EN-OL-RC-248_2,to,to,c,18.63,19.2,0.57,0.57,to,T UW,* T UW * SIL *,T UW,931,960,29,-0.0416414812207222,-0.18000391125679016,-0.006207031197845936,-0.7689222097396851,-13.20734977722168,-0.45542585849761963,0.0003753937198780477,0.8989282846450806,0.03099752776324749,1.2667560577392578,53.33707809448242,1.8392095565795898,0.9831881523132324,28.927204132080078,0.9974898099899292,0.5843499302864075,20.650617599487305,0.712090253829956,0.0008873877814039588,0.35094723105430603,0.012101628817617893,0.8384580612182617,26.231693267822266,0.9045411348342896,0.027624137699604034,4.223133087158203,0.1456252783536911,0.5451427698135376,19.567567825317383,0.6747437119483948,0.15693236887454987,8.161308288574219,0.2814244329929352,0.0,0.0,2,2
aw_3-a-1_kv_kv-ssb-campus-gadania-palia-kalan-lakhimpur-kheri_06082025-000000-1_EN-OL-RC-248_2,rain,rain,c,19.35,20.19,0.84,0.84,rain,R EY N,R EY N * OW R *,R EY N OW R,967,1010,43,-0.6267477869987488,-3.670665979385376,-0.08536432683467865,-1.6131752729415894,-31.96938133239746,-0.743474006652832,0.0006798279355280101,7.869458198547363,0.18301065266132355,1.4438469409942627,97.49357604980469,2.2672924995422363,0.7645713090896606,41.5934944152832,0.9672905802726746,0.44936609268188477,27.08338165283203,0.6298460960388184,9.053442045114934e-05,0.21062085032463074,0.004898159299045801,0.680067241191864,36.543800354003906,0.8498558402061462,0.0008184316102415323,3.092886447906494,0.07192759215831757,0.3573099374771118,24.886821746826172,0.5787633061408997,0.06505627930164337,8.488181114196777,0.1973995566368103,6.939285235791148,2.0,3,5
aw_3-a-1_kv_kv-ssb-campus-gadania-palia-kalan-lakhimpur-kheri_06082025-000000-1_EN-OL-RC-248_2,or,<eps>,d,,,,,,AO R,,,,,,,,,,,,,,,,,,,,,,,,,,,,,,,,,,,,,,,,,,
aw_3-a-1_kv_kv-ssb-campus-gadania-palia-kalan-lakhimpur-kheri_06082025-000000-1_EN-OL-RC-248_2,if,if,c,20.22,20.46,0.24,0.24,if,IH F,* IH F *,IH F,1010,1023,13,-0.5747798085212708,-0.6352825164794922,-0.048867885023355484,-1.0114022493362427,-7.114777088165283,-0.547290563583374,0.0006375226657837629,1.0692838430404663,0.0822526067495346,1.3340333700180054,25.41645622253418,1.9551119804382324,0.7827205657958984,12.758213996887207,0.9814010858535767,0.5131561756134033,8.976454734802246,0.6904965043067932,0.0002662742917891592,0.12259548157453537,0.009430421516299248,0.7832275629043579,11.563824653625488,0.8895249962806702,0.00809788703918457,1.5858951807022095,0.12199193984270096,0.46763139963150024,8.414270401000977,0.647251546382904,0.11092903465032578,3.3260934352874756,0.2558533549308777,0.0,0.0,2,2
aw_3-a-1_kv_kv-ssb-campus-gadania-palia-kalan-lakhimpur-kheri_06082025-000000-1_EN-OL-RC-248_2,it's,it's,c,20.58,20.88,0.3,0.3,it's,IH T S,IH T S *,IH T S,1029,1044,15,-0.04939347505569458,-0.0795903429389,-0.005306022707372904,-0.9137220978736877,-6.7831292152404785,-0.45220860838890076,0.000593945907894522,0.4302043914794922,0.028680292889475822,1.2632383108139038,26.695301055908203,1.779686689376831,0.9800778031349182,14.96783447265625,0.9978556036949158,0.5418187379837036,10.806549072265625,0.7204366326332092,0.00043232401367276907,0.23130829632282257,0.015420553274452686,0.8061004877090454,13.573568344116211,0.9049045443534851,0.013460840098559856,2.4921815395355225,0.1661454290151596,0.4976692199707031,10.222037315368652,0.6814691424369812,0.1271572709083557,4.430140495300293,0.29534271359443665,0.0,0.0,3,3
aw_3-a-1_kv_kv-ssb-campus-gadania-palia-kalan-lakhimpur-kheri_06082025-000000-1_EN-OL-RC-248_2,going,going,c,20.91,21.42,0.51,0.51,going,G OW IH NG,* G OW IH NG *,G OW IH NG,1045,1071,26,-0.15001659095287323,-0.31969231367111206,-0.0122958580031991,-0.9961584210395813,-12.435667037963867,-0.47829487919807434,0.0003045604098588228,1.2514532804489136,0.048132818192243576,1.1721876859664917,48.178932189941406,1.853035807609558,0.9402459263801575,25.87175750732422,0.9950675964355469,0.546032190322876,18.381507873535156,0.7069810628890991,0.0004642470448743552,0.3360072672367096,0.012923356145620346,0.7968995571136475,23.397462844848633,0.8999024033546448,0.010972161777317524,3.853907585144043,0.14822721481323242,0.48527300357818604,17.389299392700195,0.6688191890716553,0.12023316323757172,7.280333042144775,0.2800128161907196,0.0,0.0,4,4
aw_3-a-1_kv_kv-ssb-campus-gadania-palia-kalan-lakhimpur-kheri_06082025-000000-1_EN-OL-RC-248_2,to,to,c,21.42,21.72,0.3,0.3,to,T UW,* T UW *,T UW,1071,1086,15,-0.46929025650024414,-0.9603311419487,-0.06402207911014557,-1.1166486740112305,-7.607148170471191,-0.5071431994438171,0.0003070534148719162,1.6105048656463623,0.10736699402332306,1.154097557067871,27.33953094482422,1.8226354122161865,0.8202946782112122,14.630460739135742,0.9753640294075012,0.5553925037384033,10.654766082763672,0.7103177309036255,0.0005438546068035066,0.24272802472114563,0.016181867569684982,0.8014475703239441,13.486376762390137,0.8990917801856995,0.012138806283473969,2.342703342437744,0.1561802178621292,0.4913453459739685,10.038171768188477,0.6692114472389221,0.12358389794826508,4.267144680023193,0.28447631001472473,0.0,0.0,2,2
aw_3-a-1_kv_kv-ssb-campus-gadania-palia-kalan-lakhimpur-kheri_06082025-000000-1_EN-OL-RC-248_2,be,be,c,21.72,21.96,0.24,0.24,be,B IY,* B IY *,B IY,1086,1098,12,-0.13497234880924225,-0.2379494607448578,-0.019829122349619865,-1.050592303276062,-6.7472639083862305,-0.5622720122337341,0.001378469169139862,0.9444897770881653,0.07870747894048691,1.3734097480773926,23.968318939208984,1.9973598718643188,0.9461377263069153,11.904519081115723,0.9920432567596436,0.5288382768630981,8.197842597961426,0.6831535696983337,0.00034712874912656844,0.10871317237615585,0.009059431031346321,0.7814958095550537,10.612652778625488,0.884387731552124,0.007792245596647263,1.385111927986145,0.11542599648237228,0.46545934677124023,7.658927917480469,0.6382439732551575,0.10982634127140045,2.977940559387207,0.24816171824932098,0.0,0.0,2,2
aw_3-a-1_kv_kv-ssb-campus-gadania-palia-kalan-lakhimpur-kheri_06082025-000000-1_EN-OL-RC-248_2,sunny,sunny,c,21.96,22.44,0.48,0.48,sunny,S AH N IY,* S AH N IY * SIL *,S AH N IY,1098,1122,24,-0.1464562565088272,-0.42410916090011597,-0.017671214416623116,-0.9171149134635925,-12.347426414489746,-0.5144761204719543,0.0002719908079598099,1.5437276363372803,0.06432198733091354,1.1297664642333984,45.13048553466797,1.880436897277832,0.9416382908821106,23.83016014099121,0.9929233193397522,0.5620207786560059,16.827173233032227,0.7011322379112244,0.0006083509069867432,0.36155349016189575,0.015064728446304798,0.8210483193397522,21.45584487915039,0.8939935564994812,0.018763035535812378,3.5627191066741943,0.14844663441181183,0.5187991857528687,15.831056594848633,0.659627377986908,0.13974414765834808,6.616004943847656,0.27566686272621155,0.0,0.0,4,4
aw_3-a-1_kv_kv-ssb-campus-gadania-palia-kalan-lakhimpur-kheri_06082025-000000-1_EN-OL-RC-248_2,some,some,c,22.65,23.04,0.39,0.39,some,S AH M,S AH M *,S AH M,1132,1152,20,-0.23362988233566284,-0.3613157272338867,-0.018065785989165306,-0.8760653138160706,-8.06820297241211,-0.4034101366996765,0.0001547355786897242,1.0345431566238403,0.05172715708613396,0.9374149441719055,32.04633712768555,1.6023168563842773,0.9079012274742126,19.85660743713379,0.9928303956985474,0.5818183422088623,14.884566307067871,0.7442283034324646,0.000850206590257585,0.5552388429641724,0.02776194177567959,0.8376084566116333,18.309043884277344,0.9154521822929382,0.027107613161206245,4.408429145812988,0.2204214632511139,0.5438098907470703,14.18764877319336,0.7093824148178101,0.15602046251296997,6.758148193359375,0.3379074037075043,0.0,0.0,3,3
aw_3-a-1_kv_kv-ssb-campus-gadania-palia-kalan-lakhimpur-kheri_06082025-000000-1_EN-OL-RC-248_2,of,of,c,23.04,23.25,0.21,0.21,of,AO F,AO F *,AO F,1152,1163,11,-0.11058001220226288,-0.13848191499710083,-0.012589264661073685,-0.8428391218185425,-5.159113883972168,-0.4690103530883789,0.0001389853860018775,0.5308724641799927,0.0482611320912838,1.0124715566635132,19.62281036376953,1.7838917970657349,0.9557376503944397,10.944425582885742,0.9949477910995483,0.5571295619010925,7.879559516906738,0.7163236141204834,0.0005600641597993672,0.21397463977336884,0.01945224031805992,0.8210175633430481,9.925212860107422,0.9022920727729797,0.01875021867454052,1.8991423845291138,0.1726493090391159,0.5187543630599976,7.458971977233887,0.678088366985321,0.13971635699272156,3.2741527557373047,0.2976502478122711,0.0,0.0,2,2
aw_3-a-1_kv_kv-ssb-campus-gadania-palia-kalan-lakhimpur-kheri_06082025-000000-1_EN-OL-RC-248_2,them,them,c,23.25,23.79,0.54,0.54,them,DH EH M,* DH EH M * SIL *,DH EH M,1162,1190,28,-0.07389305531978607,-0.19346971809864044,-0.0069096325896680355,-0.9113313555717468,-12.212665557861328,-0.4361666142940521,0.00016678147949278355,0.9809675812721252,0.035034555941820145,1.0582691431045532,48.39741134643555,1.728479027748108,0.970287024974823,27.921852111816406,0.9972090125083923,0.558535099029541,20.328277587890625,0.7260099053382874,0.0005735335871577263,0.5841140747070312,0.020861217752099037,0.8132110834121704,25.427032470703125,0.9081082940101624,0.015764549374580383,5.172224521636963,0.18472230434417725,0.5075609683990479,19.311622619628906,0.6897007822990417,0.13292299211025238,8.667962074279785,0.3095700740814209,0.0,0.0,3,3
aw_3-a-1_kv_kv-ssb-campus-gadania-palia-kalan-lakhimpur-kheri_06082025-000000-1_EN-OL-RC-248_2,send,say,s,24.0,24.27,0.27,0.27,say,S EH N D,S EH D *,S EH D,1200,1214,14,-0.6434441208839417,-1.8761042356491089,-0.13400743901729584,-1.5456652641296387,-10.19539737701416,-0.7282426953315735,0.0017943985294550657,3.513735771179199,0.2509811222553253,1.6403474807739258,30.106096267700195,2.150435447692871,0.7587902545928955,13.28616714477539,0.9490119218826294,0.46725326776504517,9.143193244934082,0.6530852317810059,0.00012251951557118446,0.08043552935123444,0.005745395086705685,0.7046341896057129,12.001641273498535,0.8572601079940796,0.0014126297319307923,1.202717900276184,0.0859084203839302,0.3805885910987854,8.336221694946289,0.59544438123703,0.07319222390651703,2.9857141971588135,0.2132652997970581,4.49064399854956,1.0,4,3
aw_3-a-1_kv_kv-ssb-campus-gadania-palia-kalan-lakhimpur-kheri_06082025-000000-1_EN-OL-RC-248_2,telephone,telephone,c,24.3,25.26,0.96,0.96,telephone,T EH L EH F OW N,* T EH L IH F OW N * B IH,T EH L IH F OW N B IH,1215,1263,48,-0.9168170690536499,-2.6348421573638916,-0.05489254370331764,-1.7404224872589111,-30.581851959228516,-0.6371219158172607,0.0003842187288682908,7.161046981811523,0.14918847382068634,1.2264913320541382,97.23571014404297,2.0257439613342285,0.6674873232841492,46.98896026611328,0.9789366722106934,0.3902725577354431,32.02016830444336,0.6670868396759033,3.3308242564089596e-05,0.552300214767456,0.01150625478476286,0.6415170431137085,41.59767150878906,0.8666181564331055,0.0003475464473012835,6.144137859344482,0.12800286710262299,0.3236551880836487,29.820518493652344,0.6212608218193054,0.05450468510389328,11.89795970916748,0.2478741556406021,13.692506497084375,3.0,7,9
aw_3-a-1_kv_kv-ssb-campus-gadania-palia-kalan-lakhimpur-kheri_06082025-000000-1_EN-OL-RC-248_2,calls,calls,c,25.74,26.25,0.51,0.51,calls,K AO L S,K AO Z * SIL *,K AO Z,1287,1313,26,-0.21388491988182068,-0.8693938255310059,-0.03343822434544563,-1.4639301300048828,-18.38033676147461,-0.7069360017776489,0.0021176659502089024,3.3378872871398926,0.12838028371334076,1.676919937133789,58.820640563964844,2.2623324394226074,0.915478527545929,25.653650283813477,0.9866788387298584,0.4165809750556946,16.416112899780273,0.6313889622688293,5.199138104217127e-05,0.11326941847801208,0.004356516059488058,0.6852450966835022,22.161813735961914,0.8523774743080139,0.000918213278055191,1.8685271739959717,0.07186643034219742,0.36208850145339966,15.175981521606445,0.5836915969848633,0.06666778773069382,5.203173637390137,0.20012205839157104,7.634739805163388,2.0,4,3
aw_3-a-1_kv_kv-ssb-campus-gadania-palia-kalan-lakhimpur-kheri_06082025-000000-1_EN-OL-RC-248_2,round,round,c,26.79,27.24,0.45,0.45,round,R AW N D,R AW N D *,R AW N D,1339,1362,23,-0.334728866815567,-0.9978715777397156,-0.04338572174310684,-0.9610130786895752,-12.895427703857422,-0.560670793056488,0.00037187602720223367,2.590784788131714,0.1126428171992302,1.3039977550506592,44.72245788574219,1.9444546699523926,0.8696847558021545,22.607555389404297,0.982937216758728,0.5402766466140747,15.851292610168457,0.6891866326332092,0.00042119715362787247,0.25583797693252563,0.011123389936983585,0.8023208975791931,20.39657211303711,0.8868075013160706,0.012376640923321247,2.976172924041748,0.12939882278442383,0.49252355098724365,14.824542999267578,0.6445453763008118,0.12424313277006149,5.940301895141602,0.25827398896217346,0.0,0.0,4,4
aw_3-a-1_kv_kv-ssb-campus-gadania-palia-kalan-lakhimpur-kheri_06082025-000000-1_EN-OL-RC-248_2,the,the,c,27.24,27.42,0.18,0.18,the,DH AH,DH AH *,DH AH,1362,1371,9,-0.39273884892463684,-0.7636904716491699,-0.08485449850559235,-0.9963493943214417,-6.38103723526001,-0.7090041637420654,0.0029062589164823294,1.876604437828064,0.2085116058588028,1.5322675704956055,19.298227310180664,2.144247531890869,0.8481886386871338,8.700271606445312,0.9666968584060669,0.541451096534729,5.9259443283081055,0.6584382653236389,0.00042964471504092216,0.054211124777793884,0.006023458205163479,0.7942212820053101,7.774232387542725,0.8638036251068115,0.010338319465517998,0.6937295198440552,0.07708105444908142,0.48174595832824707,5.376121997833252,0.5973469018936157,0.11832245439291,1.8745813369750977,0.2082868218421936,0.0,0.0,2,2
aw_3-a-1_kv_kv-ssb-campus-gadania-palia-kalan-lakhimpur-kheri_06082025-000000-1_EN-OL-RC-248_2,earth,earth,c,27.45,27.84,0.39,0.39,earth,AH R TH,AH R TH *,AH R TH,1372,1392,20,-0.03454144671559334,-0.07174628227949142,-0.0035873141605407,-1.0791712999343872,-9.332048416137695,-0.4666024148464203,0.00023036665515974164,0.46679186820983887,0.023339593783020973,1.1247057914733887,36.78181838989258,1.8390909433364868,0.9860422611236572,19.9709529876709,0.9985476732254028,0.5083774328231812,14.231222152709961,0.7115610837936401,0.00024560390738770366,0.2857924699783325,0.014289623126387596,0.7704032063484192,18.035877227783203,0.9017938375473022,0.006090186536312103,3.053179979324341,0.15265899896621704,0.4518584609031677,13.458747863769531,0.6729373931884766,0.10312613099813461,5.688657283782959,0.28443285822868347,0.0,0.0,3,3
aw_3-a-1_kv_kv-ssb-campus-gadania-palia-kalan-lakhimpur-kheri_06082025-000000-1_EN-OL-RC-248_2,some,some,c,28.5,28.92,0.42,0.42,some,S AH M,S AH M * SIL *,S AH M,1425,1446,21,-0.12639042735099792,-0.2752693295478821,-0.013108063489198685,-0.9677106142044067,-11.073783874511719,-0.5273230671882629,0.00048715510638430715,1.1703170537948608,0.05572938174009323,1.1762394905090332,40.69791793823242,1.9379961490631104,0.949508547782898,20.889307022094727,0.9947289228439331,0.529729962348938,14.491654396057129,0.6900787949562073,0.00035240213037468493,0.2811470627784729,0.013387955725193024,0.7947207689285278,18.68161964416504,0.889600932598114,0.010453691706061363,2.931020736694336,0.139572411775589,0.4824010729789734,13.674537658691406,0.6511684656143188,0.11867541074752808,5.604962348937988,0.26690298318862915,0.0,0.0,3,3
aw_3-a-1_kv_kv-ssb-campus-gadania-palia-kalan-lakhimpur-kheri_06082025-000000-1_EN-OL-RC-248_2,carry,carry,c,28.92,29.46,0.54,0.54,carry,K AE R IY,K AE R IY *,K AE R IY,1446,1473,27,-0.23191846907138824,-0.3537099063396454,-0.013100367039442062,-1.0585672855377197,-13.653426170349121,-0.5056824684143066,0.00048534933011978865,1.2790437936782837,0.047371990978717804,1.2630054950714111,51.5140380859375,1.907927393913269,0.9085565805435181,26.859283447265625,0.9947882890701294,0.5453755855560303,18.830894470214844,0.6974405646324158,0.0004591213073581457,0.30057549476623535,0.011132425628602505,0.7828037738800049,24.12735939025879,0.8936058878898621,0.008022005669772625,3.7591915130615234,0.13922931253910065,0.4670986533164978,17.76984405517578,0.6581423878669739,0.1106577217578888,7.291858673095703,0.27006885409355164,0.0,0.0,4,4
aw_3-a-1_kv_kv-ssb-campus-gadania-palia-kalan-lakhimpur-kheri_06082025-000000-1_EN-OL-RC-248_2,television,television,c,29.46,30.03,0.57,0.57,television,T EH L AH V IH ZH AH N,* T EH L IH V IH ZH AH N *,T EH L IH V IH ZH AH N,1473,1502,29,-0.6551839113235474,-1.7607080936431885,-0.06071407347917557,-1.7462979555130005,-17.24818229675293,-0.5947648882865906,0.00026186779723502696,4.27845573425293,0.14753295481204987,1.123590111732483,55.687400817871094,1.920255184173584,0.7547398209571838,28.31957244873047,0.9765369892120361,0.3638368248939514,19.90458106994629,0.6863648891448975,2.128706910298206e-05,0.44915664196014404,0.015488159842789173,0.625679612159729,25.459712982177734,0.8779211640357971,0.0002444546844344586,4.315182209014893,0.14879938960075378,0.3107193112373352,18.580106735229492,0.6406933069229126,0.05079720914363861,7.762241363525391,0.26766350865364075,2.859776462741706,1.0,9,9
aw_3-a-1_kv_kv-ssb-campus-gadania-palia-kalan-lakhimpur-kheri_06082025-000000-1_EN-OL-RC-248_2,pictures,picture,s,30.03,30.63,0.6,0.6,picture,P IH K CH AH R S,* P IH K CH AH R *,P IH K CH AH R,1501,1532,31,-0.5709367394447327,-1.8361746072769165,-0.059231437742710114,-1.4255446195602417,-18.81572151184082,-0.6069587469100952,0.0004453562432900071,4.711343288421631,0.15197882056236267,1.1850461959838867,61.30185317993164,1.977479100227356,0.7840721607208252,30.28199005126953,0.9768384099006653,0.48968154191970825,21.095380783081055,0.6804961562156677,0.00017903301340993494,0.37266844511032104,0.0120215630158782,0.734904408454895,27.20427703857422,0.8775573372840881,0.002767602214589715,3.984781265258789,0.12854133546352386,0.4115917682647705,19.611661911010742,0.6326342821121216,0.08521750569343567,7.829245090484619,0.25255629420280457,3.7420005426462573,1.0,7,6
aw_3-a-1_kv_kv-ssb-campus-gadania-palia-kalan-lakhimpur-kheri_06082025-000000-1_EN-OL-RC-248_2,these,these,c,30.63,31.17,0.54,0.54,these,DH IY Z,* DH IY Z * SIL *,DH IY Z,1531,1559,28,-0.38958266377449036,-0.8863539695739746,-0.03165549784898758,-1.2187459468841553,-13.986686706542969,-0.4995245337486267,0.0005417185602709651,2.50459885597229,0.08944995701313019,1.2509949207305908,51.0309944152832,1.822535514831543,0.8493501543998718,27.650718688964844,0.9875256419181824,0.48217087984085083,19.9024658203125,0.7108023762702942,0.00015767832519486547,0.3853790760040283,0.01376353856176138,0.7431738376617432,25.127182006835938,0.897399365901947,0.003325797850266099,4.302305221557617,0.15365375578403473,0.42056459188461304,18.709186553955078,0.6681852340698242,0.08897257596254349,7.916815757751465,0.2827434241771698,0.0,0.0,3,3
aw_3-a-1_kv_kv-ssb-campus-gadania-palia-kalan-lakhimpur-kheri_06082025-000000-1_EN-OL-RC-248_2,satellites,satellites,c,31.41,32.25,0.84,0.84,satellites,S AE T AH L AY T S,S AE T AH L AY T S * SIL *,S AE T AH L AY T S,1570,1613,43,-0.4172323942184448,-1.5833543539047241,-0.03682219609618187,-1.5265389680862427,-28.49227523803711,-0.6626110672950745,0.001189190661534667,5.561459064483643,0.12933625280857086,1.5642184019088745,93.3148422241211,2.1701126098632812,0.8392055630683899,42.373817443847656,0.9854376316070557,0.4110594391822815,27.944686889648438,0.6498764157295227,4.7353558329632506e-05,0.24242611229419708,0.005637816619127989,0.6550297737121582,37.08969497680664,0.8625510334968567,0.0004692423972301185,3.7024083137512207,0.08610251545906067,0.3350854516029358,25.8757381439209,0.6017613410949707,0.05793697386980057,9.291302680969238,0.2160768061876297,0.0,0.0,8,8
aw_3-a-1_kv_kv-ssb-campus-gadania-palia-kalan-lakhimpur-kheri_06082025-000000-1_EN-OL-RC-248_2,are,are,c,32.79,33.18,0.39,0.39,are,AA R,AA R *,AA R,1639,1659,20,-0.09858168661594391,-0.3219960927963257,-0.016099805012345314,-1.1069176197052002,-9.680683135986328,-0.48403415083885193,0.0004154408525209874,1.2629014253616333,0.06314507126808167,1.2002391815185547,36.50666809082031,1.8253333568572998,0.9604814052581787,19.870622634887695,0.9935311079025269,0.5115056037902832,14.248376846313477,0.7124188542366028,0.0002589454816188663,0.2693183422088623,0.013465916737914085,0.7663247585296631,17.995418548583984,0.8997709155082703,0.005562595557421446,3.051762819290161,0.1525881439447403,0.4469883441925049,13.410527229309082,0.670526385307312,0.10081055760383606,5.66243314743042,0.28312164545059204,0.0,0.0,2,2
aw_3-a-1_kv_kv-ssb-campus-gadania-palia-kalan-lakhimpur-kheri_06082025-000000-1_EN-OL-RC-248_2,our,our,c,33.18,33.48,0.3,0.3,our,AA R,AW W AH R *,AW W AH R,1659,1674,15,-0.6906468868255615,-2.4808852672576904,-0.16539235413074493,-1.759390950202942,-12.054463386535645,-0.8036308884620667,0.0006263593677431345,4.57973575592041,0.30531570315361023,1.471580147743225,33.74666976928711,2.2497780323028564,0.7425761222839355,14.056133270263672,0.9370755553245544,0.4175058603286743,9.448883056640625,0.629925549030304,5.281139601720497e-05,0.06744342297315598,0.004496228415518999,0.6390978693962097,12.656118392944336,0.843741238117218,0.00032935975468717515,1.012596607208252,0.06750643998384476,0.32164788246154785,8.57332706451416,0.5715551376342773,0.053917281329631805,2.88643741607666,0.19242915511131287,11.715016501791316,3.0,2,4
aw_3-a-1_kv_kv-ssb-campus-gadania-palia-kalan-lakhimpur-kheri_06082025-000000-1_EN-OL-RC-248_2,helpers,helpers,c,33.48,33.84,0.36,0.36,helpers,HH EH L P AH R Z,* HH AE B IH T S * IH,HH AE B IH T S IH,1673,1693,20,-0.6783849596977234,-1.6128073930740356,-0.08064036816358566,-1.4620788097381592,-15.326690673828125,-0.7663345336914062,0.0007088034180924296,4.375697612762451,0.2187848836183548,1.3137192726135254,44.668148040771484,2.233407497406006,0.7467697262763977,19.373985290527344,0.9686992764472961,0.4097628593444824,12.663432121276855,0.6331716179847717,4.6325869334395975e-05,0.12000859528779984,0.006000429857522249,0.6700067520141602,16.889423370361328,0.8444711565971375,0.0006544998614117503,1.574493646621704,0.0787246823310852,0.34820860624313354,11.518331527709961,0.575916588306427,0.06206739321351051,4.007678031921387,0.20038390159606934,26.16607995730774,6.0,7,7
aw_3-a-1_kv_kv-ssb-campus-gadania-palia-kalan-lakhimpur-kheri_06082025-000000-1_EN-OL-RC-248_2,in,in,c,33.84,33.93,0.09,0.09,in,IH N,IH N *,IH N,1692,1697,5,-0.6783849596977234,-1.892885446548462,-0.3785770833492279,-1.4620788097381592,-5.617325782775879,-1.1234651803970337,0.20567509531974792,3.1870839595794678,0.6374167799949646,1.9726603031158447,12.298401832580566,2.4596803188323975,0.7467697262763977,4.279765605926514,0.8559530973434448,0.4568818211555481,2.9194440841674805,0.583888828754425,0.00010280713468091562,0.012115390039980412,0.002423078054562211,0.7200912237167358,3.985863447189331,0.7971726655960083,0.001991462428122759,0.12511837482452393,0.025023674592375755,0.39607495069503784,2.4824376106262207,0.4964875280857086,0.07902058213949203,0.6753939390182495,0.1350787878036499,0.0,0.0,2,2
aw_3-a-1_kv_kv-ssb-campus-gadania-palia-kalan-lakhimpur-kheri_06082025-000000-1_EN-OL-RC-248_2,the,the,c,33.93,34.02,0.09,0.09,the,DH AH,* DH AH *,DH AH,1696,1702,6,-0.6047597527503967,-1.1142593622207642,-0.1857098937034607,-1.1035288572311401,-5.119532585144043,-0.8532554507255554,0.007317804731428623,2.016489028930664,0.33608150482177734,1.6492869853973389,13.506966590881348,2.2511610984802246,0.7722218036651611,5.5722527503967285,0.9287087917327881,0.5547950267791748,3.8372814655303955,0.6395469307899475,0.0005383884417824447,0.02659495361149311,0.004432492423802614,0.8033877611160278,5.0709919929504395,0.8451653122901917,0.012673521414399147,0.3077903687953949,0.05129839479923248,0.4939683675765991,3.3785300254821777,0.5630883574485779,0.12505558133125305,1.0693775415420532,0.17822958528995514,0.0,0.0,2,2
aw_3-a-1_kv_kv-ssb-campus-gadania-palia-kalan-lakhimpur-kheri_06082025-000000-1_EN-OL-RC-248_2,sky,sky,c,34.02,34.38,0.36,0.36,sky,S K AY,* S K AY * SIL,S K AY,1701,1719,18,-0.5826269388198853,-1.558765172958374,-0.08659806847572327,-1.0573124885559082,-12.093634605407715,-0.6718685626983643,0.0008269243407994509,3.0801758766174316,0.17112088203430176,1.3796789646148682,38.3978385925293,2.1332132816314697,0.7799649834632874,17.397979736328125,0.9665544033050537,0.5346089601516724,11.872684478759766,0.6595935821533203,0.0003827070177067071,0.11877476423978806,0.0065985978581011295,0.7952470779418945,15.654027938842773,0.8696682453155518,0.010576649568974972,1.5045807361602783,0.08358781784772873,0.48309266567230225,10.920499801635742,0.6066944599151611,0.11904897540807724,3.888683319091797,0.21603795886039734,0.0,0.0,3,3
kx_3-a-23_kv_kv-no2-jammu-cantt_22082024-000000-1_EN-OL-RC-244_2,when,when,c,0.75,1.35,0.6,0.6,when,W EH N,W EH N *,W EH N,37,68,31,-0.03216003254055977,-0.07772959768772125,-0.002507406286895275,-0.7505626678466797,-10.207901954650879,-0.32928717136383057,9.001595026347786e-05,0.41909295320510864,0.01351912785321474,0.89152592420578,45.795654296875,1.4772791862487793,0.9870008230209351,30.968542098999023,0.998985230922699,0.5898109674453735,23.685400009155273,0.7640451788902283,0.0009732224862091243,0.972255289554596,0.031363073736429214,0.8425013422966003,28.762653350830078,0.9278275370597839,0.030220525339245796,7.7591400146484375,0.25029483437538147,0.5515569448471069,22.801002502441406,0.7355161905288696,0.1613864004611969,11.357796669006348,0.3663805425167084,0.0,0.0,3,3
kx_3-a-23_kv_kv-no2-jammu-cantt_22082024-000000-1_EN-OL-RC-244_2,you,you,c,1.35,1.77,0.42,0.42,you,Y UW,* Y UW *,Y UW,67,89,22,-0.16829751431941986,-0.28635072708129883,-0.013015941716730595,-0.8458120822906494,-8.595499992370605,-0.39070454239845276,0.00018218334298580885,0.9870846271514893,0.04486748203635216,1.0262339115142822,35.438385009765625,1.6108356714248657,0.9331163763999939,21.88543128967285,0.9947923421859741,0.6133682727813721,16.3887939453125,0.7449451684951782,0.0014493931084871292,0.5058735609054565,0.022994251921772957,0.8477232456207275,20.19992446899414,0.918178379535675,0.03393816947937012,4.529080867767334,0.20586730539798737,0.5600197315216064,15.621454238891602,0.7100660800933838,0.16743288934230804,7.2692036628723145,0.33041834831237793,0.0,0.0,2,2
kx_3-a-23_kv_kv-no2-jammu-cantt_22082024-000000-1_EN-OL-RC-244_2,eat,eat,c,1.77,2.07,0.3,0.3,eat,IY T,* IY T *,IY T,88,104,16,-0.65871262550354,-0.6739771962165833,-0.04212357476353645,-0.9457237124443054,-5.424018859863281,-0.3390011787414551,0.000149592335219495,0.7985645532608032,0.0499102845788002,0.9774430394172668,22.75558853149414,1.4222242832183838,0.7535246014595032,15.747335433959961,0.9842084646224976,0.6381800770759583,12.391648292541504,0.774478018283844,0.0022047972306609154,0.5457578897476196,0.03410986810922623,0.8693830966949463,14.887200355529785,0.9304500222206116,0.05491397902369499,4.1547393798828125,0.2596712112426758,0.5974979400634766,11.864553451538086,0.7415345907211304,0.1966959834098816,5.989832878112793,0.37436455488204956,0.0,0.0,2,2
kx_3-a-23_kv_kv-no2-jammu-cantt_22082024-000000-1_EN-OL-RC-244_2,a,a,c,2.07,2.13,0.06,0.06,a,AH,*,,103,107,4,-0.021376919001340866,-0.03272812440991402,-0.008182031102478504,-0.7518008351325989,-2.208200454711914,-0.5520501136779785,0.010166365653276443,0.1835004687309265,0.04587511718273163,1.5358551740646362,8.145606994628906,2.0364017486572266,0.9913477301597595,3.9867448806762695,0.9966862201690674,0.6095337271690369,2.7166504859924316,0.6791626214981079,0.0013584080152213573,0.028208386152982712,0.007052096538245678,0.8478163480758667,3.5474612712860107,0.8868653178215027,0.0340084433555603,0.39852026104927063,0.09963006526231766,0.560172438621521,2.5446529388427734,0.6361632347106934,0.16754385828971863,0.954742968082428,0.238685742020607,,,1,0
kx_3-a-23_kv_kv-no2-jammu-cantt_22082024-000000-1_EN-OL-RC-244_2,banana,banana,c,2.13,2.88,0.75,0.75,banana,B AH N AA N AA,* B AH N AA N AA * SIL *,B AH N AA N AA,106,144,38,-0.2751277983188629,-0.3631494641304016,-0.009556564502418041,-0.9796339869499207,-13.646758079528809,-0.3591252267360687,0.0001256263058166951,1.0894138813018799,0.028668785467743874,0.9022812247276306,57.45435333251953,1.5119566917419434,0.8920977115631104,37.85646438598633,0.996222734451294,0.5714770555496216,28.793182373046875,0.7577153444290161,0.0007138222572393715,1.2124404907226562,0.03190632909536362,0.8254717588424683,35.06499481201172,0.9227630496025085,0.020700668916106224,9.347467422485352,0.2459859848022461,0.525305986404419,27.617860794067383,0.7267858386039734,0.14382977783679962,13.677796363830566,0.3599420189857483,0.0,0.0,6,6
kx_3-a-23_kv_kv-no2-jammu-cantt_22082024-000000-1_EN-OL-RC-244_2,you,you,c,3.21,3.57,0.36,0.36,you,Y UW,Y UW *,Y UW,160,179,19,-0.6348608732223511,-0.6947142481803894,-0.03656390681862831,-1.0178464651107788,-7.143205165863037,-0.3759581744670868,0.00023906887508928776,0.9898977875709534,0.05209988355636597,1.1152018308639526,29.36503028869629,1.5455279350280762,0.7617591023445129,18.737571716308594,0.9861879944801331,0.5906976461410522,14.31912899017334,0.7536383867263794,0.000987923122011125,0.49033915996551514,0.025807324796915054,0.8419213891029358,17.51194190979004,0.9216811656951904,0.029833650216460228,4.319799423217773,0.2273578643798828,0.5506296753883362,13.697624206542969,0.7209275960922241,0.16073572635650635,6.588677406311035,0.3467724919319153,0.0,0.0,2,2
kx_3-a-23_kv_kv-no2-jammu-cantt_22082024-000000-1_EN-OL-RC-244_2,see,see,c,3.57,3.9,0.33,0.33,see,S IY,* S IY *,S IY,178,195,17,-0.6348608732223511,-0.7295870780944824,-0.04291688650846481,-1.0178464651107788,-7.610251426696777,-0.4476618468761444,0.00027351826429367065,1.157193899154663,0.06807023286819458,1.1590646505355835,29.425840377807617,1.7309317588806152,0.7617591023445129,16.72347068786621,0.983733594417572,0.6326569318771362,12.383467674255371,0.7284392714500427,0.00200823531486094,0.2706240117549896,0.01591905951499939,0.8512391448020935,15.467704772949219,0.9098649621009827,0.03669551759958267,2.8715829849243164,0.16891664266586304,0.5658355951309204,11.706521034240723,0.6886188983917236,0.17170335352420807,5.104946613311768,0.3002909719944,0.0,0.0,2,2
kx_3-a-23_kv_kv-no2-jammu-cantt_22082024-000000-1_EN-OL-RC-244_2,small,small,c,3.9,4.41,0.51,0.51,small,S M AO L,* S M AO L *,S M AO L,195,221,26,-0.04490518942475319,-0.09680959582328796,-0.0037234460469335318,-0.7623206377029419,-9.863702774047852,-0.3793731927871704,0.0001373459817841649,0.5116628408432007,0.019679339602589607,1.0126092433929443,41.58525848388672,1.5994330644607544,0.9818779826164246,25.960845947265625,0.9984940886497498,0.5794157981872559,19.365663528442383,0.74483323097229,0.0008163623278960586,0.6789070963859558,0.02611181139945984,0.838793933391571,23.871585845947266,0.9181379079818726,0.027831055223941803,5.7436370849609375,0.22090911865234375,0.5456711053848267,18.555532455444336,0.7136743068695068,0.1572951376438141,8.842230796813965,0.34008580446243286,0.0,0.0,4,4
kx_3-a-23_kv_kv-no2-jammu-cantt_22082024-000000-1_EN-OL-RC-244_2,soft,soft,c,4.41,4.98,0.57,0.57,soft,S OW F T,* S AO F T *,S AO F T,220,250,30,-0.5708118081092834,-1.3071192502975464,-0.04357064142823219,-1.2390201091766357,-13.898505210876465,-0.463283509016037,0.00021912931697443128,2.8819684982299805,0.09606561809778214,1.069435954093933,51.014984130859375,1.700499415397644,0.7841160297393799,29.492612838745117,0.9830871224403381,0.5547592639923096,21.90782928466797,0.730260968208313,0.0005380621878430247,0.6067415475845337,0.020224718376994133,0.7866572141647339,27.200847625732422,0.9066949486732483,0.008739052340388298,5.570016860961914,0.1856672316789627,0.47197359800338745,20.6505126953125,0.6883504390716553,0.1131611317396164,9.275740623474121,0.30919134616851807,3.8369893832636097,1.0,4,4
kx_3-a-23_kv_kv-no2-jammu-cantt_22082024-000000-1_EN-OL-RC-244_2,black,back,s,4.98,5.55,0.57,0.57,back,B L AE K,B AE K * SIL *,B AE K,249,278,29,-0.2376338243484497,-0.5109212398529053,-0.017617974430322647,-0.9548210501670837,-14.74556827545166,-0.5084678530693054,0.00023291587422136217,1.8635129928588867,0.06425906717777252,1.1029026508331299,54.351558685302734,1.8741916418075562,0.9063693284988403,28.796772003173828,0.9929921627044678,0.5666989684104919,20.480310440063477,0.7062175869941711,0.0006584236980415881,0.39422690868377686,0.01359403133392334,0.805520236492157,25.992229461669922,0.896283745765686,0.01328841969370842,4.136263370513916,0.14262977242469788,0.4968743324279785,19.184770584106445,0.6615437865257263,0.12670332193374634,7.9329681396484375,0.2735506296157837,4.253033410680601,1.0,4,3
kx_3-a-23_kv_kv-no2-jammu-cantt_22082024-000000-1_EN-OL-RC-244_2,seeds,seeds,c,5.88,6.48,0.6,0.6,seeds,S IY D S,S IY T S *,S IY T S,294,324,30,-0.09125766158103943,-0.19275587797164917,-0.006425195839256048,-1.0716923475265503,-10.502166748046875,-0.3500722348690033,0.0002330755814909935,0.854102611541748,0.02847008779644966,1.1098248958587646,45.00322341918945,1.5001074075698853,0.9633839726448059,29.922393798828125,0.9974130988121033,0.525439977645874,22.837425231933594,0.7612475156784058,0.0003277446667198092,0.8113852143287659,0.027046173810958862,0.78026282787323,27.722429275512695,0.9240809679031372,0.007581680081784725,7.215177059173584,0.2405059039592743,0.46392107009887695,21.8653507232666,0.7288450002670288,0.10905090719461441,10.722576141357422,0.3574191927909851,3.8889424911573656,1.0,4,4
kx_3-a-23_kv_kv-no2-jammu-cantt_22082024-000000-1_EN-OL-RC-244_2,inside,inside,c,6.51,7.41,0.9,0.9,inside,IH N S AY D,* IH N S AY D *,IH N S AY D,325,371,46,-0.02490479312837124,-0.07119016349315643,-0.0015476122498512268,-0.6528790593147278,-14.66740608215332,-0.3188566565513611,0.00015854090452194214,0.4282264709472656,0.009309271350502968,0.9828206896781921,67.59833526611328,1.4695290327072144,0.9899241924285889,45.971153259277344,0.9993728995323181,0.6200656890869141,35.31689453125,0.7677585482597351,0.0016231635818257928,1.289489507675171,0.02803238108754158,0.8623115420341492,42.791019439697266,0.9302395582199097,0.046929918229579926,11.241938591003418,0.24438996613025665,0.584813117980957,33.95185470581055,0.7380837798118591,0.18631812930107117,16.750375747680664,0.3641386032104492,0.0,0.0,5,5
kx_3-a-23_kv_kv-no2-jammu-cantt_22082024-000000-1_EN-OL-RC-244_2,the,the,c,7.41,7.71,0.3,0.3,the,DH AH,* DH AH *,DH AH,370,386,16,-0.03779347613453865,-0.054439932107925415,-0.0034024957567453384,-0.769532322883606,-6.268375396728516,-0.3917734622955322,0.0001861884375102818,0.29310643672943115,0.018319152295589447,1.0380728244781494,26.38890266418457,1.6493064165115356,0.9847344756126404,15.977980613708496,0.998623788356781,0.5689822435379028,11.84398078918457,0.7402487993240356,0.0006843387964181602,0.3435172438621521,0.021469827741384506,0.8346758484840393,14.66395092010498,0.9164969325065613,0.025397706776857376,3.1867876052856445,0.19917422533035278,0.5392479300498962,11.301125526428223,0.7063203454017639,0.1529342383146286,5.198102951049805,0.3248814344406128,0.0,0.0,2,2
kx_3-a-23_kv_kv-no2-jammu-cantt_22082024-000000-1_EN-OL-RC-244_2,fruit,fruit,c,7.71,8.34,0.63,0.63,fruit,F R UW T,* F R UW T *,F R UW T,385,417,32,-0.25403618812561035,-0.5558942556381226,-0.01737169548869133,-0.9509075880050659,-13.418363571166992,-0.4193238615989685,0.0001312053791480139,1.8436979055404663,0.05761555954813957,0.9835455417633057,52.73628234863281,1.6480088233947754,0.900109589099884,31.778331756591797,0.9930728673934937,0.5601016283035278,23.55525779724121,0.7361018061637878,0.0005889271851629019,0.7638832926750183,0.023871352896094322,0.8144523501396179,29.18902015686035,0.912156879901886,0.016205353662371635,6.572972774505615,0.20540539920330048,0.5093168020248413,22.430419921875,0.7009506225585938,0.1339694857597351,10.425481796264648,0.32579630613327026,0.0,0.0,4,4
kx_3-a-23_kv_kv-no2-jammu-cantt_22082024-000000-1_EN-OL-RC-244_2,these,these,c,8.34,8.79,0.45,0.45,these,DH IY Z,* DH IH S * SIL *,DH IH S,417,440,23,-0.6247690320014954,-0.8519707322120667,-0.03704220429062843,-1.02964448928833,-9.404589653015137,-0.40889519453048706,0.0003315574722364545,1.5565141439437866,0.06767452508211136,1.0285910367965698,36.8463134765625,1.6020135879516602,0.7652580738067627,22.674375534057617,0.9858424067497253,0.5462439656257629,17.184280395507812,0.7471426129341125,0.00046591245336458087,0.5230175256729126,0.022739892825484276,0.800107479095459,21.08306884765625,0.9166551828384399,0.011782716028392315,4.7697978019714355,0.20738251507282257,0.4895450472831726,16.301774978637695,0.7087728381156921,0.12258236855268478,7.598357677459717,0.33036336302757263,4.902296719351703,2.0,3,3
kx_3-a-23_kv_kv-no2-jammu-cantt_22082024-000000-1_EN-OL-RC-244_2,seeds,seed,s,9.09,9.45,0.36,0.36,seed,S IY D S,S IY D *,S IY D,454,473,19,-0.3394834101200104,-0.4150764048099518,-0.02184612676501274,-1.2117048501968384,-8.71168041229248,-0.45850950479507446,0.000250008306466043,1.2375227212905884,0.06513277441263199,1.1280083656311035,32.674781799316406,1.7197253704071045,0.8679112195968628,18.837295532226562,0.9914366006851196,0.5455325841903687,13.763823509216309,0.7244117856025696,0.0004603424749802798,0.3858056962490082,0.020305562764406204,0.778626561164856,17.17770767211914,0.9040898680686951,0.007311012130230665,3.6159732341766357,0.190314382314682,0.4618900418281555,13.037714958190918,0.6861955523490906,0.10803408920764923,5.8997626304626465,0.31051382422447205,3.7420005426462573,1.0,4,3
kx_3-a-23_kv_kv-no2-jammu-cantt_22082024-000000-1_EN-OL-RC-244_2,are,are,c,9.45,9.78,0.33,0.33,are,AA R,* AA R *,AA R,472,489,17,-0.6811936497688293,-0.998297929763794,-0.05872340872883797,-1.0590696334838867,-7.448888778686523,-0.438169926404953,0.00018413465295452625,1.4735811948776245,0.08668124675750732,1.0140447616577148,28.108661651611328,1.6534507274627686,0.7458080053329468,16.621131896972656,0.9777136445045471,0.582384467124939,12.550619125366211,0.7382717132568359,0.0008583830785937607,0.3892962336540222,0.022899778559803963,0.8351191282272339,15.51338005065918,0.912551760673523,0.025649085640907288,3.3559670448303223,0.19740982353687286,0.5399336814880371,11.890344619750977,0.6994320154190063,0.15339471399784088,5.455260753631592,0.3208976984024048,0.0,0.0,2,2
kx_3-a-23_kv_kv-no2-jammu-cantt_22082024-000000-1_EN-OL-RC-244_2,of,of,c,10.38,10.92,0.54,0.54,of,AO F,AO F *,AO F,519,546,27,-0.038725510239601135,-0.0585826151072979,-0.0021697264164686203,-0.7379336357116699,-7.937604904174805,-0.29398536682128906,0.00010903221846092492,0.2996234893798828,0.011097166687250137,0.9431031942367554,37.064453125,1.3727575540542603,0.9843598008155823,26.976308822631836,0.9991225600242615,0.5844071507453918,21.063268661499023,0.7801210880279541,0.0008882463444024324,0.9786052107810974,0.03624463826417923,0.8436071872711182,25.238649368286133,0.9347648024559021,0.03097221814095974,7.5119428634643555,0.27822011709213257,0.5533319711685181,20.328571319580078,0.7529100775718689,0.16263847053050995,10.519404411315918,0.38960757851600647,0.0,0.0,2,2
kx_3-a-23_kv_kv-no2-jammu-cantt_22082024-000000-1_EN-OL-RC-244_2,no,no,c,10.92,11.46,0.54,0.54,no,N OW,* N OW * SIL *,N OW,546,573,27,-0.09738902002573013,-0.2602449953556061,-0.009638703428208828,-0.7585590481758118,-10.112502098083496,-0.3745371103286743,0.00011423215619288385,1.0389610528945923,0.038480039685964584,0.9235314726829529,42.73217010498047,1.5826729536056519,0.9609537124633789,26.89530372619629,0.9961223602294922,0.6218525171279907,20.276578903198242,0.7509844303131104,0.001672948943451047,0.6197977066040039,0.02295546978712082,0.8651295304298401,24.873767852783203,0.9212506413459778,0.04996206983923912,5.6786932945251465,0.21032197773456573,0.5898127555847168,19.32981300354004,0.715919017791748,0.19034838676452637,9.05876636505127,0.33550986647605896,0.0,0.0,2,2
kx_3-a-23_kv_kv-no2-jammu-cantt_22082024-000000-1_EN-OL-RC-244_2,use,use,c,11.76,12.48,0.72,0.72,use,Y UW Z,Y UW S * SIL *,Y UW S,588,624,36,-0.6660798788070679,-1.6994831562042236,-0.04720786586403847,-1.3389414548873901,-19.755342483520508,-0.5487595200538635,0.000445199926616624,3.421755790710449,0.09504877030849457,1.2329847812652588,69.89593505859375,1.9415537118911743,0.7509910464286804,35.34772491455078,0.9818812608718872,0.46682679653167725,24.80620765686035,0.6890613436698914,0.00012163903011241928,0.42113009095191956,0.011698057875037193,0.7252447605133057,31.956771850585938,0.8876881003379822,0.002233050065115094,4.813067436218262,0.1336963176727295,0.40139520168304443,23.324569702148438,0.6479046940803528,0.08110399544239044,9.447685241699219,0.2624357044696808,1.6986296296440053,1.0,3,3
kx_3-a-23_kv_kv-no2-jammu-cantt_22082024-000000-1_EN-OL-RC-244_2,at,at,c,12.54,12.99,0.45,0.45,at,AE T,AE T * SIL *,AE T,627,650,23,-0.607759952545166,-0.640237033367157,-0.0278363935649395,-0.9409602284431458,-8.4634370803833,-0.36797553300857544,0.00022388384968508035,0.9046424627304077,0.03933228179812431,1.0659741163253784,35.865604400634766,1.5593740940093994,0.7711753845214844,22.758012771606445,0.9894788265228271,0.6096863150596619,17.370771408081055,0.7552509307861328,0.0013619170058518648,0.5216476917266846,0.022680334746837616,0.8446176052093506,21.236892700195312,0.9233431816101074,0.031675390899181366,4.954233646392822,0.21540145576000214,0.5549618601799011,16.577285766601562,0.7207515835762024,0.16379566490650177,7.827327728271484,0.34031859040260315,0.0,0.0,2,2
kx_3-a-23_kv_kv-no2-jammu-cantt_22082024-000000-1_EN-OL-RC-244_2,all,all,c,13.05,13.65,0.6,0.6,all,AO L,AO L * SIL *,AO L,652,683,31,-0.3441827893257141,-0.40043017268180847,-0.012917102314531803,-0.9510523676872253,-10.622111320495605,-0.3426487445831299,0.00018983460904564708,0.935371994972229,0.03017329052090645,1.0186915397644043,46.47455596923828,1.4991792440414429,0.8661602735519409,30.8433837890625,0.9949478507041931,0.5940344333648682,23.62522315979004,0.7621039748191833,0.0010452601127326488,0.8658771514892578,0.027931520715355873,0.8407488465309143,28.720352172851562,0.9264629483222961,0.029066473245620728,7.40296745300293,0.2388053983449936,0.548762321472168,22.659194946289062,0.7309417724609375,0.15943235158920288,11.09343433380127,0.3578527271747589,0.0,0.0,2,2
kx_3-a-23_kv_kv-no2-jammu-cantt_22082024-000000-1_EN-OL-RC-244_2,to,to,c,13.86,14.22,0.36,0.36,to,T UW,T UW *,T UW,693,711,18,-0.04612628370523453,-0.0970803052186966,-0.005393350496888161,-0.7012389302253723,-6.288456916809082,-0.3493587076663971,0.00018200108024757355,0.42479515075683594,0.02359973080456257,1.0231168270111084,27.506893157958984,1.5281606912612915,0.9813879728317261,17.960811614990234,0.9978228807449341,0.6192982792854309,13.612085342407227,0.7562269568443298,0.0016022403724491596,0.5016146302223206,0.027867479249835014,0.8620520830154419,16.63710594177246,0.9242836833000183,0.0466601699590683,4.22949743270874,0.23497207462787628,0.5843563675880432,13.073673248291016,0.7263152003288269,0.185953751206398,6.366526126861572,0.35369589924812317,0.0,0.0,2,2
kx_3-a-23_kv_kv-no2-jammu-cantt_22082024-000000-1_EN-OL-RC-244_2,the,the,c,14.22,14.49,0.27,0.27,the,DH AH,* DH AH *,DH AH,711,725,14,-0.06906145811080933,-0.10947318375110626,-0.007819512858986855,-0.740609347820282,-5.867823600769043,-0.41913026571273804,0.0002583272580523044,0.47176578640937805,0.03369755670428276,1.0327799320220947,23.82863426208496,1.7020453214645386,0.9722132086753845,13.955860137939453,0.9968471527099609,0.5879368782043457,10.267959594726562,0.7334256768226624,0.0009428689372725785,0.25907087326049805,0.01850506290793419,0.8430615067481995,12.775382041931152,0.9125272631645203,0.03059898316860199,2.5333197116851807,0.18095140159130096,0.552454948425293,9.740204811096191,0.6957288980484009,0.1620187759399414,4.341996192932129,0.3101425766944885,0.0,0.0,2,2
kx_3-a-23_kv_kv-no2-jammu-cantt_22082024-000000-1_EN-OL-RC-244_2,banana,banana,c,14.49,15.39,0.9,0.9,banana,B AH N AA N AA,* B AH N AA N AA * SIL *,B AH N AA N AA,724,770,46,-0.5048773884773254,-1.008226990699768,-0.021917978301644325,-1.0850199460983276,-17.913619995117188,-0.3894265294075012,0.0001355616404907778,2.4827771186828613,0.05397341400384903,0.9400205612182617,71.6330337524414,1.5572398900985718,0.8075081706047058,45.60609817504883,0.9914368987083435,0.5746808052062988,34.55438995361328,0.7511823773384094,0.0007535555050708354,1.3091700077056885,0.028460217639803886,0.8205145001411438,42.26325988769531,0.9187664985656738,0.01854180358350277,10.52529239654541,0.22881069779396057,0.5180220007896423,32.958824157714844,0.7164961695671082,0.13926294445991516,15.905069351196289,0.34576237201690674,0.0,0.0,6,6
kx_3-a-23_kv_kv-no2-jammu-cantt_22082024-000000-1_EN-OL-RC-244_2,plant,plant,c,15.63,16.23,0.6,0.6,plant,P L AA N T,P L AA N T *,P L AA N T,781,812,31,-0.2555067539215088,-0.3573586344718933,-0.011527697555720806,-0.7759454846382141,-11.76425838470459,-0.3794921934604645,0.00012339460954535753,1.0735118389129639,0.03462941572070122,0.9761847853660583,48.663185119628906,1.5697801113128662,0.8995494246482849,30.85839080810547,0.9954319596290588,0.6026082038879395,23.288869857788086,0.7512538433074951,0.0012083114124834538,0.8735848665237427,0.028180157765746117,0.8486490845680237,28.519485473632812,0.9199833869934082,0.03464347496628761,6.982021331787109,0.225226491689682,0.561541736125946,22.2319393157959,0.7171593308448792,0.1685413420200348,10.67434310913086,0.3443336486816406,0.0,0.0,5,5
kx_3-a-23_kv_kv-no2-jammu-cantt_22082024-000000-1_EN-OL-RC-244_2,new,new,c,16.23,16.65,0.42,0.42,new,N Y UW,* N Y UW * SIL,N Y UW,811,833,22,-0.6894217133522034,-1.5047091245651245,-0.06839586794376373,-1.0935490131378174,-12.051399230957031,-0.5477908849716187,0.00022660466493107378,2.9233739376068115,0.13288062810897827,1.0576361417770386,41.58562469482422,1.8902556896209717,0.7429946660995483,21.419490814208984,0.9736132025718689,0.5582265853881836,15.364194869995117,0.698372483253479,0.0005705495132133365,0.30134594440460205,0.013697543181478977,0.8283724188804626,19.62803840637207,0.8921835422515869,0.02207866497337818,3.050541400909424,0.1386609673500061,0.5296398401260376,14.38990306854248,0.6540865302085876,0.14660803973674774,5.893259525299072,0.26787543296813965,0.0,0.0,3,3
kx_3-a-23_kv_kv-no2-jammu-cantt_22082024-000000-1_EN-OL-RC-244_2,plants,plant,s,16.65,17.31,0.66,0.66,plant,P L AA N T S,SIL * P L AA N T * SIL *,P L AA N T,832,866,34,-0.6894217133522034,-1.0266194343566895,-0.030194688588380814,-1.0935490131378174,-13.313013076782227,-0.3915592133998871,0.00011834839824587107,1.9623053073883057,0.05771486088633537,0.9759377241134644,52.97111892700195,1.557974100112915,0.7429946660995483,33.60786056518555,0.9884665012359619,0.5740405321121216,25.609134674072266,0.7532098293304443,0.0007454412989318371,0.9589633345603943,0.02820480428636074,0.8296322822570801,31.272756576538086,0.9197869300842285,0.02270539663732052,7.603455066680908,0.22363102436065674,0.5315390825271606,24.36559295654297,0.7166351079940796,0.14784015715122223,11.673389434814453,0.34333497285842896,3.7420005426462573,1.0,6,5
kx_3-a-23_kv_kv-no2-jammu-cantt_22082024-000000-1_EN-OL-RC-244_2,do,do,c,17.76,18.12,0.36,0.36,do,D UW,D UW *,D UW,888,906,18,-0.17819279432296753,-0.3158963918685913,-0.017549799755215645,-0.8008368015289307,-6.5609917640686035,-0.3644995391368866,0.00038561742985621095,0.8777948617935181,0.04876638203859329,1.038517951965332,27.81838035583496,1.5454655885696411,0.9292707443237305,17.8742618560791,0.9930145740509033,0.6123591065406799,13.582765579223633,0.754598081111908,0.0014248728984966874,0.4450870156288147,0.024727055802941322,0.8558763265609741,16.61138153076172,0.9228545427322388,0.0406777486205101,4.028680324554443,0.22381557524204254,0.5736579895019531,12.993194580078125,0.7218441367149353,0.17759911715984344,6.2158355712890625,0.34532418847084045,0.0,0.0,2,2
kx_3-a-23_kv_kv-no2-jammu-cantt_22082024-000000-1_EN-OL-RC-244_2,not,not,c,18.12,18.63,0.51,0.51,not,N AO T,* N AO T *,N AO T,906,932,26,-0.1298387050628662,-0.18606439232826233,-0.007156322710216045,-0.7088860869407654,-8.199075698852539,-0.3153490722179413,0.00012317013170104474,0.6669397354125977,0.02565152756869793,0.9080561995506287,36.40177917480469,1.4000684022903442,0.9481533765792847,25.92540740966797,0.9971310496330261,0.6002673506736755,20.164642333984375,0.7755631804466248,0.0011614233953878284,0.9807394742965698,0.03772074729204178,0.8505289554595947,24.223247528076172,0.9316633939743042,0.036121025681495667,7.100320816040039,0.2730892598628998,0.5646529197692871,19.407541275024414,0.7464438676834106,0.1708272099494934,9.987890243530273,0.38414961099624634,0.0,0.0,3,3
kx_3-a-23_kv_kv-no2-jammu-cantt_22082024-000000-1_EN-OL-RC-244_2,grow,grow,c,18.63,19.11,0.48,0.48,grow,G R OW,* G R OW *,G R OW,931,956,25,-0.01770351268351078,-0.06136467307806015,-0.002454587025567889,-0.6932189464569092,-9.179398536682129,-0.3671759366989136,0.00020155098172836006,0.35752227902412415,0.014300891198217869,1.0899041891098022,39.9237060546875,1.596948266029358,0.9928312301635742,24.975139617919922,0.9990055561065674,0.6057139039039612,18.686389923095703,0.7474555969238281,0.0012734525371342897,0.5937626361846924,0.023750506341457367,0.8537757992744446,23.017797470092773,0.920711874961853,0.03882300481200218,5.364535808563232,0.2145814299583435,0.5700929164886475,17.903541564941406,0.7161416411399841,0.1748901754617691,8.4454927444458,0.3378196954727173,0.0,0.0,3,3
kx_3-a-23_kv_kv-no2-jammu-cantt_22082024-000000-1_EN-OL-RC-244_2,from,from,c,19.11,19.77,0.66,0.66,from,F R AO M,* F R AO M * SIL *,F R AO M,955,989,34,-0.17719648778438568,-0.3868066668510437,-0.011376666836440563,-0.8006489872932434,-12.8392915725708,-0.3776262104511261,0.00012887499178759754,1.3477320671081543,0.0396391786634922,0.9804952144622803,53.084407806396484,1.561306118965149,0.9296575784683228,33.84523391723633,0.9954480528831482,0.5966668725013733,25.5734806060791,0.7521612048149109,0.001092831720598042,0.9633793830871582,0.028334688395261765,0.8488742709159851,31.29731559753418,0.9205092787742615,0.034817248582839966,7.668244361877441,0.22553659975528717,0.561913013458252,24.41482162475586,0.7180829644203186,0.16881266236305237,11.729819297790527,0.3449946939945221,0.0,0.0,4,4
kx_3-a-23_kv_kv-no2-jammu-cantt_22082024-000000-1_EN-OL-RC-244_2,the,the,c,20.01,20.22,0.21,0.21,the,DH AH,DH AH,DH AH,1000,1011,11,-0.008986498229205608,-0.015800757333636284,-0.0014364324742928147,-0.8243013024330139,-3.9581549167633057,-0.3598322570323944,0.00023371377028524876,0.11785022914409637,0.01071365736424923,1.1098909378051758,17.081073760986328,1.552824854850769,0.9963570237159729,10.993593215942383,0.9994175434112549,0.5766549706459045,8.291942596435547,0.7538129687309265,0.0007791319512762129,0.29313910007476807,0.026649009436368942,0.8284385204315186,10.139870643615723,0.9218063950538635,0.022111115977168083,2.5355160236358643,0.2305014580488205,0.529739260673523,7.94441556930542,0.7222195863723755,0.1466722935438156,3.839228868484497,0.3490208089351654,0.0,0.0,2,2
kx_3-a-23_kv_kv-no2-jammu-cantt_22082024-000000-1_EN-OL-RC-244_2,seeds,seeds,c,20.22,20.79,0.57,0.57,seeds,S IY D S,* S IY T S *,S IY T S,1010,1040,30,-0.5996851325035095,-0.9891759157180786,-0.03297252953052521,-1.005808711051941,-14.290061950683594,-0.47633540630340576,0.00025330352946184576,2.3921196460723877,0.07973732054233551,1.0411641597747803,52.653594970703125,1.755119800567627,0.7739932537078857,29.617008209228516,0.987233579158783,0.5443302989006042,21.715158462524414,0.7238386273384094,0.00045107860933057964,0.5033544301986694,0.016778480261564255,0.7991492748260498,27.1192569732666,0.903975248336792,0.011534537188708782,5.008763313293457,0.1669587790966034,0.4882635474205017,20.396400451660156,0.6798800230026245,0.1218736469745636,8.855398178100586,0.29517993330955505,3.8889424911573656,1.0,4,4
kx_3-a-23_kv_kv-no2-jammu-cantt_22082024-000000-1_EN-OL-RC-244_2,new,new,c,20.79,21.3,0.51,0.51,new,N Y UW,* N Y UW *,N Y UW,1039,1065,26,-0.1822260320186615,-0.6900699138641357,-0.026541151106357574,-0.8569173812866211,-12.618318557739258,-0.48531994223594666,0.00023627866175957024,2.240605354309082,0.08617712557315826,1.0198922157287598,46.859764099121094,1.802298665046692,0.9277061223983765,25.723947525024414,0.9893826246261597,0.5816922187805176,18.54961395263672,0.7134466767311096,0.0008483954588882625,0.43864157795906067,0.016870830208063126,0.8445976972579956,23.432098388671875,0.9012345671653748,0.03166138380765915,4.170778751373291,0.16041456162929535,0.5549297332763672,17.49642562866211,0.6729394197463989,0.16377273201942444,7.500411510467529,0.28847736120224,0.0,0.0,3,3
kx_3-a-23_kv_kv-no2-jammu-cantt_22082024-000000-1_EN-OL-RC-244_2,banana,banana,c,21.3,21.93,0.63,0.63,banana,B AH N AA N AA,* B AH N AA N AA *,B AH N AA N AA,1065,1097,32,-0.6901062726974487,-0.8725645542144775,-0.027267642319202423,-1.1919270753860474,-12.79449462890625,-0.3998279571533203,0.00015326605353038758,1.572792649269104,0.0491497702896595,1.0199217796325684,50.818389892578125,1.5880746841430664,0.7427607178688049,31.669164657592773,0.9896613955497742,0.5529347658157349,23.86562728881836,0.7458008527755737,0.0005217175930738449,0.8687262535095215,0.027147695422172546,0.8128876090049744,29.32177734375,0.9163055419921875,0.015651658177375793,7.162989616394043,0.22384342551231384,0.507104754447937,22.778881072998047,0.711840033531189,0.13265226781368256,10.904494285583496,0.34076544642448425,0.0,0.0,6,6
kx_3-a-23_kv_kv-no2-jammu-cantt_22082024-000000-1_EN-OL-RC-244_2,plants,plants,c,21.93,22.5,0.57,0.57,plants,P L AA N T S,* P L AA N T S *,P L AA N T S,1096,1125,29,-0.0593954436480999,-0.15177495777606964,-0.00523361936211586,-0.7050857543945312,-9.994349479675293,-0.34463274478912354,0.00011745678057195619,0.6966002583503723,0.02402069792151451,0.9621211290359497,43.200714111328125,1.4896798133850098,0.9760734438896179,28.938716888427734,0.9978867769241333,0.6069638133049011,22.13691520690918,0.7633419036865234,0.0013006498338654637,0.9132961630821228,0.03149297088384628,0.8548359870910645,26.858491897583008,0.9261549115180969,0.039748307317495346,7.118200302124023,0.24545517563819885,0.571887731552124,21.21483612060547,0.7315460443496704,0.17624935507774353,10.497976303100586,0.36199918389320374,0.0,0.0,6,6
kx_3-a-23_kv_kv-no2-jammu-cantt_22082024-000000-1_EN-OL-RC-244_2,grow,grow,c,22.5,23.07,0.57,0.57,grow,G R OW,* G R OW * SIL *,G R OW,1125,1154,29,-0.26750054955482483,-0.35866308212280273,-0.012367692776024342,-0.8373880386352539,-12.059530258178711,-0.4158458709716797,0.00021456317335832864,1.0608630180358887,0.036581482738256454,1.096826195716858,49.02224349975586,1.6904221773147583,0.8949901461601257,28.85810089111328,0.9951069355010986,0.575372040271759,21.250926971435547,0.7327905893325806,0.0007624136633239686,0.5740729570388794,0.019795618951320648,0.8324633240699768,26.462675094604492,0.9125060439109802,0.024179410189390182,5.4888739585876465,0.18927150964736938,0.535845160484314,20.23236656188965,0.6976678371429443,0.15066710114479065,9.148962020874023,0.3154814541339874,0.0,0.0,3,3
kx_3-a-23_kv_kv-no2-jammu-cantt_22082024-000000-1_EN-OL-RC-244_2,from,from,c,23.49,24.12,0.63,0.63,from,F R AO M,F R AO M *,F R AO M,1174,1206,32,-0.5301951169967651,-0.5831171274185181,-0.01822241023182869,-0.9849861860275269,-10.377267837524414,-0.32428961992263794,0.00013109977589920163,0.9809252619743347,0.03065391443669796,0.8956518769264221,45.37926483154297,1.4181020259857178,0.7984803915023804,31.777050018310547,0.9930328130722046,0.5967257022857666,24.701953887939453,0.7719360589981079,0.0010939198546111584,1.1946818828582764,0.037333808839321136,0.8492147326469421,29.763219833374023,0.9301006197929382,0.03508159890770912,8.680450439453125,0.27126407623291016,0.5624749660491943,23.795635223388672,0.743613600730896,0.16922414302825928,12.217416763305664,0.381794273853302,0.0,0.0,4,4
kx_3-a-23_kv_kv-no2-jammu-cantt_22082024-000000-1_EN-OL-RC-244_2,the,the,c,24.12,24.6,0.48,0.48,the,DH AH,* DH AH * SIL *,DH AH,1206,1230,24,-0.09251835197210312,-0.27541396021842957,-0.011475581675767899,-0.7953953742980957,-9.452570915222168,-0.39385712146759033,0.00014285868383012712,1.0773983001708984,0.0448915958404541,0.9769793748855591,38.61809539794922,1.609087347984314,0.9628838896751404,23.889259338378906,0.9953858256340027,0.5674693584442139,17.918075561523438,0.7465865015983582,0.0006670555449090898,0.5610837936401367,0.023378491401672363,0.8305844664573669,22.028322219848633,0.9178467392921448,0.02319086529314518,4.954899311065674,0.20645414292812347,0.5329814553260803,17.036088943481445,0.709837019443512,0.1487819254398346,7.9338226318359375,0.33057594299316406,0.0,0.0,2,2
kx_3-a-23_kv_kv-no2-jammu-cantt_22082024-000000-1_EN-OL-RC-244_2,old,old,c,24.72,25.23,0.51,0.51,old,OW L D,OW L D *,OW L D,1236,1262,26,-0.045843131840229034,-0.09220116585493088,-0.003546198597177863,-0.666588544845581,-8.340665817260742,-0.32079485058784485,0.00016187406436074525,0.4337320923805237,0.016682002693414688,1.031294822692871,37.79300308227539,1.4535770416259766,0.9815016984939575,25.962751388549805,0.9985673427581787,0.6200829744338989,20.00444793701172,0.7694018483161926,0.0016236389055848122,0.7604020237922668,0.02924623154103756,0.8619874715805054,24.183870315551758,0.9301488399505615,0.04659322276711464,6.500936508178711,0.2500360310077667,0.5842427015304565,19.221094131469727,0.7392728328704834,0.185863196849823,9.559510231018066,0.36767345666885376,0.0,0.0,3,3
kx_3-a-23_kv_kv-no2-jammu-cantt_22082024-000000-1_EN-OL-RC-244_2,plant,plant,c,25.23,25.83,0.6,0.6,plant,P L AA N T,* P L AA N T *,P L AA N T,1261,1292,31,-0.6064662933349609,-0.8736072778701782,-0.028180880472064018,-0.8993743658065796,-11.470303535461426,-0.37000977993011475,0.00010259041300741956,1.7250258922576904,0.05564599484205246,0.9408705830574036,46.313682556152344,1.4939897060394287,0.7716264128684998,30.664316177368164,0.9891715049743652,0.5802332758903503,23.61606216430664,0.761808454990387,0.0008277243468910456,1.0340203046798706,0.03335549309849739,0.838482141494751,28.631732940673828,0.9236043095588684,0.027638942003250122,7.60007905960083,0.24516384303569794,0.5451806783676147,22.547388076782227,0.7273350954055786,0.15695837140083313,11.16440200805664,0.3601419925689697,0.0,0.0,5,5
kx_3-a-23_kv_kv-no2-jammu-cantt_22082024-000000-1_EN-OL-RC-244_2,they,they,c,25.83,26.13,0.3,0.3,they,DH EY,DH EY *,DH EY,1291,1307,16,-0.6064662933349609,-0.7075775265693665,-0.0442235954105854,-0.8993743658065796,-6.4167962074279785,-0.40104976296424866,0.00019899778999388218,1.135138750076294,0.07094617187976837,0.9354956150054932,25.13324737548828,1.5708279609680176,0.7716264128684998,15.730806350708008,0.9831753969192505,0.582613468170166,12.006061553955078,0.7503788471221924,0.0008617133134976029,0.44352513551712036,0.027720320969820023,0.8438664674758911,14.702125549316406,0.9188828468322754,0.031151138246059418,3.516073226928711,0.21975457668304443,0.5537494421005249,11.427576065063477,0.7142235040664673,0.16293419897556305,5.440776348114014,0.34004852175712585,0.0,0.0,2,2
kx_3-a-23_kv_kv-no2-jammu-cantt_22082024-000000-1_EN-OL-RC-244_2,look,look,c,26.13,26.55,0.42,0.42,look,L UH K,* L UH K *,L UH K,1306,1328,22,-0.1588469296693802,-0.3009016811847687,-0.01367734931409359,-0.9407512545585632,-8.99251937866211,-0.40875089168548584,0.0002529748308006674,1.0441279411315918,0.04746036231517792,1.0417838096618652,36.26258087158203,1.6482990980148315,0.9367979764938354,21.87949562072754,0.9945225119590759,0.4916788935661316,16.195459365844727,0.736157238483429,0.0001851833367254585,0.498643696308136,0.02266562171280384,0.7900189757347107,20.099931716918945,0.9136332869529724,0.009416773915290833,4.456984043121338,0.2025901824235916,0.4762830138206482,15.461686134338379,0.702803909778595,0.11541338264942169,7.153465270996094,0.3251575231552124,0.0,0.0,3,3
kx_3-a-23_kv_kv-no2-jammu-cantt_22082024-000000-1_EN-OL-RC-244_2,just,just,c,26.55,27.03,0.48,0.48,just,JH AH S T,* JH AH S T *,JH AH S T,1327,1352,25,-0.531350314617157,-0.9584279656410217,-0.03833711892366409,-0.9154478907585144,-9.919708251953125,-0.3967883288860321,0.00021525273041334003,1.8645418882369995,0.07458167523145676,0.9814652800559998,39.447452545166016,1.5778981447219849,0.7980697751045227,24.628459930419922,0.9851384162902832,0.5913569927215576,18.729978561401367,0.7491991519927979,0.0009989975951611996,0.613028347492218,0.024521134793758392,0.8478909134864807,22.974273681640625,0.9189709424972534,0.03406480327248573,5.367865562438965,0.21471461653709412,0.5602947473526001,17.83572006225586,0.713428795337677,0.1676327884197235,8.416189193725586,0.33664757013320923,0.0,0.0,4,4
kx_3-a-23_kv_kv-no2-jammu-cantt_22082024-000000-1_EN-OL-RC-244_2,like,like,c,27.03,27.57,0.54,0.54,like,L AY K,L AY K *,L AY K,1351,1379,28,-0.531350314617157,-0.580722987651825,-0.02074010670185089,-0.9154478907585144,-9.644987106323242,-0.3444638252258301,0.0001497473567724228,0.9559165239334106,0.03413987532258034,1.0320628881454468,42.186805725097656,1.506671667098999,0.7980697751045227,27.778072357177734,0.9920740127563477,0.6052916049957275,21.288740158081055,0.7603121399879456,0.0012643932132050395,0.7155522704124451,0.025555437430739403,0.859377384185791,25.94265365600586,0.9265233278274536,0.04396817088127136,6.54741096496582,0.2338360995054245,0.5796825885772705,20.436847686767578,0.7298874258995056,0.18226173520088196,9.925251007080078,0.3544732630252838,0.0,0.0,3,3
kx_3-a-23_kv_kv-no2-jammu-cantt_22082024-000000-1_EN-OL-RC-244_2,the,the,c,27.57,27.84,0.27,0.27,the,DH AH,DH AH *,DH AH,1378,1392,14,-0.059494499117136,-0.07974444329738617,-0.005696031730622053,-0.9209228754043579,-5.744006633758545,-0.41028618812561035,0.0001971215388039127,0.3751935064792633,0.026799535378813744,1.0955034494400024,23.406539916992188,1.6718957424163818,0.9760339260101318,13.967822074890137,0.9977015852928162,0.5220491886138916,10.276505470275879,0.7340360879898071,0.00030948183848522604,0.3050522804260254,0.021789448335766792,0.800388514995575,12.77308177947998,0.9123629927635193,0.011856519617140293,2.790818691253662,0.1993441879749298,0.48992180824279785,9.804655075073242,0.700332522392273,0.12279140949249268,4.510544776916504,0.322181761264801,0.0,0.0,2,2
kx_3-a-23_kv_kv-no2-jammu-cantt_22082024-000000-1_EN-OL-RC-244_2,full,full,c,27.84,28.26,0.42,0.42,full,F UH L,* F UH L * SIL,F UH L,1392,1413,21,-0.4167434573173523,-0.5466026067733765,-0.026028696447610855,-1.2086228132247925,-9.360665321350098,-0.44574597477912903,0.00014347140677273273,1.3106309175491333,0.06241099536418915,1.0109564065933228,36.07087326049805,1.717660665512085,0.8393843173980713,20.786928176879883,0.9898537397384644,0.543262779712677,15.301448822021484,0.7286404371261597,0.00044300983427092433,0.3993443250656128,0.01901639625430107,0.7799481153488159,19.075651168823242,0.9083643555641174,0.007528847549110651,3.7830731868743896,0.18014633655548096,0.46352946758270264,14.480939865112305,0.6895685791969299,0.10885422676801682,6.445291519165039,0.3069186508655548,0.0,0.0,3,3
kx_3-a-23_kv_kv-no2-jammu-cantt_22082024-000000-1_EN-OL-RC-244_2,grown,grown,c,28.65,29.37,0.72,0.72,grown,G R OW N,G R AW N D *,G R AW N D,1432,1469,37,-0.27322259545326233,-0.3689480423927307,-0.00997156836092472,-1.0615828037261963,-13.959848403930664,-0.377293199300766,0.0002380993391852826,1.0717599391937256,0.02896648459136486,1.1187554597854614,59.527469635009766,1.6088504791259766,0.8928196430206299,36.8541145324707,0.9960571527481079,0.555813193321228,27.531383514404297,0.7440914511680603,0.0005477366503328085,0.8182483911514282,0.022114820778369904,0.8009636998176575,33.99406814575195,0.9187585711479187,0.012009014375507832,7.821944236755371,0.21140389144420624,0.49069422483444214,26.37480926513672,0.7128326892852783,0.12322089076042175,12.37314224243164,0.334409236907959,9.627148953935215,2.0,4,5
kx_3-a-23_kv_kv-no2-jammu-cantt_22082024-000000-1_EN-OL-RC-244_2,plant,plant,c,29.37,29.91,0.54,0.54,plant,P L AA N T,* P L AA N T *,P L AA N T,1468,1496,28,-0.49417415261268616,-0.9948152303695679,-0.03552911430597305,-1.199710488319397,-12.216988563537598,-0.4363210201263428,0.00011897050717379898,2.3334288597106934,0.08333674818277359,0.9961440563201904,45.99824523925781,1.6427944898605347,0.8113419413566589,27.61126708984375,0.9861167073249817,0.5398614406585693,20.667285919189453,0.7381173372268677,0.0004182507982477546,0.7099225521087646,0.025354376062750816,0.7857714891433716,25.512361526489258,0.9111557602882385,0.008568773046135902,5.749537944793701,0.20534063875675201,0.47084707021713257,19.581939697265625,0.6993550062179565,0.11257846653461456,9.107704162597656,0.32527515292167664,0.0,0.0,5,5
kx_3-a-23_kv_kv-no2-jammu-cantt_22082024-000000-1_EN-OL-RC-244_2,there,there,c,29.91,30.48,0.57,0.57,there,DH EY R,* DH EY R * SIL,DH EY R,1495,1524,29,-0.6152015328407288,-0.6961205005645752,-0.02400415576994419,-1.0318946838378906,-11.45555305480957,-0.3950190842151642,0.0001435353624401614,1.174965262413025,0.040516044944524765,0.9418511390686035,46.72804260253906,1.6113117933273315,0.7685834169387817,28.73579216003418,0.9908893704414368,0.5831490755081177,21.628660202026367,0.7458158731460571,0.0008695524884387851,0.719876229763031,0.024823319166898727,0.8416313529014587,26.620899200439453,0.9179620146751404,0.02964201383292675,6.080345153808594,0.20966707170009613,0.5501668453216553,20.606843948364258,0.7105808258056641,0.1604117900133133,9.652288436889648,0.3328375220298767,0.0,0.0,3,3
kx_3-a-23_kv_kv-no2-jammu-cantt_22082024-000000-1_EN-OL-RC-244_2,are,are,c,30.75,30.99,0.24,0.24,are,AA R,AA R,AA R,1537,1550,13,-0.0039872038178145885,-0.005446176044642925,-0.0004189366300124675,-0.7268721461296082,-3.9947826862335205,-0.3072909712791443,0.00014592614024877548,0.04882645606994629,0.003755881218239665,0.9682925939559937,18.696678161621094,1.4382059574127197,0.9983826279640198,12.997790336608887,0.9998300075531006,0.5985389947891235,10.020030975341797,0.7707716226577759,0.0011279756436124444,0.41048717498779297,0.03157593682408333,0.8475034236907959,12.107572555541992,0.9313517212867737,0.03377281874418259,3.391201972961426,0.26086169481277466,0.5596592426300049,9.669933319091797,0.7438410520553589,0.16717134416103363,4.882857799530029,0.37560445070266724,0.0,0.0,2,2
kx_3-a-23_kv_kv-no2-jammu-cantt_22082024-000000-1_EN-OL-RC-244_2,some,some,c,30.99,31.35,0.36,0.36,some,S AH M,* S AH M *,S AH M,1549,1568,19,-0.6158552169799805,-0.7911869883537292,-0.04164142161607742,-1.0059194564819336,-8.173670768737793,-0.4301931858062744,0.00016312525258399546,1.4172576665878296,0.07459250837564468,1.0148359537124634,30.856260299682617,1.6240136623382568,0.7683559060096741,18.697858810424805,0.9840978384017944,0.598344087600708,14.134613037109375,0.743927001953125,0.00112426548730582,0.47728264331817627,0.025120139122009277,0.8486889600753784,17.3687744140625,0.9141460061073303,0.03467419743537903,3.877408981323242,0.20407415926456451,0.5616074800491333,13.35955810546875,0.7031346559524536,0.16858935356140137,6.199127674102783,0.32626986503601074,0.0,0.0,3,3
kx_3-a-23_kv_kv-no2-jammu-cantt_22082024-000000-1_EN-OL-RC-244_2,bananas,bananas,c,31.35,31.95,0.6,0.6,bananas,B AH N AA N AA Z,* B AH N N AA Z *,B AH N N AA Z,1567,1598,31,-0.5773404240608215,-1.552929401397705,-0.050094496458768845,-1.1207499504089355,-14.540048599243164,-0.4690338373184204,0.00019943519146181643,3.1736950874328613,0.1023772582411766,1.0100089311599731,52.78345489501953,1.7026921510696411,0.7818208336830139,30.39920425415039,0.980619490146637,0.5148941278457642,22.54729652404785,0.7273321747779846,0.00027421556296758354,0.617235004901886,0.01991080678999424,0.7718056440353394,28.054641723632812,0.9049884676933289,0.006282934453338385,5.811841011047363,0.18747873604297638,0.4535489082336426,21.2971134185791,0.6870036721229553,0.10394006222486496,9.595575332641602,0.3095346987247467,2.7602686014253868,1.0,7,6
kx_3-a-23_kv_kv-no2-jammu-cantt_22082024-000000-1_EN-OL-RC-244_2,which,which,c,31.95,32.37,0.42,0.42,which,W IH CH,* W IH CH * SIL *,W IH CH,1597,1619,22,-0.30525481700897217,-0.3974548876285553,-0.018066130578517914,-0.9002912044525146,-8.010698318481445,-0.3641226589679718,0.0001711084187263623,0.9777069091796875,0.04444122314453125,1.0412713289260864,33.768836975097656,1.534947156906128,0.88072669506073,21.843578338623047,0.992889940738678,0.6043542623519897,16.628339767456055,0.755833625793457,0.0012445120373740792,0.5873841643333435,0.026699280366301537,0.8501657247543335,20.30765151977539,0.9230750799179077,0.03583073616027832,5.048007488250732,0.2294548898935318,0.5640497207641602,15.912985801696777,0.723317563533783,0.17038185894489288,7.681857109069824,0.3491753339767456,0.0,0.0,3,3
kx_3-a-23_kv_kv-no2-jammu-cantt_22082024-000000-1_EN-OL-RC-244_2,are,are,c,32.76,33.06,0.3,0.3,are,AA R,AA R *,AA R,1637,1653,16,-0.03684227168560028,-0.04624068737030029,-0.0028900429606437683,-0.6354971528053284,-5.270873069763184,-0.329429566860199,0.00020181099534966052,0.23282285034656525,0.014551428146660328,1.0752718448638916,23.71595001220703,1.4822468757629395,0.9851168394088745,15.981303215026855,0.9988314509391785,0.6284760236740112,12.258458137512207,0.7661536335945129,0.0018711828161031008,0.4517514109611511,0.028234463185071945,0.8668721914291382,14.859216690063477,0.9287010431289673,0.05193447321653366,3.8677539825439453,0.24173462390899658,0.5929409265518188,11.760292053222656,0.735018253326416,0.1929095983505249,5.779611587524414,0.3612257242202759,0.0,0.0,2,2
kx_3-a-23_kv_kv-no2-jammu-cantt_22082024-000000-1_EN-OL-RC-244_2,called,called,c,33.06,33.72,0.66,0.66,called,K AO L D,* K AO L D * SIL *,K AO L D,1653,1686,33,-0.43401435017585754,-0.4911978840827942,-0.014884784817695618,-0.9598069190979004,-11.238204956054688,-0.3405516743659973,0.00012209650594741106,1.0168170928955078,0.030812639743089676,0.9661222100257874,48.36695098876953,1.4656652212142944,0.833082377910614,32.809906005859375,0.9942395687103271,0.5938433408737183,25.315996170043945,0.767151415348053,0.0010418880265206099,1.0546706914901733,0.031959716230630875,0.837981104850769,30.606962203979492,0.9274836778640747,0.027332957834005356,8.292831420898438,0.2512979209423065,0.5443938970565796,24.264095306396484,0.7352756261825562,0.15641939640045166,12.103958129882812,0.3667865991592407,0.0,0.0,4,4
kx_3-a-23_kv_kv-no2-jammu-cantt_22082024-000000-1_EN-OL-RC-244_2,plantains,plantains,c,34.17,35.22,1.05,1.05,plantains,P L AH N T EY N Z,P L AA N T EY N S * SIL *,P L AA N T EY N S,1708,1761,53,-0.31668615341186523,-1.6692055463790894,-0.031494446098804474,-1.423803687095642,-36.21781539916992,-0.6833550333976746,0.0005121988360770047,6.068266868591309,0.11449559777975082,1.194762945175171,117.98143005371094,2.226064682006836,0.8764344453811646,52.33734893798828,0.9874971508979797,0.43936246633529663,33.89045333862305,0.639442503452301,7.644038123544306e-05,0.3041149079799652,0.005738017149269581,0.6993035674095154,45.4697380065918,0.8579195737838745,0.001254853093996644,4.2506279945373535,0.08020053058862686,0.37540364265441895,31.390640258789062,0.5922762155532837,0.07131678611040115,11.03629207611084,0.20823192596435547,5.950550454863212,2.0,8,8
kx_3-a-23_kv_kv-no2-jammu-cantt_22082024-000000-1_EN-OL-RC-244_2,in,in,c,36.21,36.6,0.39,0.39,in,IH N,IH N *,IH N,1810,1830,20,-0.05611242353916168,-0.11639458686113358,-0.005819729529321194,-0.7536490559577942,-6.620924949645996,-0.3310462534427643,0.00021213939180597663,0.5220692753791809,0.026103463023900986,1.0353221893310547,29.00148582458496,1.450074315071106,0.9773867130279541,19.95299530029297,0.9976497888565063,0.6042349338531494,15.36748218536377,0.7683740854263306,0.0012420043349266052,0.6330329179763794,0.03165164589881897,0.8542450666427612,18.572174072265625,0.9286087155342102,0.039229873567819595,5.092741966247559,0.25463709235191345,0.5708861947059631,14.754934310913086,0.7377467155456543,0.17548973858356476,7.391599655151367,0.3695799708366394,0.0,0.0,2,2
kx_3-a-23_kv_kv-no2-jammu-cantt_22082024-000000-1_EN-OL-RC-244_2,many,many,c,36.6,37.2,0.6,0.6,many,M EH N IY,* M EH N IY *,M EH N IY,1830,1860,30,-0.3439958691596985,-0.41848933696746826,-0.01394964475184679,-0.8582251071929932,-9.755058288574219,-0.3251686096191406,0.00011792404256993905,1.0202499628067017,0.03400833159685135,0.9529136419296265,42.15486145019531,1.4051620960235596,0.8662299513816833,29.83608055114746,0.9945360422134399,0.5792208313941956,23.238819122314453,0.7746273279190063,0.0008136759861372411,1.0869849920272827,0.036232832819223404,0.8352301120758057,27.909076690673828,0.9303025603294373,0.025712408125400543,8.135198593139648,0.27117329835891724,0.5401055812835693,22.324987411499023,0.7441662549972534,0.15351034700870514,11.451285362243652,0.3817095160484314,0.0,0.0,4,4
kx_3-a-23_kv_kv-no2-jammu-cantt_22082024-000000-1_EN-OL-RC-244_2,countries,countries,c,37.2,38.16,0.96,0.96,countries,K AH N T R IY Z,* K AH N T R IY Z * SIL *,K AH N T R IY Z,1860,1908,48,-0.052828267216682434,-0.2814793586730957,-0.005864153150469065,-0.9775112867355347,-18.173343658447266,-0.37861132621765137,0.00019581067317631096,1.3272695541381836,0.027651449665427208,1.0393540859222412,76.8678207397461,1.6014128923416138,0.9787015318870544,47.88631057739258,0.9976314902305603,0.5372798442840576,35.89716720581055,0.7478576302528381,0.00040038657607510686,1.0724036693572998,0.022341743111610413,0.7963793277740479,44.14336013793945,0.9196533560752869,0.010846090503036976,9.986077308654785,0.20804327726364136,0.484585165977478,34.23690414428711,0.7132688164710999,0.11985853314399719,15.980568885803223,0.33292850852012634,0.0,0.0,7,7
kx_3-a-23_kv_kv-no2-jammu-cantt_22082024-000000-1_EN-OL-RC-244_2,plantains,plantains,c,39.3,40.29,0.99,0.99,plantains,P L AH N T EY N Z,P L EY N T EY N S *,P L EY N T EY N S,1964,2015,51,-0.5679090619087219,-2.2341701984405518,-0.0438072569668293,-1.6547201871871948,-34.567508697509766,-0.6777942776679993,0.0005306786042638123,6.641076564788818,0.13021719455718994,1.1364201307296753,112.53418731689453,2.206552743911743,0.7851378917694092,50.129112243652344,0.9829237461090088,0.4481363892555237,32.87976837158203,0.644701361656189,8.867078577168286e-05,0.27547264099121094,0.005401424132287502,0.6607366800308228,43.886470794677734,0.8605190515518188,0.0005326757673174143,4.0516581535339355,0.0794442743062973,0.3400278091430664,30.39470863342285,0.5959746837615967,0.05946824327111244,10.694551467895508,0.20969708263874054,6.520242174310518,2.0,8,8
kx_3-a-23_kv_kv-no2-jammu-cantt_22082024-000000-1_EN-OL-RC-244_2,are,are,c,40.32,40.68,0.36,0.36,are,AA R,AA R *,AA R,2016,2034,18,-0.02429414726793766,-0.042417190968990326,-0.0023565106093883514,-0.6637228727340698,-5.826382637023926,-0.32368791103363037,0.000186895442311652,0.23689112067222595,0.013160618022084236,0.9967747926712036,26.204662322998047,1.4558145999908447,0.9901705980300903,17.98282241821289,0.9990456700325012,0.6149664521217346,13.855348587036133,0.7697415947914124,0.001489089336246252,0.5645672678947449,0.03136484697461128,0.8601689338684082,16.73661231994629,0.9298117756843567,0.0447482131421566,4.531899452209473,0.2517721951007843,0.5810591578483582,13.302363395690918,0.7390201687812805,0.18334229290485382,6.636374473571777,0.3686874806880951,0.0,0.0,2,2
kx_3-a-23_kv_kv-no2-jammu-cantt_22082024-000000-1_EN-OL-RC-244_2,not,not,c,40.68,41.22,0.54,0.54,not,N AO T,* N AO T * SIL *,N AO T,2034,2061,27,-0.44831526279449463,-0.5021339058876038,-0.018597552552819252,-0.8271465301513672,-8.254493713378906,-0.3057219982147217,0.0001248127518920228,0.9254010319709778,0.034274112433195114,0.903237521648407,36.444576263427734,1.3497991561889648,0.8278846740722656,26.806137084960938,0.9928199052810669,0.6286170482635498,21.177146911621094,0.7843387722969055,0.0018756494391709566,1.107391595840454,0.04101450368762016,0.8670207858085632,25.24308967590332,0.9349292516708374,0.05210619792342186,7.705937385559082,0.28540509939193726,0.593208909034729,20.366004943847656,0.7542964816093445,0.1931304782629013,10.65610122680664,0.39467042684555054,0.0,0.0,3,3
kx_3-a-23_kv_kv-no2-jammu-cantt_22082024-000000-1_EN-OL-RC-244_2,eaten,eaten,c,41.28,42.03,0.75,0.75,eaten,IY T EH N,IY T AH N * SIL *,IY T AH N,2064,2102,38,-0.6365846991539001,-1.377505898475647,-0.03625015541911125,-1.5205659866333008,-16.65837287902832,-0.438378244638443,0.00026820891071110964,2.69378399848938,0.07088905572891235,1.094064712524414,64.3072280883789,1.6922954320907593,0.7611624598503113,37.47693634033203,0.9862351417541504,0.5154234170913696,27.886119842529297,0.7338452339172363,0.0002766807738225907,0.677649199962616,0.01783287338912487,0.7177449464797974,34.57799530029297,0.9099472165107727,0.0018903084564954042,6.983795166015625,0.18378408253192902,0.3936793804168701,26.36880111694336,0.693915843963623,0.07809625566005707,11.810688972473145,0.31080761551856995,4.656212716934656,1.0,4,4
kx_3-a-23_kv_kv-no2-jammu-cantt_22082024-000000-1_EN-OL-RC-244_2,as,as,c,43.14,43.74,0.6,0.6,as,AE Z,AE Z *,AE Z,2157,2187,30,-0.2337314635515213,-0.35855981707572937,-0.011951994150876999,-0.9315133690834045,-11.517348289489746,-0.3839116096496582,0.00019110525317955762,1.1130647659301758,0.03710215911269188,1.0689797401428223,48.33005142211914,1.61100172996521,0.9078624248504639,29.85745620727539,0.995248556137085,0.5121219754219055,22.355684280395508,0.7451894879341125,0.0002616582496557385,0.6140587329864502,0.02046862430870533,0.7964858412742615,27.5523681640625,0.9184122681617737,0.01087177824229002,6.154371738433838,0.2051457315683365,0.48472583293914795,21.33534812927246,0.7111782431602478,0.11993508785963058,9.906871795654297,0.3302290737628937,0.0,0.0,2,2
kx_3-a-23_kv_kv-no2-jammu-cantt_22082024-000000-1_EN-OL-RC-244_2,fruit,fruit,c,43.77,44.34,0.57,0.57,fruit,F R UW T,* F R UW T *,F R UW T,2188,2217,29,-0.5986671447753906,-0.7179537415504456,-0.02475702576339245,-1.0588332414627075,-10.836687088012695,-0.37367886304855347,0.00010708168701967224,1.310727596282959,0.0451975017786026,0.9380136728286743,44.37831115722656,1.5302865505218506,0.7743488550186157,28.72616958618164,0.9905575513839722,0.5446859002113342,21.91461753845215,0.7556764483451843,0.00045379868242889643,0.8668926358222961,0.029892848804593086,0.7990723848342896,26.724384307861328,0.9215304851531982,0.01151485275477171,6.853288173675537,0.23632028698921204,0.4881609082221985,20.956138610839844,0.7226254940032959,0.12181703001260757,10.234447479248047,0.35291197896003723,0.0,0.0,4,4
kx_3-a-23_kv_kv-no2-jammu-cantt_22082024-000000-1_EN-OL-RC-244_2,they,they,c,44.37,44.79,0.42,0.42,they,DH EY,* DH EY *,DH EY,2218,2240,22,-0.038222040981054306,-0.08763078600168228,-0.003983217757195234,-0.6885757446289062,-7.2049360275268555,-0.32749709486961365,0.00018229096895083785,0.4290691316127777,0.019503142684698105,0.9645850658416748,32.045379638671875,1.4566081762313843,0.9845622181892395,21.964563369750977,0.9983892440795898,0.6054108142852783,16.9128475189209,0.7687658071517944,0.001266944338567555,0.705386757850647,0.03206303343176842,0.8546612858772278,20.44339370727539,0.9292451739311218,0.039594314992427826,5.551333904266357,0.2523333728313446,0.571591317653656,16.23733139038086,0.7380605340003967,0.17602422833442688,8.111823081970215,0.368719220161438,0.0,0.0,2,2
kx_3-a-23_kv_kv-no2-jammu-cantt_22082024-000000-1_EN-OL-RC-244_2,are,are,c,44.79,45.24,0.45,0.45,are,AA R,* AA R * SIL *,AA R,2239,2262,23,-0.31204259395599365,-0.545251727104187,-0.023706596344709396,-0.9246242642402649,-8.701797485351562,-0.378339022397995,0.00017177897098008543,1.433854103088379,0.06234148144721985,0.9911409616470337,35.2940559387207,1.5345242023468018,0.8781766891479492,22.78479766845703,0.9906433820724487,0.6226687431335449,17.410179138183594,0.7569643259048462,0.0016961948713287711,0.6416147947311401,0.027896296232938766,0.8444722890853882,21.200027465820312,0.9217403531074524,0.03157329559326172,5.251421928405762,0.22832269966602325,0.5547270178794861,16.58057975769043,0.7208947539329529,0.1636284440755844,7.9946184158325195,0.3475921154022217,0.0,0.0,2,2
kx_3-a-23_kv_kv-no2-jammu-cantt_22082024-000000-1_EN-OL-RC-244_2,cooked,cooked,c,45.36,45.93,0.57,0.57,cooked,K UH K D,K UH K D * SIL *,K UH K D,2268,2297,29,-0.39378416538238525,-0.5928436517715454,-0.020442884415388107,-1.0755754709243774,-15.690074920654297,-0.5410370826721191,0.00019623740809038281,1.8012853860855103,0.062113288789987564,1.0935537815093994,56.84440612792969,1.9601519107818604,0.8478041887283325,28.767292022705078,0.9919756054878235,0.5145341753959656,19.9659481048584,0.6884809732437134,0.0002725516678765416,0.31139665842056274,0.010737815871834755,0.7736121416091919,25.7491512298584,0.887901782989502,0.006540237460285425,3.6877248287200928,0.12716291844844818,0.45573872327804565,18.745698928833008,0.646403431892395,0.10500222444534302,7.490797996520996,0.25830337405204773,0.0,0.0,4,4
kx_3-a-23_kv_kv-no2-jammu-cantt_22082024-000000-1_EN-OL-RC-244_2,as,as,c,45.96,46.5,0.54,0.54,as,AE Z,AE Z * SIL *,AE Z,2298,2325,27,-0.35151758790016174,-0.4275769889354706,-0.015836184844374657,-0.8755338788032532,-9.849359512329102,-0.3647910952568054,0.00017668199143372476,1.025080680847168,0.03796594962477684,0.9936609864234924,41.59296798706055,1.5404802560806274,0.8634315729141235,26.832679748535156,0.9938029646873474,0.525865375995636,20.411033630371094,0.7559642195701599,0.00033011051709763706,0.6770217418670654,0.025074878707528114,0.8087533116340637,24.91423988342285,0.9227496385574341,0.014278055168688297,6.084715366363525,0.22535982728004456,0.501326858997345,19.505531311035156,0.7224270701408386,0.12926383316516876,9.355629920959473,0.346504807472229,0.0,0.0,2,2
kx_3-a-23_kv_kv-no2-jammu-cantt_22082024-000000-1_EN-OL-RC-244_2,vegetables,vegetables,c,46.56,47.4,0.84,0.84,vegetables,V EH JH IH T EY B AH L S,V EH JH T AH B AH L Z * SIL,V EH JH T AH B AH L Z,2328,2370,42,-0.6707077026367188,-1.8482872247695923,-0.0440068393945694,-1.4097105264663696,-21.556089401245117,-0.5132402181625366,0.0002327974361833185,4.198079586029053,0.0999542772769928,1.1366640329360962,76.48588562011719,1.8210924863815308,0.7494019269943237,41.2869758605957,0.9830232262611389,0.5021904706954956,29.727706909179688,0.7078025341033936,0.00022120738867670298,0.6654207706451416,0.015843352302908897,0.7469552159309387,37.564239501953125,0.8943866491317749,0.00361727736890316,6.874081611633301,0.16366860270500183,0.4247457981109619,27.984630584716797,0.6663007140159607,0.09076697379350662,12.056964874267578,0.2870706021785736,11.448152012800213,3.0,10,9
ak_4-a-5_kv_kv-khargone_06082025-000000-1_EN-OL-RC-313_2,a,a,c,1.02,1.32,0.3,0.3,a,AH,AH *,AH,51,66,15,-0.33014965057373047,-0.4001186192035675,-0.026674574241042137,-1.0862969160079956,-9.994335174560547,-0.6662890315055847,0.002251877449452877,1.109320044517517,0.07395467162132263,1.7137939929962158,34.12919998168945,2.275279998779297,0.8713949918746948,14.843079566955566,0.9895386099815369,0.5062131881713867,9.500202178955078,0.6333467960357666,0.00023677835997659713,0.056754179298877716,0.003783612046390772,0.768401563167572,12.918764114379883,0.8612509369850159,0.005825279280543327,1.025993824005127,0.0683995857834816,0.4494597315788269,8.874869346618652,0.5916579365730286,0.10198023915290833,3.017261028289795,0.20115073025226593,0.0,0.0,1,1
ak_4-a-5_kv_kv-khargone_06082025-000000-1_EN-OL-RC-313_2,hand,hand,c,1.32,1.83,0.51,0.51,hand,HH AE N D,* HH AE N D *,HH AE N D,66,92,26,-0.07595689594745636,-0.1761559545993805,-0.00677522923797369,-1.0344488620758057,-10.88597297668457,-0.4186912775039673,0.00020403281087055802,0.8814189434051514,0.033900730311870575,1.0614209175109863,43.243194580078125,1.663199782371521,0.9694650769233704,25.928892135620117,0.997265100479126,0.5366784334182739,19.12863540649414,0.7357167601585388,0.00039633538108319044,0.6123425960540771,0.023551639169454575,0.7849542498588562,23.700342178344727,0.9115515947341919,0.008414589799940586,5.270395278930664,0.20270751416683197,0.4698107838630676,18.18917465209961,0.6995836496353149,0.11204471439123154,8.416476249694824,0.3237106204032898,0.0,0.0,4,4
ak_4-a-5_kv_kv-khargone_06082025-000000-1_EN-OL-RC-313_2,went,went,c,1.83,2.43,0.6,0.6,went,W EH N T,* W EH N T * SIL *,W EH N T,91,122,31,-0.5799798369407654,-0.8281016945838928,-0.02671295776963234,-1.0820053815841675,-13.485586166381836,-0.4350188970565796,0.00022004933271091431,1.8355984687805176,0.05921285226941109,1.0587433576583862,52.29059982299805,1.686793565750122,0.7808939218521118,30.680999755859375,0.9897096753120422,0.5227159261703491,22.715789794921875,0.7327674031257629,0.0003129907127004117,0.6490063667297363,0.02093569003045559,0.7737632393836975,28.211688995361328,0.9100545048713684,0.006562229245901108,5.932097434997559,0.19135798513889313,0.4559224843978882,21.537853240966797,0.6947694420814514,0.10509177297353745,9.776224136352539,0.3153620660305023,0.0,0.0,4,4
ak_4-a-5_kv_kv-khargone_06082025-000000-1_EN-OL-RC-313_2,over,our,s,2.49,3.0,0.51,0.51,our,OW V AH R,OW W AH R *,OW W AH R,124,150,26,-0.2947100102901459,-0.8303555250167847,-0.03193674981594086,-1.5414888858795166,-15.586366653442383,-0.599475622177124,0.0016255863010883331,2.509359121322632,0.09651381522417068,1.604251503944397,54.97433090209961,2.1143972873687744,0.884696900844574,25.6733341217041,0.9874359369277954,0.4399169683456421,17.236440658569336,0.6629400253295898,7.716078107478097e-05,0.1381463259458542,0.005313320085406303,0.6677507162094116,22.750141143798828,0.8750054240226746,0.0006225016550160944,2.390202522277832,0.09193086624145508,0.34619981050491333,16.12232208251953,0.6200892925262451,0.06142161786556244,5.920399188995361,0.2277076542377472,0.9849852141771962,1.0,4,4
ak_4-a-5_kv_kv-khargone_06082025-000000-1_EN-OL-RC-313_2,his,his,c,3.0,3.48,0.48,0.48,his,HH IH Z,* HH IH Z * SIL *,HH IH Z,150,174,24,-0.3816102147102356,-1.2482378482818604,-0.052009910345077515,-1.41089928150177,-15.082292556762695,-0.6284288763999939,0.0012114148121327162,3.307945966720581,0.13783107697963715,1.447911262512207,49.66217803955078,2.0692574977874756,0.8522884249687195,23.50979995727539,0.979574978351593,0.4513370990753174,16.055419921875,0.668975830078125,9.360360854770988e-05,0.18009929358959198,0.007504137232899666,0.7111473083496094,20.95677375793457,0.873198926448822,0.0016325738979503512,2.3900017738342285,0.09958340972661972,0.3870302438735962,14.864450454711914,0.6193521022796631,0.07557469606399536,5.549544811248779,0.23123103380203247,0.0,0.0,3,3
ak_4-a-5_kv_kv-khargone_06082025-000000-1_EN-OL-RC-313_2,eyes,eyes,c,3.54,3.99,0.45,0.45,eyes,AA IY Z,AY Z *,AY Z,177,200,23,-0.11876251548528671,-0.41956818103790283,-0.018242094665765762,-1.2594293355941772,-14.914475440979004,-0.6484554409980774,0.0025515430606901646,1.8509060144424438,0.08047417551279068,1.7714154720306396,51.27080154418945,2.2291653156280518,0.9525108337402344,22.831344604492188,0.9926671385765076,0.47062963247299194,14.750388145446777,0.6413212418556213,0.0001297194539802149,0.08962852507829666,0.0038968923036009073,0.7292795181274414,19.879779815673828,0.8643382787704468,0.0024424726143479347,1.676519513130188,0.07289215177297592,0.40561801195144653,13.765380859375,0.598494827747345,0.08278809487819672,4.764301776885986,0.20714356005191803,7.856454352788916,2.0,3,2
ak_4-a-5_kv_kv-khargone_06082025-000000-1_EN-OL-RC-313_2,very,very,c,3.99,4.53,0.54,0.54,very,V EH R IY,* W EH R IY *,W EH R IY,199,227,28,-0.1201951652765274,-0.35653623938560486,-0.01273343712091446,-1.1085855960845947,-11.885613441467285,-0.4244861900806427,0.00022303999867290258,1.5045830011367798,0.05373510718345642,1.1033034324645996,46.250362396240234,1.6517986059188843,0.9519465565681458,27.856582641601562,0.9948779344558716,0.5140941143035889,20.627647399902344,0.7367016673088074,0.0002705309016164392,0.6163738965988159,0.022013353183865547,0.7725006341934204,25.50106430053711,0.9107522964477539,0.0063806986436247826,5.673878192901611,0.20263850688934326,0.454389750957489,19.57659339904785,0.6991640329360962,0.10434683412313461,9.050789833068848,0.3232424855232239,0.9849852141771962,1.0,4,4
ak_4-a-5_kv_kv-khargone_06082025-000000-1_EN-OL-RC-313_2,gently,gently,c,4.53,5.25,0.72,0.72,gently,JH EH N T L IY,* JH EY N T L IY *,JH EY N T L IY,226,263,37,-0.6880103349685669,-1.170807957649231,-0.03164345771074295,-1.5760726928710938,-22.301694869995117,-0.6027485132217407,0.0005759400664828718,3.2373385429382324,0.08749563992023468,1.4153153896331787,76.45720672607422,2.066411018371582,0.7434767484664917,36.548641204833984,0.9878011345863342,0.4832724332809448,24.742000579833984,0.6687027215957642,0.00016064319061115384,0.3104594945907593,0.008390797302126884,0.7042843699455261,32.39980697631836,0.8756704330444336,0.0014016913482919335,4.005825996398926,0.10826556384563446,0.3802459239959717,23.091760635375977,0.6241016387939453,0.07306712120771408,8.794123649597168,0.23767901957035065,1.9622615556998557,1.0,6,6
ak_4-a-5_kv_kv-khargone_06082025-000000-1_EN-OL-RC-313_2,someone,someone,c,5.25,6.03,0.78,0.78,someone,S AH M W AH N,* S AH M W AH N * SIL *,S AH M W AH N,262,302,40,-0.4856553077697754,-1.0715116262435913,-0.026787791401147842,-0.9753318428993225,-20.08456802368164,-0.5021141767501831,0.00025669459137134254,3.227224111557007,0.08068060129880905,1.042757272720337,72.24063110351562,1.8060157299041748,0.8144005537033081,39.578460693359375,0.9894615411758423,0.519247829914093,28.549482345581055,0.7137370705604553,0.0002951642090920359,0.6827775239944458,0.017069438472390175,0.7910439372062683,35.93240737915039,0.8983101844787598,0.009633676148951054,6.416096210479736,0.16040240228176117,0.4776076078414917,26.779218673706055,0.6694804430007935,0.11611315608024597,11.472764015197754,0.28681910037994385,0.0,0.0,6,6
ak_4-a-5_kv_kv-khargone_06082025-000000-1_EN-OL-RC-313_2,was,was,c,6.12,6.81,0.69,0.69,was,W AO Z,W AO Z * SIL *,W AO Z,306,341,35,-0.3768827021121979,-0.5749639272689819,-0.0164275411516428,-1.03878653049469,-13.30095386505127,-0.38002726435661316,0.00019891504780389369,1.5801347494125366,0.04514670744538307,1.0110187530517578,53.823936462402344,1.5378267765045166,0.8540334105491638,34.77425765991211,0.9935502409934998,0.5096089839935303,26.371593475341797,0.7534741163253784,0.0002507725730538368,1.0296422243118286,0.029418349266052246,0.7901630401611328,32.17507553100586,0.9192878603935242,0.009446960873901844,8.3050537109375,0.2372872531414032,0.47646886110305786,25.200607299804688,0.7200173735618591,0.11551135033369064,12.3165922164917,0.35190263390541077,0.0,0.0,3,3
ak_4-a-5_kv_kv-khargone_06082025-000000-1_EN-OL-RC-313_2,putting,putting,c,7.26,7.92,0.66,0.66,putting,P UH T IH NG,T IH * SIL *,T IH,363,396,33,-0.2746259570121765,-1.2209361791610718,-0.036998067051172256,-1.388205647468567,-24.718313217163086,-0.7490397691726685,0.0021125036291778088,4.099135398864746,0.1242162212729454,1.6683770418167114,78.5370864868164,2.3799116611480713,0.8922877907752991,32.51499938964844,0.9853029847145081,0.43493062257766724,20.266292572021484,0.6141300797462463,7.091900624800473e-05,0.08005012571811676,0.002425761427730322,0.6944963335990906,27.918807983398438,0.8460245132446289,0.001127738389186561,1.5771629810333252,0.047792818397283554,0.37079304456710815,18.640239715576172,0.5648557543754578,0.0696801096200943,5.868138790130615,0.17782238125801086,11.455723865463263,3.0,5,2
ak_4-a-5_kv_kv-khargone_06082025-000000-1_EN-OL-RC-313_2,something,something,c,8.13,8.82,0.69,0.69,something,S AH M TH IH NG,S AH M TH IH NG *,S AH M TH IH NG,406,441,35,-0.05956864356994629,-0.23854443430900574,-0.006815555039793253,-0.941596269607544,-16.16485023498535,-0.46185287833213806,0.00029595213709399104,1.2243417501449585,0.03498119115829468,1.12266206741333,62.553035736083984,1.7872295379638672,0.9760041832923889,34.903629302978516,0.9972465634346008,0.551692008972168,25.052682876586914,0.7157909274101257,0.0005108689656481147,0.6230208873748779,0.017800597473978996,0.8056585192680359,31.58253288269043,0.9023580551147461,0.013329301960766315,6.055335521697998,0.17300958931446075,0.49706363677978516,23.757844924926758,0.678795576095581,0.12681126594543457,10.421220779418945,0.2977491617202759,0.0,0.0,6,6
ak_4-a-5_kv_kv-khargone_06082025-000000-1_EN-OL-RC-313_2,[INS:one],one,i,8.82,9.75,0.93,0.93,one,,* W AH N * SIL *,W AH N,441,488,47,-0.6792055368423462,-2.134594678878784,-0.04541690647602081,-1.7701691389083862,-26.770917892456055,-0.5695940256118774,0.00014032074250280857,5.39126443862915,0.11470775306224823,1.0848406553268433,94.10908508300781,2.0023210048675537,0.7464886903762817,46.172142028808594,0.9823859930038452,0.422549843788147,32.02817916870117,0.681450605392456,5.751661956310272e-05,0.40575408935546875,0.008633065968751907,0.635200023651123,41.50785827636719,0.8831459283828735,0.00030203693313524127,5.390908718109131,0.11470018327236176,0.31843775510787964,29.964393615722656,0.6375402808189392,0.05298720300197601,11.653085708618164,0.24793799221515656,,,0,3
ak_4-a-5_kv_kv-khargone_06082025-000000-1_EN-OL-RC-313_2,on,on,c,9.81,10.26,0.45,0.45,on,AO N,AO N *,AO N,490,513,23,-0.434741735458374,-0.5797491669654846,-0.025206485763192177,-1.0107543468475342,-11.596475601196289,-0.5041946172714233,0.00046442460734397173,1.3365254402160645,0.05810980126261711,1.2246453762054443,43.80398941040039,1.9045212268829346,0.832817554473877,22.774415969848633,0.9901919960975647,0.5111415386199951,16.075084686279297,0.6989167332649231,0.00025735629606060684,0.2594798803329468,0.011281734332442284,0.7828404903411865,20.595462799072266,0.8954548835754395,0.008028557524085045,3.1408207416534424,0.1365574300289154,0.46714484691619873,15.171854972839355,0.6596458554267883,0.1106812059879303,6.198048114776611,0.2694803476333618,0.0,0.0,2,2
ak_4-a-5_kv_kv-khargone_06082025-000000-1_EN-OL-RC-313_2,them,them,c,10.26,10.74,0.48,0.48,them,DH EH M,DH EH N *,DH EH N,513,537,24,-0.58014315366745,-1.2452521324157715,-0.05188550427556038,-1.4774014949798584,-12.627002716064453,-0.5261251330375671,0.00032735534477978945,2.579787254333496,0.107491135597229,1.178665041923523,44.3290901184082,1.8470454216003418,0.7808365821838379,23.519668579101562,0.9799861907958984,0.45736998319625854,16.866939544677734,0.7027891278266907,0.00010365949856350198,0.3884555995464325,0.01618565060198307,0.713417649269104,21.405040740966797,0.8918766975402832,0.001717033563181758,3.838395118713379,0.15993313491344452,0.3893040418624878,15.887405395507812,0.6619752049446106,0.07642976194620132,6.797552585601807,0.28323134779930115,5.681375345371913,1.0,3,3
ak_4-a-5_kv_kv-khargone_06082025-000000-1_EN-OL-RC-313_2,the,the,c,10.77,11.19,0.42,0.42,the,DH AH,DH AH * SIL *,DH AH,538,560,22,-0.6053776741027832,-0.6757099032402039,-0.030714087188243866,-1.01432204246521,-10.410633087158203,-0.4732106029987335,0.0003454798716120422,1.1026020050048828,0.05011827126145363,1.1410765647888184,40.29185485839844,1.831447958946228,0.7720061540603638,21.743532180786133,0.9883423447608948,0.5693769454956055,15.69719123840332,0.713508665561676,0.0006889208452776074,0.29579922556877136,0.013445419259369373,0.826115608215332,19.868986129760742,0.9031357169151306,0.020998917520046234,3.298203706741333,0.1499183475971222,0.5262632966041565,14.823577880859375,0.6737989783287048,0.14443953335285187,6.230948448181152,0.2832249402999878,0.0,0.0,2,2
ak_4-a-5_kv_kv-khargone_06082025-000000-1_EN-OL-RC-313_2,kind,kind,c,11.46,11.97,0.51,0.51,kind,K AY N D,K AY N D *,K AY N D,573,599,26,-0.6372426748275757,-1.4128135442733765,-0.054338984191417694,-1.2575383186340332,-15.175344467163086,-0.5836670994758606,0.0002275471342727542,3.053535223007202,0.11744366586208344,1.0702699422836304,52.04357147216797,2.001675844192505,0.7609347701072693,25.454639434814453,0.9790245890617371,0.4669637680053711,17.668333053588867,0.6795512437820435,0.00012192111898912117,0.256998211145401,0.009884546510875225,0.7257804870605469,22.923654556274414,0.8816789984703064,0.0022597883362323046,3.088550329208374,0.1187903955578804,0.40195298194885254,16.516746520996094,0.6352595090866089,0.08132487535476685,6.4629316329956055,0.24857428669929504,0.0,0.0,4,4
ak_4-a-5_kv_kv-khargone_06082025-000000-1_EN-OL-RC-313_2,man,when,s,11.97,12.39,0.42,0.42,when,M AE N,* W AE N *,W AE N,598,620,22,-0.6372426748275757,-1.8722187280654907,-0.08510085195302963,-1.5729314088821411,-13.737882614135742,-0.6244491934776306,0.00043294543866068125,4.073626518249512,0.18516483902931213,1.1660878658294678,43.648128509521484,1.9840058088302612,0.7609347701072693,21.280794143676758,0.9673088192939758,0.4126458764076233,14.938955307006836,0.6790434122085571,4.864205766352825e-05,0.24407126009464264,0.011094148270785809,0.6652655601501465,19.234722137451172,0.8743055462837219,0.0005890628090128303,2.7397713661193848,0.12453506141901016,0.3440004587173462,13.85454273223877,0.6297519207000732,0.060720253735780716,5.496491432189941,0.24984051287174225,7.551651982520648,1.0,3,3
ak_4-a-5_kv_kv-khargone_06082025-000000-1_EN-OL-RC-313_2,then,then,c,12.39,12.93,0.54,0.54,then,DH EH N,DH EH N * SIL *,DH EH N,619,647,28,-0.08697832375764847,-0.21938888728618622,-0.00783531740307808,-1.135226845741272,-12.034887313842773,-0.42981740832328796,0.00025423418264836073,1.0494569540023804,0.03748060390353203,1.085365891456604,47.86444091796875,1.709444284439087,0.9650822877883911,27.911579132080078,0.996842086315155,0.5279994010925293,20.378002166748047,0.7277857661247253,0.00034223985858261585,0.5830174684524536,0.020822051912546158,0.7683866024017334,25.43445587158203,0.9083734154701233,0.005823337938636541,5.355091571807861,0.19125327467918396,0.4494418501853943,19.39470672607422,0.692668080329895,0.10197173058986664,8.802088737487793,0.3143603205680847,0.0,0.0,3,3
ak_4-a-5_kv_kv-khargone_06082025-000000-1_EN-OL-RC-313_2,told,told,c,13.02,13.56,0.54,0.54,told,T OW L D,T OW L D *,T OW L D,651,678,27,-0.5608057975769043,-0.6798483729362488,-0.02517956867814064,-1.0393515825271606,-10.961268424987793,-0.4059728980064392,0.00021355203352868557,1.1783686876296997,0.0436432845890522,1.0451968908309937,44.618751525878906,1.6525464057922363,0.7876412868499756,26.73981475830078,0.9903635382652283,0.5454078912734985,19.87740707397461,0.7362002730369568,0.00045937273534946144,0.6147512793540955,0.022768566384911537,0.804807186126709,24.67934226989746,0.9140496850013733,0.013079557567834854,5.555477619171143,0.20575843751430511,0.4958999752998352,19.011512756347656,0.7041301131248474,0.1261487752199173,8.838821411132812,0.3273637592792511,0.0,0.0,4,4
ak_4-a-5_kv_kv-khargone_06082025-000000-1_EN-OL-RC-313_2,him,him,c,13.56,14.04,0.48,0.48,him,HH IH M,* HH IH M *,HH IH M,678,702,24,-0.041067417711019516,-0.1074591875076294,-0.004477465990930796,-0.814970076084137,-9.925093650817871,-0.4135455787181854,0.0002054566575679928,0.5665830373764038,0.02360762655735016,1.0627504587173462,40.929298400878906,1.7053874731063843,0.9834188222885132,23.956520080566406,0.998188316822052,0.5862828493118286,17.510334014892578,0.729597270488739,0.0009168673423118889,0.4743702709674835,0.019765427336096764,0.8352081179618835,21.883943557739258,0.9118309617042542,0.02569982409477234,4.504873752593994,0.18770307302474976,0.540071427822113,16.710487365722656,0.6962702870368958,0.15348736941814423,7.535973072052002,0.31399887800216675,0.0,0.0,3,3
ak_4-a-5_kv_kv-khargone_06082025-000000-1_EN-OL-RC-313_2,that,that,c,14.04,14.43,0.39,0.39,that,DH AE T,* DH AE T *,DH AE T,701,722,21,-0.34141603112220764,-0.46606311202049255,-0.022193482145667076,-0.9401551485061646,-8.225296974182129,-0.3916808068752289,0.0001438433537259698,1.2071067094802856,0.05748127028346062,0.9565045833587646,32.44293975830078,1.5449018478393555,0.8671908974647522,20.816818237304688,0.9912770390510559,0.5387862920761108,15.80357551574707,0.7525511980056763,0.00041071607847698033,0.6516708135604858,0.03103194385766983,0.804179847240448,19.28541374206543,0.9183530211448669,0.012898514047265053,4.940485000610352,0.23526118695735931,0.49504488706588745,15.067832946777344,0.7175158262252808,0.1256638467311859,7.347968578338623,0.34990325570106506,0.0,0.0,3,3
ak_4-a-5_kv_kv-khargone_06082025-000000-1_EN-OL-RC-313_2,he,he,c,14.43,14.79,0.36,0.36,he,HH IY,* HH IY *,HH IY,721,740,19,-0.04397086426615715,-0.12350079417228699,-0.006500041577965021,-0.8794583082199097,-8.828044891357422,-0.4646339416503906,0.0003207383560948074,0.6292662024497986,0.03311927244067192,1.1949763298034668,34.68414306640625,1.8254811763763428,0.9822528958320618,18.95006561279297,0.9973718523979187,0.5481504201889038,13.51559829711914,0.7113472819328308,0.0004811759863514453,0.2713892161846161,0.01428364310413599,0.813110888004303,17.139301300048828,0.9020684957504272,0.015729499980807304,2.971536159515381,0.15639664232730865,0.5074195861816406,12.811604499816895,0.6742949485778809,0.13283905386924744,5.449892997741699,0.2868364751338959,0.0,0.0,2,2
ak_4-a-5_kv_kv-khargone_06082025-000000-1_EN-OL-RC-313_2,had,had,c,14.79,15.33,0.54,0.54,had,HH AE D,* HH AE D * SIL *,HH AE D,739,767,28,-0.06758059561252594,-0.22596174478530884,-0.008070061914622784,-1.0244687795639038,-13.1194429397583,-0.46855154633522034,0.000423232966568321,1.096189022064209,0.039149608463048935,1.1873492002487183,50.88819122314453,1.817435383796692,0.9728041291236877,27.90876579284668,0.9967416524887085,0.5394124388694763,20.0058536529541,0.7144947648048401,0.0004150872118771076,0.41382282972335815,0.014779387041926384,0.7895017266273499,25.262537002563477,0.9022334814071655,0.009309178218245506,4.377259731292725,0.15633070468902588,0.4756165146827698,18.887372970581055,0.6745490431785583,0.11506259441375732,8.037501335144043,0.2870536148548126,0.0,0.0,3,3
ak_4-a-5_kv_kv-khargone_06082025-000000-1_EN-OL-RC-313_2,put,put,c,15.72,16.08,0.36,0.36,put,P UH T,K UH D *,K UH D,786,804,18,-0.4169197976589203,-1.1116489171981812,-0.06175827234983444,-1.6988162994384766,-14.442728996276855,-0.8023738265037537,0.003584101563319564,3.5075623989105225,0.19486457109451294,1.9386811256408691,43.40840148925781,2.4115779399871826,0.8393198251724243,17.564899444580078,0.9758277535438538,0.38786423206329346,10.82964038848877,0.6016466617584229,3.1977484468370676e-05,0.042827751487493515,0.002379319630563259,0.6216800808906555,14.972892761230469,0.8318274021148682,0.00022366968914866447,0.8856440186500549,0.04920244589447975,0.3075271248817444,9.921496391296387,0.5511942505836487,0.04991021007299423,3.125885009765625,0.1736602783203125,9.459006755091702,2.0,3,3
ak_4-a-5_kv_kv-khargone_06082025-000000-1_EN-OL-RC-313_2,something,something,c,16.08,16.86,0.78,0.78,something,S AH M TH IH NG,* S AH M TH IH NG * SIL *,S AH M TH IH NG,803,843,40,-0.3715543746948242,-0.961863100528717,-0.024046577513217926,-1.1375744342803955,-22.43927764892578,-0.5609819293022156,0.0005995675455778837,3.158099889755249,0.07895249873399734,1.2074568271636963,79.10454559326172,1.9776136875152588,0.856002688407898,39.618812561035156,0.990470290184021,0.49711930751800537,27.444976806640625,0.6861244440078735,0.0002030286268563941,0.4078179597854614,0.010195448994636536,0.7604568004608154,35.40454864501953,0.8851137161254883,0.004882679786533117,4.859506130218506,0.12148765474557877,0.4400988221168518,25.63379669189453,0.6408449411392212,0.09760768711566925,10.102682113647461,0.2525670528411865,0.0,0.0,6,6
ak_4-a-5_kv_kv-khargone_06082025-000000-1_EN-OL-RC-313_2,on,on,c,17.34,17.73,0.39,0.39,on,AO N,AO N *,AO N,867,887,20,-0.027307255193591118,-0.08930704742670059,-0.004465352278202772,-1.0700539350509644,-9.427129745483398,-0.47135648131370544,0.00033636626903899014,0.5446396470069885,0.027231981977820396,1.1299749612808228,36.86864471435547,1.8434321880340576,0.9889554977416992,19.963842391967773,0.9981921315193176,0.49150145053863525,14.152090072631836,0.7076045274734497,0.00018462861771695316,0.29291269183158875,0.014645634219050407,0.7673651576042175,17.992952346801758,0.89964759349823,0.00569267338141799,3.134984016418457,0.1567492038011551,0.4482242465019226,13.424229621887207,0.6712114810943604,0.10139410197734833,5.715471267700195,0.2857735753059387,0.0,0.0,2,2
ak_4-a-5_kv_kv-khargone_06082025-000000-1_EN-OL-RC-313_2,his,his,c,17.73,18.15,0.42,0.42,his,HH IH Z,* HH IH Z * SIL,HH IH Z,886,908,22,-0.6840445399284363,-1.2778605222702026,-0.05808456987142563,-1.1921565532684326,-13.163386344909668,-0.5983357429504395,0.0006387768080458045,2.6884307861328125,0.12220139801502228,1.2759952545166016,44.168785095214844,2.007672071456909,0.7448325157165527,21.508352279663086,0.977652370929718,0.45377880334854126,14.941829681396484,0.6791740655899048,9.75505099631846e-05,0.20850354433059692,0.009477433748543262,0.7348041534423828,19.35578155517578,0.879808247089386,0.0027614475693553686,2.5065295696258545,0.11393316090106964,0.41148442029953003,13.90424633026123,0.6320111751556396,0.0851733610033989,5.382089614868164,0.24464043974876404,0.0,0.0,3,3
ak_4-a-5_kv_kv-khargone_06082025-000000-1_EN-OL-RC-313_2,eyes,eyes,c,18.21,18.57,0.36,0.36,eyes,AA IY Z,AY * SIL *,AY,910,929,19,-0.6623794436454773,-1.4816181659698486,-0.07797989994287491,-1.6254332065582275,-16.61837387084961,-0.8746512532234192,0.008492887951433659,3.714759349822998,0.19551365077495575,1.9111599922180176,48.30649948120117,2.542447328567505,0.752263069152832,18.428327560424805,0.9699119925498962,0.4121217131614685,10.89520263671875,0.5734317302703857,4.8212514229817316e-05,0.029806988313794136,0.0015687888953834772,0.6464529037475586,15.542869567871094,0.8180457949638367,0.0003878281859215349,0.5966693162918091,0.03140364959836006,0.32778704166412354,9.97957992553711,0.5252410769462585,0.055728111416101456,2.8793036937713623,0.1515423059463501,11.344673106585462,3.0,3,1
ak_4-a-5_kv_kv-khargone_06082025-000000-1_EN-OL-RC-313_2,and,and,c,18.75,19.26,0.51,0.51,and,AE N D,AE N D * SIL *,AE N D,937,964,27,-0.21699918806552887,-0.3692988157272339,-0.013677733950316906,-0.8713242411613464,-11.866045951843262,-0.4394831955432892,0.0001405892107868567,1.2766082286834717,0.04728178679943085,0.9641616344451904,46.72647476196289,1.7306101322174072,0.914280891418457,26.852718353271484,0.9945451021194458,0.5867273807525635,19.643590927124023,0.7275404334068298,0.0009237842750735581,0.534455418586731,0.0197946447879076,0.8234422206878662,24.531871795654297,0.9085878729820251,0.019787980243563652,4.850804805755615,0.17965944111347198,0.5223054885864258,18.607131958007812,0.6891530156135559,0.14193309843540192,8.279269218444824,0.3066396117210388,0.0,0.0,3,3
ak_4-a-5_kv_kv-khargone_06082025-000000-1_EN-OL-RC-313_2,instructed,इंस्ट्रकशेड,s,19.29,20.67,1.38,1.38,इंस्ट्रकशेड,IH N S T R AH K T EH D,IH N S T R AH K CH EY D * SIL *,IH N S T R AH K CH EY D,964,1034,70,-0.8989516496658325,-4.8765034675598145,-0.06966433674097061,-1.80640709400177,-55.99452590942383,-0.7999218106269836,0.0014934520004317164,11.320531845092773,0.16172188520431519,1.5069788694381714,170.29454040527344,2.43277907371521,0.6732653975486755,68.13639831542969,0.9733771085739136,0.4160770773887634,42.14466094970703,0.6020665764808655,5.154995233169757e-05,0.15624608099460602,0.002232086844742298,0.6508162021636963,58.483489990234375,0.8354784250259399,0.0004273077065590769,3.0976977348327637,0.044252824038267136,0.33148086071014404,38.58914566040039,0.5512735247612,0.05683831498026848,11.906606674194336,0.17009438574314117,9.19591827030901,2.0,10,10
ak_4-a-5_kv_kv-khargone_06082025-000000-1_EN-OL-RC-313_2,him,him,c,20.73,21.27,0.54,0.54,him,HH IH M,HH IH M * SIL *,HH IH M,1036,1064,28,-0.05552451312541962,-0.2183404564857483,-0.007797873578965664,-1.1834959983825684,-13.846261978149414,-0.49450936913490295,0.0005926992744207382,1.135864496231079,0.040566589683294296,1.2512969970703125,52.87252426147461,1.8883044719696045,0.9776219725608826,27.911787033081055,0.996849536895752,0.4647120237350464,19.619701385498047,0.7007036209106445,0.00011736526357708499,0.33039963245391846,0.011799986474215984,0.7394716739654541,25.076675415039062,0.8955955505371094,0.0030631849076598883,3.970767021179199,0.14181311428546906,0.41651880741119385,18.53767204284668,0.6620597243309021,0.08726348727941513,7.65787410736084,0.27349549531936646,0.0,0.0,3,3
ak_4-a-5_kv_kv-khargone_06082025-000000-1_EN-OL-RC-313_2,to,to,c,21.6,21.96,0.36,0.36,to,T UW,T UW *,T UW,1080,1098,18,-0.19790898263454437,-0.2386387139558792,-0.01325770653784275,-1.0279462337493896,-8.11618709564209,-0.45089927315711975,0.0003566618834156543,0.7399739027023315,0.041109662503004074,1.154924750328064,32.11199951171875,1.7839999198913574,0.9216367602348328,17.905132293701172,0.9947295784950256,0.5462394952774048,12.858965873718262,0.7143869996070862,0.0004658773250412196,0.3273729979991913,0.01818738877773285,0.8002852201461792,16.268587112426758,0.9038103818893433,0.011829339899122715,3.1749603748321533,0.17638668417930603,0.48978328704833984,12.268067359924316,0.6815593242645264,0.12271451205015182,5.417116165161133,0.30095088481903076,0.0,0.0,2,2
ak_4-a-5_kv_kv-khargone_06082025-000000-1_EN-OL-RC-313_2,wash,wash,c,21.96,22.44,0.48,0.48,wash,W AO SH,* W AO Z *,W AO Z,1098,1122,24,-0.3328366279602051,-0.8432155251502991,-0.035133980214595795,-1.2228955030441284,-13.811399459838867,-0.5754749774932861,0.0004597707011271268,2.2471461296081543,0.0936310887336731,1.2314285039901733,47.905906677246094,1.996079444885254,0.8703912496566772,23.668663024902344,0.9861943125724792,0.4430052638053894,16.2830867767334,0.6784619688987732,8.129901834763587e-05,0.2567739486694336,0.010698914527893066,0.7253226041793823,21.13217544555664,0.8805072903633118,0.0022369164507836103,2.996593952178955,0.1248580813407898,0.4014762043952942,15.274920463562012,0.6364549994468689,0.08113604784011841,6.062667369842529,0.2526111304759979,3.7005903088228775,1.0,3,3
ak_4-a-5_kv_kv-khargone_06082025-000000-1_EN-OL-RC-313_2,them,them,c,22.44,22.86,0.42,0.42,them,DH EH M,* DH EH M * SIL,DH EH M,1122,1143,21,-0.3963681161403656,-1.1476871967315674,-0.05465177074074745,-1.4488015174865723,-12.209149360656738,-0.5813880562782288,0.0005255206488072872,3.0504026412963867,0.14525726437568665,1.2716176509857178,40.571449279785156,1.9319738149642944,0.8468542098999023,20.550214767456055,0.9785816669464111,0.4480496048927307,14.434026718139648,0.6873345971107483,8.854066982166842e-05,0.26475632190704346,0.012607444077730179,0.6985087394714355,18.493789672851562,0.8806566596031189,0.0012328873854130507,2.913907527923584,0.13875749707221985,0.37463706731796265,13.47859001159668,0.6418375968933105,0.07104267179965973,5.518385887145996,0.2627802789211273,0.0,0.0,3,3
ak_4-a-5_kv_kv-khargone_06082025-000000-1_EN-OL-RC-313_2,in,in,c,22.92,23.4,0.48,0.48,in,IH N,IH N * SIL *,IH N,1146,1170,24,-0.5896792411804199,-1.0876916646957397,-0.04532048478722572,-1.0573093891143799,-12.693881034851074,-0.5289117097854614,0.0005526191089302301,1.9947490692138672,0.08311454206705093,1.2619792222976685,46.30132293701172,1.929221749305725,0.7774929404258728,23.582347869873047,0.982597827911377,0.5013184547424316,16.706275939941406,0.696094810962677,0.00021796942746732384,0.24522869288921356,0.010217862203717232,0.7754834294319153,21.433237075805664,0.8930515646934509,0.006817879155278206,3.0411691665649414,0.12671537697315216,0.4580215811729431,15.68172836303711,0.6534053683280945,0.1061190739274025,6.272256374359131,0.2613440155982971,0.0,0.0,2,2
ak_4-a-5_kv_kv-khargone_06082025-000000-1_EN-OL-RC-313_2,the,the,c,23.76,24.06,0.3,0.3,the,DH AH,DH AH *,DH AH,1188,1203,15,-0.16973812878131866,-0.3323363959789276,-0.02215575985610485,-0.8848652243614197,-6.878726005554199,-0.45858174562454224,0.000547582283616066,1.0096684694290161,0.06731123477220535,1.1667622327804565,26.143325805664062,1.742888331413269,0.9325559735298157,14.867488861083984,0.9911659359931946,0.5684486627578735,10.871270179748535,0.724751353263855,0.0006781925330869853,0.28216826915740967,0.018811218440532684,0.8278223276138306,13.587899208068848,0.9058599472045898,0.021810466423630714,2.642920732498169,0.1761947125196457,0.5288137793540955,10.267866134643555,0.684524416923523,0.14607492089271545,4.532743453979492,0.3021828830242157,0.0,0.0,2,2
ak_4-a-5_kv_kv-khargone_06082025-000000-1_EN-OL-RC-313_2,pool,pool,c,24.06,24.45,0.39,0.39,pool,P UW L,P UW L *,P UW L,1203,1223,20,-0.17177316546440125,-0.3330754041671753,-0.016653770580887794,-1.178084373474121,-11.357857704162598,-0.5678929090499878,0.0005702379276044667,1.4250011444091797,0.0712500587105751,1.305505633354187,39.384559631347656,1.9692280292510986,0.9317646026611328,19.866561889648438,0.9933280944824219,0.4550403356552124,13.568729400634766,0.6784364581108093,9.96543894871138e-05,0.252259224653244,0.012612961232662201,0.7408043146133423,17.58072853088379,0.8790364265441895,0.003155234968289733,2.8058600425720215,0.14029300212860107,0.4179697632789612,12.786489486694336,0.6393244862556458,0.08787336200475693,5.241331577301025,0.2620665729045868,0.0,0.0,3,3
ak_4-a-5_kv_kv-khargone_06082025-000000-1_EN-OL-RC-313_2,the,the,c,24.45,24.75,0.3,0.3,the,DH AH,* DH AH *,DH AH,1222,1238,16,-0.36104124784469604,-0.6974043846130371,-0.04358777403831482,-1.0390468835830688,-8.672099113464355,-0.5420061945915222,0.0007190469186753035,1.7100533246994019,0.10687833279371262,1.2485682964324951,30.546974182128906,1.9091858863830566,0.8598958849906921,15.72566032409668,0.9828537702560425,0.5651016235351562,11.176358222961426,0.6985223889350891,0.0006408792687579989,0.19488944113254547,0.012180590070784092,0.8165009617805481,14.272736549377441,0.8920460343360901,0.016959993168711662,2.103037118911743,0.13143981993198395,0.5122343897819519,10.438925743103027,0.6524328589439392,0.13572397828102112,4.211254596710205,0.2632034122943878,0.0,0.0,2,2
ak_4-a-5_kv_kv-khargone_06082025-000000-1_EN-OL-RC-313_2,first,first,c,24.78,25.26,0.48,0.48,first,F AH R S T,F AH R S T *,F AH R S T,1239,1263,24,-0.3706064820289612,-0.9515653848648071,-0.03964855894446373,-1.0297576189041138,-13.794245719909668,-0.5747602581977844,0.0006209524581208825,2.737546920776367,0.11406445503234863,1.3990918397903442,47.157745361328125,1.964906096458435,0.8563532829284668,23.623653411865234,0.9843189120292664,0.5292363166809082,16.524341583251953,0.688514232635498,0.00034947297535836697,0.23197758197784424,0.009665732271969318,0.7850364446640015,21.237497329711914,0.8848957419395447,0.008429963141679764,2.858245372772217,0.11909355968236923,0.46991485357284546,15.35023307800293,0.6395930647850037,0.11209820955991745,6.013199806213379,0.2505500018596649,0.0,0.0,5,5
ak_4-a-5_kv_kv-khargone_06082025-000000-1_EN-OL-RC-313_2,man,man,c,25.29,25.8,0.51,0.51,man,M AE N,* M AE N * SIL *,M AE N,1264,1290,26,-0.2080341875553131,-0.47173070907592773,-0.018143488094210625,-1.1963634490966797,-13.924434661865234,-0.5355551838874817,0.0005455704522319138,1.8769543170928955,0.0721905529499054,1.2573822736740112,49.79405212402344,1.9151558876037598,0.9177309274673462,25.8112850189209,0.9927417039871216,0.46046340465545654,18.02537727355957,0.69328373670578,0.00010922744695562869,0.3228938579559326,0.012418994680047035,0.7360904812812805,23.08939552307129,0.8880536556243896,0.002841503359377384,3.6576592922210693,0.14067921042442322,0.4128645658493042,16.934337615966797,0.6513206958770752,0.08574236929416656,6.964067459106445,0.26784875988960266,0.0,0.0,3,3
ak_4-a-5_kv_kv-khargone_06082025-000000-1_EN-OL-RC-313_2,advised,अडवायझेड,s,26.07,27.03,0.96,0.96,अडवायझेड,AH D V AY Z D,AE D W AY Z EY D *,AE D W AY Z EY D,1303,1352,49,-1.1008507013320923,-4.325056076049805,-0.08826644718647003,-1.9524508714675903,-41.79119110107422,-0.8528814315795898,0.0009012112859636545,10.600960731506348,0.2163461446762085,1.5991624593734741,121.3853988647461,2.477252960205078,0.6094443798065186,47.370887756347656,0.966752827167511,0.3670569658279419,28.765743255615234,0.5870559811592102,2.2480637198896147e-05,0.10183628648519516,0.002078291494399309,0.558385968208313,40.30354690551758,0.8225213885307312,5.481296466314234e-05,2.057954788208008,0.041999075561761856,0.2605554461479187,26.272335052490234,0.5361701250076294,0.03803762421011925,7.971460342407227,0.16268286108970642,7.296931473442529,3.0,6,7
ak_4-a-5_kv_kv-khargone_06082025-000000-1_EN-OL-RC-313_2,him,him,c,27.03,27.51,0.48,0.48,him,HH IH M,* HH IH M *,HH IH M,1351,1376,25,-0.44064944982528687,-0.6808921098709106,-0.027235684916377068,-1.0002522468566895,-12.178984642028809,-0.4871593713760376,0.0002950468333438039,1.63577139377594,0.06543085724115372,1.1413328647613525,45.782623291015625,1.831304907798767,0.8306684494018555,24.734092712402344,0.9893637299537659,0.508864164352417,17.70368766784668,0.7081475257873535,0.00024763401597738266,0.3754715621471405,0.015018862672150135,0.7838740348815918,22.474414825439453,0.8989765644073486,0.008215046487748623,3.9444706439971924,0.15777882933616638,0.4684458374977112,16.75371742248535,0.6701486706733704,0.11134486645460129,7.140153408050537,0.28560614585876465,0.0,0.0,3,3
ak_4-a-5_kv_kv-khargone_06082025-000000-1_EN-OL-RC-313_2,to,to,c,27.51,27.84,0.33,0.33,to,T UW,* T UW *,T UW,1375,1392,17,-0.37952524423599243,-0.6884223818778992,-0.040495432913303375,-1.0512065887451172,-7.7220258712768555,-0.45423680543899536,0.00020838723867200315,1.3377182483673096,0.07868930697441101,1.073817491531372,29.67353057861328,1.7455017566680908,0.8530578017234802,16.73189353942871,0.9842290282249451,0.5575878620147705,12.252660751342773,0.7207447290420532,0.0005644205375574529,0.3249412178993225,0.019114188849925995,0.8045811653137207,15.402222633361816,0.9060130715370178,0.013014036230742931,3.0619616508483887,0.18011538684368134,0.4955916404724121,11.659217834472656,0.6858363151550293,0.12597371637821198,5.187778949737549,0.3051634728908539,0.0,0.0,2,2
ak_4-a-5_kv_kv-khargone_06082025-000000-1_EN-OL-RC-313_2,follow,follow,c,27.84,28.44,0.6,0.6,follow,F AO L OW,* F AO L OW * SIL *,F AO L OW,1392,1422,30,-0.09951040148735046,-0.2851191461086273,-0.00950397178530693,-0.9409487247467041,-14.626327514648438,-0.4875442385673523,0.00021565158385783434,1.2523249387741089,0.041744165122509,1.079215168952942,55.544281005859375,1.8514760732650757,0.9601137638092041,29.885238647460938,0.9961746335029602,0.5481228828430176,21.169641494750977,0.7056547403335571,0.00048095209058374166,0.4662853181362152,0.01554284431040287,0.8049612045288086,26.92842674255371,0.8976142406463623,0.013124389573931694,4.698142051696777,0.15660473704338074,0.49611014127731323,20.026363372802734,0.6675454378128052,0.12626823782920837,8.513598442077637,0.2837866246700287,0.0,0.0,4,4
ak_4-a-5_kv_kv-khargone_06082025-000000-1_EN-OL-RC-313_2,jesus's,जुसे,s,28.8,29.7,0.9,0.9,जुसे,JH IY S AH S IH Z,JH UW S * SIL *,JH UW S,1440,1485,45,-0.6312485933303833,-2.990617275238037,-0.06645815819501877,-1.7963851690292358,-39.927093505859375,-0.8872687220573425,0.001798413461074233,9.353052139282227,0.20784559845924377,1.7247073650360107,114.19758605957031,2.537724018096924,0.7630106210708618,43.838069915771484,0.9741793274879456,0.35143667459487915,25.717496871948242,0.5714999437332153,1.7252537872991525e-05,0.08996560424566269,0.001999235711991787,0.5958092212677002,36.593101501464844,0.8131800293922424,0.00012588671233970672,1.6549495458602905,0.03677665814757347,0.287556529045105,23.475788116455078,0.5216841697692871,0.044600535184144974,6.885458946228027,0.15301020443439484,22.50233448000162,5.0,7,3
ak_4-a-5_kv_kv-khargone_06082025-000000-1_EN-OL-RC-313_2,instructions,इंट्र्क्संस,s,30.18,31.5,1.32,1.32,इंट्र्क्संस,IH N S T R AH K SH AH N Z,IH N T R K AH N * SIL *,IH N T R K AH N,1509,1575,66,-0.9456431269645691,-5.819132328033447,-0.0881686732172966,-1.913680076599121,-59.33770751953125,-0.8990561962127686,0.004352058283984661,13.725492477416992,0.2079620063304901,1.7968456745147705,169.5162811279297,2.5684285163879395,0.6582184433937073,63.79899978637695,0.9666514992713928,0.38187044858932495,37.43442153930664,0.5671882033348083,2.8891477995784953e-05,0.100453220307827,0.001522018457762897,0.6206643581390381,53.535484313964844,0.811143696308136,0.00021867848408874124,2.19431471824646,0.033247191458940506,0.306721031665802,34.19867706298828,0.5181617736816406,0.0496879406273365,9.876522064208984,0.14964427053928375,13.854831888517953,4.0,11,7
ak_4-a-5_kv_kv-khargone_06082025-000000-1_EN-OL-RC-313_2,jacob,jacob,c,31.65,32.4,0.75,0.75,jacob,JH EY K AH B,JH EY K AH *,JH EY K AH,1582,1620,38,-0.6409350037574768,-1.1959768533706665,-0.0314730741083622,-1.4941903352737427,-22.174205780029297,-0.5835317373275757,0.0005739752086810768,3.401556968688965,0.08951465785503387,1.3054053783416748,76.92570495605469,2.0243606567382812,0.7596574425697327,37.53700256347656,0.9878158569335938,0.4944785237312317,25.697925567626953,0.6762611865997314,0.0001941615337273106,0.3437577188014984,0.009046255610883236,0.723313570022583,33.39482116699219,0.8788110613822937,0.0021392644848674536,4.432392120361328,0.11664190143346786,0.3993920087814331,24.015913009643555,0.6319977045059204,0.08031455427408218,9.353286743164062,0.24613912403583527,3.9911731873832896,1.0,5,4
ak_4-a-5_kv_kv-khargone_06082025-000000-1_EN-OL-RC-313_2,walked,walked,c,32.4,33.06,0.66,0.66,walked,W AO K D,W AO K D * SIL *,W AO K D,1620,1653,33,-0.22377271950244904,-0.8886626958847046,-0.02692917175590992,-1.531217098236084,-23.401424407958984,-0.7091341018676758,0.0009976456640288234,3.5197463035583496,0.10665898025035858,1.4177721738815308,75.42039489746094,2.285466432571411,0.9116793870925903,32.646583557128906,0.9892904162406921,0.4293711185455322,20.71326446533203,0.6276746988296509,6.45528343738988e-05,0.16353946924209595,0.004955741576850414,0.661322295665741,28.1090030670166,0.8517879843711853,0.0005396511987783015,2.3554039001464844,0.07137587666511536,0.3405389189720154,19.179868698120117,0.5812081694602966,0.059628259390592575,6.544342517852783,0.1983134150505066,0.0,0.0,4,4
ak_4-a-5_kv_kv-khargone_06082025-000000-1_EN-OL-RC-313_2,towards,towards,c,33.33,34.17,0.84,0.84,towards,T UH W AH R D S,T UH W AH R D S *,T UH W AH R D S,1666,1709,43,-0.632647693157196,-1.5559229850769043,-0.03618425503373146,-1.383765697479248,-22.128923416137695,-0.514626145362854,0.0003701008972711861,3.678133487701416,0.08553798496723175,1.0835756063461304,79.62832641601562,1.8518215417861938,0.7625257968902588,42.39790344238281,0.98599773645401,0.4765312671661377,30.26955795288086,0.7039431929588318,0.0001433347351849079,0.6523132920265198,0.015170076861977577,0.7203941941261292,38.43168258666992,0.893760085105896,0.0020049132872372866,6.701900482177734,0.1558581441640854,0.39638543128967285,28.507396697998047,0.6629627346992493,0.07914102077484131,12.100242614746094,0.28140097856521606,0.0,0.0,7,7
ak_4-a-5_kv_kv-khargone_06082025-000000-1_EN-OL-RC-313_2,the,the,c,34.17,34.44,0.27,0.27,the,DH AH,DH AH * SIL *,DH AH,1708,1722,14,-0.6274522542953491,-0.9220691919326782,-0.06586208194494247,-1.0185546875,-7.024336338043213,-0.5017383098602295,0.0002395403280388564,1.4380520582199097,0.10271800309419632,1.0785539150238037,25.057146072387695,1.7897961139678955,0.7643269896507263,13.648353576660156,0.9748824238777161,0.5662678480148315,10.031553268432617,0.7165395021438599,0.0006536422297358513,0.2427981048822403,0.017342722043395042,0.8272297382354736,12.609475135803223,0.9006767868995667,0.02152521349489689,2.3088817596435547,0.1649201214313507,0.5279262065887451,9.432772636413574,0.673769474029541,0.145503968000412,4.0762858390808105,0.29116326570510864,0.0,0.0,2,2
ak_4-a-5_kv_kv-khargone_06082025-000000-1_EN-OL-RC-313_2,pool,pool,c,34.44,34.92,0.48,0.48,pool,P UW L,* P UW L *,P UW L,1721,1746,25,-0.32772234082221985,-0.8503336906433105,-0.03401334583759308,-1.2735791206359863,-15.611741065979004,-0.6244696378707886,0.0008424903498962522,2.7431960105895996,0.10972783714532852,1.4260177612304688,52.5371208190918,2.101484775543213,0.8723024129867554,24.6632080078125,0.9865283370018005,0.4764392375946045,16.486845016479492,0.6594737768173218,0.00014311175618786365,0.18293365836143494,0.007317346520721912,0.7417447566986084,21.739294052124023,0.8695717453956604,0.003221857128664851,2.5822930335998535,0.10329172015190125,0.41899722814559937,15.396934509277344,0.6158773899078369,0.08830735087394714,5.788757801055908,0.23155030608177185,0.0,0.0,3,3
ak_4-a-5_kv_kv-khargone_06082025-000000-1_EN-OL-RC-313_2,he,he,c,34.92,35.34,0.42,0.42,he,HH IY,* HH IY * SIL *,HH IY,1746,1768,22,-0.4062355160713196,-0.9634161591529846,-0.043791644275188446,-1.4292452335357666,-13.258742332458496,-0.6026701331138611,0.0012480305740609765,2.661456346511841,0.12097528576850891,1.5290391445159912,45.24593734741211,2.056633472442627,0.8432319164276123,21.620712280273438,0.9827596545219421,0.4768586754798889,14.82315731048584,0.6737799048423767,0.00014413056487683207,0.1570945382118225,0.007140660658478737,0.7156364917755127,19.32647705078125,0.8784762024879456,0.0018038008129224181,2.1771810054779053,0.09896277636289597,0.3915407061576843,13.765350341796875,0.6256977319717407,0.07727816700935364,5.140864849090576,0.23367567360401154,0.0,0.0,2,2
ak_4-a-5_kv_kv-khargone_06082025-000000-1_EN-OL-RC-313_2,washed,washed,c,35.43,36.12,0.69,0.69,washed,W AO SH D,W AO CH D *,W AO CH D,1771,1806,35,-0.6106842160224915,-1.0764222145080566,-0.030754920095205307,-1.8609036207199097,-25.24993133544922,-0.7214266061782837,0.0030710662249475718,3.759143829345703,0.10740411281585693,1.769685983657837,82.277099609375,2.3507742881774902,0.7701563835144043,34.583580017089844,0.9881022572517395,0.35971081256866455,21.561830520629883,0.6160523295402527,1.984972186619416e-05,0.10452441871166229,0.0029864120297133923,0.5834429860115051,29.61931610107422,0.8462661504745483,9.564409265294671e-05,2.076727867126465,0.05933508276939392,0.2784006595611572,20.049345016479492,0.5728384256362915,0.04229867085814476,6.609898567199707,0.18885424733161926,3.55470109029002,1.0,4,4
ak_4-a-5_kv_kv-khargone_06082025-000000-1_EN-OL-RC-313_2,his,his,c,36.12,36.72,0.6,0.6,his,HH IH Z,* IH Z * SIL *,IH Z,1805,1836,31,-0.5325015783309937,-0.8644751906394958,-0.027886295691132545,-1.116043210029602,-17.976512908935547,-0.5798875093460083,0.0005803031381219625,2.2545228004455566,0.0727265402674675,1.2883251905441284,63.875694274902344,2.0605063438415527,0.797660768032074,30.66386604309082,0.98915696144104,0.47587472200393677,20.792741775512695,0.670733630657196,0.00014175203978084028,0.24059432744979858,0.007761107292026281,0.7567200660705566,27.27509117126465,0.8798416256904602,0.004493682645261288,3.278930187225342,0.10577194392681122,0.43578147888183594,19.51049041748047,0.6293706297874451,0.09564323723316193,7.4078216552734375,0.23896199464797974,2.9511899901669754,1.0,3,2
ak_4-a-5_kv_kv-khargone_06082025-000000-1_EN-OL-RC-313_2,eyes,eyes,c,37.05,37.47,0.42,0.42,eyes,AA IY Z,AY Z * SIL *,AY Z,1852,1874,22,-0.4126235246658325,-1.4363957643508911,-0.06529071927070618,-1.4755885601043701,-16.760204315185547,-0.7618274688720703,0.0016655088402330875,3.8592629432678223,0.17542104423046112,1.742558240890503,51.41335678100586,2.336970806121826,0.8408917188644409,21.43916893005371,0.9745076894760132,0.4228874444961548,13.538670539855957,0.615394115447998,5.784610766568221e-05,0.07292579859495163,0.0033148089423775673,0.6812057495117188,18.543787002563477,0.8428993821144104,0.0008393981261178851,1.3056825399398804,0.05934920534491539,0.35835498571395874,12.472766876220703,0.5669439435005188,0.06540621817111969,4.084338665008545,0.1856517642736435,7.856454352788916,2.0,3,2
ak_4-a-5_kv_kv-khargone_06082025-000000-1_EN-OL-RC-313_2,in,in,c,37.71,38.13,0.42,0.42,in,IH N,IH N *,IH N,1885,1907,22,-0.13938380777835846,-0.27419328689575195,-0.01246333122253418,-1.0236095190048218,-9.933401107788086,-0.4515182375907898,0.00041331234388053417,1.0456143617630005,0.04752792418003082,1.1492525339126587,38.98042297363281,1.7718373537063599,0.9444077014923096,21.889970779418945,0.9949986934661865,0.5010266304016113,15.812762260437012,0.7187619209289551,0.00021689652930945158,0.3496610224246979,0.015893682837486267,0.7780155539512634,19.90771484375,0.9048961400985718,0.007212427910417318,3.7165610790252686,0.16893459856510162,0.4611346125602722,15.005273818969727,0.6820579171180725,0.10765790194272995,6.539407730102539,0.2972458004951477,0.0,0.0,2,2
ak_4-a-5_kv_kv-khargone_06082025-000000-1_EN-OL-RC-313_2,the,the,c,38.13,38.34,0.21,0.21,the,DH AH,DH AH *,DH AH,1906,1918,12,-0.04658878594636917,-0.07384704798460007,-0.006153920665383339,-0.7599624991416931,-5.715967178344727,-0.47633060812950134,0.0005644870107062161,0.37741485238075256,0.031451236456632614,1.1492525339126587,22.239566802978516,1.853297233581543,0.9812025427818298,11.970151901245117,0.9975126385688782,0.5901776552200317,8.50064468383789,0.7083870768547058,0.0009792754426598549,0.16796641051769257,0.01399720087647438,0.8410884141921997,10.805899620056152,0.9004916548728943,0.02928660251200199,1.7959891557693481,0.14966575801372528,0.5493021011352539,8.035202980041504,0.669600248336792,0.15980814397335052,3.37245512008667,0.28103792667388916,0.0,0.0,2,2
ak_4-a-5_kv_kv-khargone_06082025-000000-1_EN-OL-RC-313_2,water,water,c,38.34,38.82,0.48,0.48,water,W AO T AH R,* W AO T AH R,W AO T AH R,1917,1941,24,-0.1486758142709732,-0.17732809484004974,-0.007388670463114977,-0.8617023825645447,-9.150894165039062,-0.38128724694252014,0.0002070338960038498,0.6301329135894775,0.026255538687109947,1.0521018505096436,38.08656311035156,1.5869401693344116,0.9407700896263123,23.929147720336914,0.9970478415489197,0.5589677095413208,17.942615509033203,0.7476089596748352,0.0005777433980256319,0.6317848563194275,0.02632436901330948,0.8183676600456238,22.044544219970703,0.9185226559638977,0.017678171396255493,5.3438720703125,0.2226613312959671,0.5149142742156982,17.154951095581055,0.714789628982544,0.13735289871692657,8.19530200958252,0.3414709270000458,0.0,0.0,5,5
ak_4-a-5_kv_kv-khargone_06082025-000000-1_EN-OL-RC-313_2,slowly,slowly,c,38.82,39.66,0.84,0.84,slowly,S L OW L IY,* S L OW L IY * SIL *,S L OW L IY,1941,1983,42,-0.5163634419441223,-0.9183520078659058,-0.021865524351596832,-1.0472272634506226,-23.97037124633789,-0.5707231163978577,0.0008199456497095525,2.752845525741577,0.06554394215345383,1.4328105449676514,85.70426177978516,2.0405776500701904,0.8034054040908813,41.640960693359375,0.9914514422416687,0.498837947845459,28.460708618164062,0.677635908126831,0.0002090156194753945,0.3136807382106781,0.00746858911588788,0.7735883593559265,37.09172821044922,0.8831363916397095,0.006536776665598154,4.38451623916626,0.10439324378967285,0.4557097554206848,26.582550048828125,0.6329178810119629,0.10498812049627304,10.067975997924805,0.23971371352672577,0.0,0.0,5,5
ak_4-a-5_kv_kv-khargone_06082025-000000-1_EN-OL-RC-313_2,he,he,c,39.84,40.17,0.33,0.33,he,HH IY,HH IY *,HH IY,1992,2009,17,-0.6269122362136841,-0.729728102684021,-0.04292518272995949,-1.0059345960617065,-8.202547073364258,-0.4825027585029602,0.0003959373862016946,1.2048416137695312,0.07087303698062897,1.1450996398925781,30.5435791015625,1.7966811656951904,0.7645143866539001,16.722991943359375,0.9837054014205933,0.5693625211715698,12.171491622924805,0.7159700989723206,0.0006887533236294985,0.27618762850761414,0.016246331855654716,0.8239448070526123,15.33769416809082,0.9022173285484314,0.02001018263399601,2.7656166553497314,0.16268333792686462,0.5230461359024048,11.486127853393555,0.6756545901298523,0.14239925146102905,4.9440083503723145,0.2908240258693695,0.0,0.0,2,2
ak_4-a-5_kv_kv-khargone_06082025-000000-1_EN-OL-RC-313_2,opened,opened,c,40.17,40.92,0.75,0.75,opened,OW P AH N D,* OW P AH N D * SIL *,OW P AH N D,2008,2046,38,-0.5211991667747498,-1.2374430894851685,-0.03256429359316826,-1.44498610496521,-23.767446517944336,-0.6254591345787048,0.0018389681354165077,3.5951576232910156,0.09460940957069397,1.5577898025512695,81.8629150390625,2.154287338256836,0.801681637763977,37.51612091064453,0.9872663617134094,0.48308801651000977,25.01380157470703,0.6582579612731934,0.00016014301218092442,0.1817350685596466,0.004782501608133316,0.7025777101516724,33.12921905517578,0.8718215823173523,0.0013495387975126505,3.0977420806884766,0.08151952922344208,0.37857919931411743,23.23373794555664,0.6114141345024109,0.07246097922325134,8.27705192565918,0.21781715750694275,0.0,0.0,5,5
ak_4-a-5_kv_kv-khargone_06082025-000000-1_EN-OL-RC-313_2,his,his,c,41.25,41.64,0.39,0.39,his,HH IH Z,HH IH Z * SIL,HH IH Z,2062,2082,20,-0.5730571150779724,-0.7400386929512024,-0.03700193390250206,-1.1547560691833496,-10.532342910766602,-0.526617169380188,0.00044324042391963303,1.859235405921936,0.09296177327632904,1.1699254512786865,37.181575775146484,1.8590787649154663,0.783326268196106,19.715904235839844,0.9857951998710632,0.4758477210998535,14.06827163696289,0.7034136056900024,0.00014168728375807405,0.2909594476222992,0.01454797200858593,0.7551082968711853,17.84086036682129,0.8920429944992065,0.004335611127316952,3.039088487625122,0.15195442736148834,0.43393564224243164,13.195183753967285,0.6597591638565063,0.09481322020292282,5.556325912475586,0.2778162956237793,0.0,0.0,3,3
ak_4-a-5_kv_kv-khargone_06082025-000000-1_EN-OL-RC-313_2,eyes,eyes,c,41.7,42.12,0.42,0.42,eyes,AA IY Z,AY Z *,AY Z,2085,2106,21,-0.14775483310222626,-0.4891536831855774,-0.023293033242225647,-1.3798167705535889,-14.793289184570312,-0.7044423222541809,0.0027407421730458736,2.114729404449463,0.10070139914751053,1.850738763809204,48.59410858154297,2.314005136489868,0.9411303400993347,20.804075241088867,0.9906702637672424,0.4420158267021179,13.062041282653809,0.6220019459724426,7.994965562829748e-05,0.06939210742712021,0.003304386045783758,0.6959730982780457,17.87479591369629,0.8511807322502136,0.0011653522960841656,1.3361523151397705,0.06362630426883698,0.37220287322998047,12.158345222473145,0.5789688229560852,0.07017753273248672,4.062010288238525,0.19342906773090363,7.856454352788916,2.0,3,2
ak_4-a-5_kv_kv-khargone_06082025-000000-1_EN-OL-RC-313_2,he,he,c,42.12,42.48,0.36,0.36,he,HH IY,HH IY *,HH IY,2106,2124,18,-0.1746499240398407,-0.40480661392211914,-0.022489257156848907,-1.0048197507858276,-8.538676261901855,-0.47437089681625366,0.0003472026437520981,1.2570878267288208,0.06983821094036102,1.1528452634811401,32.04996871948242,1.7805538177490234,0.9306465983390808,17.83858871459961,0.9910327196121216,0.509971559047699,12.870113372802734,0.7150062918663025,0.00025231463951058686,0.3242555856704712,0.018014200031757355,0.7833371758460999,16.218429565429688,0.9010238647460938,0.008117643184959888,3.130370616912842,0.1739094853401184,0.46776944398880005,12.192030906677246,0.6773350238800049,0.11099941283464432,5.356231689453125,0.2975684404373169,0.0,0.0,2,2
ak_4-a-5_kv_kv-khargone_06082025-000000-1_EN-OL-RC-313_2,could,could,c,42.48,42.81,0.33,0.33,could,K UH D,* K UH D *,K UH D,2124,2141,17,-0.37363725900650024,-0.6299394369125366,-0.03705526143312454,-0.9711338877677917,-8.886652946472168,-0.5227442979812622,0.0004934470634907484,1.5474541187286377,0.09102671593427658,1.3337388038635254,31.996841430664062,1.882167100906372,0.8552325963973999,16.752681732177734,0.985451877117157,0.5418376922607422,11.908226013183594,0.7004838585853577,0.0004324621695559472,0.21220335364341736,0.012482549995183945,0.7992925643920898,15.190267562866211,0.8935451507568359,0.011571314185857773,2.4188568592071533,0.14228570461273193,0.4884548783302307,11.18954086303711,0.6582083106040955,0.1219792366027832,4.618138313293457,0.27165520191192627,0.0,0.0,3,3
ak_4-a-5_kv_kv-khargone_06082025-000000-1_EN-OL-RC-313_2,see,see,c,42.81,43.23,0.42,0.42,see,S IY,* S IY * SIL *,S IY,2140,2162,22,-0.5161270499229431,-1.2327383756637573,-0.05603356286883354,-0.9812455177307129,-10.84090805053711,-0.4927685558795929,0.0002508604957256466,2.654348611831665,0.1206522062420845,1.095859169960022,38.77961730957031,1.7627098560333252,0.8034896850585938,21.51944923400879,0.9781568050384521,0.5977720022201538,15.870549201965332,0.721388578414917,0.0011134423548355699,0.3780931532382965,0.017186053097248077,0.8284579515457153,19.862953186035156,0.9028615355491638,0.02212066389620304,3.6260335445404053,0.16481970250606537,0.5297684669494629,14.891118049621582,0.6768689751625061,0.1466911882162094,6.438121795654297,0.29264190793037415,0.0,0.0,2,2
ak_4-a-5_kv_kv-khargone_06082025-000000-1_EN-OL-RC-313_2,everything,everything,c,43.26,43.95,0.69,0.69,everything,EH V R IY TH IH NG,EH V R IY TH IH NG * SIL,EH V R IY TH IH NG,2163,2198,35,-0.49060139060020447,-0.9563933610916138,-0.027325524017214775,-1.1909277439117432,-17.881200790405273,-0.5108914375305176,0.00022733412333764136,2.6246700286865234,0.07499057054519653,1.102674126625061,64.95772552490234,1.855934977531433,0.8126238584518433,34.62602996826172,0.9893151521682739,0.4910522699356079,24.662673950195312,0.7046478390693665,0.0001832316629588604,0.49736422300338745,0.014210406690835953,0.7560444474220276,31.311166763305664,0.8946047425270081,0.004426732659339905,5.2992682456970215,0.1514076590538025,0.4350065588951111,23.198694229125977,0.6628198623657227,0.0952940508723259,9.759716033935547,0.2788490355014801,0.0,0.0,7,7
ax_4-a-1_kv_kv-no1-golconda_06082025-000000-1_EN-OL-RC-331_2,so,so,c,0.99,1.47,0.48,0.48,so,S OW,S *,S,49,74,25,-0.37826159596443176,-0.39802682399749756,-0.01592107303440571,-0.9930634498596191,-8.579605102539062,-0.3431842029094696,0.00022778662969358265,0.7733415961265564,0.030933663249015808,1.0326777696609497,37.591896057128906,1.5036758184432983,0.8535241484642029,24.845508575439453,0.9938203692436218,0.5960191488265991,19.033916473388672,0.7613566517829895,0.0010809294180944562,0.6927757263183594,0.02771102823317051,0.8315136432647705,23.15872573852539,0.9263490438461304,0.023674575611948967,5.957884788513184,0.2383153885602951,0.5343946814537048,18.267854690551758,0.7307142019271851,0.14970968663692474,8.934536933898926,0.3573814630508423,4.134871461655421,1.0,2,1
ax_4-a-1_kv_kv-no1-golconda_06082025-000000-1_EN-OL-RC-331_2,it,it,c,1.5,1.77,0.27,0.27,it,IH T,IH T *,IH T,75,89,14,-0.19482535123825073,-0.45408180356025696,-0.03243441507220268,-0.8591890931129456,-6.182024002075195,-0.4415731430053711,0.0003565690713003278,1.3912369012832642,0.09937406331300735,1.0785772800445557,22.86711311340332,1.633365273475647,0.9228283762931824,13.818939208984375,0.9870671033859253,0.6076405048370361,10.426673889160156,0.7447624206542969,0.0013156161876395345,0.2997567355632782,0.021411195397377014,0.8490161895751953,12.78316879272461,0.9130834937095642,0.03492716699838638,2.665050506591797,0.19036075472831726,0.5621470212936401,9.781442642211914,0.6986744999885559,0.16898396611213684,4.431119441986084,0.31650853157043457,0.0,0.0,2,2
ax_4-a-1_kv_kv-no1-golconda_06082025-000000-1_EN-OL-RC-331_2,is,is,c,1.77,2.04,0.27,0.27,is,IH Z,* IH Z *,IH Z,88,102,14,-0.0908016487956047,-0.3628353476524353,-0.02591681107878685,-1.101906657218933,-7.278080940246582,-0.519862949848175,0.0005967426113784313,1.3556973934173584,0.09683553129434586,1.4197529554367065,26.135089874267578,1.86679208278656,0.9635649919509888,13.85410213470459,0.9895787239074707,0.49747949838638306,9.864541053771973,0.7046100497245789,0.00020426895935088396,0.15638627111911774,0.011170447804033756,0.7664793133735657,12.526260375976562,0.8947328925132751,0.005581728648394346,1.9063382148742676,0.1361670196056366,0.447171688079834,9.227237701416016,0.6590884327888489,0.1008969396352768,3.7657830715179443,0.26898449659347534,0.0,0.0,2,2
ax_4-a-1_kv_kv-no1-golconda_06082025-000000-1_EN-OL-RC-331_2,not,not,c,2.04,2.58,0.54,0.54,not,N AO T,* N AO T *,N AO T,102,129,27,-0.42591091990470886,-0.6665588021278381,-0.02468736283481121,-1.0045268535614014,-8.762455940246582,-0.32453539967536926,9.567662345943972e-05,1.4063273668289185,0.052086200565099716,0.8930308222770691,37.266292572021484,1.3802330493927002,0.8360357880592346,26.73999786376953,0.9903702735900879,0.6141109466552734,21.004079818725586,0.77792888879776,0.0014677071012556553,1.08839750289917,0.040311019867658615,0.8330618143081665,25.151094436645508,0.931522011756897,0.024503055959939957,7.537446022033691,0.2791646718978882,0.5367622375488281,20.183422088623047,0.7475341558456421,0.15127523243427277,10.481212615966797,0.3881930708885193,0.0,0.0,3,3
ax_4-a-1_kv_kv-no1-golconda_06082025-000000-1_EN-OL-RC-331_2,easy,easy,c,2.58,3.0,0.42,0.42,easy,IY Z IY,IY Z IY *,IY Z IY,129,150,21,-0.015740908682346344,-0.028080690652132034,-0.0013371757231652737,-0.8010605573654175,-6.776629447937012,-0.32269662618637085,0.00019856238213833421,0.1915465146303177,0.009121262468397617,1.015793800354004,30.627330780029297,1.458444356918335,0.9936245083808899,20.988616943359375,0.9994579553604126,0.5568384528160095,16.138593673706055,0.7685044407844543,0.000557314429897815,0.6303691267967224,0.03001757711172104,0.8273176550865173,19.515491485595703,0.9293091297149658,0.02156728506088257,5.2921342849731445,0.2520063817501068,0.5280576944351196,15.511990547180176,0.7386662364006042,0.1455884426832199,7.7370686531066895,0.36843183636665344,0.0,0.0,3,3
ax_4-a-1_kv_kv-no1-golconda_06082025-000000-1_EN-OL-RC-331_2,to,to,c,3.0,3.21,0.21,0.21,to,T UW,* T UW *,T UW,150,161,11,-0.11241794377565384,-0.2866058349609375,-0.026055075228214264,-0.7736614346504211,-5.2768402099609375,-0.47971275448799133,0.0004054229357279837,0.987122654914856,0.08973842114210129,1.2209943532943726,19.560951232910156,1.7782683372497559,0.955012321472168,10.88502311706543,0.9895475506782532,0.6474233865737915,7.958737373352051,0.7235215902328491,0.002577734412625432,0.15681397914886475,0.014255816116929054,0.8585544228553772,9.957917213439941,0.905265212059021,0.043171558529138565,1.6288578510284424,0.14807797968387604,0.5782570838928223,7.440193176269531,0.6763811707496643,0.1811487227678299,3.118217945098877,0.2834743559360504,0.0,0.0,2,2
ax_4-a-1_kv_kv-no1-golconda_06082025-000000-1_EN-OL-RC-331_2,find,find,c,3.21,3.81,0.6,0.6,find,F AY N D,* F AY N D *,F AY N D,160,191,31,-0.5074511170387268,-1.2432138919830322,-0.04010367393493652,-1.098626971244812,-12.675408363342285,-0.4088841378688812,0.00017758201283868402,2.54516339302063,0.08210204541683197,1.0909255743026733,48.950927734375,1.5790622234344482,0.806587815284729,30.51807975769043,0.9844542145729065,0.5832146406173706,23.224672317504883,0.7491829991340637,0.0008705171057954431,0.7483403086662292,0.0241400096565485,0.814839780330658,28.440065383911133,0.9174214601516724,0.016345448791980743,6.601049423217773,0.21293707191944122,0.5098666548728943,22.034494400024414,0.7107901573181152,0.1342986673116684,10.365290641784668,0.3343642055988312,0.0,0.0,4,4
ax_4-a-1_kv_kv-no1-golconda_06082025-000000-1_EN-OL-RC-331_2,out,out,c,3.81,4.29,0.48,0.48,out,AW T,* AW T *,AW T,190,215,25,-0.04340486600995064,-0.10538873076438904,-0.00421554921194911,-0.6729087233543396,-7.878746032714844,-0.31514984369277954,0.00013152607425581664,0.4900692105293274,0.019602768123149872,0.9850154519081116,36.007591247558594,1.4403036832809448,0.9824801683425903,24.95740509033203,0.9982962012290955,0.6011492013931274,19.268341064453125,0.770733654499054,0.0011788697447627783,0.7189207077026367,0.028756828978657722,0.8593636751174927,23.282711029052734,0.9313084483146667,0.0439547561109066,6.270602226257324,0.25082409381866455,0.5796587467193604,18.532365798950195,0.7412946224212646,0.18224307894706726,9.22659969329834,0.36906397342681885,0.0,0.0,2,2
ax_4-a-1_kv_kv-no1-golconda_06082025-000000-1_EN-OL-RC-331_2,how,how,c,4.29,4.8,0.51,0.51,how,HH AW,* HH AW *,HH AW,214,240,26,-0.06691300123929977,-0.19520612061023712,-0.007507927715778351,-0.8547318577766418,-9.650298118591309,-0.37116530537605286,0.00012149717076681554,0.8291046023368835,0.03188863769173622,0.9009193778038025,40.643821716308594,1.563223958015442,0.9730704426765442,25.9212703704834,0.9969719648361206,0.5851986408233643,19.47686004638672,0.7491099834442139,0.0009002133156172931,0.7318348288536072,0.028147492557764053,0.8298821449279785,23.924806594848633,0.920184850692749,0.022831803187727928,5.958259582519531,0.22916382551193237,0.5319170355796814,18.685415267944336,0.7186698317527771,0.14808642864227295,9.023807525634766,0.34706953167915344,0.0,0.0,2,2
ax_4-a-1_kv_kv-no1-golconda_06082025-000000-1_EN-OL-RC-331_2,long,long,c,4.8,5.28,0.48,0.48,long,L AO NG,* L AO NG * SIL *,L AO NG,240,264,24,-0.06826606392860413,-0.10735628008842468,-0.004473178181797266,-0.7311617136001587,-7.984127521514893,-0.33267197012901306,0.00012151891132816672,0.4768822193145752,0.01987009309232235,0.9770598411560059,35.124568939208984,1.4635237455368042,0.9725304841995239,23.956701278686523,0.9981958866119385,0.5878815054893494,18.393829345703125,0.7664095759391785,0.0009419872076250613,0.7859947681427002,0.032749783247709274,0.8446009755134583,22.270132064819336,0.9279221892356873,0.031663671135902405,6.104362964630127,0.2543484568595886,0.5549349784851074,17.674943923950195,0.7364559769630432,0.1637764871120453,8.85795783996582,0.36908158659935,0.0,0.0,3,3
ax_4-a-1_kv_kv-no1-golconda_06082025-000000-1_EN-OL-RC-331_2,animals,animals,c,5.31,6.39,1.08,1.08,animals,AE N IH M AH L S,AE N IH M AH L Z * SIL *,AE N IH M AH L Z,265,320,55,-0.1825127899646759,-0.7638480067253113,-0.013888145796954632,-1.2915793657302856,-23.223793029785156,-0.42225077748298645,0.00027259771013632417,2.7834784984588623,0.05060869827866554,1.0382460355758667,92.41867065429688,1.6803394556045532,0.9275948405265808,54.69438171386719,0.9944432973861694,0.44799476861953735,40.35441207885742,0.733716607093811,8.845858974382281e-05,1.1047908067703247,0.02008710615336895,0.7163102626800537,50.093360900878906,0.910788357257843,0.0018310047453269362,10.589449882507324,0.19253544509410858,0.39222270250320435,38.33913803100586,0.6970752477645874,0.07753831148147583,17.439640045166016,0.3170843720436096,3.3817063944827876,1.0,7,7
ax_4-a-1_kv_kv-no1-golconda_06082025-000000-1_EN-OL-RC-331_2,live,live,c,6.72,7.17,0.45,0.45,live,L IH V,L IH V * SIL *,L IH V,336,359,23,-0.6098870038986206,-1.8841723203659058,-0.08192053437232971,-1.3277511596679688,-13.5186185836792,-0.5877660512924194,0.0005793336313217878,3.564769744873047,0.15498998761177063,1.2968964576721191,44.30476760864258,1.926294207572937,0.7704339623451233,22.274795532226562,0.9684693813323975,0.4646047353744507,15.865840911865234,0.6898191571235657,0.0001171523763332516,0.2938239872455597,0.012774956412613392,0.7305920720100403,20.32831573486328,0.8838397860527039,0.0025147486012429,3.123418092727661,0.1358007937669754,0.40700286626815796,14.789498329162598,0.6430216431617737,0.08334634453058243,6.006857395172119,0.2611677050590515,0.0,0.0,3,3
ax_4-a-1_kv_kv-no1-golconda_06082025-000000-1_EN-OL-RC-331_2,scientists,scientists,c,7.74,8.82,1.08,1.08,scientists,S AY AH N T IH S T S,S AY N T IH S T S * SIL *,S AY N T IH S T S,387,441,54,-0.6915237903594971,-4.380331516265869,-0.08111725002527237,-1.4993013143539429,-29.973365783691406,-0.5550623536109924,0.0004433542490005493,8.179678916931152,0.15147553384304047,1.1723980903625488,100.41716003417969,1.8595770597457886,0.7422768473625183,52.317684173583984,0.9688460230827332,0.4831356406211853,37.93948745727539,0.7025830745697021,0.00016027200035750866,0.742659866809845,0.013752960599958897,0.7249382138252258,48.09978103637695,0.8907366991043091,0.0022178920917212963,7.920948028564453,0.14668422937393188,0.40107643604278564,35.421024322509766,0.6559448838233948,0.08097796142101288,14.74525260925293,0.27306023240089417,3.47386705940546,1.0,9,8
ax_4-a-1_kv_kv-no1-golconda_06082025-000000-1_EN-OL-RC-331_2,believe,believe,c,9.3,9.93,0.63,0.63,believe,B IH L IY V,B IH L IY W *,B IH L IY W,465,497,32,-0.56243497133255,-0.8485943078994751,-0.026518572121858597,-1.3132277727127075,-12.116578102111816,-0.37864306569099426,0.00020515815413091332,1.7647939920425415,0.05514981225132942,1.032212257385254,48.44225311279297,1.5138204097747803,0.7870667576789856,31.672395706176758,0.9897623658180237,0.49948883056640625,24.2407169342041,0.7575224041938782,0.00021132912661414593,1.0160152912139893,0.031750477850437164,0.7587367296218872,29.460636138916016,0.9206448793411255,0.00469960318878293,7.810368537902832,0.2440740168094635,0.43810486793518066,23.153804779052734,0.723556399345398,0.09669635444879532,11.434022903442383,0.35731321573257446,0.9849852141771962,1.0,5,5
ax_4-a-1_kv_kv-no1-golconda_06082025-000000-1_EN-OL-RC-331_2,that,that,c,9.93,10.44,0.51,0.51,that,DH AE T,* DH AE T *,DH AE T,496,522,26,-0.05333393067121506,-0.1685437113046646,-0.006482450291514397,-0.8302082419395447,-8.631977081298828,-0.33199912309646606,0.0001876941678347066,0.7655692100524902,0.029444970190525055,0.949042797088623,36.76434326171875,1.414013147354126,0.9784991145133972,25.931955337524414,0.9973828792572021,0.5717052221298218,20.148351669311523,0.7749366164207458,0.0007165817660279572,0.9537574648857117,0.03668297827243805,0.8269496560096741,24.161314010620117,0.9292812943458557,0.021391673013567924,6.965643882751465,0.26790937781333923,0.5275073647499084,19.28892707824707,0.741881787776947,0.14523525536060333,9.851042747497559,0.37888625264167786,0.0,0.0,3,3
ax_4-a-1_kv_kv-no1-golconda_06082025-000000-1_EN-OL-RC-331_2,animals,animal,s,10.59,11.43,0.84,0.84,animal,AE N IH M AH L S,AE N IH M AH L * SIL *,AE N IH M AH L,529,572,43,-0.1993951052427292,-0.5017138123512268,-0.011667762883007526,-1.076660394668579,-15.474723815917969,-0.3598772883415222,0.0001082749295164831,1.5955328941345215,0.037105415016412735,0.912379264831543,64.39250946044922,1.4975001811981201,0.9210628271102905,42.800392150878906,0.9953579306602478,0.5418922305107117,32.64027404785156,0.7590761184692383,0.0004328618524596095,1.4279204607009888,0.03320745378732681,0.7941242456436157,39.669517517089844,0.922546923160553,0.010316050611436367,10.826653480529785,0.25178262591362,0.48161888122558594,31.305280685424805,0.7280297875404358,0.11825406551361084,15.64120864868164,0.36374902725219727,3.7420005426462573,1.0,7,6
ax_4-a-1_kv_kv-no1-golconda_06082025-000000-1_EN-OL-RC-331_2,in,is,d,,,,,,IH N,,,,,,,,,,,,,,,,,,,,,,,,,,,,,,,,,,,,,,,,,,
ax_4-a-1_kv_kv-no1-golconda_06082025-000000-1_EN-OL-RC-331_2,the,the,c,11.49,11.79,0.3,0.3,is,DH AH,IH Z *,IH Z,574,590,16,-0.21651709079742432,-0.7029590606689453,-0.04393494129180908,-1.5348116159439087,-12.534421920776367,-0.783401370048523,0.004116245079785585,2.594149589538574,0.1621343493461609,1.8430297374725342,38.026588439941406,2.376661777496338,0.9144662022590637,15.719765663146973,0.9824853539466858,0.35649341344833374,9.76676082611084,0.6104225516319275,1.8796434233081527e-05,0.043425053358078,0.002714065834879875,0.6306415796279907,13.409173965454102,0.8380733728408813,0.0002729454427026212,0.7659597396850586,0.04787248373031616,0.31472069025039673,8.920512199401855,0.557532012462616,0.05192447826266289,2.807154655456543,0.17544716596603394,10.437082672440791,2.0,2,2
ax_4-a-1_kv_kv-no1-golconda_06082025-000000-1_EN-OL-RC-331_2,sea,sea,c,11.79,12.24,0.45,0.45,the,S IY,* DH AH * SIL *,DH AH,589,612,23,-0.21651709079742432,-0.4362468421459198,-0.01896725408732891,-1.0286258459091187,-12.289063453674316,-0.5343071222305298,0.001234547351486981,1.532135009765625,0.06661456823348999,1.3425861597061157,44.883426666259766,1.9514533281326294,0.9144662022590637,22.825876235961914,0.9924293756484985,0.5247316360473633,15.963415145874023,0.6940615177154541,0.00032384239602833986,0.21629995107650757,0.009404345415532589,0.7879951000213623,20.496000289916992,0.8911304473876953,0.009002724662423134,2.749868631362915,0.11955950409173965,0.4736822843551636,14.92144775390625,0.648758590221405,0.11404971033334732,5.871456146240234,0.2552807033061981,12.36326723546323,2.0,2,2
ax_4-a-1_kv_kv-no1-golconda_06082025-000000-1_EN-OL-RC-331_2,generally,generally,c,12.84,13.5,0.66,0.66,sea,JH EH N R AH L IY,S IY * SIL *,S IY,642,675,33,-0.09808878600597382,-0.1865083873271942,-0.005651769228279591,-1.0006744861602783,-13.823148727416992,-0.4188832938671112,0.00043352789361961186,0.8343783617019653,0.025284193456172943,1.090060830116272,56.78303146362305,1.7206978797912598,0.9606765508651733,32.92490005493164,0.9977242350578308,0.5290992259979248,24.04196548461914,0.7285444140434265,0.00034866409259848297,0.6302428841590881,0.019098268821835518,0.7904750108718872,30.057819366455078,0.910843014717102,0.009512673132121563,6.068865776062012,0.18390502035617828,0.4768717885017395,22.90479850769043,0.6940848231315613,0.11572396755218506,10.259282112121582,0.31088733673095703,24.628319703247914,6.0,7,2
ax_4-a-1_kv_kv-no1-golconda_06082025-000000-1_EN-OL-RC-331_2,live,live,c,13.5,14.61,1.11,1.11,generally,L IH V,JH EH N R AH L IY * SIL *,JH EH N R AH L IY,675,731,56,-0.02961106225848198,-0.14069509506225586,-0.002512412378564477,-0.9819257855415344,-21.639572143554688,-0.38642093539237976,0.0002057024830719456,0.8807235956192017,0.0157272070646286,1.102534532546997,92.53129577636719,1.6523445844650269,0.9880272746086121,55.94301986694336,0.9989824891090393,0.5547778606414795,41.412750244140625,0.7395133972167969,0.0005382313393056393,1.0933126211166382,0.019523439928889275,0.7997975945472717,51.33779525756836,0.9167463183403015,0.01170188095420599,11.053816795349121,0.19738958775997162,0.4891301393508911,39.56683349609375,0.7065505981445312,0.12235250324010849,18.140972137451172,0.32394593954086304,26.17505281706184,7.0,3,7
ax_4-a-1_kv_kv-no1-golconda_06082025-000000-1_EN-OL-RC-331_2,for,for,c,15.12,15.72,0.6,0.6,live,F AO R,L AY W * SIL,L AY W,756,786,30,-0.7023073434829712,-1.841863989830017,-0.061395466327667236,-1.622323989868164,-15.04248046875,-0.501416027545929,0.000424590049078688,2.967435121536255,0.0989145040512085,1.2679363489151,54.52457809448242,1.8174859285354614,0.7386001348495483,29.30225372314453,0.9767417907714844,0.4260188341140747,21.221521377563477,0.7073840498924255,6.0993545048404485e-05,0.4469270706176758,0.014897569082677364,0.6800956726074219,26.88459014892578,0.8961530327796936,0.0008189492509700358,4.904252529144287,0.16347508132457733,0.35733598470687866,20.103591918945312,0.6701197028160095,0.06506500393152237,8.67391586303711,0.2891305387020111,22.455699915152636,3.0,3,3
ax_4-a-1_kv_kv-no1-golconda_06082025-000000-1_EN-OL-RC-331_2,a,a,c,15.72,16.2,0.48,0.48,for,AH,* F AO R * SIL,F AO R,786,810,24,-0.1404748260974884,-0.3152252435684204,-0.013134385459125042,-0.9237221479415894,-9.260390281677246,-0.38584959506988525,0.00015673811140004545,1.152247428894043,0.04801030829548836,1.0220435857772827,37.45199203491211,1.560499668121338,0.9439802765846252,23.873567581176758,0.9947319626808167,0.5396019220352173,18.039012908935547,0.7516255378723145,0.00041641900315880775,0.6561264395713806,0.027338601648807526,0.8153812289237976,22.056076049804688,0.9190031886100769,0.01654326729476452,5.414581298828125,0.22560755908489227,0.5106366872787476,17.191343307495117,0.7163059711456299,0.1347607672214508,8.253911018371582,0.3439129590988159,10.042479025581756,3.0,1,3
ax_4-a-1_kv_kv-no1-golconda_06082025-000000-1_EN-OL-RC-331_2,longer,longer,c,16.23,16.59,0.36,0.36,a,L AO NG G AH R,AH SIL,AH,811,830,19,-0.37757229804992676,-0.4043169915676117,-0.021279841661453247,-1.173285961151123,-9.612454414367676,-0.5059186816215515,0.0006200113566592336,0.9863088130950928,0.05191098898649216,1.2753154039382935,36.705970764160156,1.931893229484558,0.8537787199020386,18.842939376831055,0.9917336702346802,0.5460141897201538,13.189109802246094,0.6941636800765991,0.00046410580398514867,0.2160263955593109,0.011369810439646244,0.7925779819488525,16.985530853271484,0.8939753174781799,0.009967679157853127,2.5734517574310303,0.13544483482837677,0.47959959506988525,12.479583740234375,0.6568201780319214,0.11717219650745392,5.0816755294799805,0.26745662093162537,19.98845503414709,5.0,6,1
ax_4-a-1_kv_kv-no1-golconda_06082025-000000-1_EN-OL-RC-331_2,time,time,c,16.59,17.34,0.75,0.75,longer,T AY M,SIL * L AO NG G AH R *,L AO NG G AH R,829,867,38,-0.37757229804992676,-1.048653244972229,-0.027596138417720795,-1.173285961151123,-15.824567794799805,-0.41643598675727844,0.00012270946172066033,2.9044506549835205,0.07643291354179382,0.9979887008666992,60.69725799560547,1.5972962379455566,0.8537787199020386,37.5866813659668,0.9891231656074524,0.5558735132217407,28.281513214111328,0.7442503571510315,0.0005482953856699169,1.008313536643982,0.026534566655755043,0.7925779819488525,34.724098205566406,0.913792073726654,0.009967679157853127,8.327649116516113,0.2191486656665802,0.47959959506988525,26.8704833984375,0.7071179747581482,0.11717217415571213,12.771711349487305,0.3360976576805115,32.64293453373496,6.0,3,6
ax_4-a-1_kv_kv-no1-golconda_06082025-000000-1_EN-OL-RC-331_2,than,than,c,17.34,17.91,0.57,0.57,time,TH AE N,* T AY M *,T AY M,867,896,29,-0.18485800921916962,-0.4050532281398773,-0.013967352919280529,-0.8441939949989319,-11.070033073425293,-0.3817252814769745,0.00013184244744479656,1.31955087184906,0.04550175368785858,1.0075148344039917,45.54899215698242,1.5706548690795898,0.9266859292984009,28.838165283203125,0.994419515132904,0.5701562166213989,21.76834487915039,0.7506325840950012,0.00069805869134143,0.7471553087234497,0.025763975456357002,0.8320789337158203,26.6718692779541,0.9197196364402771,0.02397378906607628,6.398662090301514,0.2206435203552246,0.5352573394775391,20.766986846923828,0.7161030173301697,0.15027844905853271,9.892492294311523,0.3411204218864441,17.66617445225984,3.0,3,3
ax_4-a-1_kv_kv-no1-golconda_06082025-000000-1_EN-OL-RC-331_2,those,those,c,17.94,18.57,0.63,0.63,than,DH OW Z,DH AE N * SIL *,DH AE N,897,929,32,-0.12172263115644455,-0.42779541015625,-0.013368606567382812,-1.055083155632019,-12.295742988586426,-0.3842419683933258,0.00016503219376318157,1.6820957660675049,0.05256549268960953,0.9963998794555664,49.1663932800293,1.5364497900009155,0.9513451457023621,31.82801628112793,0.9946255087852478,0.506231427192688,24.15168571472168,0.7547401785850525,0.00023685155611019582,0.9408809542655945,0.029402529820799828,0.7747852802276611,29.41534423828125,0.9192295074462891,0.006712942384183407,7.464315414428711,0.23325985670089722,0.4571681022644043,23.006019592285156,0.7189381122589111,0.10570038855075836,11.182116508483887,0.34944114089012146,15.348092605320373,2.0,3,3
ax_4-a-1_kv_kv-no1-golconda_06082025-000000-1_EN-OL-RC-331_2,on,on,c,19.11,19.77,0.66,0.66,those,AO N,DH OW Z * SIL *,DH OW Z,955,989,34,-0.30085960030555725,-0.46284839510917664,-0.013613187707960606,-0.9927269220352173,-13.575956344604492,-0.39929282665252686,8.842276292853057e-05,1.4055860042572021,0.04134076461195946,0.9474031329154968,55.46617126464844,1.631358027458191,0.8823803067207336,33.816951751708984,0.9946162104606628,0.5314401388168335,25.201953887939453,0.7412339448928833,0.0003627411788329482,0.771125078201294,0.022680148482322693,0.7922245860099792,31.125675201416016,0.9154610633850098,0.009889723733067513,6.985762119293213,0.20546358823776245,0.47913962602615356,24.02350616455078,0.7065737247467041,0.11692695319652557,11.169075012207031,0.32850220799446106,14.223494529876312,3.0,2,3
ax_4-a-1_kv_kv-no1-golconda_06082025-000000-1_EN-OL-RC-331_2,land,land,c,19.86,20.7,0.84,0.84,on,L AE N D,AO N L AY M,AO N L AY M,993,1035,42,-0.8538837432861328,-4.953843593597412,-0.11794865876436234,-1.9312031269073486,-34.466156005859375,-0.8206227421760559,0.001023380202241242,10.807699203491211,0.2573261857032776,1.581070899963379,97.95297241210938,2.3322136402130127,0.687956690788269,40.121299743652344,0.9552690386772156,0.3632436990737915,25.690771102905273,0.611685037612915,2.1074238247820176e-05,0.17183972895145416,0.004091422073543072,0.5961469411849976,34.92546081542969,0.8315585851669312,0.00012683487148024142,2.73457932472229,0.06510902941226959,0.2878100275993347,23.41754722595215,0.5575606226921082,0.04466542229056358,7.791001319885254,0.18550002574920654,25.186146743075362,5.0,4,5
ax_4-a-1_kv_kv-no1-golconda_06082025-000000-1_EN-OL-RC-331_2,the,the,c,21.18,21.75,0.57,0.57,land,DH AH,L AE N D * SIL *,L AE N D,1059,1088,29,-0.025383075699210167,-0.14810103178024292,-0.005106932017952204,-0.9302235245704651,-11.961095809936523,-0.4124515652656555,0.00022041205374989659,0.8528762459754944,0.02940952591598034,1.0063245296478271,47.97227096557617,1.6542162895202637,0.9897314310073853,28.940019607543945,0.997931718826294,0.5735551714897156,21.44454002380371,0.7394669055938721,0.0007393493433482945,0.6656837463378906,0.022954611107707024,0.8117024302482605,26.490398406982422,0.9134620428085327,0.015244914218783379,5.801198482513428,0.20004132390022278,0.5054386854171753,20.352005004882812,0.7017932534217834,0.13166746497154236,9.376120567321777,0.32331448793411255,17.29931174551908,4.0,2,4
ax_4-a-1_kv_kv-no1-golconda_06082025-000000-1_EN-OL-RC-331_2,water,water,c,22.83,23.31,0.48,0.48,the,W AO T AH R,DH AH * SIL *,DH AH,1141,1166,25,-0.08687864989042282,-0.18568558990955353,-0.0074274237267673016,-0.7470192313194275,-9.54178237915039,-0.38167130947113037,0.0002690425899345428,0.7835933566093445,0.0313437357544899,1.0628597736358643,39.725399017333984,1.5890159606933594,0.9651219844818115,24.9251766204834,0.9970070719718933,0.5927479267120361,18.75015640258789,0.7500062584877014,0.0010227691382169724,0.6395217776298523,0.02558087185025215,0.8432021737098694,22.99195671081543,0.919678270816803,0.03069477528333664,5.37661075592041,0.21506443619728088,0.5526808500289917,17.863676071166992,0.7145470380783081,0.1621781885623932,8.435420036315918,0.33741679787635803,18.10464098349668,4.0,5,2
ax_4-a-1_kv_kv-no1-golconda_06082025-000000-1_EN-OL-RC-331_2,carries,carries,c,23.37,24.03,0.66,0.66,water,K AE R IY Z,W AO T AH R *,W AO T AH R,1168,1202,34,-0.3461642861366272,-0.7148879766464233,-0.021026117727160454,-1.01304292678833,-11.910282135009766,-0.35030242800712585,0.0001665086019784212,1.435316562652588,0.042215194553136826,0.9917455315589905,50.3723258972168,1.481539011001587,0.8654225468635559,33.721519470214844,0.9918093681335449,0.5998646020889282,25.970314025878906,0.7638327479362488,0.0011535414960235357,1.0751489400863647,0.0316220261156559,0.8250746130943298,31.475444793701172,0.925748348236084,0.020518818870186806,8.469707489013672,0.24910904467105865,0.5247167944908142,24.890079498291016,0.7320611476898193,0.1434556096792221,12.376198768615723,0.36400583386421204,24.147614522217648,5.0,5,5
ax_4-a-1_kv_kv-no1-golconda_06082025-000000-1_EN-OL-RC-331_2,their,the,s,24.03,24.69,0.66,0.66,carries,DH EY AH R,* K AE R IY Z *,K AE R IY Z,1201,1235,34,-0.501401424407959,-1.0916228294372559,-0.03210655227303505,-1.4722976684570312,-16.408098220825195,-0.4825911223888397,0.00025552825536578894,2.831198215484619,0.08327053487300873,1.0835615396499634,59.79163360595703,1.7585774660110474,0.8087520599365234,33.575660705566406,0.9875194430351257,0.452414870262146,24.45888900756836,0.7193790674209595,9.532571129966527e-05,0.6391745209693909,0.018799250945448875,0.6934558153152466,30.601337432861328,0.9000393152236938,0.0011019663652405143,6.061504364013672,0.17827953398227692,0.36980313062667847,23.060522079467773,0.6782506704330444,0.06933244317770004,10.22332763671875,0.3006861209869385,21.020501223472053,5.0,4,5
ax_4-a-1_kv_kv-no1-golconda_06082025-000000-1_EN-OL-RC-331_2,weight,weight,c,24.69,25.2,0.51,0.51,the,W EY T,* DH AH * SIL *,DH AH,1234,1260,26,-0.23593313992023468,-0.9054461121559143,-0.03482485190033913,-1.036191463470459,-15.527050018310547,-0.597194254398346,0.0006706261774525046,2.778604030609131,0.10686938464641571,1.2936259508132935,53.332881927490234,2.051264762878418,0.9070197939872742,25.63973617553711,0.9861437082290649,0.5215803980827332,17.542009353637695,0.674692690372467,0.00030703851371072233,0.21049341559410095,0.008095900528132915,0.7853055000305176,22.872474670410156,0.8797105550765991,0.008480506017804146,2.66068959236145,0.10233421623706818,0.4702557325363159,16.303335189819336,0.6270513534545898,0.11227364093065262,6.129947662353516,0.2357672154903412,14.944755632372864,3.0,3,2
ax_4-a-1_kv_kv-no1-golconda_06082025-000000-1_EN-OL-RC-331_2,and,and,c,25.53,26.1,0.57,0.57,weight,AE N D,W EY T * SIL *,W EY T,1276,1305,29,-0.1108967512845993,-0.32256802916526794,-0.011123035103082657,-1.134751558303833,-13.214629173278809,-0.4556768536567688,0.0006622903747484088,1.396761178970337,0.04816417768597603,1.280354619026184,51.42022705078125,1.7731112241744995,0.9556127190589905,28.87036895751953,0.9955299496650696,0.5032293796539307,20.923728942871094,0.7215079069137573,0.0002251279802294448,0.41419875621795654,0.014282715506851673,0.7632724046707153,26.235069274902344,0.9046575427055359,0.005197870545089245,4.721829891204834,0.1628217250108719,0.44338756799697876,19.750904083251953,0.6810656785964966,0.09912605583667755,8.51455307006836,0.2936052680015564,17.42359326383837,3.0,3,3
ax_4-a-1_kv_kv-no1-golconda_06082025-000000-1_EN-OL-RC-331_2,so,so,c,26.19,26.73,0.54,0.54,and,S OW,AE N D *,AE N D,1309,1337,28,-0.08880474418401718,-0.24856853485107422,-0.008877447806298733,-0.7864300608634949,-9.214603424072266,-0.32909297943115234,8.748236723477021e-05,0.9359344840049744,0.033426232635974884,0.8822590708732605,39.85752487182617,1.4234830141067505,0.9643572568893433,27.90001678466797,0.9964291453361511,0.6107869148254395,21.6125545501709,0.7718769311904907,0.00138749647885561,1.0861483812332153,0.03879101201891899,0.8466135263442993,26.01655387878418,0.9291626214981079,0.03311161324381828,7.5461626052856445,0.2695057988166809,0.5582038760185242,20.764738082885742,0.7415977716445923,0.16611897945404053,10.64721965789795,0.38025784492492676,18.347520804198172,3.0,2,3
ax_4-a-1_kv_kv-no1-golconda_06082025-000000-1_EN-OL-RC-331_2,they,they,c,26.73,27.18,0.45,0.45,so,DH EY,* S OW *,S OW,1336,1359,23,-0.20429199934005737,-0.3256356716156006,-0.014158072881400585,-0.9356812238693237,-9.420892715454102,-0.4096040427684784,0.00020826807303819805,1.021140456199646,0.04439741000533104,1.0416717529296875,38.04518508911133,1.654138445854187,0.9191733598709106,22.870290756225586,0.9943604469299316,0.5522911548614502,16.912521362304688,0.7353270053863525,0.0005160705768503249,0.5305255651473999,0.023066328838467598,0.8150185346603394,20.997800827026367,0.9129478335380554,0.01641048677265644,4.722829818725586,0.2053404301404953,0.5101206302642822,16.154115676879883,0.7023528814315796,0.13445095717906952,7.506072044372559,0.32635095715522766,14.662077443925913,2.0,2,2
ax_4-a-1_kv_kv-no1-golconda_06082025-000000-1_EN-OL-RC-331_2,are,<eps>,d,,,,,,AA R,,,,,,,,,,,,,,,,,,,,,,,,,,,,,,,,,,,,,,,,,,
ax_4-a-1_kv_kv-no1-golconda_06082025-000000-1_EN-OL-RC-331_2,not,not,c,27.18,27.75,0.57,0.57,they,N AO T,* DH EY * SIL *,DH EY,1359,1388,29,-0.22329986095428467,-0.33221521973609924,-0.011455697007477283,-0.8335425853729248,-12.210016250610352,-0.4210350513458252,0.00024376259534619749,1.0960074663162231,0.0377933606505394,1.1610413789749146,49.835044860839844,1.7184498310089111,0.9118608832359314,28.86778450012207,0.9954408407211304,0.5669765472412109,21.183164596557617,0.7304539680480957,0.0006615205202251673,0.4854760766029358,0.016740554943680763,0.8276116251945496,26.442787170410156,0.9118202328681946,0.02170860767364502,5.1111860275268555,0.17624779045581818,0.5284979343414307,20.11513900756836,0.6936255097389221,0.14587152004241943,8.890716552734375,0.3065764307975769,18.55341891693192,3.0,3,2
ax_4-a-1_kv_kv-no1-golconda_06082025-000000-1_EN-OL-RC-331_2,tired,tired,c,28.05,28.71,0.66,0.66,not,T AY R D,N AO T * SIL *,N AO T,1402,1436,34,-0.21100349724292755,-0.390017569065094,-0.011471104808151722,-0.9751410484313965,-13.213560104370117,-0.3886341154575348,0.00019005342619493604,1.3041043281555176,0.03835600987076759,1.0257225036621094,54.319091796875,1.5976203680038452,0.9165874719619751,33.84446334838867,0.9954254031181335,0.5257070064544678,25.356151580810547,0.7457691431045532,0.0003292278852313757,0.8401676416397095,0.02471081353724003,0.7939631342887878,31.182924270629883,0.9171448349952698,0.010279199108481407,7.396862983703613,0.21755479276180267,0.48140794038772583,24.209884643554688,0.7120554447174072,0.11814066767692566,11.472896575927734,0.3374381363391876,18.343630325562103,4.0,4,3
ax_4-a-1_kv_kv-no1-golconda_06082025-000000-1_EN-OL-RC-331_2,out,out,c,28.74,29.34,0.6,0.6,tired,AW T,T AY R D *,T AY R D,1437,1467,30,-0.21380439400672913,-0.5489584803581238,-0.018298616632819176,-0.9589316248893738,-13.688446044921875,-0.45628154277801514,0.0002530016645323485,1.688987374305725,0.05629957839846611,1.166669249534607,52.83790969848633,1.7612636089324951,0.9155094623565674,29.781871795654297,0.9927290678024292,0.5441227555274963,21.613338470458984,0.7204446196556091,0.00044949856237508357,0.5055457353591919,0.016851523891091347,0.8032419681549072,27.145191192626953,0.9048396944999695,0.012632536701858044,5.183098793029785,0.1727699637413025,0.4937705993652344,20.475921630859375,0.6825307011604309,0.12494409084320068,8.982913970947266,0.2994304597377777,15.54978070707526,4.0,2,4
ax_4-a-1_kv_kv-no1-golconda_06082025-000000-1_EN-OL-RC-331_2,as,as,c,29.37,29.94,0.57,0.57,out,AE Z,AW T * SIL *,AW T,1468,1497,29,-0.05005273222923279,-0.09230433404445648,-0.0031829080544412136,-0.7207669019699097,-9.264716148376465,-0.3194729685783386,0.00011924407590413466,0.4563198387622833,0.015735166147351265,1.0187019109725952,42.52798080444336,1.4664820432662964,0.9798135757446289,28.96272087097168,0.9987145066261292,0.5767877101898193,22.235918045043945,0.7667558193206787,0.0007808827795088291,0.7983385920524597,0.0275289174169302,0.8437269926071167,26.965972900390625,0.9298611283302307,0.031054796651005745,7.11832857131958,0.24545960128307343,0.553524911403656,21.397075653076172,0.7378302216529846,0.16277508437633514,10.572972297668457,0.3645852506160736,16.600198659351843,2.0,2,2
ax_4-a-1_kv_kv-no1-golconda_06082025-000000-1_EN-OL-RC-331_2,quickly,quickly,c,30.0,30.54,0.54,0.54,as,K W IH K L IY,AE Z * SIL *,AE Z,1500,1527,27,-0.4069643020629883,-0.939013659954071,-0.034778282046318054,-1.0948797464370728,-13.936454772949219,-0.516165018081665,0.0005564228631556034,2.0238356590270996,0.07495687901973724,1.220954179763794,51.872005462646484,1.9211853742599487,0.8429647088050842,26.633682250976562,0.986432671546936,0.5072112679481506,18.76537322998047,0.6950138211250305,0.00024080828006844968,0.29752054810523987,0.01101927924901247,0.7863465547561646,24.11894989013672,0.8932944536209106,0.008678954094648361,3.632422924041748,0.13453418016433716,0.47157812118530273,17.71177864074707,0.655991792678833,0.11295629292726517,7.199556827545166,0.2666502594947815,29.501728568198182,6.0,6,2
ax_4-a-1_kv_kv-no1-golconda_06082025-000000-1_EN-OL-RC-331_2,as,as,c,30.57,31.53,0.96,0.96,quickly,AE Z,K W IH K L IY * SIL *,K W IH K L IY,1528,1577,49,-0.12877903878688812,-0.23989036679267883,-0.004895721562206745,-0.958629310131073,-20.36942481994629,-0.41570255160331726,8.725301449885592e-05,1.0856621265411377,0.0221563708037138,0.9644888639450073,84.71723175048828,1.7289230823516846,0.9485695958137512,48.90354919433594,0.9980316162109375,0.5452701449394226,35.68085861206055,0.7281807661056519,0.0004583040426950902,0.7979339957237244,0.016284367069602013,0.809445321559906,44.6632080078125,0.9114940166473389,0.014499264769256115,8.648530006408691,0.1765006184577942,0.5022873282432556,33.97587203979492,0.693385124206543,0.12982191145420074,15.02385139465332,0.30660921335220337,28.45151830366087,6.0,2,6
ax_4-a-1_kv_kv-no1-golconda_06082025-000000-1_EN-OL-RC-331_2,land,land,c,31.68,32.04,0.36,0.36,as,L AE N D,AE Z *,AE Z,1584,1602,18,-0.3354291021823883,-0.4059954881668091,-0.022555304691195488,-1.1735625267028809,-8.54314136505127,-0.47461897134780884,0.0003127442323602736,1.070049524307251,0.05944719538092613,1.1484776735305786,32.25947570800781,1.792193055152893,0.869423508644104,17.84087371826172,0.9911596775054932,0.44994014501571655,12.85836124420166,0.7143533825874329,9.141783084487543e-05,0.28063565492630005,0.015590869821608067,0.7368000149726868,16.203697204589844,0.9002053737640381,0.0028866524808108807,3.010378837585449,0.16724327206611633,0.4136282801628113,12.166206359863281,0.6759003400802612,0.08605849742889404,5.28579568862915,0.29365530610084534,15.155572983046067,3.0,4,2
ax_4-a-1_kv_kv-no1-golconda_06082025-000000-1_EN-OL-RC-331_2,animals,animals,c,32.04,32.58,0.54,0.54,land,AE N IH M AH L S,* L AE N D * SIL *,L AE N D,1602,1629,27,-0.6046195030212402,-1.4838221073150635,-0.05495637282729149,-1.7554106712341309,-16.61656379699707,-0.6154282689094543,0.0004593294579535723,3.9616615772247314,0.14672820270061493,1.2738265991210938,53.382747650146484,1.9771387577056885,0.772270679473877,26.425230026245117,0.9787122011184692,0.35724425315856934,18.28436851501465,0.6771988272666931,1.9037126548937522e-05,0.34749841690063477,0.012870311737060547,0.5937775373458862,23.570388793945312,0.8729773759841919,0.00012033060193061829,3.615126132965088,0.13389356434345245,0.2860356569290161,17.023845672607422,0.6305127739906311,0.04421257972717285,6.887537956237793,0.2550939917564392,25.73656701608079,6.0,7,4
ax_4-a-1_kv_kv-no1-golconda_06082025-000000-1_EN-OL-RC-331_2,many,many,c,33.6,34.2,0.6,0.6,animals,M EH N IY,AE N IH M AH L,AE N IH M AH L,1680,1710,30,-0.006090554408729076,-0.0263683944940567,-0.0008789465064182878,-0.839304506778717,-9.826898574829102,-0.3275632858276367,0.00015569436072837561,0.21159245073795319,0.007053081877529621,0.9695698618888855,44.30473327636719,1.476824402809143,0.9975302219390869,29.989303588867188,0.9996434450149536,0.5556858777999878,22.957996368408203,0.7652665376663208,0.0005465588765218854,0.9047326445579529,0.030157754197716713,0.8212459087371826,27.837730407714844,0.9279243350028992,0.018845586106181145,7.5059943199157715,0.2501998245716095,0.5190872550010681,22.080110549926758,0.7360036969184875,0.1399228870868683,10.987388610839844,0.3662462830543518,20.669918814933116,6.0,4,6
ax_4-a-1_kv_kv-no1-golconda_06082025-000000-1_EN-OL-RC-331_2,animals,animal,s,35.07,35.37,0.3,0.3,many,AE N IH M AH L S,M EH N *,M EH N,1753,1769,16,-0.5465375185012817,-1.4106154441833496,-0.08816346526145935,-1.5545549392700195,-11.499420166015625,-0.7187137603759766,0.001157113234512508,3.249706745147705,0.20310667157173157,1.255199670791626,33.9149055480957,2.1196815967559814,0.7926832437515259,15.454490661621094,0.9659056663513184,0.38507288694381714,10.311816215515137,0.644488513469696,3.0501370929414406e-05,0.18131467700004578,0.011332167312502861,0.6421619653701782,13.6104097366333,0.8506506085395813,0.0003525621141307056,1.8914004564285278,0.11821252852678299,0.32419222593307495,9.554243087768555,0.5971401929855347,0.05466261878609657,3.7041256427764893,0.23150785267353058,24.808630969621877,6.0,7,3
ax_4-a-1_kv_kv-no1-golconda_06082025-000000-1_EN-OL-RC-331_2,such,such,c,35.4,36.03,0.63,0.63,animal,S AH CH,* AE N IH M AH L Z,AE N IH M AH L Z,1770,1802,32,-0.4759129583835602,-0.5978243350982666,-0.01868201047182083,-1.3002666234970093,-12.51172924041748,-0.39099153876304626,0.00013007412781007588,1.4174511432647705,0.04429534822702408,0.9309042096138,50.682125091552734,1.583816409111023,0.8179064989089966,31.768709182739258,0.9927721619606018,0.5195815563201904,23.933656692504883,0.7479267716407776,0.00029683447792194784,0.8584800362586975,0.026827501133084297,0.7603095769882202,29.355785369873047,0.9173682928085327,0.004866731818765402,7.121840476989746,0.22255751490592957,0.4399276375770569,22.835336685180664,0.7136042714118958,0.09752918779850006,10.915144920349121,0.34109827876091003,28.93474403185683,6.0,3,7
ax_4-a-1_kv_kv-no1-golconda_06082025-000000-1_EN-OL-RC-331_2,as,as,c,36.03,36.42,0.39,0.39,such,AE Z,Z * S AH CH * SIL,Z S AH CH,1801,1821,20,-0.6605893969535828,-1.6778661012649536,-0.0838933065533638,-1.3926604986190796,-10.703824043273926,-0.5351911783218384,0.00013964662502985448,3.0873348712921143,0.15436674654483795,1.0308183431625366,35.69872283935547,1.7849361896514893,0.752878725528717,19.360366821289062,0.9680183529853821,0.5195815563201904,14.243890762329102,0.712194561958313,0.00029683447792194784,0.39680877327919006,0.019840437918901443,0.7603095769882202,17.886249542236328,0.8943125009536743,0.004866731818765402,3.4680731296539307,0.17340365052223206,0.4399276375770569,13.353507041931152,0.6676753759384155,0.09752918779850006,5.8632001876831055,0.29316002130508423,13.993958100241635,4.0,2,4
ax_4-a-1_kv_kv-no1-golconda_06082025-000000-1_EN-OL-RC-331_2,snakes,snakes,c,36.45,36.81,0.36,0.36,as,S N EY K S,AE Z *,AE Z,1822,1841,19,-0.3537425398826599,-0.43872207403182983,-0.023090636357665062,-1.058322787284851,-8.732211112976074,-0.45959004759788513,0.00031753769144415855,1.1138075590133667,0.05862145125865936,1.1103023290634155,33.67337417602539,1.7722828388214111,0.8626046776771545,18.828235626220703,0.9909597635269165,0.48955488204956055,13.648889541625977,0.7183626294136047,0.00017865002155303955,0.3059085011482239,0.0161004476249218,0.7727943062782288,17.168071746826172,0.903582751750946,0.006422468926757574,3.2433996200561523,0.17070524394512177,0.4547455906867981,12.93850326538086,0.6809738278388977,0.10451941937208176,5.657500743865967,0.2977631986141205,19.78459655739618,5.0,5,2
ax_4-a-1_kv_kv-no1-golconda_06082025-000000-1_EN-OL-RC-331_2,and,and,c,36.81,37.26,0.45,0.45,snakes,AE N D,* N EY,N EY,1840,1863,23,-1.0416568517684937,-2.384934663772583,-0.10369281470775604,-2.195350408554077,-19.400188446044922,-0.8434864282608032,0.0025516552850604057,5.739516735076904,0.2495442032814026,1.7332570552825928,55.30086135864258,2.4043853282928467,0.6278232336044312,22.10381507873535,0.961035430431366,0.3157375454902649,13.799321174621582,0.5999704599380493,9.414277883479372e-06,0.06573077291250229,0.0028578597120940685,0.5008492469787598,18.962448120117188,0.8244542479515076,1.5265450201695785e-05,1.1941345930099487,0.05191889405250549,0.22274035215377808,12.544107437133789,0.5453959703445435,0.029915327206254005,3.9824769496917725,0.1731511652469635,10.373020688935544,2.0,3,2
ax_4-a-1_kv_kv-no1-golconda_06082025-000000-1_EN-OL-RC-331_2,lizards,lizards,c,37.92,38.19,0.27,0.27,and,L IH Z AH R D Z,AE N D *,AE N D,1896,1910,14,-0.15633706748485565,-0.5550581812858582,-0.03964701294898987,-1.0717557668685913,-8.221068382263184,-0.5872191786766052,0.00021892522636335343,2.047569513320923,0.14625497162342072,1.0035388469696045,26.9533748626709,1.9252411127090454,0.9377773404121399,13.777761459350586,0.9841257929801941,0.5451632738113403,9.665846824645996,0.6904176473617554,0.00045747647527605295,0.2013089954853058,0.014379213564097881,0.7825159430503845,12.341475486755371,0.8815339803695679,0.007970865815877914,1.9552772045135498,0.13966265320777893,0.46673721075057983,8.964280128479004,0.6403056979179382,0.11047397553920746,3.6672792434692383,0.26194852590560913,24.709429396251288,6.0,7,3
ax_4-a-1_kv_kv-no1-golconda_06082025-000000-1_EN-OL-RC-331_2,keep,keep,c,38.19,39.06,0.87,0.87,lizards,K IY P,* L IH Z AH R R D S * SIL *,L IH Z AH R R D S,1909,1953,44,-0.4677720367908478,-1.6174803972244263,-0.03676091879606247,-1.2573184967041016,-21.098983764648438,-0.47952234745025635,0.00023436495393980294,4.437528610229492,0.10085292160511017,1.0608528852462769,75.92495727539062,1.7255672216415405,0.8208429217338562,43.36347961425781,0.9855336546897888,0.48980647325515747,31.882823944091797,0.7246096134185791,0.00017941169789992273,0.8319814801216125,0.0189086701720953,0.7603651285171509,39.70774841308594,0.902448832988739,0.004872738849371672,7.947474956512451,0.18062442541122437,0.43999218940734863,29.9989013671875,0.681793212890625,0.09755876660346985,13.349065780639648,0.303387850522995,28.616357264720804,8.0,3,8
ax_4-a-1_kv_kv-no1-golconda_06082025-000000-1_EN-OL-RC-331_2,growing,growing,c,39.42,40.14,0.72,0.72,keep,G R OW IH NG,K IY P * SIL *,K IY P,1971,2007,36,-0.0948830172419548,-0.1516459733247757,-0.004212388303130865,-0.8090724349021912,-12.827140808105469,-0.3563094735145569,0.00018071287195198238,0.6511372923851013,0.018087146803736687,1.023269534111023,56.53978729248047,1.5705496072769165,0.9619466066360474,35.93894958496094,0.9983041286468506,0.5947364568710327,27.089014053344727,0.7524726390838623,0.0010577401844784617,0.856203019618988,0.02378341741859913,0.8476036190986633,33.23247146606445,0.9231241941452026,0.033848077058792114,7.839517116546631,0.21776436269283295,0.5598234534263611,25.9495849609375,0.7208217978477478,0.16729047894477844,12.302512168884277,0.34173643589019775,24.13476145156518,5.0,5,3
ax_4-a-1_kv_kv-no1-golconda_06082025-000000-1_EN-OL-RC-331_2,until,until,c,40.2,40.86,0.66,0.66,growing,AH N T IH L,G R OW IH NG * SIL,G R OW IH NG,2010,2043,33,-0.09892018139362335,-0.23614011704921722,-0.007155761122703552,-0.8624231815338135,-13.398448944091797,-0.4060136079788208,0.00025224583805538714,0.9853637218475342,0.029859507456421852,1.056114673614502,55.54020690917969,1.6830365657806396,0.9603473544120789,32.904945373535156,0.9971195459365845,0.5874764919281006,24.21841049194336,0.7338912487030029,0.0009355583461001515,0.6339462995529175,0.019210493192076683,0.8339173197746277,30.149242401123047,0.9136133790016174,0.024973275139927864,6.2903265953063965,0.1906159520149231,0.5380775928497314,23.094091415405273,0.6998209357261658,0.15215113759040833,10.466492652893066,0.31716644763946533,32.02544526435291,4.0,5,5
ax_4-a-1_kv_kv-no1-golconda_06082025-000000-1_EN-OL-RC-331_2,they,they,c,40.92,41.52,0.6,0.6,until,DH EY,AH N T IH L *,AH N T IH L,2046,2076,30,-0.30341023206710815,-0.3626135587692261,-0.012087118811905384,-0.8519188165664673,-10.722991943359375,-0.3574330508708954,0.0001425873051630333,0.9039753675460815,0.030132511630654335,0.920676589012146,45.93517303466797,1.5311723947525024,0.8814206123352051,29.857481002807617,0.9952493906021118,0.6013582944869995,22.74489974975586,0.758163332939148,0.001183043816126883,0.8536812663078308,0.02845604158937931,0.8455765247344971,27.721092224121094,0.9240363836288452,0.03235745429992676,6.966391086578369,0.23221303522586823,0.5565156936645508,21.76154899597168,0.7253849506378174,0.16490556299686432,10.555049896240234,0.3518349826335907,20.303072446259115,5.0,2,5
ax_4-a-1_kv_kv-no1-golconda_06082025-000000-1_EN-OL-RC-331_2,die,die,c,41.52,41.79,0.27,0.27,they,D AY,* DH EY *,DH EY,2076,2090,14,-0.17397421598434448,-0.3440134823322296,-0.02457239106297493,-0.7218748331069946,-6.1077094078063965,-0.4362649619579315,0.0003099094901699573,1.0886989831924438,0.07776421308517456,1.1391485929489136,23.417842864990234,1.6727030277252197,0.9309090375900269,13.862517356872559,0.9901798367500305,0.6016193628311157,10.333087921142578,0.738077700138092,0.0011882776161655784,0.2673731744289398,0.019098084419965744,0.8513457775115967,12.771106719970703,0.9122219085693359,0.036782559007406235,2.5578181743621826,0.18270130455493927,0.5660135746002197,9.736225128173828,0.695444643497467,0.1718355119228363,4.352436542510986,0.3108883202075958,10.965849389107017,2.0,2,2
ax_4-a-1_kv_kv-no1-golconda_06082025-000000-1_EN-OL-RC-331_2,so,so,c,41.79,42.27,0.48,0.48,die,S OW,* D AY * SIL *,D AY,2089,2114,25,-0.12334487587213516,-0.278961181640625,-0.011158447712659836,-0.9931983947753906,-12.528973579406738,-0.5011589527130127,0.0006401575519703329,1.1649155616760254,0.046596623957157135,1.2351346015930176,47.345062255859375,1.893802523612976,0.9507065415382385,24.88783836364746,0.9955135583877563,0.5292983055114746,17.529033660888672,0.7011613249778748,0.00034983965451829135,0.3010026216506958,0.01204010471701622,0.7909412980079651,22.400150299072266,0.8960059881210327,0.00961172953248024,3.462102174758911,0.13848409056663513,0.4774746894836426,16.517459869384766,0.660698413848877,0.11604279279708862,6.771040916442871,0.2708416283130646,16.154729596944442,2.0,2,2
ax_4-a-1_kv_kv-no1-golconda_06082025-000000-1_EN-OL-RC-331_2,if,if,c,43.05,43.56,0.51,0.51,so,IH F,S OW *,S OW,2152,2178,26,-0.5727114677429199,-0.6646866202354431,-0.02556486986577511,-1.0359928607940674,-9.812268257141113,-0.3773949444293976,0.000247717194724828,1.1137274503707886,0.042835671454668045,1.045360803604126,40.799774169921875,1.569222092628479,0.7834478616714478,25.746341705322266,0.9902439117431641,0.5814512372016907,19.512191772460938,0.750468909740448,0.0008449458400718868,0.6752329468727112,0.025970498099923134,0.8352295160293579,23.93407440185547,0.9205413460731506,0.025712039321660995,5.804415702819824,0.2232467532157898,0.5401046276092529,18.668787002563477,0.7180302739143372,0.15350967645645142,8.92703628540039,0.34334754943847656,13.392592563880413,2.0,2,2
ax_4-a-1_kv_kv-no1-golconda_06082025-000000-1_EN-OL-RC-331_2,they,they,c,43.59,43.89,0.3,0.3,if,DH EY,IH F * SIL,IH F,2179,2195,16,-0.14480769634246826,-0.16156166791915894,-0.010097604244947433,-0.8627400994300842,-6.18528413772583,-0.3865802586078644,0.00022539349447470158,0.5280711054801941,0.03300444409251213,1.1256382465362549,25.959735870361328,1.622483491897583,0.9422834515571594,15.935486793518066,0.9959679245948792,0.6030222773551941,11.893750190734863,0.743359386920929,0.001216799602843821,0.346852570772171,0.02167828567326069,0.839873194694519,14.686999320983887,0.9179374575614929,0.028506452217698097,3.2809715270996094,0.20506072044372559,0.5473743081092834,11.3568696975708,0.709804356098175,0.1584695428609848,5.274104595184326,0.3296315371990204,13.80358865869429,2.0,2,2
ax_4-a-1_kv_kv-no1-golconda_06082025-000000-1_EN-OL-RC-331_2,are,are,c,43.95,44.49,0.54,0.54,they,AA R,DH EY * SIL *,DH EY,2197,2225,28,-0.09005073457956314,-0.2924800217151642,-0.010445714928209782,-0.847038209438324,-11.218500137329102,-0.4006607234477997,0.0001897484326036647,1.1529468297958374,0.04117667302489281,0.9935305714607239,46.083213806152344,1.6458290815353394,0.9638627767562866,27.882347106933594,0.9957981109619141,0.5810346603393555,20.76605796813965,0.7416449189186096,0.0008390159928239882,0.5779287219047546,0.020640311762690544,0.828572154045105,25.651702880859375,0.9161322712898254,0.022176867350935936,5.4769110679626465,0.19560396671295166,0.5299402475357056,19.73302459716797,0.7047508955001831,0.14680233597755432,9.024046897888184,0.322287380695343,13.141146738632806,2.0,2,2
ax_4-a-1_kv_kv-no1-golconda_06082025-000000-1_EN-OL-RC-331_2,looked,looked,c,44.73,45.09,0.36,0.36,are,L UH K D,AA R *,AA R,2236,2255,19,-0.04955492913722992,-0.09047292172908783,-0.0047617326490581036,-0.8230470418930054,-7.455381870269775,-0.3923885226249695,0.0003684557741507888,0.4382854104042053,0.0230676531791687,1.1659083366394043,31.407987594604492,1.6530519723892212,0.9800131916999817,18.963451385498047,0.9980763792991638,0.5791544318199158,14.066238403320312,0.740328311920166,0.0008127631153911352,0.3709784150123596,0.019525179639458656,0.8289569616317749,17.410938262939453,0.9163651466369629,0.022367291152477264,3.7237329483032227,0.19598594307899475,0.5305198431015015,13.405712127685547,0.7055637836456299,0.1471777856349945,6.130368709564209,0.3226509988307953,19.949573505509786,4.0,4,2
ax_4-a-1_kv_kv-no1-golconda_06082025-000000-1_EN-OL-RC-331_2,after,after,c,45.09,45.45,0.36,0.36,looked,AA F T AH R,* L UH K D * SIL *,L UH K D,2254,2273,19,-0.6725189685821533,-1.5016850233078003,-0.07903605699539185,-1.391268014907837,-13.83743667602539,-0.7282861471176147,0.0011518705869093537,3.6820759773254395,0.19379347562789917,1.3807740211486816,41.45825958251953,2.182013750076294,0.7487804293632507,18.41876792907715,0.9694088101387024,0.45085692405700684,12.251169204711914,0.6447983980178833,9.284647239837795e-05,0.12145672738552094,0.006392459385097027,0.7363125681877136,16.246475219726562,0.8550776243209839,0.002855558879673481,1.554845929145813,0.08183399587869644,0.41310346126556396,11.191165924072266,0.5890087485313416,0.08584114909172058,3.9422128200531006,0.2074848860502243,28.307031940978522,5.0,5,4
ax_4-a-1_kv_kv-no1-golconda_06082025-000000-1_EN-OL-RC-331_2,well,well,c,45.51,46.2,0.69,0.69,after,W EH L,AA F T AH R *,AA F T AH R,2275,2310,35,-0.27626901865005493,-0.5968152284622192,-0.01705186441540718,-1.1275988817214966,-18.75916290283203,-0.5359761118888855,0.0004187954473309219,2.1766109466552734,0.06218888238072395,1.2582991123199463,68.89944458007812,1.9685555696487427,0.8916653990745544,34.76231384277344,0.9932089447975159,0.5028369426727295,24.160415649414062,0.6902976036071777,0.00022363875177688897,0.31567469239234924,0.009019277058541775,0.7610223889350891,31.12845230102539,0.8893843293190002,0.004944418556988239,4.179783821105957,0.11942239850759506,0.4407569169998169,22.628263473510742,0.646521806716919,0.09790999442338943,8.898113250732422,0.2542318105697632,21.98427151323814,5.0,3,5
ax_4-a-1_kv_kv-no1-golconda_06082025-000000-1_EN-OL-RC-331_2,such,such,c,46.2,46.71,0.51,0.51,well,S AH CH,* W EH L * SIL *,W EH L,2310,2336,26,-0.38815203309059143,-1.0790400505065918,-0.04150154069066048,-1.3563659191131592,-14.33950424194336,-0.5515193939208984,0.0008442954858765006,2.873960494995117,0.11053694039583206,1.3646103143692017,50.299659729003906,1.9346022605895996,0.8498769998550415,25.576461791992188,0.9837100505828857,0.4508594274520874,17.988876342773438,0.6918798685073853,9.285037231165916e-05,0.277007132768631,0.010654120706021786,0.7088631391525269,23.05935287475586,0.8868981599807739,0.0015517884166911244,3.373021125793457,0.12973158061504364,0.3847575783729553,16.832687377929688,0.647411048412323,0.07472740113735199,6.772075176239014,0.2604644298553467,18.29020865935931,3.0,3,3
ax_4-a-1_kv_kv-no1-golconda_06082025-000000-1_EN-OL-RC-331_2,animals,animals,c,47.34,47.76,0.42,0.42,such,AE N IH M AH L S,S AH CH *,S AH CH,2367,2388,21,-0.004010483156889677,-0.012365482747554779,-0.0005888325395062566,-0.679527223110199,-6.254067897796631,-0.2978127598762512,0.00010816993744811043,0.10310017317533493,0.004909532144665718,0.956261396408081,29.132591247558594,1.3872662782669067,0.99837327003479,20.994979858398438,0.9997609257698059,0.6097451448440552,16.34677505493164,0.7784178853034973,0.001363272313028574,0.7647783756256104,0.036418016999959946,0.8575875759124756,19.61101531982422,0.9338578581809998,0.042254067957401276,5.809914588928223,0.27666258811950684,0.5765897035598755,15.772839546203613,0.7510876059532166,0.1798546016216278,8.143895149230957,0.3878045380115509,29.628366963601213,6.0,7,3
ax_4-a-1_kv_kv-no1-golconda_06082025-000000-1_EN-OL-RC-331_2,should,should,c,47.79,48.48,0.69,0.69,animals,SH UH D,* AE N IH M AH L Z *,AE N IH M AH L Z,2389,2424,35,-0.2916879653930664,-0.5769494771957397,-0.016484269872307777,-1.192192554473877,-12.899900436401367,-0.3685685694217682,9.674303146312013e-05,1.6392091512680054,0.046834547072649,0.8843167424201965,53.003414154052734,1.514383316040039,0.8858367800712585,34.77192687988281,0.9934836030006409,0.5372940897941589,26.478654861450195,0.7565329670906067,0.0004004830261692405,1.1376984119415283,0.032505668699741364,0.7735453248023987,32.24897766113281,0.9213993549346924,0.006530530285090208,8.603602409362793,0.24581721425056458,0.455657422542572,25.367746353149414,0.7247927784919739,0.10496264696121216,12.56982135772705,0.35913774371147156,32.72956938063892,7.0,3,7
ax_4-a-1_kv_kv-no1-golconda_06082025-000000-1_EN-OL-RC-331_2,live,live,c,48.48,48.93,0.45,0.45,should,L IH V,* SH UH D *,SH UH D,2424,2447,23,-0.06826593726873398,-0.20384187996387482,-0.008862690068781376,-0.8786609768867493,-10.602035522460938,-0.4609580636024475,0.00024279575154650956,0.9088583588600159,0.03951558098196983,1.1081076860427856,41.60894012451172,1.8090842962265015,0.9725304841995239,22.917789459228516,0.9964256286621094,0.5335662961006165,16.400243759155273,0.7130540609359741,0.000376019102986902,0.33113721013069153,0.014397270046174526,0.810154914855957,20.766517639160156,0.9028920531272888,0.01472965907305479,3.677844524383545,0.1599062830209732,0.5032749176025391,15.557226181030273,0.6764011383056641,0.13039788603782654,6.662693977355957,0.2896823585033417,25.290233667202568,3.0,3,3
ax_4-a-1_kv_kv-no1-golconda_06082025-000000-1_EN-OL-RC-331_2,forever,forever,c,48.93,49.44,0.51,0.51,live,F AO R EH V AH R,* L AY *,L AY,2446,2472,26,-0.8416691422462463,-1.4871814250946045,-0.05719928443431854,-1.7549633979797363,-16.061246871948242,-0.617740273475647,0.0012419853592291474,2.996767997741699,0.11526031047105789,1.5152761936187744,54.70851516723633,2.1041736602783203,0.6919671297073364,25.43865203857422,0.9784097075462341,0.4046556353569031,17.136137008666992,0.6590821743011475,4.24898971687071e-05,0.17090140283107758,0.006573130842298269,0.6514264941215515,22.658559799194336,0.8714830875396729,0.00043314057984389365,2.612081289291382,0.10046466439962387,0.3320005536079407,16.082168579101562,0.6185449361801147,0.056995805352926254,6.022105693817139,0.2316194474697113,33.63913805337826,7.0,7,2
lb_4-b-39_kv_kv-dewas_22082024-000000-1_EN-OL-RC-331_2,so,so,c,1.02,1.86,0.84,0.84,so,S OW,S OW *,S OW,51,93,42,-0.4862078130245209,-0.9518797993659973,-0.02266380563378334,-1.0560932159423828,-15.602736473083496,-0.37149372696876526,0.0003435008111409843,1.5752930641174316,0.03750697895884514,1.136033535003662,65.95158386230469,1.5702757835388184,0.8142020106315613,41.63446044921875,0.991296648979187,0.5487874746322632,31.51244354248047,0.7502962946891785,0.00048638644511811435,1.0226283073425293,0.024348292499780655,0.810102641582489,38.67259979248047,0.9207761883735657,0.014712566509842873,9.365531921386719,0.22298885881900787,0.5032020807266235,30.193449020385742,0.7188916206359863,0.1303553432226181,14.42004680633545,0.343334436416626,0.0,0.0,2,2
lb_4-b-39_kv_kv-dewas_22082024-000000-1_EN-OL-RC-331_2,it,it,c,1.89,2.25,0.36,0.36,it,IH T,IH T * SIL *,IH T,94,113,19,-0.2998768389225006,-0.3776729702949524,-0.01987752504646778,-0.9836242198944092,-7.382529258728027,-0.388554185628891,0.0003481385647319257,1.1149641275405884,0.05868232250213623,1.1909708976745605,29.820695877075195,1.5695103406906128,0.882750391960144,18.851314544677734,0.9921744465827942,0.5707265138626099,14.295201301574707,0.7523790001869202,0.0007048214902170002,0.4328669011592865,0.022782469168305397,0.8251638412475586,17.465129852294922,0.9192173480987549,0.020559530705213547,4.093815803527832,0.21546399593353271,0.5248490571975708,13.580471992492676,0.7147616744041443,0.14353956282138824,6.408020973205566,0.3372642695903778,0.0,0.0,2,2
lb_4-b-39_kv_kv-dewas_22082024-000000-1_EN-OL-RC-331_2,is,is,c,2.31,2.67,0.36,0.36,is,IH Z,IH Z *,IH Z,115,134,19,-0.21421457827091217,-0.29563018679618835,-0.01555948331952095,-1.0874919891357422,-8.221283912658691,-0.43269914388656616,0.0005399086512625217,0.9401760697364807,0.04948295280337334,1.3255997896194458,32.590721130371094,1.7153011560440063,0.9153517484664917,18.882423400878906,0.9938117861747742,0.47306007146835327,13.841440200805664,0.7284968495368958,0.000135162437800318,0.30252376198768616,0.0159223023802042,0.7591338157653809,17.27100944519043,0.9090005159378052,0.00474125100299716,3.3873491287231445,0.1782815307378769,0.43856412172317505,13.133845329284668,0.6912550330162048,0.0969056785106659,5.8229498863220215,0.306471049785614,0.0,0.0,2,2
lb_4-b-39_kv_kv-dewas_22082024-000000-1_EN-OL-RC-331_2,not,not,c,2.67,3.21,0.54,0.54,not,N AO T,* N AO T *,N AO T,133,161,28,-0.1097845658659935,-0.18909361958503723,-0.006753343623131514,-0.7932403087615967,-9.516397476196289,-0.339871346950531,9.943792974809185e-05,0.763074517250061,0.02725266106426716,0.8785645365715027,40.67451858520508,1.452661395072937,0.9560518264770508,27.923969268798828,0.9972845911979675,0.599189043045044,21.49620819091797,0.7677217125892639,0.001140441163443029,1.0297245979309082,0.03677587956190109,0.8493129014968872,25.959430694580078,0.9271225333213806,0.0351581946015358,7.317197322845459,0.26132848858833313,0.562637209892273,20.624732971191406,0.7365975975990295,0.16934309899806976,10.452957153320312,0.3733198940753937,0.0,0.0,3,3
lb_4-b-39_kv_kv-dewas_22082024-000000-1_EN-OL-RC-331_2,easy,easy,c,3.21,3.87,0.66,0.66,easy,IY Z IY,* IY Z IY *,IY Z IY,160,194,34,-0.380595862865448,-0.967905580997467,-0.0284678116440773,-1.2829232215881348,-18.598163604736328,-0.5470048189163208,0.0003392056387383491,2.5855467319488525,0.07604549080133438,1.1584073305130005,66.68900299072266,1.9614412784576416,0.8526626229286194,33.61960220336914,0.9888118505477905,0.48689138889312744,23.2757568359375,0.6845811009407043,0.00017078174278140068,0.394418865442276,0.011600554920732975,0.7509816288948059,30.11077308654785,0.8856109976768494,0.003955781925469637,4.558868885040283,0.13408437371253967,0.42925387620925903,21.944133758544922,0.645415723323822,0.09273408353328705,8.889508247375488,0.26145613193511963,0.0,0.0,3,3
lb_4-b-39_kv_kv-dewas_22082024-000000-1_EN-OL-RC-331_2,to,to,c,3.87,4.26,0.39,0.39,to,T UW,* T UW *,T UW,193,213,20,-0.418648362159729,-0.7678431272506714,-0.03839215636253357,-1.0312414169311523,-8.49966049194336,-0.42498302459716797,0.00017481665418017656,1.5705289840698242,0.07852645218372345,1.0568652153015137,33.053993225097656,1.6526997089385986,0.8386879563331604,19.70079803466797,0.9850398898124695,0.5742766261100769,14.72311019897461,0.7361555099487305,0.0007484229281544685,0.442655086517334,0.0221327543258667,0.8104434013366699,18.249710083007812,0.9124854803085327,0.014824367128312588,4.005568027496338,0.2002784013748169,0.503677248954773,14.008864402770996,0.7004432082176208,0.1306331604719162,6.455604076385498,0.32278019189834595,0.0,0.0,2,2
lb_4-b-39_kv_kv-dewas_22082024-000000-1_EN-OL-RC-331_2,find,find,c,4.26,4.83,0.57,0.57,find,F AY N D,* F AY N D *,F AY N D,212,242,30,-0.5345301628112793,-1.0762696266174316,-0.035875655710697174,-1.0615394115447998,-12.613455772399902,-0.42044851183891296,0.0001931523293023929,2.094343423843384,0.06981144845485687,1.1347650289535522,49.174644470214844,1.6391547918319702,0.796940267086029,29.58448028564453,0.9861493706703186,0.5718764066696167,22.181304931640625,0.7393768429756165,0.0007186586153693497,0.6360118389129639,0.0212003942579031,0.8113735914230347,27.415142059326172,0.9138380885124207,0.015133938752114773,6.002937316894531,0.20009790360927582,0.5049777030944824,21.07241439819336,0.70241379737854,0.13139614462852478,9.702831268310547,0.3234277069568634,0.0,0.0,4,4
lb_4-b-39_kv_kv-dewas_22082024-000000-1_EN-OL-RC-331_2,out,out,c,4.86,5.25,0.39,0.39,out,AW T,AW T *,AW T,243,263,20,-0.017608510330319405,-0.04084232449531555,-0.00204211613163352,-0.6828135848045349,-6.58738374710083,-0.3293691873550415,0.000140803589602001,0.23087459802627563,0.011543730273842812,1.0728927850723267,30.169769287109375,1.508488416671753,0.9928696751594543,19.983455657958984,0.9991728067398071,0.5918734073638916,15.213362693786621,0.760668158531189,0.0010077578481286764,0.500313401222229,0.02501567080616951,0.8522626757621765,18.555614471435547,0.9277807474136353,0.0375395193696022,4.660566329956055,0.2330283224582672,0.5675471425056458,14.634458541870117,0.7317229509353638,0.1729782670736313,7.099339485168457,0.3549669682979584,0.0,0.0,2,2
lb_4-b-39_kv_kv-dewas_22082024-000000-1_EN-OL-RC-331_2,how,how,c,5.25,5.64,0.39,0.39,how,HH AW,* HH AW *,HH AW,262,282,20,-0.39081257581710815,-0.502633273601532,-0.02513166330754757,-0.9362332820892334,-7.505030155181885,-0.37525150179862976,0.0001991377503145486,1.0320212841033936,0.05160106346011162,0.9102902412414551,31.27924156188965,1.5639621019363403,0.8488975167274475,19.804046630859375,0.9902023077011108,0.594334065914154,15.023908615112305,0.7511954307556152,0.0010505679529160261,0.5101965069770813,0.025509824976325035,0.8493692278862,18.426523208618164,0.9213261604309082,0.03520222380757332,4.420105934143066,0.22100529074668884,0.5627303123474121,14.372145652770996,0.7186073064804077,0.16941140592098236,6.850425720214844,0.3425212800502777,0.0,0.0,2,2
lb_4-b-39_kv_kv-dewas_22082024-000000-1_EN-OL-RC-331_2,long,long,c,5.64,6.09,0.45,0.45,long,L AO NG,* L AO NG *,L AO NG,282,305,23,-0.6515846252441406,-0.7709303498268127,-0.0335187092423439,-0.9598631262779236,-9.751299858093262,-0.423969566822052,0.00017502765695098788,1.3187658786773682,0.057337645441293716,1.057598352432251,37.73977279663086,1.6408597230911255,0.7559803128242493,22.70769500732422,0.9872910976409912,0.5544834136962891,16.96108627319336,0.7374385595321655,0.0005355591420084238,0.5605800747871399,0.024373047053813934,0.8174850940704346,20.98721694946289,0.9124876856803894,0.017334911972284317,4.781846046447754,0.2079063504934311,0.5136446952819824,16.145675659179688,0.7019858956336975,0.13657911121845245,7.534836769104004,0.3276016116142273,0.0,0.0,3,3
lb_4-b-39_kv_kv-dewas_22082024-000000-1_EN-OL-RC-331_2,animals,animal,s,6.09,6.63,0.54,0.54,animal,AE N IH M AH L S,* AE N IH M AH L *,AE N IH M AH L,304,332,28,-0.4190923869609833,-0.7727469801902771,-0.027598107233643532,-1.0527985095977783,-12.493814468383789,-0.4462076723575592,0.00019795195839833468,1.8203575611114502,0.06501276791095734,0.9800870418548584,47.25727844238281,1.6877599954605103,0.838525652885437,27.698205947875977,0.9892216324806213,0.55290687084198,20.43343162536621,0.7297654151916504,0.0005214718403294683,0.6609993577003479,0.023607119917869568,0.8078635334968567,25.412853240966797,0.9076018929481506,0.013998560607433319,5.589775085449219,0.19963482022285461,0.5000957250595093,19.39422607421875,0.6926509141921997,0.12855149805545807,8.923893928527832,0.3187105059623718,3.7420005426462573,1.0,7,6
lb_4-b-39_kv_kv-dewas_22082024-000000-1_EN-OL-RC-331_2,live,live,c,6.63,6.93,0.3,0.3,live,L IH V,* L IH V Z,L IH V Z,331,347,16,-0.6118107438087463,-1.9194107055664062,-0.11996316909790039,-1.4872000217437744,-11.44044303894043,-0.7150276899337769,0.000741148425731808,3.31451416015625,0.20715713500976562,1.3094372749328613,34.032737731933594,2.1270461082458496,0.7697638869285583,15.27017593383789,0.9543859958648682,0.4638422131538391,10.334877014160156,0.6459298133850098,0.00011565129534574226,0.1504601389169693,0.009403758682310581,0.7154461145401001,13.686059951782227,0.8553787469863892,0.0017961885314434767,1.7461857795715332,0.10913661122322083,0.3913482427597046,9.590618133544922,0.5994136333465576,0.07720489799976349,3.637237071990967,0.22732731699943542,2.8571333536584267,1.0,3,4
lb_4-b-39_kv_kv-dewas_22082024-000000-1_EN-OL-RC-331_2,scientists,scientists,c,6.93,7.62,0.69,0.69,scientists,S AY AH N T IH S T S,Z * S AY N T IH S T *,Z S AY N T IH S T,346,381,35,-0.7847151160240173,-3.4932634830474854,-0.09980753064155579,-1.6444629430770874,-23.022769927978516,-0.657793402671814,0.0005763421067968011,6.586512565612793,0.18818607926368713,1.281990647315979,71.59058380126953,2.045445203781128,0.7108288407325745,33.67927932739258,0.962265133857727,0.44753772020339966,23.381132125854492,0.6680323481559753,8.77773854881525e-05,0.3379351794719696,0.009655291214585304,0.6705148816108704,30.411874771118164,0.8689107298851013,0.0006619301275350153,3.9891045093536377,0.11397441476583481,0.3486626148223877,21.6285400390625,0.6179583072662354,0.06221403181552887,8.338479995727539,0.2382422834634781,10.073000955710144,3.0,9,8
lb_4-b-39_kv_kv-dewas_22082024-000000-1_EN-OL-RC-331_2,believe,believe,c,8.01,8.67,0.66,0.66,believe,B IH L IY V,B IH L IY V *,B IH L IY V,400,434,34,-0.35898295044898987,-0.4607120752334595,-0.013550355099141598,-1.276052713394165,-13.865642547607422,-0.40781301259994507,0.00021015232778154314,1.2664562463760376,0.03724871203303337,1.058910846710205,55.352516174316406,1.628015160560608,0.8606593608856201,33.81950378417969,0.9946913123130798,0.49003154039382935,25.085988998413086,0.7378231883049011,0.00018009587074629962,0.907111644744873,0.02667975425720215,0.7498842477798462,31.02042007446289,0.9123653173446655,0.0038604994770139456,7.493819713592529,0.2204064577817917,0.4280194044113159,23.996784210205078,0.7057877779006958,0.09219202399253845,11.426231384277344,0.3360656201839447,0.0,0.0,5,5
lb_4-b-39_kv_kv-dewas_22082024-000000-1_EN-OL-RC-331_2,that,that,c,8.67,9.21,0.54,0.54,that,DH AE T,* DH AE T *,DH AE T,433,461,28,-0.04419567435979843,-0.1833879053592682,-0.00654956791549921,-0.8090953826904297,-10.354755401611328,-0.3698126971721649,0.00016384344780817628,0.895318329334259,0.031975653022527695,0.939958930015564,42.847618103027344,1.530272126197815,0.9821627140045166,27.925853729248047,0.9973519444465637,0.5737670660018921,21.182218551635742,0.7565078139305115,0.0007420032634399831,0.8253107666969299,0.029475385323166847,0.830269992351532,25.804601669311523,0.9215928912162781,0.023029381409287453,6.585460662841797,0.23519502580165863,0.5325044393539429,20.226396560668945,0.7223712801933289,0.14846986532211304,9.855393409729004,0.3519783318042755,0.0,0.0,3,3
lb_4-b-39_kv_kv-dewas_22082024-000000-1_EN-OL-RC-331_2,animals,animal,s,9.21,9.9,0.69,0.69,animal,AE N IH M AH L S,* AE N IH M AH L *,AE N IH M AH L,460,495,35,-0.11165975779294968,-0.28826266527175903,-0.00823607575148344,-1.0033719539642334,-14.398067474365234,-0.4113733470439911,0.00013781938469037414,1.326574444770813,0.03790212795138359,0.9271231293678284,57.05265808105469,1.6300759315490723,0.9553114771842957,34.88386154174805,0.9966817498207092,0.546737790107727,25.869264602661133,0.7391218543052673,0.0004698192060459405,0.9264730215072632,0.02647065743803978,0.8024044036865234,31.95246124267578,0.9129274487495422,0.012399625033140182,7.511699676513672,0.21461999416351318,0.49263644218444824,24.652084350585938,0.7043452858924866,0.12430642545223236,11.636917114257812,0.33248335123062134,3.7420005426462573,1.0,7,6
lb_4-b-39_kv_kv-dewas_22082024-000000-1_EN-OL-RC-331_2,in,in,c,9.9,10.32,0.42,0.42,in,IH N,* IH N *,IH N,495,516,21,-0.08238112181425095,-0.15103231370449066,-0.007192014716565609,-0.8867820501327515,-8.135169982910156,-0.38738903403282166,0.00014610761718358845,0.6485971808433533,0.03088558092713356,0.963948130607605,33.68915557861328,1.6042455434799194,0.9669090509414673,20.93914794921875,0.9971022605895996,0.5382309556007385,15.656404495239258,0.7455430626869202,0.00040687754517421126,0.5105332136154175,0.02431110478937626,0.8098759651184082,19.272233963012695,0.9177254438400269,0.014638648368418217,4.465016841888428,0.2126198559999466,0.5028862953186035,14.941493034362793,0.7114996910095215,0.1301710158586502,7.027532577514648,0.3346444070339203,0.0,0.0,2,2
lb_4-b-39_kv_kv-dewas_22082024-000000-1_EN-OL-RC-331_2,the,the,c,10.32,10.59,0.27,0.27,the,DH AH,DH AH,DH AH,516,530,14,-0.013308838941156864,-0.024778764694929123,-0.0017699117306619883,-0.9311507344245911,-5.825262069702148,-0.4160901606082916,0.0002866887953132391,0.18996557593345642,0.013568969443440437,1.0913349390029907,23.866662979125977,1.7047616243362427,0.9946077466011047,13.989954948425293,0.9992824792861938,0.5364065766334534,10.208427429199219,0.7291733622550964,0.0003945180797018111,0.29551947116851807,0.021108534187078476,0.8023703694343567,12.743460655212402,0.9102472066879272,0.012390256859362125,2.7345032691955566,0.19532166421413422,0.49259036779403687,9.746380805969238,0.6961700320243835,0.12428063154220581,4.45138692855835,0.31795620918273926,0.0,0.0,2,2
lb_4-b-39_kv_kv-dewas_22082024-000000-1_EN-OL-RC-331_2,sea,sea,c,10.59,11.13,0.54,0.54,sea,S IY,* S IY * SIL,S IY,529,557,28,-0.548599362373352,-1.0542174577713013,-0.03765062242746353,-1.0697450637817383,-15.061387062072754,-0.5379067063331604,0.0005473692435771227,2.60261869430542,0.09295066446065903,1.256198525428772,53.8707160949707,1.9239541292190552,0.7919535636901855,27.58946418762207,0.985338032245636,0.5168470144271851,19.444652557373047,0.6944518685340881,0.000283422035863623,0.3194858431816101,0.01141020841896534,0.7756304144859314,24.931638717651367,0.8904156684875488,0.006840178277343512,3.7267837524414062,0.13309942185878754,0.45820146799087524,18.237241744995117,0.6513300538063049,0.10620752722024918,7.380438804626465,0.263587087392807,0.0,0.0,2,2
lb_4-b-39_kv_kv-dewas_22082024-000000-1_EN-OL-RC-331_2,generally,generally,c,11.58,12.54,0.96,0.96,generally,JH EH N R AH L IY,JH EH N R AH L IY *,JH EH N R AH L IY,579,627,48,-0.37897446751594543,-0.6981691122055054,-0.014545190148055553,-1.2647309303283691,-22.160268783569336,-0.46167227625846863,0.0003466478956397623,2.0943901538848877,0.04363312944769859,1.114495038986206,86.47174072265625,1.8014945983886719,0.8532611131668091,47.72526168823242,0.9942762851715088,0.5162622928619385,34.25933074951172,0.7137360572814941,0.00028063327772542834,0.7366821765899658,0.01534754503518343,0.7596501708030701,43.311588287353516,0.9023247361183167,0.0047959522344172,7.942846775054932,0.1654759794473648,0.4391622543334961,32.51779556274414,0.6774540543556213,0.09717877954244614,14.075254440307617,0.2932344675064087,0.0,0.0,7,7
lb_4-b-39_kv_kv-dewas_22082024-000000-1_EN-OL-RC-331_2,live,live,c,12.54,12.96,0.42,0.42,live,L IH V,* L IH V *,L IH V,627,648,21,-0.4310648739337921,-0.4802016019821167,-0.022866742685437202,-1.2646050453186035,-9.002260208129883,-0.42867904901504517,0.0003356055822223425,0.9969398379325867,0.047473326325416565,1.1928720474243164,35.58992385864258,1.6947582960128784,0.8341565728187561,20.81424903869629,0.9911547303199768,0.4978415369987488,15.27267837524414,0.7272704243659973,0.00020552353817038238,0.42944949865341187,0.02044997550547123,0.7592111825942993,19.078454971313477,0.9084978699684143,0.00474940612912178,4.144263744354248,0.19734589755535126,0.43865370750427246,14.593254089355469,0.694916844367981,0.09694651514291763,6.68695068359375,0.3184262216091156,0.0,0.0,3,3
lb_4-b-39_kv_kv-dewas_22082024-000000-1_EN-OL-RC-331_2,for,for,c,12.96,13.53,0.57,0.57,for,F AO R,* F AO R *,F AO R,648,677,29,-0.1382976919412613,-0.45834824442863464,-0.015805112197995186,-0.8426278233528137,-11.470719337463379,-0.39554205536842346,0.00017437641508877277,1.6680877208709717,0.057520266622304916,1.0280097723007202,45.50949478149414,1.5692929029464722,0.9448336362838745,28.816089630126953,0.9936582446098328,0.5726810693740845,21.75038719177246,0.7500133514404297,0.0007285028113983572,0.7922717332839966,0.027319714426994324,0.8252697587013245,26.611454010009766,0.9176363348960876,0.020607978105545044,6.482733726501465,0.22354254126548767,0.5250061750411987,20.69270133972168,0.7135414481163025,0.14363929629325867,9.9025239944458,0.34146633744239807,0.0,0.0,3,3
lb_4-b-39_kv_kv-dewas_22082024-000000-1_EN-OL-RC-331_2,a,a,c,13.53,13.71,0.18,0.18,a,AH,* AH,AH,676,686,10,-0.0744178295135498,-0.09041623026132584,-0.009041623212397099,-0.9130039215087891,-4.938650608062744,-0.49386507272720337,0.0008566277101635933,0.4255422353744507,0.04255422204732895,1.4513856172561646,19.038856506347656,1.9038856029510498,0.9700781106948853,9.963593482971191,0.9963593482971191,0.542931079864502,7.016134262084961,0.7016134262084961,0.0004405316722113639,0.09725423902273178,0.009725423529744148,0.8068792223930359,8.970280647277832,0.8970280885696411,0.013695747591555119,1.3195714950561523,0.13195714354515076,0.49873894453048706,6.607969284057617,0.6607969403266907,0.12777027487754822,2.674980878829956,0.26749807596206665,0.0,0.0,1,1
lb_4-b-39_kv_kv-dewas_22082024-000000-1_EN-OL-RC-331_2,longer,long,s,13.71,14.31,0.6,0.6,long,L AO NG G AH R,* L AO NG *,L AO NG,685,716,31,-0.16770432889461517,-0.45458176732063293,-0.01466392818838358,-0.9761483669281006,-11.423053741455078,-0.36848559975624084,0.00015832186909392476,1.5493420362472534,0.049978774040937424,1.0364989042282104,46.74720001220703,1.5079741477966309,0.9333471655845642,30.81844711303711,0.9941434264183044,0.5744539499282837,23.566970825195312,0.7602248787879944,0.0007506701513193548,0.9148257374763489,0.029510507360100746,0.8251279592514038,28.60389518737793,0.9227063059806824,0.02054317481815815,7.396712303161621,0.2386036217212677,0.5247959494590759,22.47666358947754,0.7250536680221558,0.14350584149360657,11.005343437194824,0.35501107573509216,10.686160972777744,3.0,6,3
lb_4-b-39_kv_kv-dewas_22082024-000000-1_EN-OL-RC-331_2,time,time,c,14.31,14.82,0.51,0.51,time,T AY M,* T AY M *,T AY M,715,741,26,-0.08181819319725037,-0.10554253309965134,-0.004059328231960535,-0.8548063039779663,-9.15856647491455,-0.3522525429725647,0.00016616712673567235,0.4652595818042755,0.017894599586725235,1.0739306211471558,39.81367111206055,1.5312950611114502,0.9671328663825989,25.95751190185547,0.9983658194541931,0.5484515428543091,19.624168395996094,0.7547757029533386,0.00048363200039602816,0.7341041564941406,0.028234776109457016,0.81711745262146,23.997743606567383,0.9229901432991028,0.017193885520100594,6.196244716644287,0.2383171021938324,0.5131171941757202,18.864912033081055,0.7255735397338867,0.13625870645046234,9.230239868164062,0.3550092279911041,0.0,0.0,3,3
lb_4-b-39_kv_kv-dewas_22082024-000000-1_EN-OL-RC-331_2,than,that,s,14.85,15.33,0.48,0.48,that,TH AE N,* DH AE T *,DH AE T,742,767,25,-0.48863691091537476,-0.7101489305496216,-0.02840595692396164,-0.9979346990585327,-9.365781784057617,-0.37463128566741943,0.00017818516062106937,1.5100759267807007,0.06040303781628609,1.042676329612732,37.29844665527344,1.4919378757476807,0.8133293390274048,24.72490119934082,0.9889960289001465,0.5163730382919312,19.065975189208984,0.7626389861106873,0.000281159213045612,0.7524986267089844,0.03009994514286518,0.7864910364151001,23.06023597717285,0.9224094152450562,0.008706854656338692,6.069981575012207,0.24279926717281342,0.4717620015144348,18.15546226501465,0.7262184619903564,0.11305148899555206,8.943339347839355,0.3577335774898529,11.45459660265614,2.0,3,3
lb_4-b-39_kv_kv-dewas_22082024-000000-1_EN-OL-RC-331_2,those,those,c,15.63,16.26,0.63,0.63,those,DH OW Z,DH OW Z * SIL,DH OW Z,781,814,33,-0.42543140053749084,-0.7178552150726318,-0.021753188222646713,-1.0048164129257202,-12.75082015991211,-0.38638848066329956,0.00021078530699014664,1.5109772682189941,0.04578718915581703,0.9868529438972473,52.445152282714844,1.5892469882965088,0.8362108469009399,32.720542907714844,0.9915316104888916,0.5325767993927002,24.619335174560547,0.7460404634475708,0.0003697806387208402,0.8604586720466614,0.026074504479765892,0.7953317165374756,30.291292190551758,0.9179179668426514,0.010596559382975101,7.310118198394775,0.22151874005794525,0.48320406675338745,23.55959701538086,0.7139272093772888,0.11910920590162277,11.240775108337402,0.34062954783439636,0.0,0.0,3,3
lb_4-b-39_kv_kv-dewas_22082024-000000-1_EN-OL-RC-331_2,on,on,c,16.32,16.83,0.51,0.51,on,AO N,AO N *,AO N,816,842,26,-0.15859243273735046,-0.4628516435623169,-0.017801987007260323,-1.1760799884796143,-13.781089782714844,-0.5300419330596924,0.000679115648381412,1.759543538093567,0.06767474859952927,1.331739902496338,50.722084045410156,1.9508494138717651,0.9368972778320312,25.81467056274414,0.9928719401359558,0.49721837043762207,17.959569931030273,0.6907526850700378,0.00020336898160167038,0.2586677670478821,0.009948760271072388,0.754403829574585,23.128185272216797,0.8895455598831177,0.00426828395575285,3.3082075119018555,0.12723875045776367,0.43313199281692505,16.878427505493164,0.6491702795028687,0.09445366263389587,6.751124382019043,0.2596586346626282,0.0,0.0,2,2
lb_4-b-39_kv_kv-dewas_22082024-000000-1_EN-OL-RC-331_2,[INS:the],the,i,16.83,17.16,0.33,0.33,the,,L AO *,L AO,841,858,17,-0.886689305305481,-2.354200601577759,-0.13848239183425903,-1.5278304815292358,-14.171991348266602,-0.8336465358734131,0.0013318577548488975,4.843789100646973,0.2849287688732147,1.6150835752487183,39.63236618041992,2.331315755844116,0.6772464513778687,16.103866577148438,0.9472862482070923,0.43162858486175537,10.353981971740723,0.6090577840805054,6.706595013383776e-05,0.07454764097929001,0.004385155159980059,0.6652752161026001,14.138113975524902,0.8316537737846375,0.0005891897599212825,1.1546897888183594,0.0679229274392128,0.34400904178619385,9.448227882385254,0.5557780861854553,0.060722969472408295,3.1494622230529785,0.18526248633861542,,,0,2
lb_4-b-39_kv_kv-dewas_22082024-000000-1_EN-OL-RC-331_2,land,land,c,17.19,17.82,0.63,0.63,land,L AE N D,* L AE N D *,L AE N D,859,891,32,-0.23870804905891418,-0.7112118601799011,-0.02222537063062191,-0.9054069519042969,-14.690764427185059,-0.4590863883495331,0.00014303612988442183,2.1931991577148438,0.06853747367858887,0.9716446995735168,54.968814849853516,1.7177754640579224,0.9059585332870483,31.71725845336914,0.9911643266677856,0.5544693470001221,23.232532501220703,0.726016640663147,0.0005354316672310233,0.7715667486190796,0.024111460894346237,0.8185217380523682,28.974506378173828,0.9054533243179321,0.017738791182637215,6.140974998474121,0.19190546870231628,0.5151363611221313,21.986177444458008,0.6870680451393127,0.13748864829540253,9.993523597717285,0.31229761242866516,0.0,0.0,4,4
lb_4-b-39_kv_kv-dewas_22082024-000000-1_EN-OL-RC-331_2,the,the,c,17.82,18.27,0.45,0.45,the,DH AH,DH AH * SIL *,DH AH,891,914,23,-0.4450523853302002,-0.845954179763794,-0.036780618131160736,-1.0433984994888306,-9.737419128417969,-0.4233660399913788,0.00017488904995843768,1.4231363534927368,0.061875492334365845,1.022233486175537,38.65608596801758,1.680699348449707,0.8290689587593079,22.673677444458008,0.9858120679855347,0.5777353048324585,16.865934371948242,0.7333015203475952,0.0007934938184916973,0.4879888892173767,0.02121690846979618,0.8237689733505249,20.983184814453125,0.912312388420105,0.01993216946721077,4.469203948974609,0.19431321322917938,0.5227868556976318,16.067359924316406,0.6985808610916138,0.1422359198331833,7.3299150466918945,0.3186919689178467,0.0,0.0,2,2
lb_4-b-39_kv_kv-dewas_22082024-000000-1_EN-OL-RC-331_2,water,water,c,18.3,18.96,0.66,0.66,water,W AO T AH R,W AO T AH R * SIL,W AO T AH R,915,948,33,-0.013292167335748672,-0.04804675653576851,-0.0014559623086825013,-0.8548907041549683,-11.588537216186523,-0.35116779804229736,0.00018616554734762758,0.3443942368030548,0.010436189360916615,0.9830616116523743,50.55821228027344,1.532067060470581,0.9946145415306091,32.98051834106445,0.9994096755981445,0.5628105401992798,24.972501754760742,0.7567424774169922,0.0006165277445688844,0.9392340183258057,0.0284616369754076,0.8201906681060791,30.47968864440918,0.9236268997192383,0.0184088833630085,7.815042018890381,0.23681946098804474,0.5175514817237854,23.958040237426758,0.7260012030601501,0.13897228240966797,11.694570541381836,0.35438093543052673,0.0,0.0,5,5
lb_4-b-39_kv_kv-dewas_22082024-000000-1_EN-OL-RC-331_2,carries,ट्रग,s,19.44,19.92,0.48,0.48,ट्रग,K AE R IY Z,T R AA K R,T R AA K R,972,997,25,-0.8776487112045288,-3.5294883251190186,-0.14117953181266785,-1.9258506298065186,-23.70950698852539,-0.9483802914619446,0.0014559206319972873,7.112696170806885,0.2845078408718109,1.4918537139892578,63.44535446166992,2.537814140319824,0.6801891326904297,23.666885375976562,0.9466754198074341,0.3848472237586975,14.23547649383545,0.5694190859794617,3.0385064746951684e-05,0.06456756591796875,0.0025827025528997183,0.6035947799682617,20.12873077392578,0.805149257183075,0.00014965883747208863,0.9901328682899475,0.039605315774679184,0.29344701766967773,12.830429077148438,0.5132171511650085,0.0461246632039547,3.774998664855957,0.15099994838237762,20.185975857193114,5.0,5,5
lb_4-b-39_kv_kv-dewas_22082024-000000-1_EN-OL-RC-331_2,[INS:ट्रक्स],ट्रक्स,i,19.92,20.73,0.81,0.81,ट्रक्स,,R S D * SIL *,R S D,996,1037,41,-1.1462821960449219,-4.467217445373535,-0.10895652323961258,-2.1476240158081055,-40.227996826171875,-0.981170654296875,0.016311533749103546,9.406850814819336,0.22943538427352905,2.1802937984466553,110.89199829101562,2.7046828269958496,0.5955219268798828,39.3278923034668,0.9592168927192688,0.36968570947647095,21.985332489013672,0.5362276434898376,2.3504369892179966e-05,0.027476655319333076,0.0006701623206026852,0.5475610494613647,32.527015686035156,0.793341875076294,4.309566065785475e-05,0.7518733739852905,0.01833837479352951,0.25312018394470215,20.075897216796875,0.4896560311317444,0.036346402019262314,5.263541221618652,0.12837904691696167,,,0,3
lb_4-b-39_kv_kv-dewas_22082024-000000-1_EN-OL-RC-331_2,their,their,c,20.76,21.48,0.72,0.72,their,DH EY AH R,DH EY R * SIL *,DH EY R,1038,1074,36,-0.18131986260414124,-0.7326540946960449,-0.020351503044366837,-1.0177947282791138,-19.852928161621094,-0.5514702200889587,0.0003707828582264483,2.606421947479248,0.07240060716867447,1.1048463582992554,71.19271850585938,1.9775755405426025,0.9280574321746826,35.70693588256836,0.9918593168258667,0.5211811065673828,24.63623046875,0.6843397617340088,0.000304972636513412,0.42016905546188354,0.011671362444758415,0.789602518081665,31.892356872558594,0.8858988285064697,0.009330046363174915,4.595191955566406,0.12764422595500946,0.475746214389801,23.13910484313965,0.6427528858184814,0.11513082683086395,9.239069938659668,0.25664082169532776,3.47386705940546,1.0,4,3
lb_4-b-39_kv_kv-dewas_22082024-000000-1_EN-OL-RC-331_2,weight,weight,c,22.5,23.04,0.54,0.54,weight,W EY T,W EY T *,W EY T,1125,1152,27,-0.16934217512607574,-0.46052759885787964,-0.017056576907634735,-1.2670204639434814,-13.693733215332031,-0.5071753263473511,0.000636596349067986,1.77614164352417,0.06578302383422852,1.3022857904434204,50.94413375854492,1.8868197202682495,0.9327099323272705,26.815956115722656,0.9931835532188416,0.4822607636451721,18.980815887451172,0.7029931545257568,0.000157918271725066,0.29357096552848816,0.010872998274862766,0.7356444001197815,24.154796600341797,0.8946220874786377,0.00281348149292171,3.7002313137054443,0.13704560697078705,0.41238534450531006,17.817245483398438,0.6598979830741882,0.08554445207118988,7.291843891143799,0.27006828784942627,0.0,0.0,3,3
lb_4-b-39_kv_kv-dewas_22082024-000000-1_EN-OL-RC-331_2,and,and,c,23.07,23.49,0.42,0.42,and,AE N D,AE N D *,AE N D,1153,1175,22,-0.16223396360874176,-0.2395073026418686,-0.010886695235967636,-0.8132889866828918,-7.810985565185547,-0.35504481196403503,9.640840289648622e-05,0.8617954850196838,0.039172522723674774,0.8785911798477173,32.37794876098633,1.4717249870300293,0.9354775547981262,21.9041748046875,0.9956443309783936,0.5865018367767334,16.846860885620117,0.7657663822174072,0.0009202673099935055,0.7987671494483948,0.036307599395513535,0.8324601650238037,20.356740951538086,0.9253063797950745,0.02417772263288498,5.574292182922363,0.25337693095207214,0.5358402729034424,16.100290298461914,0.7318313717842102,0.15066391229629517,8.073897361755371,0.36699533462524414,0.0,0.0,3,3
lb_4-b-39_kv_kv-dewas_22082024-000000-1_EN-OL-RC-331_2,so,so,c,23.49,24.0,0.51,0.51,so,S OW,* S OW *,S OW,1174,1200,26,-0.2576037645339966,-0.3718423545360565,-0.014301628805696964,-0.9954341053962708,-10.614768981933594,-0.4082603454589844,0.0002581691660452634,1.10908842086792,0.04265724867582321,1.0762169361114502,42.99867630004883,1.6537952423095703,0.8987513780593872,25.85258674621582,0.9943302869796753,0.5403280258178711,19.146812438964844,0.7364158630371094,0.0004215632798150182,0.5821799039840698,0.022391535341739655,0.8062392473220825,23.750539779663086,0.9134823083877563,0.013502394780516624,5.282309532165527,0.20316575467586517,0.4978595972061157,18.271514892578125,0.702750563621521,0.12726615369319916,8.45758056640625,0.32529157400131226,0.0,0.0,2,2
lb_4-b-39_kv_kv-dewas_22082024-000000-1_EN-OL-RC-331_2,they,they,c,24.0,24.51,0.51,0.51,they,DH EY,* DH EY *,DH EY,1200,1226,26,-0.15576784312725067,-0.21961610019207,-0.008446773514151573,-0.8427299857139587,-10.115138053894043,-0.38904377818107605,0.0001201118211611174,0.784534752368927,0.030174413695931435,0.9579762816429138,42.12160110473633,1.6200616359710693,0.9379994869232178,25.912155151367188,0.9966213703155518,0.5816676616668701,19.324312210083008,0.7432428002357483,0.0008480435353703797,0.6401527523994446,0.024621259421110153,0.8388886451721191,23.849882125854492,0.9173031449317932,0.027889693155884743,5.493563175201416,0.2112908959388733,0.5458203554153442,18.458393096923828,0.7099381685256958,0.15739768743515015,8.664982795715332,0.33326858282089233,0.0,0.0,2,2
lb_4-b-39_kv_kv-dewas_22082024-000000-1_EN-OL-RC-331_2,are,are,c,24.54,24.93,0.39,0.39,are,AA R,AA R,AA R,1227,1247,20,-0.17053070664405823,-0.18678975105285645,-0.009339487180113792,-0.8697868585586548,-7.477071285247803,-0.37385356426239014,0.0002883680572267622,0.5698606967926025,0.028493035584688187,1.1019057035446167,31.888980865478516,1.5944490432739258,0.9322477579116821,19.925655364990234,0.9962827563285828,0.5590949058532715,14.950665473937988,0.7475332617759705,0.0005789881106466055,0.46269774436950684,0.023134887218475342,0.817936897277832,18.391742706298828,0.9195871353149414,0.01750979572534561,4.30504846572876,0.21525242924690247,0.5142940282821655,14.3049955368042,0.71524977684021,0.13697440922260284,6.75227165222168,0.337613582611084,0.0,0.0,2,2
lb_4-b-39_kv_kv-dewas_22082024-000000-1_EN-OL-RC-331_2,not,not,c,24.93,25.5,0.57,0.57,not,N AO T,* N AO T *,N AO T,1246,1275,29,-0.1942223757505417,-0.49268433451652527,-0.01698911562561989,-0.9389040470123291,-12.05062198638916,-0.4155386984348297,0.00021210411796346307,1.5878232717514038,0.05475252494215965,1.0808004140853882,47.372154235839844,1.6335225105285645,0.9230612516403198,28.803571701049805,0.9932265877723694,0.5532791614532471,21.50299072265625,0.7414824366569519,0.0005247642402537167,0.6976130604743958,0.02405562251806259,0.8049021363258362,26.497133255004883,0.9136942625045776,0.0131071787327528,5.968461990356445,0.20580902695655823,0.49602949619293213,20.403541564941406,0.7035704255104065,0.1262224018573761,9.490667343139648,0.3272643983364105,0.0,0.0,3,3
lb_4-b-39_kv_kv-dewas_22082024-000000-1_EN-OL-RC-331_2,tired,tried,s,25.77,26.4,0.63,0.63,tried,T AY R D,T R AY D *,T R AY D,1288,1320,32,-0.8062036633491516,-2.0028891563415527,-0.06259028613567352,-1.9254437685012817,-23.612943649291992,-0.7379044890403748,0.001415332080796361,5.012202262878418,0.15663132071495056,1.54705011844635,74.45021057128906,2.326569080352783,0.7036808133125305,31.238204956054688,0.976193904876709,0.39353859424591064,19.852249145507812,0.6203827857971191,3.5201755963498726e-05,0.11580051481723785,0.003618766088038683,0.5922687649726868,27.104368209838867,0.8470115065574646,0.00011636377166723832,1.9860177040100098,0.062063053250312805,0.28491055965423584,18.348909378051758,0.5734034180641174,0.04392699524760246,6.084483623504639,0.19014011323451996,6.35894144270389,2.0,4,4
lb_4-b-39_kv_kv-dewas_22082024-000000-1_EN-OL-RC-331_2,out,out,c,26.97,27.42,0.45,0.45,out,AW T,AW T *,AW T,1348,1371,23,-0.09264304488897324,-0.2081848680973053,-0.009051515720784664,-0.9232648015022278,-10.094322204589844,-0.43888357281684875,0.0001998216175707057,0.8445958495140076,0.03672155737876892,1.1667518615722656,40.85357666015625,1.7762424945831299,0.9628345370292664,22.91622543334961,0.9963576197624207,0.5311174392700195,16.528751373291016,0.7186413407325745,0.0003607675607781857,0.33975934982299805,0.014772146008908749,0.8026218414306641,20.860170364379883,0.9069639444351196,0.01245967112481594,3.820636749267578,0.16611464321613312,0.49293047189712524,15.729926109313965,0.6839098334312439,0.12447149306535721,6.821839809417725,0.2966017425060272,0.0,0.0,2,2
lb_4-b-39_kv_kv-dewas_22082024-000000-1_EN-OL-RC-331_2,as,has,s,27.42,27.84,0.42,0.42,has,AE Z,* AE Z *,AE Z,1371,1392,21,-0.18304167687892914,-0.2864650785923004,-0.013641194440424442,-0.997602641582489,-8.5278902053833,-0.40609002113342285,0.00016746159235481173,1.0280827283859253,0.04895631968975067,0.979507327079773,33.63947296142578,1.6018797159194946,0.9273898601531982,20.88553810119629,0.9945494532585144,0.49500787258148193,15.652034759521484,0.7453349828720093,0.00019590735610108823,0.5185617208480835,0.024693414568901062,0.7810547947883606,19.216981887817383,0.9150943756103516,0.007716262247413397,4.477224826812744,0.21320118010044098,0.4649083614349365,14.86965274810791,0.7080786824226379,0.10954804718494415,7.000446319580078,0.3333545923233032,0.0,0.0,2,2
lb_4-b-39_kv_kv-dewas_22082024-000000-1_EN-OL-RC-331_2,quickly,quickly,c,27.84,28.47,0.63,0.63,quickly,K W IH K L IY,* K W IH K L IY *,K W IH K L IY,1392,1424,32,-0.36097803711891174,-0.6649830937385559,-0.020780721679329872,-1.1126782894134521,-17.70444679260254,-0.5532639622688293,0.0006689805304631591,2.145663261413574,0.0670519769191742,1.3120707273483276,63.93951416015625,1.9981098175048828,0.8599192500114441,31.73713493347168,0.99178546667099,0.5195868015289307,21.868024826049805,0.6833757758140564,0.00029686110792681575,0.288226842880249,0.009007088840007782,0.7873340845108032,28.3559627532959,0.8861238360404968,0.008871471509337425,3.724562168121338,0.11639256775379181,0.472836971282959,20.49112319946289,0.6403475999832153,0.11360941082239151,7.983351230621338,0.2494797259569168,0.0,0.0,6,6
lb_4-b-39_kv_kv-dewas_22082024-000000-1_EN-OL-RC-331_2,as,as,c,28.47,28.98,0.51,0.51,as,AE Z,* AE Z *,AE Z,1423,1449,26,-0.30408975481987,-1.168824553489685,-0.04495479166507721,-1.198898196220398,-15.789322853088379,-0.6072816252708435,0.00031832425156608224,3.6190059185028076,0.13919253647327423,1.134193778038025,52.210853576660156,2.0081098079681396,0.8811649680137634,25.5355224609375,0.9821354746818542,0.46607154607772827,17.606285095214844,0.6771647930145264,0.0001200951446662657,0.2834596335887909,0.01090229395776987,0.747788667678833,22.803050994873047,0.877040445804596,0.00368488603271544,3.111018657684326,0.1196545660495758,0.4256742596626282,16.349943161010742,0.6288439631462097,0.0911693125963211,6.396529674530029,0.2460203766822815,0.0,0.0,2,2
lb_4-b-39_kv_kv-dewas_22082024-000000-1_EN-OL-RC-331_2,land,land,c,28.98,29.58,0.6,0.6,land,L AE N D,L AE N D *,L AE N D,1449,1479,30,-0.5325272679328918,-1.327937364578247,-0.04426457732915878,-1.4948357343673706,-20.432161331176758,-0.6810720562934875,0.001693646190688014,3.809504270553589,0.12698347866535187,1.6127721071243286,67.00270080566406,2.2334234714508057,0.7976515293121338,29.481229782104492,0.982707679271698,0.4632718563079834,19.21124839782715,0.6403749585151672,0.00011454104242147878,0.12973074615001678,0.00432435842230916,0.6968663930892944,25.78419303894043,0.8594731092453003,0.001188713125884533,2.2147903442382812,0.07382634282112122,0.373058557510376,17.7867488861084,0.5928916335105896,0.07048071920871735,6.156426429748535,0.2052142173051834,0.0,0.0,4,4
lb_4-b-39_kv_kv-dewas_22082024-000000-1_EN-OL-RC-331_2,animals,animal,s,29.91,30.54,0.63,0.63,animal,AE N IH M AH L S,AE N IH M AH L *,AE N IH M AH L,1495,1527,32,-0.10591402649879456,-0.17607073485851288,-0.0055022104643285275,-1.0329746007919312,-12.812347412109375,-0.40038585662841797,0.00019788098870776594,0.8473455905914307,0.026479549705982208,0.973483145236969,52.09540557861328,1.627981424331665,0.9575808048248291,31.92914390563965,0.997785747051239,0.5441957712173462,23.674522399902344,0.7398288249969482,0.00045005345600657165,0.8005130290985107,0.02501603215932846,0.7932204604148865,29.24787139892578,0.9139959812164307,0.010110974311828613,6.88999605178833,0.21531237661838531,0.48043709993362427,22.612300872802734,0.7066344022750854,0.11761991679668427,10.677414894104004,0.3336692154407501,3.7420005426462573,1.0,7,6
lb_4-b-39_kv_kv-dewas_22082024-000000-1_EN-OL-RC-331_2,many,many,c,30.54,31.11,0.57,0.57,many,M EH N IY,* M EH N IY *,M EH N IY,1527,1556,29,-0.4830271303653717,-1.4145663976669312,-0.04877815023064613,-1.147874355316162,-14.074862480163574,-0.48534008860588074,0.00015004098531790078,3.1962122917175293,0.1102142184972763,0.9493958950042725,49.6951904296875,1.7136272192001343,0.8153455853462219,28.44890785217285,0.98099684715271,0.5614622831344604,21.04497718811035,0.7256888747215271,0.0006026329938322306,0.6736111640930176,0.02322797104716301,0.8008345365524292,26.189895629882812,0.9030998349189758,0.011974591761827469,5.454796314239502,0.18809641897678375,0.4905205965042114,19.806753158569336,0.6829915046691895,0.12312422692775726,8.939310073852539,0.3082520663738251,0.0,0.0,4,4
lb_4-b-39_kv_kv-dewas_22082024-000000-1_EN-OL-RC-331_2,animals,animal,s,31.11,31.65,0.54,0.54,animal,AE N IH M AH L S,AE N IH M AH L,AE N IH M AH L,1555,1583,28,-0.0191187746822834,-0.054629113525152206,-0.001951039768755436,-0.8557049036026001,-10.151243209838867,-0.36254438757896423,0.0001422510831616819,0.3677573800086975,0.013134191744029522,0.9592791795730591,43.26347351074219,1.5451240539550781,0.9922595024108887,27.977859497070312,0.9992092847824097,0.5448377132415771,21.076353073120117,0.7527269124984741,0.00045496533857658505,0.8311560750007629,0.029684145003557205,0.8161016702651978,25.789306640625,0.9210466742515564,0.01681019552052021,6.681861877441406,0.23863792419433594,0.5116637945175171,20.23073959350586,0.7225264310836792,0.13537931442260742,9.906492233276367,0.3538033068180084,3.7420005426462573,1.0,7,6
lb_4-b-39_kv_kv-dewas_22082024-000000-1_EN-OL-RC-331_2,such,such,c,31.65,32.25,0.6,0.6,such,S AH CH,Z * S AH CH * SIL *,Z S AH CH,1582,1613,31,-0.48606592416763306,-1.1659352779388428,-0.03761081397533417,-1.318741798400879,-15.321803092956543,-0.49425169825553894,0.00012658383639063686,2.9461050033569336,0.09503564238548279,1.0013360977172852,55.32997131347656,1.7848378419876099,0.8142531514167786,30.54521942138672,0.9853296875953674,0.5339308977127075,22.187036514282227,0.7157108783721924,0.0003783439751714468,0.5634512901306152,0.018175847828388214,0.7606245279312134,27.89754867553711,0.8999209403991699,0.004900902044028044,5.172595977783203,0.16685792803764343,0.4402937889099121,20.879850387573242,0.6735435724258423,0.0976971760392189,9.065033912658691,0.2924204468727112,2.8571333536584267,1.0,3,4
lb_4-b-39_kv_kv-dewas_22082024-000000-1_EN-OL-RC-331_2,as,has,s,32.4,32.97,0.57,0.57,has,AE Z,HH AE Z *,HH AE Z,1620,1649,29,-0.32539594173431396,-0.5854315757751465,-0.020187295973300934,-1.1752318143844604,-12.914313316345215,-0.44532114267349243,0.0003498219302855432,1.8425556421279907,0.0635363981127739,1.0529124736785889,49.02021026611328,1.6903520822525024,0.873172402381897,28.76837730407715,0.9920130372047424,0.45213985443115234,21.15981101989746,0.7296486496925354,9.488325304118916e-05,0.6156471371650696,0.02122921124100685,0.7374782562255859,26.285720825195312,0.9064041376113892,0.002930477960035205,5.662139892578125,0.19524620473384857,0.4143597483634949,20.058225631713867,0.6916629672050476,0.08636218309402466,9.163156509399414,0.31597092747688293,3.184706687650913,1.0,2,3
lb_4-b-39_kv_kv-dewas_22082024-000000-1_EN-OL-RC-331_2,snakes,snake,d,,,,,,S N EY K S,,,,,,,,,,,,,,,,,,,,,,,,,,,,,,,,,,,,,,,,,,
lb_4-b-39_kv_kv-dewas_22082024-000000-1_EN-OL-RC-331_2,and,and,c,32.97,33.69,0.72,0.72,snake,AE N D,* S N EY K *,S N EY K,1648,1685,37,-0.610608696937561,-1.3417121171951294,-0.03626248985528946,-1.1096444129943848,-19.11992835998535,-0.5167548060417175,0.0003741219115909189,2.8899917602539062,0.07810788601636887,1.2555748224258423,69.81912231445312,1.8870033025741577,0.7701824903488159,36.48189163208008,0.9859970808029175,0.5569168329238892,25.959789276123047,0.7016159296035767,0.0005580534925684333,0.43947529792785645,0.011877710931003094,0.8017280101776123,33.09852600097656,0.8945547342300415,0.012214676477015018,5.204075336456299,0.1406506896018982,0.4917232394218445,24.391714096069336,0.6592355370521545,0.12379500269889832,10.036662101745605,0.2712611258029938,16.258322050854936,3.0,3,4
lb_4-b-39_kv_kv-dewas_22082024-000000-1_EN-OL-RC-331_2,lizards,lizard,s,33.72,34.2,0.48,0.48,and,L IH Z AH R D Z,AE N D * SIL,AE N D,1686,1710,24,-0.2143375426530838,-0.6465210914611816,-0.02693837881088257,-1.0608069896697998,-11.507890701293945,-0.47949543595314026,0.00021902407752349973,2.0570812225341797,0.08571171760559082,1.023322343826294,42.292335510253906,1.7621806859970093,0.9153043627738953,23.7421875,0.9892578125,0.5480124950408936,17.28325843811035,0.7201357483863831,0.00048005522694438696,0.5095721483230591,0.02123217284679413,0.7844767570495605,21.639009475708008,0.901625394821167,0.00832579005509615,4.263590335845947,0.1776496022939682,0.4692067503929138,16.287128448486328,0.6786303520202637,0.1117345467209816,7.218372344970703,0.3007655143737793,24.709429396251288,6.0,7,3
lb_4-b-39_kv_kv-dewas_22082024-000000-1_EN-OL-RC-331_2,keep,keep,c,34.53,35.19,0.66,0.66,lizard,K IY P,L EH Z AH R D *,L EH Z AH R D,1726,1760,34,-0.7636279463768005,-2.511298656463623,-0.07386172562837601,-1.510998010635376,-20.67853355407715,-0.6081921458244324,0.0002769306011032313,5.632662773132324,0.16566655039787292,1.1636583805084229,66.82952880859375,1.9655743837356567,0.7178807854652405,33.03799057006836,0.9717056155204773,0.44001877307891846,23.117473602294922,0.6799256801605225,7.7293865615502e-05,0.4185563325881958,0.012310480698943138,0.7072807550430298,29.782291412353516,0.8759497404098511,0.001498182537034154,4.559160232543945,0.13409294188022614,0.3831917643547058,21.558269500732422,0.6340667605400085,0.07414794713258743,8.730594635009766,0.256782203912735,27.00051029712195,6.0,3,6
lb_4-b-39_kv_kv-dewas_22082024-000000-1_EN-OL-RC-331_2,growing,growing,c,35.19,35.64,0.45,0.45,keep,G R OW IH NG,* K IY P *,K IY P,1759,1782,23,-0.16575729846954346,-0.25339874625205994,-0.011017336510121822,-0.8403641581535339,-8.665693283081055,-0.3767692744731903,0.00015688383427914232,0.8497418165206909,0.036945294588804245,0.988445520401001,35.84640884399414,1.5585395097732544,0.9341050982475281,22.89874839782715,0.995597779750824,0.5946035385131836,17.311918258666992,0.7526921033859253,0.001055366126820445,0.6524394750595093,0.02836693450808525,0.8487998247146606,21.171274185180664,0.9204902052879333,0.03475966677069664,5.234862327575684,0.22760270535945892,0.5617901086807251,16.528732299804688,0.7186405062675476,0.16872285306453705,7.963410377502441,0.3462352454662323,24.13476145156518,5.0,5,3
lb_4-b-39_kv_kv-dewas_22082024-000000-1_EN-OL-RC-331_2,[INS:you],you,i,35.64,36.3,0.66,0.66,growing,,* G R OW IH NG * SIL,G R OW IH NG,1782,1815,33,-0.1825496256351471,-0.5013777017593384,-0.015193264000117779,-0.9454851150512695,-15.952057838439941,-0.48339569568634033,0.0003057545400224626,1.850319504737854,0.05607028678059578,1.1385084390640259,60.722923278808594,1.8400886058807373,0.9275805354118347,32.799407958984375,0.9939214587211609,0.5533475279808044,23.424545288085938,0.7098346948623657,0.0005253714043647051,0.46974825859069824,0.014234796166419983,0.8057616949081421,29.70647621154785,0.9001962542533875,0.013359890319406986,4.9687676429748535,0.15056872367858887,0.49720489978790283,22.090700149536133,0.6694151759147644,0.1268918812274933,9.290949821472168,0.28154394030570984,,,0,5
lb_4-b-39_kv_kv-dewas_22082024-000000-1_EN-OL-RC-331_2,until,अनतली,s,36.66,36.99,0.33,0.33,you,AH N T IH L,* SIL *,,1832,1850,18,-0.6468312740325928,-2.780806303024292,-0.15448923408985138,-1.6978905200958252,-15.667652130126953,-0.8704251050949097,0.0012263237731531262,5.264807224273682,0.29248929023742676,1.6469333171844482,43.257652282714844,2.403203010559082,0.7576203942298889,16.933317184448242,0.9407398700714111,0.420437216758728,10.8402738571167,0.6022374629974365,5.549695561057888e-05,0.048263661563396454,0.00268131447955966,0.649368405342102,14.9431791305542,0.830176591873169,0.0004137812356930226,0.7686734199523926,0.042704079300165176,0.3302507996559143,9.77653694152832,0.5431409478187561,0.05646688491106033,2.9743471145629883,0.16524150967597961,,,5,0
lb_4-b-39_kv_kv-dewas_22082024-000000-1_EN-OL-RC-331_2,they,they,c,37.14,37.95,0.81,0.81,अनतली,DH EY,AH N T IH L IY * SIL,AH N T IH L IY,1857,1898,41,-1.0473850965499878,-3.6302294731140137,-0.08854218572378159,-1.9246944189071655,-31.34701919555664,-0.7645614147186279,0.0008299862965941429,7.370663166046143,0.1797722727060318,1.4746066331863403,95.54398345947266,2.330341100692749,0.6260327100753784,39.633872985839844,0.9666798114776611,0.4236133098602295,25.29220962524414,0.6168831586837769,5.856092320755124e-05,0.15074774622917175,0.003676774213090539,0.6281720399856567,34.55543899536133,0.8428155779838562,0.00025837295106612146,2.599722146987915,0.06340786069631577,0.3127235174179077,23.310993194580078,0.5685608386993408,0.05135964974761009,7.737751007080078,0.18872563540935516,23.29987461065884,6.0,2,6
lb_4-b-39_kv_kv-dewas_22082024-000000-1_EN-OL-RC-331_2,die,die,c,37.98,38.46,0.48,0.48,they,D AY,* DH EY *,DH EY,1898,1923,25,-0.0769522413611412,-0.11730608344078064,-0.0046922434121370316,-0.800019383430481,-9.264450073242188,-0.37057799100875854,0.00016231722838710994,0.5131791830062866,0.02052716724574566,0.9850887656211853,39.84003448486328,1.5936013460159302,0.9690688848495483,24.952728271484375,0.9981091022491455,0.5778599977493286,18.714134216308594,0.7485653758049011,0.0007951692095957696,0.6037501692771912,0.024150006473064423,0.8323768377304077,23.013769149780273,0.9205507636070251,0.02413300797343254,5.373842239379883,0.2149536907672882,0.5357128381729126,17.900146484375,0.7160058617591858,0.1505795419216156,8.449873924255371,0.3379949629306793,10.965849389107017,2.0,2,2
lb_4-b-39_kv_kv-dewas_22082024-000000-1_EN-OL-RC-331_2,so,so,c,38.46,39.03,0.57,0.57,die,S OW,* D AY *,D AY,1923,1952,29,-0.20333224534988403,-0.4689224064350128,-0.01616973802447319,-1.1385565996170044,-15.134302139282227,-0.5218724608421326,0.00021184362412896007,1.5821471214294434,0.054556798189878464,1.132385015487671,56.370582580566406,1.9438132047653198,0.9195433855056763,28.813154220581055,0.9935570359230042,0.49020761251449585,19.944557189941406,0.6877433657646179,0.0001806330110412091,0.3544599711894989,0.012222757562994957,0.7551668286323547,25.79788589477539,0.8895822763442993,0.004341254476457834,4.027151584625244,0.13886728882789612,0.43400251865386963,18.898115158081055,0.6516591310501099,0.09484318643808365,7.737758636474609,0.2668192684650421,16.154729596944442,2.0,2,2
lb_4-b-39_kv_kv-dewas_22082024-000000-1_EN-OL-RC-331_2,if,if,c,39.03,39.66,0.63,0.63,so,IH F,* S OW *,S OW,1951,1983,32,-0.28258466720581055,-0.6065875887870789,-0.018955862149596214,-0.9548309445381165,-13.033935546875,-0.40731048583984375,0.0003245359694119543,1.6285291910171509,0.050891537219285965,1.1411643028259277,52.6472053527832,1.645225167274475,0.8892752528190613,31.759851455688477,0.9924953579902649,0.5682873129844666,23.574752807617188,0.7367110252380371,0.0006763451383449137,0.7242820262908936,0.022633813321590424,0.826771080493927,29.23491859436035,0.913591206073761,0.02130696550011635,6.6310224533081055,0.2072194516658783,0.5272406339645386,22.523771286010742,0.7038678526878357,0.1450643092393875,10.491447448730469,0.32785773277282715,13.392592563880413,2.0,2,2
lb_4-b-39_kv_kv-dewas_22082024-000000-1_EN-OL-RC-331_2,they,they,c,39.69,40.14,0.45,0.45,if,DH EY,* IH F *,IH F,1984,2007,23,-0.09860944747924805,-0.1522376835346222,-0.006619029678404331,-0.854027271270752,-9.238662719726562,-0.40168097615242004,0.0003146601375192404,0.6658169031143188,0.02894856035709381,1.1303534507751465,38.101863861083984,1.6566027402877808,0.9604702591896057,22.938730239868164,0.9973360896110535,0.5529795289039612,16.973590850830078,0.7379822134971619,0.0005221125320531428,0.4773601293563843,0.02075478807091713,0.818447470664978,21.039554595947266,0.9147632718086243,0.017709556967020035,4.54740571975708,0.19771328568458557,0.5150293111801147,16.17629051208496,0.7033169865608215,0.13742323219776154,7.420565128326416,0.3226332664489746,13.80358865869429,2.0,2,2
lb_4-b-39_kv_kv-dewas_22082024-000000-1_EN-OL-RC-331_2,are,are,c,40.14,40.65,0.51,0.51,they,AA R,* DH EY *,DH EY,2007,2033,26,-0.5465115904808044,-0.6016231775283813,-0.023139353841543198,-1.0681965351104736,-9.515891075134277,-0.3659958243370056,0.00014870362065266818,1.0970573425292969,0.042194511741399765,0.9774051308631897,39.91310119628906,1.5351192951202393,0.7926924824714661,25.77040672302246,0.9911695122718811,0.5785684585571289,19.687915802001953,0.7572275400161743,0.0008047505398280919,0.702153742313385,0.027005912736058235,0.8347386121749878,23.99924087524414,0.9230477213859558,0.025433160364627838,5.986011505126953,0.23023121058940887,0.5393449068069458,18.813888549804688,0.7236111164093018,0.15299931168556213,9.092954635620117,0.3497290313243866,13.141146738632806,2.0,2,2
lb_4-b-39_kv_kv-dewas_22082024-000000-1_EN-OL-RC-331_2,looked,looked,c,40.95,41.31,0.36,0.36,are,L UH K D,AA R *,AA R,2047,2066,19,-0.06284889578819275,-0.1314956396818161,-0.006920823361724615,-0.8904827833175659,-7.543285369873047,-0.3970150053501129,0.00032769833342172205,0.6077587604522705,0.031987302005290985,1.1209956407546997,30.932580947875977,1.62803053855896,0.9746932983398438,18.946924209594727,0.9972065091133118,0.5592246651649475,14.089683532714844,0.7415623068809509,0.0005802593077532947,0.4387177526950836,0.023090407252311707,0.8140293955802917,17.392425537109375,0.9153907895088196,0.016053784638643265,3.974027633666992,0.20915934443473816,0.5087174773216248,13.436592102050781,0.7071890830993652,0.1336115151643753,6.279953479766846,0.33052387833595276,19.949573505509786,4.0,4,2
lb_4-b-39_kv_kv-dewas_22082024-000000-1_EN-OL-RC-331_2,after,after,c,41.31,41.88,0.57,0.57,looked,AA F T AH R,* L UH K * SIL *,L UH K,2065,2094,29,-0.3739413619041443,-1.665157437324524,-0.057419221848249435,-1.6082801818847656,-18.368568420410156,-0.6333988904953003,0.0003443023597355932,4.566217422485352,0.15745577216148376,1.1980502605438232,59.21619415283203,2.041937828063965,0.8551202416419983,28.347936630249023,0.9775150418281555,0.4424704909324646,19.361303329467773,0.6676311492919922,8.056683873292059e-05,0.27388817071914673,0.009444419294595718,0.6580219864845276,25.21436882019043,0.8694609999656677,0.0005014972994104028,3.354383945465088,0.1156684085726738,0.3376680016517639,17.99787139892578,0.6206162571907043,0.058733511716127396,6.9838972091674805,0.24082404375076294,26.137150773796197,5.0,5,3
lb_4-b-39_kv_kv-dewas_22082024-000000-1_EN-OL-RC-331_2,well,will,s,41.91,42.66,0.75,0.75,after,W EH L,AA F T AH R *,AA F T AH R,2095,2133,38,-0.0458889976143837,-0.1689191311597824,-0.004445240367203951,-1.0498985052108765,-16.525447845458984,-0.43488019704818726,0.00029796132002957165,0.9113706946372986,0.023983439430594444,1.1771166324615479,67.24354553222656,1.7695670127868652,0.9814831018447876,37.93172073364258,0.9982031583786011,0.5243688821792603,27.421823501586914,0.7216269373893738,0.00032186234602704644,0.6044377088546753,0.015906255692243576,0.7795435786247253,34.487125396728516,0.9075559377670288,0.007461489178240299,6.44171142578125,0.16951872408390045,0.46302682161331177,26.05869483947754,0.6857551336288452,0.10860224813222885,11.374092102050781,0.29931822419166565,21.98427151323814,5.0,3,5
lb_4-b-39_kv_kv-dewas_22082024-000000-1_EN-OL-RC-331_2,such,such,c,42.66,43.05,0.39,0.39,will,S AH CH,W IH L *,W IH L,2133,2153,20,-0.12965162098407745,-0.21313773095607758,-0.010656886734068394,-0.8610002994537354,-9.190130233764648,-0.4595065116882324,0.00031812296947464347,0.8317931294441223,0.041589654982089996,1.226410984992981,35.907657623291016,1.7953828573226929,0.9482267498970032,19.914470672607422,0.9957235455513,0.5578175783157349,14.332107543945312,0.7166053652763367,0.000566617411095649,0.3047053813934326,0.01523526944220066,0.8220030665397644,18.079402923583984,0.9039701223373413,0.0191652849316597,3.2485854625701904,0.16242927312850952,0.520193338394165,13.56889533996582,0.6784447431564331,0.14061100780963898,5.839004993438721,0.2919502556324005,18.05633998355327,3.0,3,3
lb_4-b-39_kv_kv-dewas_22082024-000000-1_EN-OL-RC-331_2,animals,animal,s,43.05,43.53,0.48,0.48,such,AE N IH M AH L S,* S AH CH *,S AH CH,2152,2177,25,-0.5864301323890686,-0.9226675033569336,-0.03690670058131218,-0.8974784016609192,-10.780954360961914,-0.43123817443847656,0.0001402612979291007,1.8159055709838867,0.07263622432947159,1.021505355834961,41.059391021728516,1.6423755884170532,0.778631329536438,24.644500732421875,0.9857800006866455,0.5750494003295898,18.47990608215332,0.739196240901947,0.0007582664838992059,0.5966845750808716,0.02386738359928131,0.8378143310546875,22.815420150756836,0.9126167893409729,0.0272318497300148,5.052195072174072,0.20208780467510223,0.5441323518753052,17.51374626159668,0.700549840927124,0.15624061226844788,8.097118377685547,0.3238847255706787,29.628366963601213,6.0,7,3
lb_4-b-39_kv_kv-dewas_22082024-000000-1_EN-OL-RC-331_2,should,should,c,43.53,44.1,0.57,0.57,animal,SH UH D,* AE N IH M AH L,AE N IH M AH L,2176,2205,29,-0.20446303486824036,-0.23028473556041718,-0.007940853014588356,-0.8507996201515198,-10.461021423339844,-0.36072486639022827,0.000135865542688407,0.6952287554740906,0.023973405361175537,0.9510228633880615,44.48368453979492,1.533920168876648,0.9191073775291443,28.908632278442383,0.9968494176864624,0.5468310117721558,21.896116256713867,0.7550384998321533,0.00047056027688086033,0.8689987659454346,0.02996547520160675,0.8174149990081787,26.743881225585938,0.9222028255462646,0.01730792038142681,6.9344282150268555,0.23911821842193604,0.513543963432312,21.002851486206055,0.724236249923706,0.13651791214942932,10.294459342956543,0.35498136281967163,31.266406533830974,6.0,3,6
lb_4-b-39_kv_kv-dewas_22082024-000000-1_EN-OL-RC-331_2,live,live,c,44.1,44.52,0.42,0.42,should,L IH V,Z * SH UH D,Z SH UH D,2205,2226,21,-0.440475732088089,-0.8230426907539368,-0.03919250890612602,-1.267199158668518,-10.906954765319824,-0.5193787813186646,0.00034184043761342764,1.9222915172576904,0.09153769165277481,1.2457388639450073,39.36530685424805,1.8745384216308594,0.8307316303253174,20.68010139465332,0.9847667217254639,0.5168131589889526,14.71161937713623,0.700553297996521,0.00028325989842414856,0.26309043169021606,0.012528115883469582,0.7544432878494263,18.75876808166504,0.8932746648788452,0.004272026475518942,3.061953544616699,0.14580731093883514,0.4331769347190857,13.851152420043945,0.6595786809921265,0.09447375684976578,5.760525703430176,0.27431073784828186,28.147367020860994,4.0,3,4
lb_4-b-39_kv_kv-dewas_22082024-000000-1_EN-OL-RC-331_2,[INS:for a],for a,i,44.52,45.81,1.29,1.02,live+for,,* L IH V * SIL * F AO R * SIL,L IH V F AO R,2226,2291,65,-0.4589695930480957,-2.20697021484375,-0.033953387290239334,-1.464590072631836,-37.810096740722656,-0.5816937685012817,0.00023151974892243743,6.329366683959961,0.09737487137317657,1.2331714630126953,132.0196990966797,2.0310723781585693,0.8240242600440979,64.13428497314453,0.9866812825202942,0.44842374324798584,43.78926086425781,0.6736809611320496,8.910281758289784e-05,0.5399764776229858,0.008307330310344696,0.6989530324935913,57.12942886352539,0.8789142966270447,0.0012451192596927285,7.391498565673828,0.11371536552906036,0.3750653862953186,41.05028533935547,0.6315428614616394,0.07119573652744293,15.888087272644043,0.24443210661411285,,,0,6
lb_4-b-39_kv_kv-dewas_22082024-000000-1_EN-OL-RC-331_2,forever,for_year,s,46.74,46.95,0.21,0.21,a,F AO R EH V AH R,,,2337,2348,11,-0.08100224286317825,-0.1419863998889923,-0.012907854281365871,-1.1468311548233032,-7.509139537811279,-0.6826490759849548,0.006063162349164486,0.7154061198234558,0.06503692269325256,2.167205572128296,25.580474853515625,2.325497627258301,0.9674572944641113,10.942748069763184,0.9947952628135681,0.5075392723083496,6.924283027648926,0.6294803023338318,0.00024214766744989902,0.024844232946634293,0.0022585666738450527,0.7600277662277222,9.44992733001709,0.8590843081474304,0.004836354870349169,0.5622401833534241,0.05111274495720863,0.43960040807724,6.412172317504883,0.5829247832298279,0.09737921506166458,2.0674827098846436,0.18795298039913177,,,7,0
ac_5-a-8_kv_kv-doda-jodhpur_06082025-000000-1_EN-OL-RC-500_1,many,many,c,1.02,1.32,0.3,0.3,many,M EH N IY,M EH N IY *,M EH N IY,51,66,15,-0.12405481934547424,-0.25171440839767456,-0.01678096130490303,-1.0288164615631104,-8.594090461730957,-0.5729393362998962,0.00041350891115143895,1.1426211595535278,0.07617474347352982,1.193945288658142,29.53697967529297,1.9691319465637207,0.9504272937774658,14.89877700805664,0.9932518005371094,0.5095980167388916,10.23587703704834,0.6823918223381042,0.0002507261815480888,0.20421266555786133,0.013614177703857422,0.7828575372695923,13.211265563964844,0.8807510137557983,0.00803159736096859,2.05275821685791,0.13685055077075958,0.4671662449836731,9.581679344177246,0.6387786269187927,0.110692098736763,3.894075870513916,0.2596050500869751,0.0,0.0,4,4
ac_5-a-8_kv_kv-doda-jodhpur_06082025-000000-1_EN-OL-RC-500_1,years,years,c,1.32,1.59,0.27,0.27,years,Y AH R S,* Y AH AH R S *,Y AH AH R S,66,80,14,-0.8511638641357422,-3.5106048583984375,-0.25075748562812805,-1.73170006275177,-13.627013206481934,-0.9733580946922302,0.008635051548480988,6.045377254486084,0.43181267380714417,2.0203213691711426,34.21864318847656,2.4441888332366943,0.6888486742973328,12.668099403381348,0.9048642516136169,0.41593414545059204,8.294591903686523,0.5924708247184753,5.1425417041173205e-05,0.026350416243076324,0.0018821725388988853,0.6748771667480469,11.422736167907715,0.815909743309021,0.0007292955997399986,0.44979602098464966,0.032128285616636276,0.35258495807647705,7.3202667236328125,0.5228762030601501,0.063491590321064,2.1125810146331787,0.15089865028858185,2.2383807585395545,1.0,4,5
ac_5-a-8_kv_kv-doda-jodhpur_06082025-000000-1_EN-OL-RC-500_1,ago,ago,c,1.59,1.89,0.3,0.3,ago,AH G OW,AH G OW * SIL,AH G OW,79,95,16,-0.5611653923988342,-0.6887614727020264,-0.04304759204387665,-0.9532414078712463,-7.981433391571045,-0.4988395869731903,0.00044870947021991014,1.270875334739685,0.07942970842123032,1.1729676723480225,29.333797454833984,1.833362340927124,0.7875143885612488,15.736058235168457,0.9835036396980286,0.5996571779251099,11.373520851135254,0.7108450531959534,0.0011495033977553248,0.24459464848041534,0.015287165530025959,0.840714156627655,14.394951820373535,0.899684488773346,0.02904409170150757,2.4390008449554443,0.15243755280971527,0.5487072467803955,10.701494216918945,0.6688433885574341,0.1593940556049347,4.514390468597412,0.28214940428733826,0.0,0.0,3,3
ac_5-a-8_kv_kv-doda-jodhpur_06082025-000000-1_EN-OL-RC-500_1,[INS:i used to live],i used to live,i,2.1,2.94,0.84,0.84,i+used+to+live,,AY * Y UW Z D * T UW * L IH V *,AY Y UW Z D T UW L IH V,105,147,42,-0.9776247143745422,-4.47926139831543,-0.10664907842874527,-1.6953890323638916,-31.400650024414062,-0.7476345300674438,0.0008312285644933581,9.64189338684082,0.22956888377666473,1.4053561687469482,93.14030456542969,2.2176263332366943,0.6480127573013306,40.28281021118164,0.9591145515441895,0.4379205107688904,26.767637252807617,0.6373246908187866,7.459837070200592e-05,0.22790205478668213,0.005426239222288132,0.6883140802383423,35.7733154296875,0.85174560546875,0.0009830053895711899,3.189328193664551,0.07593638449907303,0.364952027797699,24.493484497070312,0.5831782221794128,0.06764771044254303,8.474905967712402,0.20178347826004028,,,0,10
ac_5-a-8_kv_kv-doda-jodhpur_06082025-000000-1_EN-OL-RC-500_1,i,i,c,3.0,3.12,0.12,0.12,i,AY,AY,AY,150,156,6,-0.5265809893608093,-1.022606372833252,-0.1704344004392624,-1.6555827856063843,-5.485975742340088,-0.9143292903900146,0.010438555851578712,1.9389889240264893,0.32316482067108154,2.258863687515259,15.043597221374512,2.5072662830352783,0.7997655868530273,5.61008358001709,0.9350139498710632,0.41909879446029663,3.484316110610962,0.5807193517684937,5.4254214774118736e-05,0.008304278366267681,0.0013840463943779469,0.652957558631897,4.892700672149658,0.815450131893158,0.0004481284413486719,0.20456057786941528,0.034093428403139114,0.33330804109573364,3.151623487472534,0.5252705812454224,0.05739334970712662,0.9229161739349365,0.15381936728954315,0.0,0.0,1,1
ac_5-a-8_kv_kv-doda-jodhpur_06082025-000000-1_EN-OL-RC-500_1,used,used,c,3.12,3.36,0.24,0.24,used,Y UW Z D,Y UW Z D *,Y UW Z D,156,168,12,-0.6933946013450623,-2.4185996055603027,-0.2015499621629715,-1.5823742151260376,-11.083503723144531,-0.9236252903938293,0.0029976374935358763,4.82726526260376,0.40227210521698,1.7844178676605225,28.34441375732422,2.362034559249878,0.7416382431983948,11.074870109558105,0.9229058623313904,0.4146512746810913,7.240387439727783,0.6033656001091003,5.032106491853483e-05,0.03947988525032997,0.003289990359917283,0.6699237823486328,9.851631164550781,0.82096928358078,0.0006532937986776233,0.5783591866493225,0.04819659888744354,0.34813445806503296,6.445719242095947,0.5371432900428772,0.06204347684979439,2.0016629695892334,0.16680525243282318,0.0,0.0,4,4
ac_5-a-8_kv_kv-doda-jodhpur_06082025-000000-1_EN-OL-RC-500_1,to,to,c,3.36,3.45,0.09,0.09,to,T UW,T UW *,T UW,168,173,5,-0.21893100440502167,-0.256774365901947,-0.051354873925447464,-0.8384937644004822,-3.4533944129943848,-0.6906788945198059,0.0010316745610907674,0.7326494455337524,0.146529883146286,1.4411983489990234,10.979316711425781,2.1958632469177246,0.9135385751724243,4.8982062339782715,0.9796412587165833,0.5709283947944641,3.2391459941864014,0.6478291749954224,0.0007072314620018005,0.0297704990953207,0.00595409981906414,0.8275072574615479,4.317289352416992,0.8634578585624695,0.021658316254615784,0.37301963567733765,0.07460393011569977,0.52834153175354,2.9734840393066406,0.5946968197822571,0.14577089250087738,1.0272858142852783,0.2054571658372879,0.0,0.0,2,2
ac_5-a-8_kv_kv-doda-jodhpur_06082025-000000-1_EN-OL-RC-500_1,live,live,c,3.45,3.66,0.21,0.21,live,L IH V,* L IH V *,L IH V,172,183,11,-0.6453818678855896,-1.2656989097595215,-0.11506354063749313,-1.5048424005508423,-7.732401371002197,-0.7029455900192261,0.000603403605055064,2.2556087970733643,0.2050553411245346,1.2614105939865112,23.08921241760254,2.0990192890167236,0.7581209540367126,10.517035484313965,0.9560941457748413,0.45127832889556885,7.232664585113525,0.6575149893760681,9.351068001706153e-05,0.10663703083992004,0.009694275446236134,0.7107244729995728,9.486946105957031,0.8624496459960938,0.0016173075418919325,1.132475733757019,0.10295233875513077,0.38660842180252075,6.651793479919434,0.6047084927558899,0.07541686296463013,2.486320734024048,0.2260291576385498,0.0,0.0,3,3
ac_5-a-8_kv_kv-doda-jodhpur_06082025-000000-1_EN-OL-RC-500_1,with,with,c,3.66,3.84,0.18,0.18,with,W IH DH,W IH DH *,W IH DH,183,192,9,-0.4224875569343567,-1.0259349346160889,-0.11399277299642563,-0.9952793717384338,-6.807638168334961,-0.7564042210578918,0.003182254498824477,2.106928825378418,0.23410320281982422,1.6865500211715698,20.031591415405273,2.2257323265075684,0.8372853398323059,8.599966049194336,0.95555180311203,0.5004760026931763,5.775713920593262,0.6417459845542908,0.00021488621132448316,0.03984443098306656,0.004427159205079079,0.7824240922927856,7.706666946411133,0.8562963008880615,0.007954622618854046,0.5414791107177734,0.06016434729099274,0.4666220545768738,5.2347331047058105,0.5816370248794556,0.11041543632745743,1.7270232439041138,0.19189147651195526,0.0,0.0,3,3
ac_5-a-8_kv_kv-doda-jodhpur_06082025-000000-1_EN-OL-RC-500_1,my,my,c,3.84,4.05,0.21,0.21,my,M AY,M AY *,M AY,192,203,11,-0.17809592187404633,-0.3725162148475647,-0.03386510908603668,-1.1424413919448853,-7.366098880767822,-0.669645369052887,0.0013712854124605656,1.3629225492477417,0.12390205264091492,1.4983515739440918,23.9472599029541,2.1770236492156982,0.9293083548545837,10.850982666015625,0.9864529967308044,0.49552881717681885,7.131539344787598,0.6483217477798462,0.00019764076569117606,0.06628343462944031,0.006025766953825951,0.7551584839820862,9.487908363342285,0.862537145614624,0.004340449348092079,0.928848922252655,0.08444081246852875,0.43399298191070557,6.594438076019287,0.5994943976402283,0.09483890235424042,2.3500494956970215,0.21364086866378784,0.0,0.0,2,2
ac_5-a-8_kv_kv-doda-jodhpur_06082025-000000-1_EN-OL-RC-500_1,uncle,uncle,c,4.05,4.41,0.36,0.36,uncle,AH NG K AH L,AH NG K AH L *,AH NG K AH L,202,221,19,-0.5666069984436035,-1.2094006538391113,-0.06365266442298889,-1.3222323656082153,-11.37757682800293,-0.5988198518753052,0.0002509527839720249,2.5266573429107666,0.13298197090625763,1.0512202978134155,37.39768981933594,1.9682995080947876,0.7855963706970215,18.533935546875,0.9754703044891357,0.5033243894577026,13.025440216064453,0.6855494976043701,0.0002254896826343611,0.2328878939151764,0.012257257476449013,0.7475717067718506,16.74089813232422,0.8810998797416687,0.0036671627312898636,2.3959269523620605,0.12610141932964325,0.42543232440948486,12.088114738464355,0.6362165808677673,0.09106432646512985,4.8040452003479,0.2528444826602936,0.0,0.0,5,5
ac_5-a-8_kv_kv-doda-jodhpur_06082025-000000-1_EN-OL-RC-500_1,in,in,c,4.41,4.53,0.12,0.12,in,IH N,* IH N *,IH N,220,227,7,-0.5666069984436035,-0.8920719623565674,-0.12743885815143585,-0.9414037466049194,-4.989112854003906,-0.7127304077148438,0.0011326528619974852,1.6496186256408691,0.23565980792045593,1.2754852771759033,14.630311012268066,2.0900444984436035,0.7855963706970215,6.656360626220703,0.9509086608886719,0.5349812507629395,4.638863563537598,0.6626948118209839,0.00038512377068400383,0.06585674732923508,0.009408107027411461,0.8003730177879333,6.059340476989746,0.8656200766563416,0.011852444149553776,0.6678161025047302,0.0954023003578186,0.489901065826416,4.229596138000488,0.6042280197143555,0.12277986854314804,1.547615647315979,0.22108794748783112,0.0,0.0,2,2
ac_5-a-8_kv_kv-doda-jodhpur_06082025-000000-1_EN-OL-RC-500_1,a,a,c,4.53,4.62,0.09,0.09,a,AH,* AH *,AH,226,231,5,-0.4453847110271454,-0.7080197334289551,-0.14160394668579102,-1.0670913457870483,-4.515188694000244,-0.9030377268791199,0.06125601381063461,1.599017858505249,0.3198035657405853,2.22987699508667,12.10624885559082,2.4212498664855957,0.8289482593536377,4.723839282989502,0.9447678327560425,0.5186831951141357,3.026254177093506,0.6052508354187012,0.00029235947295092046,0.007808370515704155,0.0015616740565747023,0.7806493639945984,4.145630836486816,0.8291261792182922,0.0076470705680549145,0.13513286411762238,0.027026573196053505,0.46440255641937256,2.6672544479370117,0.5334509015083313,0.109293133020401,0.7570416927337646,0.1514083445072174,0.0,0.0,1,1
ac_5-a-8_kv_kv-doda-jodhpur_06082025-000000-1_EN-OL-RC-500_1,village,village,c,4.62,5.01,0.39,0.39,village,V IH L EY JH,* W IH L EH JH * SIL,W IH L EH JH,231,251,20,-0.6221089959144592,-1.061242938041687,-0.05306214839220047,-1.3026527166366577,-9.641131401062012,-0.48205655813217163,0.00023995019728317857,2.0366599559783936,0.10183300077915192,1.0927538871765137,34.663875579833984,1.7331937551498413,0.7661818265914917,19.594457626342773,0.9797228574752808,0.527758777141571,14.465461730957031,0.7232730984687805,0.00034085012157447636,0.3979617953300476,0.01989809051156044,0.7577334642410278,18.04574203491211,0.9022871255874634,0.004596004728227854,3.645076274871826,0.18225380778312683,0.4369470477104187,13.639983177185059,0.681999146938324,0.09617038071155548,6.091291427612305,0.30456456542015076,4.996095079334377,2.0,5,5
ac_5-a-8_kv_kv-doda-jodhpur_06082025-000000-1_EN-OL-RC-500_1,most,most,c,5.19,5.49,0.3,0.3,most,M OW S T,M OW S T *,M OW S T,259,275,16,-0.1523265242576599,-0.20264498889446259,-0.012665311805903912,-0.7690468430519104,-6.493811130523682,-0.4058631956577301,0.00014923034177627414,0.7069796919822693,0.04418623074889183,1.0360279083251953,25.810562133789062,1.6131601333618164,0.939343273639679,15.918963432312012,0.9949352145195007,0.5937511920928955,11.912158966064453,0.7445099353790283,0.0010402662446722388,0.42953813076019287,0.026846133172512054,0.8402957916259766,14.649805068969727,0.9156128168106079,0.028775379061698914,3.4145755767822266,0.21341097354888916,0.5480434894561768,11.322729110717773,0.7076705694198608,0.1589331030845642,5.334637641906738,0.33341485261917114,0.0,0.0,4,4
ac_5-a-8_kv_kv-doda-jodhpur_06082025-000000-1_EN-OL-RC-500_1,of,of,c,5.49,5.64,0.15,0.15,of,AO F,* AO F *,AO F,274,282,8,-0.4967365264892578,-0.9095070362091064,-0.1136883795261383,-1.0599045753479004,-5.569126605987549,-0.6961408257484436,0.00018074916442856193,1.794353723526001,0.22429421544075012,1.0261683464050293,16.75777244567871,2.094721555709839,0.8104231953620911,7.646981716156006,0.9558727145195007,0.5780828595161438,5.314353942871094,0.6642942428588867,0.0007981704548001289,0.08401868492364883,0.010502335615456104,0.814118504524231,6.94297981262207,0.8678724765777588,0.016085615381598473,0.7641441822052002,0.09551802277565002,0.5088437795639038,4.855440139770508,0.6069300174713135,0.1336868554353714,1.7819442749023438,0.22274303436279297,0.0,0.0,2,2
ac_5-a-8_kv_kv-doda-jodhpur_06082025-000000-1_EN-OL-RC-500_1,the,the,c,5.64,5.76,0.12,0.12,the,DH AH,DH AH *,DH AH,282,288,6,-0.18949061632156372,-0.3675810396671295,-0.06126350536942482,-1.132343053817749,-5.123559474945068,-0.8539265990257263,0.022281799465417862,1.273875117301941,0.2123125195503235,2.1092495918273926,14.712414741516113,2.452069044113159,0.9248917102813721,5.853227615356445,0.9755379557609558,0.5192902684211731,3.5991384983062744,0.599856436252594,0.00029537599766626954,0.010151466354727745,0.0016919110203161836,0.7734757661819458,4.976058483123779,0.8293430805206299,0.006520445458590984,0.1960756778717041,0.032679278403520584,0.45557284355163574,3.2201361656188965,0.5366893410682678,0.10492146760225296,0.937581479549408,0.1562635749578476,0.0,0.0,2,2
ac_5-a-8_kv_kv-doda-jodhpur_06082025-000000-1_EN-OL-RC-500_1,people,peoples,s,5.76,6.12,0.36,0.36,peoples,P IY P AH L,* P IY P AH L *,P IY P AH L,288,306,18,-0.41228237748146057,-1.3820399045944214,-0.07677999138832092,-1.364535927772522,-14.306621551513672,-0.7948123216629028,0.0029244255274534225,4.265475273132324,0.23697084188461304,1.617466926574707,41.29657745361328,2.2942543029785156,0.8410165309906006,17.45423126220703,0.9696795344352722,0.44253772497177124,11.22010326385498,0.623339056968689,8.065860311035067e-05,0.07562282681465149,0.004201268311589956,0.7016341686248779,15.116314888000488,0.8397952914237976,0.0013215400977060199,1.1382014751434326,0.06323341280221939,0.3776610493659973,10.150270462036133,0.5639039278030396,0.07212872803211212,3.351983070373535,0.18622128665447235,0.0,0.0,5,5
ac_5-a-8_kv_kv-doda-jodhpur_06082025-000000-1_EN-OL-RC-500_1,in,in,c,6.12,6.27,0.15,0.15,in,IH N,* IH N *,IH N,306,314,8,-0.6258207559585571,-1.326720952987671,-0.16584011912345886,-1.0846543312072754,-6.303841590881348,-0.7879801988601685,0.0012904225150123239,2.466712236404419,0.30833902955055237,1.4233951568603516,17.31689453125,2.16461181640625,0.7648930549621582,7.488656997680664,0.936082124710083,0.4856816530227661,5.203787803649902,0.6504734754562378,0.00016732339281588793,0.05048763379454613,0.006310954224318266,0.7632408738136292,6.839305877685547,0.8549132347106934,0.0051942309364676476,0.5611243844032288,0.0701405480504036,0.44335055351257324,4.666611671447754,0.5833264589309692,0.09910886734724045,1.5852199792861938,0.19815249741077423,0.0,0.0,2,2
ac_5-a-8_kv_kv-doda-jodhpur_06082025-000000-1_EN-OL-RC-500_1,the,the,c,6.27,6.39,0.12,0.12,the,DH AH,DH AH *,DH AH,313,320,7,-0.3068244457244873,-0.44732457399368286,-0.06390351057052612,-1.0857737064361572,-5.060433387756348,-0.7229190468788147,0.0009844345040619373,1.2920693159103394,0.18458132445812225,1.3739546537399292,15.047505378723145,2.149643659591675,0.8801367282867432,6.823397636413574,0.9747710824012756,0.5095219612121582,4.577459335327148,0.6539227366447449,0.0002504037693142891,0.054926592856645584,0.007846656255424023,0.7697621583938599,6.009157180786133,0.8584510087966919,0.006004057824611664,0.5786526203155518,0.08266466110944748,0.45108842849731445,4.1494855880737305,0.5927836298942566,0.10275713354349136,1.4663031101226807,0.20947186648845673,0.0,0.0,2,2
ac_5-a-8_kv_kv-doda-jodhpur_06082025-000000-1_EN-OL-RC-500_1,village,village,c,6.39,6.81,0.42,0.42,village,V IH L EY JH,* W IH L EH JH *,W IH L EH JH,319,341,22,-0.7671088576316833,-1.6958762407302856,-0.07708528637886047,-1.5581753253936768,-13.099703788757324,-0.5954411029815674,0.0002847980067599565,3.6489272117614746,0.16586032509803772,1.1476682424545288,42.45792007446289,1.9299054145812988,0.7167142033576965,21.350332260131836,0.9704696536064148,0.5218534469604492,15.130928039550781,0.6877694725990295,0.00030845950823277235,0.3255050778388977,0.014795685186982155,0.7257134914398193,19.384597778320312,0.8811180591583252,0.002256428822875023,3.105513334274292,0.14115969836711884,0.40188324451446533,14.099374771118164,0.6408806443214417,0.08129721879959106,5.792899131774902,0.2633135914802551,4.996095079334377,2.0,5,5
ac_5-a-8_kv_kv-doda-jodhpur_06082025-000000-1_EN-OL-RC-500_1,used,used,c,6.81,7.11,0.3,0.3,used,Y UW Z D,* Y UW Z D *,Y UW Z D,340,356,16,-0.3517349660396576,-0.5871561765670776,-0.03669726103544235,-1.022506833076477,-8.690938949584961,-0.5431836843490601,0.00033960738801397383,1.685590386390686,0.10534939914941788,1.2359801530838013,30.150428771972656,1.884401798248291,0.8633507490158081,15.768439292907715,0.9855274558067322,0.5386634469032288,11.21083927154541,0.7006774544715881,0.00040986359817907214,0.21497687697410583,0.013436054810881615,0.802505373954773,14.26329231262207,0.8914557695388794,0.012427475303411484,2.2248942852020264,0.13905589282512665,0.49277299642562866,10.45846176147461,0.6536538600921631,0.12438305467367172,4.285608291625977,0.26785051822662354,0.0,0.0,4,4
ac_5-a-8_kv_kv-doda-jodhpur_06082025-000000-1_EN-OL-RC-500_1,to,to,c,7.11,7.23,0.12,0.12,to,T UW,* T UW *,T UW,355,362,7,-0.15420886874198914,-0.28371506929397583,-0.040530722588300705,-0.9218614101409912,-4.850321292877197,-0.6929030418395996,0.0024869218468666077,1.0349605083465576,0.14785149693489075,1.7819139957427979,15.402856826782227,2.2004082202911377,0.9386081099510193,6.886292457580566,0.9837560653686523,0.553199052810669,4.541062355041504,0.6487231850624084,0.0005240545142441988,0.030920835211873055,0.00441726204007864,0.808681845664978,6.039760589599609,0.862822949886322,0.01425540167838335,0.4714263081550598,0.06734661757946014,0.501227855682373,4.149538516998291,0.5927911996841431,0.12920641899108887,1.4063782691955566,0.20091117918491364,0.0,0.0,2,2
ac_5-a-8_kv_kv-doda-jodhpur_06082025-000000-1_EN-OL-RC-500_1,grow,grow,c,7.23,7.47,0.24,0.24,grow,G R OW,* G R OW *,G R OW,361,374,13,-0.5172863006591797,-0.9960183501243591,-0.0766167938709259,-1.0954468250274658,-10.05484676361084,-0.7734497785568237,0.002572291297838092,2.468017578125,0.18984749913215637,1.459801197052002,29.87812614440918,2.2983174324035645,0.8030762076377869,12.611854553222656,0.970142662525177,0.49118924140930176,8.115081787109375,0.624237060546875,0.00018365654977969825,0.06176001578569412,0.004750770516693592,0.7731648087501526,10.994118690490723,0.8457014560699463,0.0064755575731396675,0.823878288269043,0.06337524950504303,0.45519518852233887,7.396903991699219,0.5689926147460938,0.10473775863647461,2.4414162635803223,0.18780125677585602,0.0,0.0,3,3
ac_5-a-8_kv_kv-doda-jodhpur_06082025-000000-1_EN-OL-RC-500_1,rice,rice,c,7.47,7.77,0.3,0.3,rice,R AY S,* R AY Z *,R AY Z,373,389,16,-0.645115077495575,-1.3345801830291748,-0.08341126143932343,-1.5165364742279053,-12.981267929077148,-0.8113292455673218,0.005262409802526236,3.3853354454040527,0.2115834653377533,1.9163986444473267,38.14354705810547,2.383971691131592,0.7582130432128906,15.48395824432373,0.9677473902702332,0.4111352562904358,9.68336296081543,0.6052101850509644,4.74143962492235e-05,0.04202289134263992,0.002626430708914995,0.6599046587944031,13.323379516601562,0.8327112197875977,0.000522918940987438,0.8140311241149902,0.05087694525718689,0.33930283784866333,8.844616889953613,0.5527885556221008,0.05924181267619133,2.804445266723633,0.17527782917022705,3.3817063944827876,1.0,3,3
ac_5-a-8_kv_kv-doda-jodhpur_06082025-000000-1_EN-OL-RC-500_1,they,they,c,8.01,8.28,0.27,0.27,they,DH EY,DH EY *,DH EY,400,414,14,-0.11501814424991608,-0.14033159613609314,-0.010023685172200203,-0.8525944352149963,-5.994792938232422,-0.42819949984550476,0.00045149310608394444,0.5296227931976318,0.03783020004630089,1.1165441274642944,23.853660583496094,1.7038328647613525,0.9539867043495178,13.9437255859375,0.9959803819656372,0.5551719665527344,10.223837852478027,0.7302741408348083,0.0005418300279416144,0.290845662355423,0.020774690434336662,0.8190953135490417,12.73630428314209,0.9097360372543335,0.017966290935873985,2.669004440307617,0.19064317643642426,0.5159645080566406,9.71555233001709,0.6939679980278015,0.1379958540201187,4.401494026184082,0.31439241766929626,0.0,0.0,2,2
ac_5-a-8_kv_kv-doda-jodhpur_06082025-000000-1_EN-OL-RC-500_1,worked,worked,c,8.28,8.55,0.27,0.27,worked,W AH R K D,* W AH R K D *,W AH R K D,413,428,15,-0.6002480387687683,-1.4308741092681885,-0.09539160877466202,-1.2048453092575073,-10.865447044372559,-0.7243631482124329,0.0011381024960428476,2.727459192276001,0.18183061480522156,1.4648629426956177,32.905494689941406,2.193699598312378,0.7737966179847717,14.452336311340332,0.9634891152381897,0.49884796142578125,9.695021629333496,0.6463347673416138,0.00020905111159663647,0.08241970837116241,0.005494647193700075,0.7446308135986328,12.880773544311523,0.85871821641922,0.0034352154470980167,1.1136707067489624,0.07424471527338028,0.42216968536376953,8.853045463562012,0.590203046798706,0.08965802937746048,3.0549139976501465,0.20366093516349792,0.0,0.0,5,5
ac_5-a-8_kv_kv-doda-jodhpur_06082025-000000-1_EN-OL-RC-500_1,hard,hard,c,8.55,8.88,0.33,0.33,hard,HH AA R D,* HH AA R D * SIL *,HH AA R D,427,445,18,-0.0519351102411747,-0.1159924864768982,-0.006444027181714773,-0.7306421995162964,-7.254108428955078,-0.40300601720809937,0.00018779181118588895,0.5426537394523621,0.030147429555654526,1.001145362854004,29.635494232177734,1.6464163064956665,0.9790592193603516,17.953163146972656,0.9973979592323303,0.6034234762191772,13.345110893249512,0.7413950562477112,0.001225081505253911,0.4387744069099426,0.02437635511159897,0.8553614616394043,16.485109329223633,0.915839433670044,0.040215082466602325,3.6029067039489746,0.20016148686408997,0.5727807879447937,12.686140060424805,0.7047855854034424,0.17692911624908447,5.852729320526123,0.32515162229537964,0.0,0.0,4,4
ac_5-a-8_kv_kv-doda-jodhpur_06082025-000000-1_EN-OL-RC-500_1,in,in,c,9.03,9.24,0.21,0.21,in,IH N,IH N * DH,IH N DH,451,462,11,-0.07503031939268112,-0.1232985332608223,-0.011208957992494106,-0.8314995765686035,-5.235903739929199,-0.47599124908447266,0.00030963431345298886,0.5599485039710999,0.05090440809726715,1.1589841842651367,19.524158477783203,1.7749234437942505,0.9698340892791748,10.950284004211426,0.9954803586006165,0.5559691190719604,7.874926567077637,0.7159023880958557,0.0005491829942911863,0.21729210019111633,0.019753826782107353,0.8246416449546814,9.907413482666016,0.9006739258766174,0.020322389900684357,1.9646357297897339,0.17860324680805206,0.5240756273269653,7.44921350479126,0.6772012114524841,0.143049418926239,3.299640655517578,0.29996731877326965,3.930008592723647,1.0,2,3
ac_5-a-8_kv_kv-doda-jodhpur_06082025-000000-1_EN-OL-RC-500_1,the,the,c,9.24,9.3,0.06,0.06,the,DH AH,AH,AH,462,465,3,-0.014589179307222366,-0.020235605537891388,-0.006745202001184225,-0.9224900007247925,-1.9228397607803345,-0.6409465670585632,0.010493618436157703,0.1433733105659485,0.04779110476374626,1.703458309173584,6.532807350158691,2.177602529525757,0.9940899610519409,2.9917993545532227,0.9972664713859558,0.5501008033752441,1.9635555744171143,0.6545185446739197,0.0004973082104697824,0.017017066478729248,0.0056723556481301785,0.8069508075714111,2.604501247406006,0.8681671023368835,0.013717563822865486,0.2443334311246872,0.08144447952508926,0.49883753061294556,1.8154666423797607,0.6051555275917053,0.12782689929008484,0.6430991291999817,0.2143663763999939,4.7201728560406595,1.0,2,1
ac_5-a-8_kv_kv-doda-jodhpur_06082025-000000-1_EN-OL-RC-500_1,fields,field,s,9.33,9.6,0.27,0.27,field,F IY L D S,* F IY L D *,F IY L D,466,480,14,-0.09989235550165176,-0.3638266623020172,-0.025987619534134865,-1.0637624263763428,-9.320769309997559,-0.6657692193984985,0.0002895162033382803,1.610733985900879,0.11505242437124252,1.1236085891723633,30.06256103515625,2.1473257541656494,0.9599624276161194,13.853387832641602,0.989527702331543,0.5321768522262573,9.219600677490234,0.6585429310798645,0.00036728830309584737,0.10127589106559753,0.0072339922189712524,0.7880668640136719,12.139957427978516,0.8671398162841797,0.009017092175781727,1.142261266708374,0.08159009367227554,0.47377413511276245,8.443557739257812,0.6031112670898438,0.11409766227006912,2.990570545196533,0.21361218392848969,3.7420005426462573,1.0,5,4
ac_5-a-8_kv_kv-doda-jodhpur_06082025-000000-1_EN-OL-RC-500_1,every,every,c,9.6,9.9,0.3,0.3,every,EH V R IY,* EH V R IY *,EH V R IY,480,495,15,-0.38510340452194214,-0.889247715473175,-0.05928318202495575,-1.124781847000122,-7.780600547790527,-0.5187066793441772,0.0001818427408579737,2.0627925395965576,0.13751950860023499,1.01766037940979,26.64095687866211,1.7760637998580933,0.8510002493858337,14.651159286499023,0.9767439365386963,0.5260837078094482,10.7714204788208,0.7180947065353394,0.0003313315974082798,0.2731844484806061,0.018212296068668365,0.7792743444442749,13.468299865722656,0.8978866338729858,0.007416984997689724,2.4815454483032227,0.16543635725975037,0.46269261837005615,10.058806419372559,0.6705871224403381,0.10843496024608612,4.351973056793213,0.290131539106369,0.0,0.0,4,4
ac_5-a-8_kv_kv-doda-jodhpur_06082025-000000-1_EN-OL-RC-500_1,day,day,c,9.9,10.14,0.24,0.24,day,D EY,D EY * SIL *,D EY,495,507,12,-0.07067794352769852,-0.11840260028839111,-0.009866883046925068,-0.7274789810180664,-5.406297206878662,-0.45052477717399597,0.00035029900027439,0.5426258444786072,0.0452188216149807,1.1635305881500244,21.042078018188477,1.7535065412521362,0.9715685248374939,11.952225685119629,0.9960188269615173,0.6070637702941895,8.730608940124512,0.727550745010376,0.0013028497342020273,0.18986251950263977,0.015821876004338264,0.8494340777397156,10.900303840637207,0.908358633518219,0.03525298461318016,1.9343799352645874,0.16119833290576935,0.5628376007080078,8.212522506713867,0.6843768954277039,0.16949011385440826,3.531526803970337,0.29429391026496887,0.0,0.0,2,2
ac_5-a-8_kv_kv-doda-jodhpur_06082025-000000-1_EN-OL-RC-500_1,but,but,c,10.29,10.59,0.3,0.3,but,B AH T,B AH T *,B AH T,514,530,16,-0.38034579157829285,-0.38863763213157654,-0.024289852008223534,-0.867000937461853,-5.479724884033203,-0.3424828052520752,0.00019351804803591222,0.6990953683853149,0.043693460524082184,1.0193337202072144,23.2244815826416,1.4515300989151,0.8527548909187317,15.849390029907227,0.9905868768692017,0.630298376083374,12.320295333862305,0.770018458366394,0.0019297314574941993,0.5295913219451904,0.0330994576215744,0.8656631708145142,14.851982116699219,0.9282488822937012,0.05055797100067139,4.074887275695801,0.25468045473098755,0.5907676815986633,11.79296588897705,0.7370603680610657,0.1911269873380661,5.909964561462402,0.36937278509140015,0.0,0.0,3,3
ac_5-a-8_kv_kv-doda-jodhpur_06082025-000000-1_EN-OL-RC-500_1,my,<eps>,d,,,,,,M AY,,,,,,,,,,,,,,,,,,,,,,,,,,,,,,,,,,,,,,,,,,
ac_5-a-8_kv_kv-doda-jodhpur_06082025-000000-1_EN-OL-RC-500_1,uncle,uncle,c,10.77,11.1,0.33,0.33,uncle,AH NG K AH L,AH N K AH L *,AH N K AH L,538,555,17,-0.3907396197319031,-1.0282561779022217,-0.060485657304525375,-1.2502737045288086,-9.749029159545898,-0.5734723210334778,0.00024787947768345475,2.3669497966766357,0.139232337474823,1.107568383216858,32.43279266357422,1.9078112840652466,0.8489242792129517,16.598079681396484,0.976357638835907,0.5225099325180054,11.783557891845703,0.6931504607200623,0.00031190263689495623,0.24110622704029083,0.01418271940201521,0.7654989957809448,15.045069694519043,0.8850041031837463,0.0054614730179309845,2.4451193809509277,0.1438305526971817,0.4460105895996094,10.991928100585938,0.6465840339660645,0.10035083442926407,4.539154529571533,0.26700907945632935,2.884092123538098,1.0,5,5
ac_5-a-8_kv_kv-doda-jodhpur_06082025-000000-1_EN-OL-RC-500_1,made,made,c,11.1,11.43,0.33,0.33,made,M EY D,* M EY D *,M EY D,555,572,17,-0.06948082894086838,-0.14032745361328125,-0.008254555985331535,-0.9597398638725281,-8.273538589477539,-0.48667874932289124,0.00030985844205133617,0.680164098739624,0.04000965133309364,1.1472015380859375,31.276683807373047,1.8398048877716064,0.9720460176467896,16.94334602355957,0.9966673851013184,0.5359249114990234,12.020834922790527,0.7071079611778259,0.0003913180553354323,0.30380865931510925,0.01787109673023224,0.8015665411949158,15.268670082092285,0.8981570601463318,0.012170937843620777,2.7513396739959717,0.16184350848197937,0.49150562286376953,11.375483512878418,0.6691460609436035,0.12367339432239532,4.886523723602295,0.28744256496429443,0.0,0.0,3,3
ac_5-a-8_kv_kv-doda-jodhpur_06082025-000000-1_EN-OL-RC-500_1,his,his,c,11.43,11.76,0.33,0.33,his,HH IH Z,* HH IH Z *,HH IH Z,571,588,17,-0.028268497437238693,-0.08261888474225998,-0.004859934560954571,-0.8942339420318604,-7.865128517150879,-0.46265462040901184,0.0006293635815382004,0.4725472033023834,0.027796894311904907,1.1887733936309814,30.8411922454834,1.81418776512146,0.9885680675506592,16.9665470123291,0.9980321526527405,0.5362430810928345,12.105464935302734,0.7120862007141113,0.000393428752431646,0.2661479115486145,0.0156557597219944,0.8079695105552673,15.336198806762695,0.9021293520927429,0.014031554572284222,2.7681756019592285,0.16283385455608368,0.5002421140670776,11.489627838134766,0.6758604645729065,0.12863601744174957,4.946209907531738,0.29095351696014404,0.0,0.0,3,3
ac_5-a-8_kv_kv-doda-jodhpur_06082025-000000-1_EN-OL-RC-500_1,money,money,c,11.76,12.18,0.42,0.42,money,M AH N IY,* M AH N IY * SIL,M AH N IY,588,609,21,-0.3059518039226532,-0.4131755232810974,-0.01967502571642399,-1.017512321472168,-9.885963439941406,-0.47076016664505005,0.00013399356976151466,1.0835235118865967,0.05159635841846466,1.0048019886016846,37.84633255004883,1.80220627784729,0.8804647326469421,20.83725929260254,0.9922504425048828,0.5838680267333984,14.975296974182129,0.7131093740463257,0.0008801866206340492,0.404742568731308,0.019273456186056137,0.8171377778053284,18.939048767089844,0.9018594622612,0.017201660200953484,3.595158338546753,0.1711980104446411,0.5131462812423706,14.209318161010742,0.6766341924667358,0.13627640902996063,6.216024398803711,0.2960011661052704,0.0,0.0,4,4
ac_5-a-8_kv_kv-doda-jodhpur_06082025-000000-1_EN-OL-RC-500_1,[INS:keeping],keeping,i,12.3,12.72,0.42,0.42,keeping,,K IY P IH NG *,K IY P IH NG,615,636,21,-0.4803643226623535,-1.0056889057159424,-0.04788994789123535,-1.0700163841247559,-11.807535171508789,-0.5622636079788208,0.00046390690840780735,2.4745054244995117,0.11783359199762344,1.2263950109481812,40.03717041015625,1.9065319299697876,0.816303551197052,20.60745620727539,0.9813074469566345,0.5259580612182617,14.58748722076416,0.6946422457695007,0.0003306282451376319,0.29468315839767456,0.014032531529664993,0.779062807559967,18.611000061035156,0.8862380981445312,0.007382212672382593,3.025963068008423,0.14409348368644714,0.46243035793304443,13.618524551391602,0.6485011577606201,0.10830383002758026,5.629140377044678,0.2680543065071106,,,0,5
ac_5-a-8_kv_kv-doda-jodhpur_06082025-000000-1_EN-OL-RC-500_1,by,by,c,12.72,13.02,0.3,0.3,by,B AA EY,B AY * SIL,B AY,636,651,15,-0.23619034886360168,-0.6539607644081116,-0.04359738528728485,-1.440224051475525,-12.236425399780273,-0.8157616853713989,0.010027439333498478,2.327018976211548,0.15513460338115692,2.081233024597168,37.07365798950195,2.4715771675109863,0.90692138671875,14.739660263061523,0.9826440215110779,0.42391979694366455,8.881843566894531,0.5921229124069214,5.886537110200152e-05,0.02600911073386669,0.0017339406767860055,0.6750584840774536,12.456676483154297,0.8304451107978821,0.0007322386372834444,0.555691659450531,0.03704611212015152,0.35274893045425415,8.133328437805176,0.5422219038009644,0.06354542821645737,2.430962562561035,0.16206416487693787,9.246154771565926,2.0,3,2
ac_5-a-8_kv_kv-doda-jodhpur_06082025-000000-1_EN-OL-RC-500_1,keeping,<eps>,d,,,,,,K IY P IH NG,,,,,,,,,,,,,,,,,,,,,,,,,,,,,,,,,,,,,,,,,,
ac_5-a-8_kv_kv-doda-jodhpur_06082025-000000-1_EN-OL-RC-500_1,goats,goats,c,13.35,13.83,0.48,0.48,goats,G OW T S,G OW D S *,G OW D S,667,692,25,-0.6970799565315247,-1.3964812755584717,-0.05585925281047821,-1.6426283121109009,-17.076955795288086,-0.6830782294273376,0.001820857054553926,3.540976047515869,0.14163903892040253,1.5312384366989136,55.3663330078125,2.214653253555298,0.740381121635437,24.465057373046875,0.9786022901535034,0.43176913261413574,16.05181312561035,0.6420724987983704,6.722557009197772e-05,0.1200341284275055,0.004801365081220865,0.660649299621582,21.461212158203125,0.8584485054016113,0.0005316419992595911,1.9627559185028076,0.07851023972034454,0.3399515748023987,14.868178367614746,0.5947271585464478,0.059444405138492584,5.227171897888184,0.20908688008785248,3.5040747522315288,1.0,4,4
ac_5-a-8_kv_kv-doda-jodhpur_06082025-000000-1_EN-OL-RC-500_1,[INS:as],as,i,14.1,14.52,0.42,0.42,as,,AE Z * SIL *,AE Z,705,726,21,-0.27277839183807373,-0.7388803958892822,-0.03518478199839592,-1.4022985696792603,-13.10578441619873,-0.6240849494934082,0.0011911072069779038,2.46256947517395,0.11726520955562592,1.7211921215057373,44.83387756347656,2.134946584701538,0.8929880261421204,20.706649780273438,0.9860309362411499,0.44772058725357056,13.865884780883789,0.6602802276611328,8.804925164440647e-05,0.09960851073265076,0.004743262194097042,0.7040981650352478,18.301774978637695,0.8715130686759949,0.0013959044590592384,1.7672321796417236,0.084153912961483,0.3800637125968933,12.87426471710205,0.6130602359771729,0.07300066202878952,4.627727508544922,0.22036798298358917,,,0,2
ac_5-a-8_kv_kv-doda-jodhpur_06082025-000000-1_EN-OL-RC-500_1,as,as,c,14.67,14.94,0.27,0.27,as,AE Z,AE Z *,AE Z,733,747,14,-0.5096171498298645,-0.9844710826873779,-0.07031936198472977,-1.3461979627609253,-9.563647270202637,-0.683117687702179,0.0011927223531529307,2.310945749282837,0.16506755352020264,1.6623640060424805,30.199665069580078,2.157119035720825,0.8058136701583862,13.617276191711426,0.9726625680923462,0.4225255846977234,9.134284973144531,0.6524489521980286,5.749301999458112e-05,0.07269571721553802,0.0051925512962043285,0.695738673210144,12.072810173034668,0.8623436093330383,0.001159299397841096,1.164357304573059,0.0831683799624443,0.371978759765625,8.404621124267578,0.6003300547599792,0.07009826600551605,2.993408203125,0.2138148695230484,0.0,0.0,2,2
ac_5-a-8_kv_kv-doda-jodhpur_06082025-000000-1_EN-OL-RC-500_1,he,he,c,14.94,15.03,0.09,0.09,he,HH IY,HH IY *,HH IY,747,752,5,-0.12785504758358002,-0.3140527009963989,-0.06281054019927979,-1.3015472888946533,-5.103635787963867,-1.0207271575927734,0.028215570375323296,1.3171403408050537,0.26342806220054626,2.4464941024780273,13.489763259887695,2.6979527473449707,0.9489328265190125,4.874067306518555,0.9748134613037109,0.46935248374938965,2.6889965534210205,0.5377992987632751,0.00012694747420027852,0.00294668460264802,0.0005893369088880718,0.7211339473724365,3.9359917640686035,0.7871983647346497,0.0020381384529173374,0.06644835323095322,0.013289670459926128,0.3971449136734009,2.3869004249572754,0.47738009691238403,0.07943617552518845,0.596149742603302,0.11922995001077652,0.0,0.0,2,2
ac_5-a-8_kv_kv-doda-jodhpur_06082025-000000-1_EN-OL-RC-500_1,could,could,c,15.03,15.48,0.45,0.45,could,K UH D,* K UH D *,K UH D,751,774,23,-0.4089061915874481,-0.7740065455436707,-0.03365245833992958,-1.205986499786377,-13.967695236206055,-0.6072911024093628,0.000724303477909416,2.1876301765441895,0.09511435776948929,1.3919095993041992,48.19263458251953,2.095331907272339,0.8422530293464661,22.695497512817383,0.9867607355117798,0.5245885252952576,15.308107376098633,0.6655699014663696,0.0003230599977541715,0.16282440721988678,0.007079321891069412,0.7755101919174194,20.144432067871094,0.8758448958396912,0.006821927614510059,2.2413718700408936,0.09745094925165176,0.45805424451828003,14.274700164794922,0.6206391453742981,0.10613515973091125,5.2948808670043945,0.23021221160888672,0.0,0.0,3,3
ac_5-a-8_kv_kv-doda-jodhpur_06082025-000000-1_EN-OL-RC-500_1,not,not,c,15.51,15.9,0.39,0.39,not,N AO T,N AO T *,N AO T,775,795,20,-0.09186115115880966,-0.15776461362838745,-0.007888230495154858,-0.9795810580253601,-9.055078506469727,-0.4527539312839508,0.0005004992126487195,0.7087708115577698,0.03543854132294655,1.2203869819641113,35.80107116699219,1.7900536060333252,0.9631445407867432,19.936460494995117,0.9968230128288269,0.5413468480110168,14.324262619018555,0.7162131071090698,0.00042888851021416485,0.3087279498577118,0.01543639786541462,0.795978307723999,18.07817840576172,0.903908908367157,0.010749869048595428,3.3376338481903076,0.16688169538974762,0.484055757522583,13.601715087890625,0.6800857782363892,0.11957083642482758,5.902781963348389,0.2951391041278839,0.0,0.0,3,3
ac_5-a-8_kv_kv-doda-jodhpur_06082025-000000-1_EN-OL-RC-500_1,keep,keep,c,15.9,16.23,0.33,0.33,keep,K IY P,* K IY P *,K IY P,795,812,17,-0.0715668797492981,-0.12983940541744232,-0.00763761205598712,-0.7401057481765747,-6.614947319030762,-0.3891145586967468,0.0002104820596287027,0.5453419089317322,0.03207893669605255,1.0277334451675415,27.315170288085938,1.6067746877670288,0.9712141156196594,16.947668075561523,0.9969216585159302,0.6031851768493652,12.682417869567871,0.7460246086120605,0.0012201550416648388,0.43608829379081726,0.02565225213766098,0.8521854877471924,15.60246753692627,0.9177922010421753,0.037475232034921646,3.640866756439209,0.21416863799095154,0.5674178004264832,12.092412948608398,0.7113184332847595,0.17288166284561157,5.7028656005859375,0.33546268939971924,0.0,0.0,3,3
ac_5-a-8_kv_kv-doda-jodhpur_06082025-000000-1_EN-OL-RC-500_1,a,a,c,16.29,16.59,0.3,0.3,a,AH,AH *,AH,814,830,16,-0.7044606804847717,-0.823013186454773,-0.05143832415342331,-1.4157683849334717,-10.45884895324707,-0.6536780595779419,0.0012160205515101552,1.6144633293151855,0.1009039580821991,1.4648303985595703,35.38904571533203,2.211815357208252,0.7378671765327454,15.690092086791992,0.9806307554244995,0.5124401450157166,10.31049633026123,0.6444060206413269,0.00026306993095204234,0.07785280793905258,0.004865800496190786,0.7552001476287842,13.848456382751465,0.8655285239219666,0.004344466608017683,1.2752771377563477,0.07970482110977173,0.43404054641723633,9.624519348144531,0.6015324592590332,0.09486023336648941,3.3912105560302734,0.2119506597518921,0.0,0.0,1,1
ac_5-a-8_kv_kv-doda-jodhpur_06082025-000000-1_EN-OL-RC-500_1,watch,watch,c,16.59,17.07,0.48,0.48,watch,W AO CH,* W AO CH *,W AO CH,829,854,25,-0.25964051485061646,-0.51761794090271,-0.020704718306660652,-0.9294636845588684,-11.185964584350586,-0.4474385976791382,0.00030440688715316355,1.4819892644882202,0.05927957221865654,1.1631464958190918,43.632415771484375,1.745296597480774,0.8979765176773071,24.79467010498047,0.991786777973175,0.5672280192375183,18.076725006103516,0.7230690121650696,0.0006643394590355456,0.4221712052822113,0.016886848956346512,0.8158602118492126,22.667892456054688,0.9067156910896301,0.01672026887536049,4.385313987731934,0.17541256546974182,0.5113192200660706,17.146121978759766,0.685844898223877,0.1351715475320816,7.559070110321045,0.3023627996444702,0.0,0.0,3,3
ac_5-a-8_kv_kv-doda-jodhpur_06082025-000000-1_EN-OL-RC-500_1,on,on,c,17.1,17.43,0.33,0.33,on,AO N,AO N * DH,AO N DH,855,872,17,-0.12283961474895477,-0.310800164937973,-0.018282363191246986,-1.068992257118225,-9.169862747192383,-0.5394036769866943,0.0005298032774589956,1.183240294456482,0.069602370262146,1.3213375806808472,33.0880012512207,1.9463529586791992,0.9509053826332092,16.87532615661621,0.9926662445068359,0.4923439621925354,11.732013702392578,0.6901184320449829,0.00018727795395534486,0.1817447543144226,0.010690867900848389,0.7681834101676941,15.09898853302002,0.8881757855415344,0.005797114688903093,2.206449270248413,0.12979114055633545,0.4491993188858032,11.01127815246582,0.6477222442626953,0.10185646265745163,4.423261642456055,0.2601918578147888,3.930008592723647,1.0,2,3
ac_5-a-8_kv_kv-doda-jodhpur_06082025-000000-1_EN-OL-RC-500_1,the,the,c,17.43,17.76,0.33,0.33,the,DH AH,DH AH * SIL *,DH AH,871,889,18,-0.058895308524370193,-0.15053905546665192,-0.008363280445337296,-0.9504591226577759,-10.11174201965332,-0.5617634654045105,0.000728887040168047,0.7588335871696472,0.04215742275118828,1.3097401857376099,37.04396057128906,2.057997703552246,0.9762734770774841,17.939199447631836,0.9966222047805786,0.5369365215301514,12.128873825073242,0.6738263368606567,0.00039806918357498944,0.15832991898059845,0.008796107023954391,0.7992833256721497,15.89191722869873,0.8828842639923096,0.011568930931389332,1.9521524906158447,0.10845291614532471,0.48844248056411743,11.391956329345703,0.6328864693641663,0.12197238951921463,4.3516106605529785,0.2417561411857605,0.0,0.0,2,2
ac_5-a-8_kv_kv-doda-jodhpur_06082025-000000-1_EN-OL-RC-500_1,animals,animal,s,17.82,18.21,0.39,0.39,animal,AE N IH M AH L S,AE N IH M AH L *,AE N IH M AH L,891,911,20,-0.058281876146793365,-0.14136996865272522,-0.0070684985257685184,-1.0120831727981567,-10.13541316986084,-0.506770670413971,0.0002987094921991229,0.7861800789833069,0.039309002459049225,1.0501689910888672,37.7955207824707,1.8897759914398193,0.9765188097953796,19.942867279052734,0.9971433877944946,0.5475442409515381,13.97695541381836,0.698847770690918,0.00047626884770579636,0.30243849754333496,0.015121924690902233,0.7939497232437134,17.869747161865234,0.8934873342514038,0.01027612667530775,3.021200180053711,0.15106001496315002,0.4813903570175171,13.196210861206055,0.6598105430603027,0.11813121289014816,5.542123794555664,0.2771061956882477,3.7420005426462573,1.0,7,6
ac_5-a-8_kv_kv-doda-jodhpur_06082025-000000-1_EN-OL-RC-500_1,[INS:all],all,i,18.24,18.66,0.42,0.42,all,,* AO L * SIL *,AO L,911,933,22,-0.3753463327884674,-0.7971624732017517,-0.03623465821146965,-1.1733603477478027,-14.045405387878418,-0.6384274959564209,0.002060197526589036,2.4251651763916016,0.11023478209972382,1.5758693218231201,47.16506576538086,2.143866539001465,0.8546009659767151,21.685287475585938,0.9856948852539062,0.4850216507911682,14.482606887817383,0.6583003401756287,0.00016546626284252852,0.12830248475074768,0.005831931252032518,0.7464382648468018,19.151386260986328,0.8705175518989563,0.0035759666934609413,1.860296368598938,0.08455892652273178,0.42417120933532715,13.415696144104004,0.6098043918609619,0.09051866829395294,4.805431365966797,0.21842870116233826,,,0,2
ac_5-a-8_kv_kv-doda-jodhpur_06082025-000000-1_EN-OL-RC-500_1,all,all,c,18.84,19.11,0.27,0.27,all,AO L,AO L * DH,AO L DH,942,956,14,-0.2503580152988434,-0.5523892641067505,-0.03945637494325638,-1.054662823677063,-7.939621448516846,-0.567115843296051,0.0009909756481647491,1.5982000827789307,0.11415714770555496,1.4384509325027466,27.31388282775879,1.9509916305541992,0.901511013507843,13.780954360961914,0.9843538999557495,0.5154147148132324,9.643078804016113,0.6887913346290588,0.00027663985383696854,0.14426617324352264,0.010304726660251617,0.7785391211509705,12.389610290527344,0.8849721550941467,0.0072968159802258015,1.7731034755706787,0.12665024399757385,0.4617817997932434,8.993180274963379,0.6423700451850891,0.10798012465238571,3.5826752185821533,0.2559053599834442,3.930008592723647,1.0,2,3
ac_5-a-8_kv_kv-doda-jodhpur_06082025-000000-1_EN-OL-RC-500_1,the,the,c,19.11,19.2,0.09,0.09,the,DH AH,DH AH *,DH AH,955,960,5,-0.2503580152988434,-0.6721400022506714,-0.1344279944896698,-1.054662823677063,-4.583824157714844,-0.9167648553848267,0.05549342930316925,1.7274636030197144,0.34549272060394287,2.18766188621521,12.182463645935059,2.436492681503296,0.901511013507843,4.734408855438232,0.9468817710876465,0.5603319406509399,3.012127637863159,0.6024255156517029,0.0005912250489927828,0.008019870147109032,0.0016039740294218063,0.8037349581718445,4.130375862121582,0.8260751962661743,0.01277165487408638,0.12732034921646118,0.025464069098234177,0.49443984031677246,2.643125295639038,0.5286250710487366,0.1253216564655304,0.7410668730735779,0.14821337163448334,0.0,0.0,2,2
ac_5-a-8_kv_kv-doda-jodhpur_06082025-000000-1_EN-OL-RC-500_1,time,time,c,19.2,19.53,0.33,0.33,time,T AY M,* T AY M *,T AY M,960,977,17,-0.6436556577682495,-1.522132158279419,-0.08953718841075897,-1.1859840154647827,-10.490708351135254,-0.6171004772186279,0.0006487522041425109,2.4200267791748047,0.14235451817512512,1.3448491096496582,34.245975494384766,2.0144691467285156,0.7587171792984009,16.42055892944336,0.9659152030944824,0.5503602027893066,11.48025131225586,0.675308883190155,0.0004994941409677267,0.18749584257602692,0.011029167100787163,0.8053104877471924,14.923968315124512,0.8778805136680603,0.013226645067334175,2.0593442916870117,0.12113790214061737,0.49658745527267456,10.704092979431152,0.6296525001525879,0.12653982639312744,4.195390701293945,0.2467876821756363,0.0,0.0,3,3
ac_5-a-8_kv_kv-doda-jodhpur_06082025-000000-1_EN-OL-RC-500_1,my,my,c,19.56,19.83,0.27,0.27,my,M AY,M AY *,M AY,977,992,15,-0.3582022488117218,-0.8358426094055176,-0.05572284013032913,-1.4805607795715332,-12.742119789123535,-0.8494746685028076,0.004617893137037754,2.6354854106903076,0.17569902539253235,1.9461774826049805,37.55347442626953,2.5035650730133057,0.8609489798545837,14.670021057128906,0.9780014157295227,0.4164506793022156,8.747220993041992,0.5831480622291565,5.187682108953595e-05,0.027046551927924156,0.0018031034851446748,0.6639267206192017,12.345952033996582,0.8230634927749634,0.0005717990570701659,0.5585662722587585,0.037237752228975296,0.3428213596343994,7.989123344421387,0.5326082110404968,0.060346655547618866,2.364710569381714,0.15764737129211426,0.0,0.0,2,2
ac_5-a-8_kv_kv-doda-jodhpur_06082025-000000-1_EN-OL-RC-500_1,uncle,uncle,c,19.83,20.22,0.39,0.39,uncle,AH NG K AH L,* AH NG K AH L * SIL,AH NG K AH L,991,1011,20,-0.5089294910430908,-0.8856949806213379,-0.044284749776124954,-1.3885668516159058,-12.255749702453613,-0.6127874851226807,0.00030706555116921663,2.4287495613098145,0.12143747508525848,1.1021757125854492,40.77262496948242,2.0386312007904053,0.8060593605041504,19.655033111572266,0.9827516674995422,0.4976459741592407,13.453829765319824,0.6726914644241333,0.0002048449678113684,0.19844433665275574,0.009922216646373272,0.7387160658836365,17.500720977783203,0.8750360608100891,0.003012190805748105,2.284600257873535,0.11423001438379288,0.4156988859176636,12.503604888916016,0.6251802444458008,0.08692033588886261,4.830257892608643,0.24151289463043213,0.0,0.0,5,5
ac_5-a-8_kv_kv-doda-jodhpur_06082025-000000-1_EN-OL-RC-500_1,bought,bought,c,20.49,20.88,0.39,0.39,bought,B AO T,B AO T *,B AO T,1024,1044,20,-0.4677254259586334,-1.0001213550567627,-0.050006069242954254,-1.478735089302063,-13.294685363769531,-0.6647342443466187,0.0016926269745454192,3.1207377910614014,0.1560368835926056,1.4239325523376465,41.75086212158203,2.08754301071167,0.8208595514297485,19.606781005859375,0.9803390502929688,0.4718572497367859,13.24685001373291,0.6623424887657166,0.00013244085130281746,0.1763746589422226,0.0088187325745821,0.7077775597572327,17.29810905456543,0.8649054765701294,0.001514809438958764,2.0746214389801025,0.10373107343912125,0.38368260860443115,12.192288398742676,0.6096144318580627,0.07432921975851059,4.579464435577393,0.22897322475910187,0.0,0.0,3,3
ac_5-a-8_kv_kv-doda-jodhpur_06082025-000000-1_EN-OL-RC-500_1,a,a,c,20.91,21.18,0.27,0.27,a,AH,AH SIL *,AH,1045,1059,14,-0.10095765441656113,-0.2052776962518692,-0.014662692323327065,-1.0997215509414673,-9.394709587097168,-0.6710506677627563,0.0019179804949089885,1.0041418075561523,0.07172441482543945,1.6159710884094238,31.605966567993164,2.2575690746307373,0.959540843963623,13.917303085327148,0.9940930604934692,0.5025447607040405,8.959980010986328,0.6399985551834106,0.00022253667702898383,0.052999742329120636,0.003785695880651474,0.7644678354263306,12.069181442260742,0.8620843887329102,0.00533777242526412,0.9120640754699707,0.06514743715524673,0.44479334354400635,8.281662940979004,0.5915473699569702,0.09978093951940536,2.7911174297332764,0.1993655264377594,0.0,0.0,1,1
ac_5-a-8_kv_kv-doda-jodhpur_06082025-000000-1_EN-OL-RC-500_1,dog,dog,c,21.27,21.84,0.57,0.57,dog,D AO G,D AO G *,D AO G,1063,1092,29,-0.04902976378798485,-0.08685056120157242,-0.0029948470182716846,-0.919745922088623,-10.599641799926758,-0.3655048906803131,0.0002845292037818581,0.4661075472831726,0.016072673723101616,1.1272931098937988,45.929439544677734,1.5837737321853638,0.9802235960960388,28.96489715576172,0.9987895488739014,0.5590732097625732,21.751619338989258,0.7500558495521545,0.0005787753034383059,0.6680701375007629,0.023036900907754898,0.8097283840179443,26.708904266357422,0.9209967255592346,0.014590730890631676,6.277948379516602,0.21648098528385162,0.5026808977127075,20.81305503845215,0.7176915407180786,0.13005121052265167,9.840335845947266,0.33932191133499146,0.0,0.0,3,3
ac_5-a-8_kv_kv-doda-jodhpur_06082025-000000-1_EN-OL-RC-500_1,[INS:to],to,i,22.05,22.5,0.45,0.45,to,,T UW * SIL,T UW,1102,1125,23,-0.6562573313713074,-0.7417890429496765,-0.03225169703364372,-1.1676019430160522,-10.615302085876465,-0.46153488755226135,0.00020914600463584065,1.144927978515625,0.04977947846055031,1.1040436029434204,41.44047164916992,1.8017596006393433,0.7543699145317078,22.71978759765625,0.9878168702125549,0.5803701877593994,16.417390823364258,0.7137995958328247,0.0008296424639411271,0.3770519495010376,0.016393562778830528,0.8106995820999146,20.787893295288086,0.9038214683532715,0.014908988028764725,3.8322067260742188,0.16661767661571503,0.5040349960327148,15.615925788879395,0.6789532899856567,0.13084262609481812,6.773369789123535,0.2944943308830261,,,0,2
ac_5-a-8_kv_kv-doda-jodhpur_06082025-000000-1_EN-OL-RC-500_1,to,to,c,22.68,22.86,0.18,0.18,to,T UW,T UW *,T UW,1134,1143,9,-0.05854904651641846,-0.1490020900964737,-0.01655578799545765,-0.8872493505477905,-5.039050102233887,-0.5598944425582886,0.0007144577102735639,0.694750189781189,0.0771944671869278,1.265501618385315,17.745281219482422,1.9716979265213013,0.9764119982719421,8.939805030822754,0.9933116436004639,0.5634162425994873,6.188032150268555,0.6875591278076172,0.0006228748243302107,0.0960078164935112,0.010667535476386547,0.8162457942962646,7.975662708282471,0.8861847519874573,0.01686410792171955,1.0863367319107056,0.12070408463478088,0.5118696093559265,5.769599914550781,0.6410666704177856,0.13550354540348053,2.268683433532715,0.2520759403705597,0.0,0.0,2,2
ac_5-a-8_kv_kv-doda-jodhpur_06082025-000000-1_EN-OL-RC-500_1,help,help,c,22.86,23.19,0.33,0.33,help,HH EH L P,HH EH L P *,HH EH L P,1143,1160,17,-0.04600301384925842,-0.08567512780427933,-0.005039713345468044,-0.8954837322235107,-7.890508651733398,-0.46414756774902344,0.00022104517847765237,0.4729800224304199,0.027822354808449745,1.0186538696289062,30.694232940673828,1.805543065071106,0.9814375042915344,16.965356826782227,0.9979621767997742,0.5655099153518677,12.14399242401123,0.7143524885177612,0.0006453189416788518,0.3088972568511963,0.018170427531003952,0.8148099184036255,15.340560913085938,0.902385950088501,0.01633461005985737,2.8464293479919434,0.16743701696395874,0.5098243355751038,11.507940292358398,0.6769376397132874,0.13427329063415527,5.000493049621582,0.29414665699005127,0.0,0.0,4,4
ac_5-a-8_kv_kv-doda-jodhpur_06082025-000000-1_EN-OL-RC-500_1,us,us,c,23.28,23.7,0.42,0.42,us,AH S,AH S * SIL *,AH S,1164,1185,21,-0.39454972743988037,-0.6254004836082458,-0.029780974611639977,-1.0281791687011719,-9.400432586669922,-0.4476396441459656,0.00017764026415534317,1.3768078088760376,0.06556227803230286,1.1284940242767334,36.66576385498047,1.7459887266159058,0.8475226759910583,20.75579071044922,0.9883710145950317,0.5715530514717102,15.196432113647461,0.7236396074295044,0.0007147405412979424,0.35339611768722534,0.0168283861130476,0.8183032274246216,19.05046844482422,0.9071651697158813,0.017652882263064384,3.6594247817993164,0.17425832152366638,0.5148214101791382,14.414006233215332,0.6863812208175659,0.1372961848974228,6.344616889953613,0.30212461948394775,0.0,0.0,2,2
ac_5-a-8_kv_kv-doda-jodhpur_06082025-000000-1_EN-OL-RC-500_1,look,look,c,23.73,24.18,0.45,0.45,look,L UH K,L UH K *,L UH K,1186,1209,23,-0.08011677116155624,-0.212816059589386,-0.009252872318029404,-1.0690921545028687,-11.428984642028809,-0.4969123899936676,0.0009800457628443837,0.9395819306373596,0.04085138812661171,1.4576982259750366,44.33476638793945,1.9275985956192017,0.9678094983100891,22.914230346679688,0.9962708950042725,0.47614628076553345,16.02078628540039,0.6965559124946594,0.0001424045185558498,0.20574235916137695,0.008945319801568985,0.7636549472808838,20.60259246826172,0.8957648873329163,0.00524223642423749,2.915109157562256,0.126743882894516,0.4438368082046509,15.129629135131836,0.6578099727630615,0.0993349477648735,6.0587921142578125,0.2634257376194,0.0,0.0,3,3
ac_5-a-8_kv_kv-doda-jodhpur_06082025-000000-1_EN-OL-RC-500_1,after,after,c,24.18,24.45,0.27,0.27,after,AA F T AH R,AA F T AH R,AA F T AH R,1209,1223,14,-0.5599952936172485,-0.6753219366073608,-0.048237282782793045,-1.0919793844223022,-7.516572952270508,-0.5368980765342712,0.00033173529664054513,1.2850275039672852,0.0917876809835434,1.2002876996994019,26.445636749267578,1.8889740705490112,0.7879272103309631,13.74128532409668,0.9815203547477722,0.5743730664253235,9.806499481201172,0.7004642486572266,0.0007496445323340595,0.18671473860740662,0.013336767442524433,0.8229618668556213,12.49178409576416,0.8922702670097351,0.019577933475375175,1.9871395826339722,0.14193853735923767,0.5215990543365479,9.181573867797852,0.6558266878128052,0.14148974418640137,3.7834386825561523,0.27024561166763306,0.0,0.0,5,5
ac_5-a-8_kv_kv-doda-jodhpur_06082025-000000-1_EN-OL-RC-500_1,them,them,c,24.48,24.78,0.3,0.3,them,DH EH M,* DH EH M * SIL,DH EH M,1224,1239,15,-0.5924097299575806,-0.7623812556266785,-0.050825417041778564,-1.0562834739685059,-8.196789741516113,-0.5464526414871216,0.00022103264927864075,1.536535382270813,0.10243569314479828,1.1384332180023193,28.07320213317871,1.8715468645095825,0.7765370607376099,14.707863807678223,0.9805242419242859,0.5514450669288635,10.55112075805664,0.7034080624580383,0.0005087407771497965,0.2389594167470932,0.015930628404021263,0.811436116695404,13.380364418029785,0.8920242786407471,0.015154974535107613,2.180222511291504,0.14534816145896912,0.5050653219223022,9.837026596069336,0.6558017730712891,0.1314476579427719,4.085160732269287,0.27234405279159546,0.0,0.0,3,3
ac_5-a-8_kv_kv-doda-jodhpur_06082025-000000-1_EN-OL-RC-500_1,the,the,c,24.96,25.11,0.15,0.15,the,DH AH,DH AH *,DH AH,1248,1256,8,-0.016605941578745842,-0.031223418191075325,-0.0039029272738844156,-0.7238108515739441,-3.512864112854004,-0.4391080141067505,0.0007350031519308686,0.201045960187912,0.025130745023489,1.1895142793655396,13.79136848449707,1.7239210605621338,0.9932748079299927,7.9873456954956055,0.9984182119369507,0.6095547676086426,5.846301555633545,0.7307876944541931,0.0013588906731456518,0.15851455926895142,0.019814319908618927,0.8502135276794434,7.272795677185059,0.9090994596481323,0.035868771374225616,1.4408382177352905,0.18010477721691132,0.5641289353370667,5.520041465759277,0.6900051832199097,0.17044033110141754,2.4554061889648438,0.30692577362060547,0.0,0.0,2,2
ac_5-a-8_kv_kv-doda-jodhpur_06082025-000000-1_EN-OL-RC-500_1,dog,dog,c,25.11,25.38,0.27,0.27,dog,D AO G,* D AO G *,D AO G,1255,1269,14,-0.2769864797592163,-0.3037906289100647,-0.0216993298381567,-0.8398207426071167,-6.141785621643066,-0.43869897723197937,0.00026344478828832507,0.7479214668273926,0.053422961384058,1.1205326318740845,24.018386840820312,1.7155990600585938,0.8913937211036682,13.880524635314941,0.9914660453796387,0.6046233177185059,10.206266403198242,0.729019045829773,0.0012501864694058895,0.28667670488357544,0.02047690749168396,0.8563733100891113,12.734075546264648,0.9095768332481384,0.04112941771745682,2.57548189163208,0.18396298587322235,0.5745069980621338,9.67825698852539,0.691304087638855,0.17824962735176086,4.337371349334717,0.3098122477531433,0.0,0.0,3,3
ac_5-a-8_kv_kv-doda-jodhpur_06082025-000000-1_EN-OL-RC-500_1,was,was,c,25.38,25.62,0.24,0.24,was,W AO Z,* W AO Z *,W AO Z,1269,1281,12,-0.04772484675049782,-0.06803165376186371,-0.005669304635375738,-0.7961534261703491,-5.129436016082764,-0.42745301127433777,0.00015280535444617271,0.34283849596977234,0.02856987528502941,0.998530924320221,20.377717971801758,1.6981431245803833,0.980746865272522,11.972511291503906,0.9977092742919922,0.5605196952819824,8.75513744354248,0.7295947670936584,0.0005931048654019833,0.2713647782802582,0.022613732144236565,0.828879177570343,10.915939331054688,0.909661591053009,0.02232864499092102,2.3399667739868164,0.19499723613262177,0.5304025411605835,8.334735870361328,0.6945613026618958,0.1471017450094223,3.8064911365509033,0.31720760464668274,0.0,0.0,3,3
ac_5-a-8_kv_kv-doda-jodhpur_06082025-000000-1_EN-OL-RC-500_1,named,named,c,25.62,25.92,0.3,0.3,named,N EY M D,* N EY M D *,N EY M D,1281,1296,15,-0.280475914478302,-0.549534797668457,-0.03663565218448639,-0.9550801515579224,-9.13868236541748,-0.6092454791069031,0.0004393950221128762,1.6759213209152222,0.11172808706760406,1.2756659984588623,30.584903717041016,2.0389935970306396,0.8900728225708008,14.781861305236816,0.9854574203491211,0.5434404611587524,10.150110244750977,0.6766740083694458,0.00044434278970584273,0.1447136402130127,0.00964757613837719,0.8001304864883423,13.185567855834961,0.8790378570556641,0.011788751929998398,1.5683013200759888,0.10455342382192612,0.48957592248916626,9.387969017028809,0.6258646249771118,0.12259947508573532,3.5452609062194824,0.23635073006153107,0.0,0.0,4,4
ac_5-a-8_kv_kv-doda-jodhpur_06082025-000000-1_EN-OL-RC-500_1,lucky,lucky,c,25.92,26.19,0.27,0.27,lucky,L AH K IY,L AH K IY *,L AH K IY,1296,1310,14,-0.2224358320236206,-0.3043115735054016,-0.021736541762948036,-0.9783175587654114,-8.49680233001709,-0.6069144606590271,0.0005653157131746411,1.0037205219268799,0.07169432193040848,1.2883412837982178,29.605281829833984,2.1146628856658936,0.9121924042701721,13.879037857055664,0.9913598299026489,0.554415225982666,9.28410530090332,0.6631503701210022,0.0005349416751414537,0.10339328646659851,0.00738523481413722,0.8200392723083496,12.253179550170898,0.8752270936965942,0.01834707148373127,1.3520739078521729,0.09657670557498932,0.5173317193984985,8.662117004394531,0.6187226176261902,0.13883672654628754,3.2011327743530273,0.22865234315395355,0.0,0.0,4,4
ac_5-a-8_kv_kv-doda-jodhpur_06082025-000000-1_EN-OL-RC-500_1,he,he,c,26.19,26.4,0.21,0.21,he,HH IY,* HH IY *,HH IY,1309,1320,11,-0.5938861966133118,-0.6929358839988708,-0.06299417465925217,-1.0807894468307495,-6.4372477531433105,-0.5852043628692627,0.0012116780271753669,1.2255996465682983,0.11141815036535263,1.2724053859710693,21.71357536315918,1.973961353302002,0.7760204672813416,10.73596477508545,0.9759967923164368,0.49203771352767944,7.5179123878479,0.6834465861320496,0.00018631060083862394,0.12649740278720856,0.01149976346641779,0.7671300172805786,9.711526870727539,0.8828660845756531,0.005663011223077774,1.3787654638290405,0.12534230947494507,0.4479445219039917,7.022632122039795,0.6384211182594299,0.10126179456710815,2.787433624267578,0.25340306758880615,0.0,0.0,2,2
ac_5-a-8_kv_kv-doda-jodhpur_06082025-000000-1_EN-OL-RC-500_1,was,was,c,26.4,26.67,0.27,0.27,was,W AO Z,* W AO Z *,W AO Z,1320,1334,14,-0.7096033692359924,-0.8918110132217407,-0.06370078772306442,-1.4687906503677368,-8.55247974395752,-0.6108914017677307,0.0006258432986214757,1.9082595109939575,0.13630424439907074,1.28730309009552,27.721281051635742,1.9800914525985718,0.7361181378364563,13.662562370300293,0.9758973121643066,0.5228469371795654,9.531744956970215,0.680838942527771,0.0003136849554721266,0.16834695637226105,0.012024782598018646,0.7415337562561035,12.282323837280273,0.8773088455200195,0.0032067890278995037,1.7952805757522583,0.12823432683944702,0.41876643896102905,8.850926399230957,0.6322090029716492,0.08820972591638565,3.529597759246826,0.25211411714553833,0.0,0.0,3,3
ac_5-a-8_kv_kv-doda-jodhpur_06082025-000000-1_EN-OL-RC-500_1,a,a,c,26.67,26.73,0.06,0.06,a,AH,AH *,AH,1333,1337,4,-0.7096033692359924,-1.3199933767318726,-0.32999834418296814,-1.4687906503677368,-4.263676166534424,-1.065919041633606,0.11093544960021973,2.0724287033081055,0.5181071758270264,2.1790969371795654,9.904868125915527,2.476217031478882,0.7361181378364563,3.5030336380004883,0.8757584095001221,0.5228469371795654,2.355076551437378,0.5887691378593445,0.0003136849554721266,0.005967861972749233,0.0014919654931873083,0.7415337562561035,3.2280638217926025,0.8070159554481506,0.0032067890278995037,0.08850358426570892,0.02212589606642723,0.41876643896102905,2.0202136039733887,0.5050534009933472,0.08820972591638565,0.5454355478286743,0.13635888695716858,0.0,0.0,1,1
ac_5-a-8_kv_kv-doda-jodhpur_06082025-000000-1_EN-OL-RC-500_1,good,good,c,26.73,26.97,0.24,0.24,good,G UH D,* G UH D *,G UH D,1336,1349,13,-0.2565791606903076,-0.7184852957725525,-0.05526810139417648,-0.9080372452735901,-7.62918758392334,-0.5868605971336365,0.0006702563259750605,1.9511957168579102,0.1500919759273529,1.289179801940918,25.0152530670166,1.9242502450942993,0.8991413712501526,12.715493202209473,0.9781148433685303,0.5734031200408936,9.050886154174805,0.6962220072746277,0.000737450725864619,0.15492655336856842,0.01191742718219757,0.824207067489624,11.520669937133789,0.8862053751945496,0.020127110183238983,1.6139180660247803,0.12414754182100296,0.5234332084655762,8.345573425292969,0.6419671773910522,0.14264339208602905,3.305583953857422,0.25427567958831787,0.0,0.0,3,3
ac_5-a-8_kv_kv-doda-jodhpur_06082025-000000-1_EN-OL-RC-500_1,watchdog,watch_टिव_dog,s,26.97,28.05,1.08,1.02,watch+टिव+dog,W AO CH D AO G,W AO CH D * SIL * D AO G * SIL,W AO CH D D AO G,1348,1403,55,-0.6131706833839417,-1.7483599185943604,-0.031788360327482224,-1.4755929708480835,-34.94407272338867,-0.6353467702865601,0.00036733123124577105,5.419836044311523,0.0985424742102623,1.1587419509887695,115.88447570800781,2.1069905757904053,0.7692902088165283,54.31746292114258,0.9875902533531189,0.4627953767776489,36.17134475708008,0.6576608419418335,0.0001136216742452234,0.5239508152008057,0.009526378475129604,0.7094101309776306,47.72304916381836,0.8676918148994446,0.001570763299241662,5.924685955047607,0.10772155970335007,0.38530051708221436,33.74275207519531,0.6135045886039734,0.0749291330575943,12.800017356872559,0.23272758722305298,2.7456464100280913,1.0,6,7
ar_5-a-6_kv_kv-afs-naliya_06082025-000000-1_EN-OL-RC-423_1,parrots,parrots,c,0.99,1.77,0.78,0.78,parrots,P AE R AH T S,P AE R EH T S *,P AE R EH T S,49,89,40,-0.4428709149360657,-0.9595209956169128,-0.02398802526295185,-1.3179899454116821,-17.28451919555664,-0.43211299180984497,0.00023469417646992952,2.5769402980804443,0.06442350894212723,1.0839818716049194,66.81784057617188,1.6704460382461548,0.8298612236976624,39.624000549316406,0.9905999898910522,0.491030752658844,29.429447174072266,0.7357361912727356,0.00018316491332370788,0.7981537580490112,0.01995384320616722,0.7270528078079224,36.41689682006836,0.9104224443435669,0.002324578119441867,7.702399253845215,0.19255998730659485,0.40328115224838257,27.861186981201172,0.6965296864509583,0.08185277879238129,12.666976928710938,0.3166744112968445,3.093645138547748,1.0,6,6
ar_5-a-6_kv_kv-afs-naliya_06082025-000000-1_EN-OL-RC-423_1,talk,talk,c,1.77,2.22,0.45,0.45,talk,T AO K,T AO K * SIL,T AO K,88,112,24,-0.5482365489006042,-0.6534514427185059,-0.027227142825722694,-1.0377455949783325,-11.534664154052734,-0.48061099648475647,0.0004300301952753216,1.3608295917510986,0.05670123174786568,1.1453428268432617,43.002681732177734,1.7917784452438354,0.7920820116996765,23.749475479125977,0.9895614981651306,0.5290685892105103,17.1605281829834,0.7150220274925232,0.0003484830667730421,0.4102952480316162,0.01709563471376896,0.7937800884246826,21.610448837280273,0.9004353880882263,0.010237469337880611,4.064225196838379,0.16934271156787872,0.48116832971572876,16.212488174438477,0.6755203604698181,0.11801199615001678,7.063821792602539,0.29432591795921326,0.0,0.0,3,3
ar_5-a-6_kv_kv-afs-naliya_06082025-000000-1_EN-OL-RC-423_1,because,because,c,2.25,2.76,0.51,0.51,because,B IH K AO Z,* B IH K AO Z *,B IH K AO Z,112,138,26,-0.5929208397865295,-1.2463732957839966,-0.047937434166669846,-1.0632232427597046,-11.829267501831055,-0.4549718201160431,0.0003044780751224607,2.213864326477051,0.08514862507581711,1.1382482051849365,43.54882049560547,1.6749546527862549,0.7763582468032837,25.521860122680664,0.9816100001335144,0.5445296764373779,19.090700149536133,0.734257698059082,0.0004526013508439064,0.5736936330795288,0.022065140306949615,0.8036247491836548,23.628131866455078,0.9087743163108826,0.012740414589643478,5.035617351531982,0.19367758929729462,0.4942901134490967,18.025381088256836,0.6932839155197144,0.12523707747459412,8.209249496459961,0.3157403767108917,0.0,0.0,5,5
ar_5-a-6_kv_kv-afs-naliya_06082025-000000-1_EN-OL-RC-423_1,their,their,c,2.76,3.0,0.24,0.24,their,DH EY AH R,DH EY R *,DH EY R,138,150,12,-0.18524222075939178,-0.4869309067726135,-0.04057757556438446,-0.9874769449234009,-8.573423385620117,-0.7144519686698914,0.0035452228039503098,1.7260102033615112,0.143834188580513,1.6602052450180054,26.796249389648438,2.233020782470703,0.9265369772911072,11.805255889892578,0.9837713241577148,0.5202217102050781,7.69844388961792,0.6415370106697083,0.00030006514862179756,0.05833828076720238,0.004861523397266865,0.7921205759048462,10.288177490234375,0.8573481440544128,0.009866887703537941,0.8112503290176392,0.0676041916012764,0.4790043830871582,7.026498794555664,0.5855415463447571,0.11685489863157272,2.371572732925415,0.19763106107711792,3.47386705940546,1.0,4,3
ar_5-a-6_kv_kv-afs-naliya_06082025-000000-1_EN-OL-RC-423_1,voices,voice,s,3.0,3.48,0.48,0.48,voice,V OY S EH Z,* W OY S *,W OY S,150,174,24,-0.2771053612232208,-1.0063389539718628,-0.04193079099059105,-1.2656477689743042,-13.763259887695312,-0.5734691619873047,0.0009860147256404161,2.8175573348999023,0.1173982247710228,1.2633098363876343,47.47377395629883,1.9780739545822144,0.891348659992218,23.6015682220459,0.9833986759185791,0.48730289936065674,16.4305362701416,0.6846056580543518,0.00017197434499394149,0.22793057560920715,0.00949710700660944,0.7462387084960938,21.209959030151367,0.8837482929229736,0.003560149110853672,2.829481363296509,0.11789505928754807,0.423949658870697,15.327520370483398,0.63864666223526,0.090423084795475,5.996910095214844,0.24987125396728516,8.443337194023707,3.0,5,3
ar_5-a-6_kv_kv-afs-naliya_06082025-000000-1_EN-OL-RC-423_1,and,and,c,3.48,3.75,0.27,0.27,and,AE N D,AE N D *,AE N D,174,188,14,-0.05591170862317085,-0.15769150853157043,-0.011263678781688213,-0.7495123744010925,-6.376405239105225,-0.45545750856399536,9.637888433644548e-05,0.7345138788223267,0.052465278655290604,0.8126944899559021,24.246999740600586,1.7319285869598389,0.9774671196937561,13.936278343200684,0.9954484701156616,0.6121742725372314,10.161087989807129,0.7257919907569885,0.001420427463017404,0.33729833364486694,0.024092737585306168,0.8488500118255615,12.687320709228516,0.9062371850013733,0.03479849174618721,2.577960252761841,0.18414001166820526,0.5618729591369629,9.603927612304688,0.6859948039054871,0.16878342628479004,4.310817718505859,0.3079155385494232,0.0,0.0,3,3
ar_5-a-6_kv_kv-afs-naliya_06082025-000000-1_EN-OL-RC-423_1,hearing,hearing,c,3.75,4.23,0.48,0.48,hearing,HH IH AH R IH NG,* HH IH AH R IH NG *,HH IH AH R IH NG,187,212,25,-0.19070212543010712,-0.9109793305397034,-0.03643917292356491,-1.1559562683105469,-15.741741180419922,-0.6296696662902832,0.0009984722128137946,3.084185838699341,0.12336743623018265,1.4423828125,52.45271682739258,2.0981087684631348,0.9244228005409241,24.636146545410156,0.9854458570480347,0.5418709516525269,16.596105575561523,0.6638442277908325,0.0004327055939938873,0.1840178668498993,0.007360714487731457,0.7720416188240051,21.81489372253418,0.8725957274436951,0.00631596427410841,2.407505989074707,0.09630023688077927,0.4538341760635376,15.384410858154297,0.6153764128684998,0.10407794266939163,5.674741744995117,0.22698967158794403,0.0,0.0,6,6
ar_5-a-6_kv_kv-afs-naliya_06082025-000000-1_EN-OL-RC-423_1,work,work,c,4.23,4.62,0.39,0.39,work,W AH R K,* W AH R Z *,W AH R Z,211,231,20,-0.7590411901473999,-2.60164213180542,-0.13008210062980652,-1.8172457218170166,-15.780867576599121,-0.7890433669090271,0.0012174042640253901,5.6767964363098145,0.2838398218154907,1.5174747705459595,44.7833251953125,2.239166259765625,0.7194197177886963,18.999797821044922,0.949989914894104,0.3966912031173706,12.617509841918945,0.6308754682540894,3.7131361750653014e-05,0.10249155014753342,0.005124577321112156,0.6229405403137207,16.860742568969727,0.8430371284484863,0.00023002178932074457,1.4603017568588257,0.07301508635282516,0.30852997303009033,11.467239379882812,0.5733619928359985,0.05018770322203636,3.929347038269043,0.1964673548936844,6.788721938073353,1.0,4,4
ar_5-a-6_kv_kv-afs-naliya_06082025-000000-1_EN-OL-RC-423_1,more,more,c,4.65,5.07,0.42,0.42,more,M OW R,* M AO R * SIL *,M AO R,232,254,22,-0.4545843303203583,-1.183692216873169,-0.0538041926920414,-1.3275331258773804,-11.017230987548828,-0.5007832050323486,0.0001982425746973604,2.4645891189575195,0.11202678084373474,1.0515284538269043,38.661190032958984,1.7573268413543701,0.8256118893623352,21.54115867614746,0.9791435599327087,0.49801409244537354,15.723421096801758,0.7147009372711182,0.0002061241102637723,0.47895151376724243,0.021770523861050606,0.7510284185409546,19.737079620361328,0.8971399664878845,0.003959899768233299,4.114045143127441,0.1870020478963852,0.42930668592453003,14.867715835571289,0.6758052706718445,0.09275730699300766,6.696709156036377,0.3043958842754364,3.8369893832636097,1.0,3,3
ar_5-a-6_kv_kv-afs-naliya_06082025-000000-1_EN-OL-RC-423_1,slowly,slowly,c,5.07,5.55,0.48,0.48,slowly,S L OW L IY,L OW L IY *,L OW L IY,253,278,25,-0.4545843303203583,-1.87808358669281,-0.07512333989143372,-1.642620325088501,-19.788408279418945,-0.7915363311767578,0.002848690375685692,4.857884407043457,0.1943153738975525,1.7340394258499146,59.26532745361328,2.3706130981445312,0.8256118893623352,24.27170181274414,0.9708680510520935,0.3987843990325928,15.198275566101074,0.6079310178756714,3.8470567233162e-05,0.07806134223937988,0.0031224535778164864,0.6475026607513428,20.892484664916992,0.8356993794441223,0.000396979070501402,1.4177229404449463,0.056708917021751404,0.3286721110343933,13.95067024230957,0.5580267906188965,0.05599268898367882,4.514410972595215,0.18057644367218018,3.7420005426462573,1.0,5,4
ar_5-a-6_kv_kv-afs-naliya_06082025-000000-1_EN-OL-RC-423_1,than,than,c,5.55,5.91,0.36,0.36,than,TH AE N,* TH AE N *,TH AE N,277,296,19,-0.6210384368896484,-1.2012113332748413,-0.06322164833545685,-1.1197036504745483,-8.718524932861328,-0.45886972546577454,0.00014461518730968237,2.17897367477417,0.11468282341957092,0.9618752002716064,31.16010856628418,1.6400057077407837,0.7665538191795349,18.537424087524414,0.975653886795044,0.5300478935241699,14.004380226135254,0.7370726466178894,0.00035430159186944366,0.5154738426208496,0.02713020145893097,0.785007894039154,17.274768829345703,0.9091983437538147,0.008424622938036919,3.929142713546753,0.20679698884487152,0.4698787331581116,13.23809814453125,0.6967419981956482,0.11207962036132812,6.173467636108398,0.32491934299468994,0.0,0.0,3,3
ar_5-a-6_kv_kv-afs-naliya_06082025-000000-1_EN-OL-RC-423_1,those,those,c,5.91,6.27,0.36,0.36,those,DH OW Z,DH OW Z *,DH OW Z,295,314,19,-0.21840859949588776,-0.29373276233673096,-0.015459619462490082,-0.8774829506874084,-7.368558883666992,-0.3878189027309418,0.0001550971792312339,0.9068277478218079,0.04772777482867241,1.0349935293197632,29.596752166748047,1.5577237606048584,0.9137393236160278,18.883262634277344,0.9938559532165527,0.5627237558364868,14.295844078063965,0.7524128556251526,0.0006156240706332028,0.5230911374092102,0.027531111612915993,0.817969560623169,17.46333885192871,0.919123113155365,0.017522498965263367,4.279158592224121,0.22521887719631195,0.5143409967422485,13.612751960754395,0.716460645198822,0.13700304925441742,6.531529903411865,0.3437647223472595,0.0,0.0,3,3
ar_5-a-6_kv_kv-afs-naliya_06082025-000000-1_EN-OL-RC-423_1,of,of,c,6.27,6.54,0.27,0.27,of,AO F,* AO F * SIL *,AO F,313,327,14,-0.2672233283519745,-0.5886052846908569,-0.042043235152959824,-0.946788489818573,-8.10077953338623,-0.5786271095275879,0.00034483656054362655,1.5765867233276367,0.11261333525180817,1.179376482963562,27.804908752441406,1.9860649108886719,0.8950953483581543,13.767008781433105,0.9833577871322632,0.5464895963668823,9.589784622192383,0.6849846243858337,0.0004678512632381171,0.15057185292243958,0.01075513195246458,0.8151261210441589,12.382657051086426,0.8844755291938782,0.016449762508273125,1.6374609470367432,0.11696149408817291,0.5102736949920654,8.924463272094727,0.6374616622924805,0.13454273343086243,3.479339838027954,0.2485242784023285,0.0,0.0,2,2
ar_5-a-6_kv_kv-afs-naliya_06082025-000000-1_EN-OL-RC-423_1,other,other,c,6.54,6.9,0.36,0.36,other,AH DH AH R,AH DH AH R *,AH DH AH R,327,345,18,-0.5467561483383179,-0.5682623386383057,-0.031570129096508026,-0.951190173625946,-7.105388164520264,-0.39474380016326904,0.00018853267829399556,0.8357603549957275,0.04643113166093826,1.0056195259094238,29.0904598236084,1.6161366701126099,0.7926058173179626,17.78388786315918,0.9879937767982483,0.6036702990531921,13.410743713378906,0.7450413107872009,0.0012302043614909053,0.42631858587265015,0.023684365674853325,0.853216290473938,16.52720069885254,0.9181778430938721,0.038343384861946106,3.742431879043579,0.207912877202034,0.569149374961853,12.788857460021973,0.7104920744895935,0.17417941987514496,5.971680641174316,0.331760048866272,0.0,0.0,4,4
ar_5-a-6_kv_kv-afs-naliya_06082025-000000-1_EN-OL-RC-423_1,birds,birds,c,6.9,7.29,0.39,0.39,birds,B AH R D S,* B AH R D Z,B AH R D Z,345,365,20,-0.7264496088027954,-1.1222903728485107,-0.05611451715230942,-1.405106544494629,-8.713310241699219,-0.4356655180454254,0.00033380973036400974,1.830951452255249,0.09154757112264633,1.155303716659546,32.30694580078125,1.6153472661972046,0.7304050326347351,19.574962615966797,0.9787481427192688,0.5118396282196045,14.893071174621582,0.744653582572937,0.00026041181990876794,0.4772305190563202,0.02386152558028698,0.7542208433151245,18.262466430664062,0.9131233096122742,0.004250966478139162,4.1078996658325195,0.20539498329162598,0.4329235553741455,14.070028305053711,0.7035014033317566,0.0943605825304985,6.539389133453369,0.3269694447517395,3.3817063944827876,1.0,5,5
ar_5-a-6_kv_kv-afs-naliya_06082025-000000-1_EN-OL-RC-423_1,and,and,c,7.92,8.19,0.27,0.27,and,AE N D,AE N D *,AE N D,396,410,14,-0.11073314398527145,-0.3410632908344269,-0.024361664429306984,-0.8006042242050171,-7.04362154006958,-0.5031158328056335,0.00019772080122493207,1.3193647861480713,0.09424034506082535,1.0147662162780762,25.226543426513672,1.8018959760665894,0.9556772112846375,13.862775802612305,0.9901982545852661,0.6101337671279907,10.045629501342773,0.7175449728965759,0.0013722593430429697,0.22135134041309357,0.015810810029506683,0.8425219058990479,12.603010177612305,0.9002150297164917,0.030234375968575478,2.1204113960266113,0.15145795047283173,0.5515899658203125,9.3690767288208,0.6692197918891907,0.16140961647033691,3.9474146366119385,0.2819581925868988,0.0,0.0,3,3
ar_5-a-6_kv_kv-afs-naliya_06082025-000000-1_EN-OL-RC-423_1,perhaps,perhaps,c,8.19,8.7,0.51,0.51,perhaps,P AH R HH AE P S,* P AE R AE T,P AE R AE T,409,435,26,-0.7919064164161682,-1.301740288734436,-0.050066933035850525,-1.6537419557571411,-14.499873161315918,-0.5576874017715454,0.00046538334572687745,3.0901384353637695,0.11885147541761398,1.2799406051635742,49.484779357910156,1.9032607078552246,0.7084324359893799,25.504003524780273,0.9809232354164124,0.4348604083061218,18.150484085083008,0.6980955600738525,7.083480159053579e-05,0.29761096835136414,0.0114465756341815,0.6817855834960938,23.06524658203125,0.8871248960494995,0.0008502817945554852,3.5108730792999268,0.13503357768058777,0.35888850688934326,16.89048957824707,0.6496342420578003,0.06558538973331451,6.872838973999023,0.26433995366096497,15.470472708533457,4.0,7,5
ar_5-a-6_kv_kv-afs-naliya_06082025-000000-1_EN-OL-RC-423_1,also,also,c,9.24,9.78,0.54,0.54,also,AO L S OW,AO L S OW *,AO L S OW,462,489,27,-0.1992950737476349,-0.37660881876945496,-0.013948475010693073,-0.9665592312812805,-12.07790756225586,-0.44732990860939026,0.0002711052948143333,1.3494542837142944,0.049979787319898605,1.1213332414627075,46.939483642578125,1.738499402999878,0.921101450920105,26.849454879760742,0.9944242835044861,0.5297863483428955,19.566110610961914,0.7246707677841187,0.00035273839603178203,0.4898591935634613,0.018142933025956154,0.7954217791557312,24.474468231201172,0.906461775302887,0.010617776773869991,4.823166847229004,0.17863580584526062,0.4833225607872009,18.536426544189453,0.6865343451499939,0.1191733330488205,8.220675468444824,0.3044694662094116,0.0,0.0,4,4
ar_5-a-6_kv_kv-afs-naliya_06082025-000000-1_EN-OL-RC-423_1,the,the,c,9.78,10.17,0.39,0.39,the,DH AH,* DH AH * SIL *,DH AH,488,509,21,-0.656532347202301,-1.5389050245285034,-0.0732811912894249,-0.9357938170433044,-11.780384063720703,-0.560970664024353,0.0007560353260487318,2.8180034160614014,0.134190633893013,1.1990342140197754,40.207969665527344,1.9146652221679688,0.7542752623558044,20.409509658813477,0.9718813896179199,0.5604695081710815,14.687970161437988,0.6994271278381348,0.0005926021840423346,0.23694586753845215,0.011283136904239655,0.8196533918380737,18.724044799804688,0.8916211724281311,0.018190445378422737,2.6085917949676514,0.1242186576128006,0.5167721509933472,13.64399528503418,0.6497140526771545,0.13849204778671265,5.420839309692383,0.25813519954681396,0.0,0.0,2,2
ar_5-a-6_kv_kv-afs-naliya_06082025-000000-1_EN-OL-RC-423_1,sounds,sounds,c,10.32,10.77,0.45,0.45,sounds,S AW N D S,S AW N D Z *,S AW N D Z,516,539,23,-0.43881508708000183,-0.5534063577651978,-0.02406114526093006,-1.3565833568572998,-9.83504581451416,-0.42761069536209106,0.00020828253764193505,1.4595849514007568,0.06346021592617035,1.0867189168930054,38.41361999511719,1.6701574325561523,0.8313354253768921,22.785085678100586,0.9906558990478516,0.5048892498016357,16.858003616333008,0.7329567074775696,0.00023153626534622163,0.4810899496078491,0.020916953682899475,0.7423627376556396,20.9321231842041,0.910092294216156,0.0032663953024894,4.545319080352783,0.19762256741523743,0.4196740388870239,16.037715911865234,0.6972919702529907,0.08859413117170334,7.357765197753906,0.31990283727645874,3.3817063944827876,1.0,5,5
ar_5-a-6_kv_kv-afs-naliya_06082025-000000-1_EN-OL-RC-423_1,made,made,c,10.77,11.13,0.36,0.36,made,M EY D,* M EY D *,M EY D,538,557,19,-0.2886919677257538,-0.5618317723274231,-0.029570093378424644,-0.8322691917419434,-8.618975639343262,-0.4536302983760834,0.00021006501629017293,1.680349588394165,0.0884394496679306,1.0598371028900146,31.595293045043945,1.6629101037979126,0.8869675397872925,18.77695655822754,0.9882608652114868,0.5584485530853271,14.022721290588379,0.7380379438400269,0.0005726950475946069,0.4438614845275879,0.02336113154888153,0.8228868246078491,17.2869815826416,0.9098411202430725,0.019545312970876694,3.6286375522613525,0.190980926156044,0.5214887857437134,13.177284240722656,0.6935412883758545,0.1414206624031067,5.9799299240112305,0.3147331476211548,0.0,0.0,3,3
ar_5-a-6_kv_kv-afs-naliya_06082025-000000-1_EN-OL-RC-423_1,by,by,c,11.13,11.43,0.3,0.3,by,B AA EY,* B AY *,B AY,556,572,16,-0.2886919677257538,-0.34691640734672546,-0.02168227545917034,-0.8013973832130432,-7.543342590332031,-0.47145891189575195,0.00058944639749825,0.8889418840408325,0.05555886775255203,1.1197166442871094,29.11899757385254,1.8199373483657837,0.8869675397872925,15.863409042358398,0.9914630651473999,0.5728315114974976,11.401322364807129,0.7125826478004456,0.0007303581805899739,0.2393959015607834,0.014962243847548962,0.8308796882629395,14.441579818725586,0.9025987386703491,0.02334345504641533,2.499007225036621,0.15618795156478882,0.5334298610687256,10.789773941040039,0.6743608713150024,0.1490757167339325,4.588213920593262,0.28676337003707886,9.246154771565926,2.0,3,2
ar_5-a-6_kv_kv-afs-naliya_06082025-000000-1_EN-OL-RC-423_1,men,man,s,11.43,11.91,0.48,0.48,man,M EH N,* M EH N * SIL *,M EH N,571,596,25,-0.25417205691337585,-0.4174695312976837,-0.01669878140091896,-0.9374327659606934,-11.345407485961914,-0.453816294670105,0.00022583083773497492,1.4206794500350952,0.05682717636227608,1.022887945175171,43.184776306152344,1.727391004562378,0.900057852268219,24.833959579467773,0.9933583736419678,0.5556012392044067,18.156841278076172,0.7262736558914185,0.000545777496881783,0.5208005905151367,0.02083202451467514,0.8082491159439087,22.660781860351562,0.906431257724762,0.01411899272352457,4.562297821044922,0.18249191343784332,0.5006287097930908,17.16596221923828,0.6866384744644165,0.12885944545269012,7.671328544616699,0.30685314536094666,0.0,0.0,3,3
ar_5-a-6_kv_kv-afs-naliya_06082025-000000-1_EN-OL-RC-423_1,are,are,c,11.94,12.39,0.45,0.45,are,AA R,AA R * SIL *,AA R,597,620,23,-0.1708565652370453,-0.4135885536670685,-0.017982110381126404,-0.9749362468719482,-10.940643310546875,-0.4756801426410675,0.0005290209082886577,1.350019097328186,0.058696482330560684,1.225303053855896,41.66935348510742,1.811711072921753,0.9321209788322449,22.835065841674805,0.9928289651870728,0.5195810794830322,16.43699073791504,0.7146517634391785,0.0002968324988614768,0.3253061771392822,0.01414374727755785,0.7908797264099121,20.73590660095215,0.9015611410140991,0.009598594158887863,3.598742723464966,0.15646708011627197,0.47739505767822266,15.499360084533691,0.6738852262496948,0.11600062996149063,6.593646049499512,0.2866802513599396,0.0,0.0,2,2
ar_5-a-6_kv_kv-afs-naliya_06082025-000000-1_EN-OL-RC-423_1,somewhat,somewhat,c,12.72,13.35,0.63,0.63,somewhat,S AH M W AH T,S AH M W AO T *,S AH M W AO T,636,668,32,-0.20002217590808868,-0.5568687915802002,-0.017402149736881256,-1.1108310222625732,-13.900158882141113,-0.4343799650669098,0.00020063243573531508,1.9693474769592285,0.06154210865497589,1.0004347562789917,53.342288970947266,1.666946530342102,0.9208207130432129,31.777463912963867,0.9930457472801208,0.5170634984970093,23.507116317749023,0.734597384929657,0.00028446121723391116,0.736807644367218,0.023025238886475563,0.7718164920806885,29.104106903076172,0.9095033407211304,0.006284444592893124,6.414632797241211,0.20045727491378784,0.45356202125549316,22.283531188964844,0.6963603496551514,0.10394636541604996,10.269346237182617,0.3209170699119568,2.7987493459975927,1.0,6,6
ar_5-a-6_kv_kv-afs-naliya_06082025-000000-1_EN-OL-RC-423_1,like,like,c,13.5,13.86,0.36,0.36,like,L AY K,L AY K *,L AY K,675,693,18,-0.08016068488359451,-0.14941489696502686,-0.00830082781612873,-0.9919209480285645,-8.593374252319336,-0.477409690618515,0.0004582550027407706,0.7095784544944763,0.03942102566361427,1.3608894348144531,33.37486267089844,1.8541589975357056,0.9677919745445251,17.939746856689453,0.9966526031494141,0.5235249996185303,12.692315101623535,0.7051286101341248,0.0003173020086251199,0.21854236721992493,0.012141242623329163,0.7890656590461731,16.175640106201172,0.8986466526985168,0.009219418279826641,2.7088754177093506,0.1504930853843689,0.4750555753707886,12.032459259033203,0.6684699654579163,0.11476805806159973,5.055963516235352,0.28088685870170593,0.0,0.0,3,3
ar_5-a-6_kv_kv-afs-naliya_06082025-000000-1_EN-OL-RC-423_1,the,the,c,13.86,14.01,0.15,0.15,the,DH AH,* DH AH *,DH AH,693,701,8,-0.2128804624080658,-0.39744266867637634,-0.04968033358454704,-0.9976816177368164,-5.420995712280273,-0.6776244640350342,0.003974841441959143,1.2611370086669922,0.15764212608337402,1.4407289028167725,16.961637496948242,2.1202046871185303,0.9158649444580078,7.841650009155273,0.9802062511444092,0.5359258055686951,5.311493873596191,0.6639367341995239,0.0003913240216206759,0.05555473268032074,0.0069443415850400925,0.7915095090866089,6.93813419342041,0.8672667741775513,0.009733839891850948,0.6706891655921936,0.0838361456990242,0.4782109260559082,4.836162567138672,0.604520320892334,0.11643306165933609,1.7228832244873047,0.21536040306091309,0.0,0.0,2,2
ar_5-a-6_kv_kv-afs-naliya_06082025-000000-1_EN-OL-RC-423_1,sounds,sound,s,14.01,14.4,0.39,0.39,sound,S AW N D S,* S AW N D *,S AW N D,700,720,20,-0.4999191164970398,-0.8594629764556885,-0.042973149567842484,-1.004425287246704,-9.825837135314941,-0.4912918508052826,0.00011154989624628797,1.896401286125183,0.0948200672864914,0.9378070831298828,35.51055908203125,1.7755279541015625,0.8092828989028931,19.665874481201172,0.9832937121391296,0.604800820350647,14.356709480285645,0.7178354859352112,0.001253944355994463,0.3812148869037628,0.01906074397265911,0.840697169303894,18.032411575317383,0.9016205668449402,0.02903313934803009,3.3802506923675537,0.16901253163814545,0.548680305480957,13.510700225830078,0.6755350232124329,0.15937529504299164,5.8877339363098145,0.29438668489456177,3.7420005426462573,1.0,5,4
ar_5-a-6_kv_kv-afs-naliya_06082025-000000-1_EN-OL-RC-423_1,usually,usually,c,14.4,15.12,0.72,0.72,usually,Y UH JH UH AH L IY,* Y UH JH UH AH L IY * SIL *,Y UH JH UH AH L IY,720,756,36,-0.6941511034965515,-2.5669808387756348,-0.07130502164363861,-1.4862079620361328,-21.91411590576172,-0.6087254285812378,0.0004973021568730474,5.0245771408081055,0.13957159221172333,1.321886420249939,72.47180938720703,2.013105869293213,0.741379976272583,35.016197204589844,0.972672164440155,0.38691407442092896,24.339977264404297,0.6761105060577393,3.146718518109992e-05,0.31838253140449524,0.00884395930916071,0.6644995212554932,31.57772445678711,0.8771589994430542,0.0005791219300590456,4.0996575355529785,0.11387937515974045,0.34332531690597534,22.669410705566406,0.6297058463096619,0.06050611659884453,8.77730941772461,0.243814155459404,0.0,0.0,7,7
ar_5-a-6_kv_kv-afs-naliya_06082025-000000-1_EN-OL-RC-423_1,made,made,c,15.42,15.75,0.33,0.33,made,M EY D,M EY D *,M EY D,771,788,17,-0.5928709506988525,-0.866212785243988,-0.0509536936879158,-0.932370126247406,-8.018476486206055,-0.4716750979423523,0.000294434285024181,1.751245379447937,0.10301443189382553,1.1162867546081543,28.65325164794922,1.6854853630065918,0.7763756513595581,16.666465759277344,0.9803803563117981,0.5507195591926575,12.48679256439209,0.7345172166824341,0.0005025380523875356,0.35771116614341736,0.021041832864284515,0.8073241710662842,15.426648139953613,0.9074499011039734,0.013831824995577335,3.136587142944336,0.18450511991977692,0.4993516802787781,11.709930419921875,0.688819408416748,0.12812256813049316,5.249478340148926,0.3087928295135498,0.0,0.0,3,3
ar_5-a-6_kv_kv-afs-naliya_06082025-000000-1_EN-OL-RC-423_1,by,by,c,15.75,15.96,0.21,0.21,by,B AA EY,B AY *,B AY,787,798,11,-0.0762612447142601,-0.15568646788597107,-0.01415331568568945,-0.7611629962921143,-5.7397894859313965,-0.5217990279197693,0.0009556639706715941,0.6552416086196899,0.059567417949438095,1.4152387380599976,21.44875717163086,1.9498870372772217,0.9693439602851868,10.937231063842773,0.994293749332428,0.5887811183929443,7.634644985198975,0.6940586566925049,0.0009564234060235322,0.1018950417637825,0.009263185784220695,0.8412827849388123,9.82722282409668,0.8933839201927185,0.029413335025310516,1.3008979558944702,0.11826345324516296,0.5496113896369934,7.1607255935668945,0.6509750485420227,0.16002383828163147,2.811229705810547,0.2555663287639618,9.246154771565926,2.0,3,2
ar_5-a-6_kv_kv-afs-naliya_06082025-000000-1_EN-OL-RC-423_1,parrots,parrot,s,15.96,16.5,0.54,0.54,parrot,P AE R AH T S,* P AE R EH T,P AE R EH T,798,825,27,-0.09918158501386642,-0.24734294414520264,-0.009160850197076797,-1.1794828176498413,-10.87696647644043,-0.40285059809684753,0.00017895952623803169,1.201658010482788,0.044505853205919266,1.0544872283935547,42.919898986816406,1.5896258354187012,0.9602437615394592,26.900375366210938,0.9963101744651794,0.5306795835494995,20.15777587890625,0.7465842962265015,0.00035810653935186565,0.7164993286132812,0.026537012308835983,0.7607372999191284,24.696205139160156,0.9146742820739746,0.004913197830319405,5.998580455780029,0.2221696525812149,0.4404250383377075,19.165912628173828,0.7098486423492432,0.09775743633508682,9.151359558105469,0.33893924951553345,6.835645681194006,2.0,6,5
ar_5-a-6_kv_kv-afs-naliya_06082025-000000-1_EN-OL-RC-423_1,so,so,c,17.16,17.4,0.24,0.24,so,S OW,S OW *,S OW,858,870,12,-0.03177201747894287,-0.07475525885820389,-0.006229605060070753,-1.077201008796692,-5.87620735168457,-0.48968395590782166,0.0002689416578505188,0.42984461784362793,0.035820383578538895,1.1232632398605347,22.24881362915039,1.8540678024291992,0.9871569871902466,11.969748497009277,0.9974790215492249,0.4993203282356262,8.434149742126465,0.7028458118438721,0.00021072765230201185,0.199716255068779,0.016643021255731583,0.7683526873588562,10.749110221862793,0.8957591652870178,0.005818955134600401,1.9391292333602905,0.16159410774707794,0.4494013786315918,7.998843669891357,0.6665703058242798,0.10195248574018478,3.434192419052124,0.286182701587677,0.0,0.0,2,2
ar_5-a-6_kv_kv-afs-naliya_06082025-000000-1_EN-OL-RC-423_1,it's,it's,c,17.4,17.88,0.48,0.48,it's,IH T S,* IH T S * SIL,IH T S,869,894,25,-0.05602744221687317,-0.21159599721431732,-0.008463840000331402,-0.9525376558303833,-11.798641204833984,-0.4719456434249878,0.0005744507652707398,1.111717700958252,0.0444687083363533,1.3054059743881226,44.882083892822266,1.795283317565918,0.9774207472801208,24.914457321166992,0.9965782761573792,0.5447723865509033,18.004392623901367,0.7201756834983826,0.0004544624825939536,0.35650303959846497,0.014260121621191502,0.8029207587242126,22.58162498474121,0.9032649993896484,0.012542701326310635,3.8785459995269775,0.15514184534549713,0.49333518743515015,16.898649215698242,0.6759459972381592,0.12469898164272308,7.17413330078125,0.28696534037590027,0.0,0.0,3,3
ar_5-a-6_kv_kv-afs-naliya_06082025-000000-1_EN-OL-RC-423_1,easy,easy,c,18.12,18.54,0.42,0.42,easy,IY Z IY,IY Z IY *,IY Z IY,906,927,21,-0.0722229853272438,-0.16605736315250397,-0.00790749303996563,-0.962020993232727,-8.517667770385742,-0.40560322999954224,0.00028264409047551453,0.7147433757781982,0.03403539955615997,1.0794432163238525,34.65945053100586,1.6504499912261963,0.9709525108337402,20.933094024658203,0.9968140125274658,0.5069719552993774,15.489316940307617,0.737586498260498,0.00023983564460650086,0.4505936801433563,0.021456841379404068,0.7901217937469482,19.1830997467041,0.9134809374809265,0.009438302367925644,4.257565498352051,0.20274122059345245,0.47641563415527344,14.7659912109375,0.7031424641609192,0.11548328399658203,6.828451633453369,0.3251643776893616,0.0,0.0,3,3
ar_5-a-6_kv_kv-afs-naliya_06082025-000000-1_EN-OL-RC-423_1,for,for,c,18.54,18.81,0.27,0.27,for,F AO R,* F AO R *,F AO R,926,941,15,-0.3489181101322174,-0.7045987248420715,-0.046973247081041336,-1.0543529987335205,-9.005703926086426,-0.6003802418708801,0.0006360799889080226,1.9157503843307495,0.12771669030189514,1.3121546506881714,29.866031646728516,1.991068720817566,0.8643980026245117,14.721901893615723,0.9814601540565491,0.5481865406036377,10.245138168334961,0.6830092072486877,0.00048146978951990604,0.1643497347831726,0.010956648737192154,0.8129764795303345,13.21670913696289,0.8811139464378357,0.015682587400078773,1.7394285202026367,0.11596190184354782,0.5072300434112549,9.489445686340332,0.6326296925544739,0.1327265501022339,3.6829674243927,0.24553115665912628,0.0,0.0,3,3
ar_5-a-6_kv_kv-afs-naliya_06082025-000000-1_EN-OL-RC-423_1,parrots,parrot,s,18.81,19.26,0.45,0.45,parrot,P AE R AH T S,* P AE R EH T S *,P AE R EH T S,940,964,24,-0.46295371651649475,-1.7668516635894775,-0.0736188217997551,-1.2473317384719849,-14.904731750488281,-0.6210305094718933,0.0007291547954082489,3.9070613384246826,0.16279421746730804,1.4002264738082886,48.02799987792969,2.001166582107544,0.8225834965705872,23.31381607055664,0.971409022808075,0.48614925146102905,16.333818435668945,0.6805757880210876,0.00016865183715708554,0.21659062802791595,0.009024609811604023,0.7475680708885193,21.043376922607422,0.8768073916435242,0.003666867269203067,2.740938663482666,0.11420577764511108,0.42542821168899536,15.07901382446289,0.6282922625541687,0.09106256812810898,5.831302642822266,0.24297094345092773,3.093645138547748,1.0,6,6
ar_5-a-6_kv_kv-afs-naliya_06082025-000000-1_EN-OL-RC-423_1,to,to,c,19.44,19.5,0.06,0.06,to,T UW,* T,T,972,975,3,-0.17401954531669617,-0.26577028632164,-0.0885900929570198,-1.3245619535446167,-2.456103801727295,-0.8187012672424316,0.04013385251164436,0.8825439214706421,0.29418131709098816,1.7786390781402588,6.6800923347473145,2.2266974449157715,0.9308915138244629,2.894023895263672,0.9646746516227722,0.4520357847213745,1.8878741264343262,0.6292913556098938,9.471645898884162e-05,0.017483921721577644,0.005827974062412977,0.7155572175979614,2.5081915855407715,0.8360638618469238,0.0018006280297413468,0.2102077305316925,0.07006924599409103,0.3914605975151062,1.694810390472412,0.5649368166923523,0.07724764943122864,0.5746757984161377,0.1915585994720459,3.683870698397978,1.0,2,1
ar_5-a-6_kv_kv-afs-naliya_06082025-000000-1_EN-OL-RC-423_1,talk,talk,c,19.5,19.77,0.27,0.27,talk,T AO K,AO K *,AO K,975,989,14,-0.24591897428035736,-0.5232757329940796,-0.03737683966755867,-1.1165393590927124,-8.15127944946289,-0.582234263420105,0.0006337470840662718,1.654988408088684,0.1182134598493576,1.3120414018630981,27.568506240844727,1.9691790342330933,0.9032041430473328,13.79232406616211,0.9851660132408142,0.5209406614303589,9.565690994262695,0.6832636594772339,0.0003037351125385612,0.16261601448059082,0.011615430004894733,0.781714916229248,12.332776069641113,0.8809126019477844,0.007830271497368813,1.821120262145996,0.13008001446723938,0.4657334089279175,8.924049377441406,0.6374320983886719,0.10996497422456741,3.5755844116210938,0.2553988993167877,3.682873604972513,1.0,3,2
ar_5-a-6_kv_kv-afs-naliya_06082025-000000-1_EN-OL-RC-423_1,like,like,c,19.77,20.07,0.3,0.3,like,L AY K,* L AY K *,L AY K,988,1004,16,-0.3299591839313507,-0.6662989854812622,-0.04164368659257889,-1.029727816581726,-9.503715515136719,-0.5939822196960449,0.0005074392538517714,1.6924107074737549,0.10577566921710968,1.4061243534088135,32.598506927490234,2.0374066829681396,0.8714661598205566,15.738056182861328,0.983628511428833,0.5185855627059937,10.757946014404297,0.6723716259002686,0.00029187745531089604,0.1365540325641632,0.0085346270352602,0.781543493270874,14.057893753051758,0.8786183595657349,0.007800502702593803,1.782010555267334,0.11137565970420837,0.4655189514160156,10.06159496307373,0.6288496851921082,0.1098564863204956,3.86348557472229,0.24146784842014313,0.0,0.0,3,3
ar_5-a-6_kv_kv-afs-naliya_06082025-000000-1_EN-OL-RC-423_1,men,men,c,20.07,20.52,0.45,0.45,men,M EH N,* M EH N * SIL *,M EH N,1003,1026,23,-0.3299591839313507,-0.6888566613197327,-0.02995028905570507,-1.1833652257919312,-12.54991340637207,-0.5456483960151672,0.00046120636397972703,2.138228416442871,0.09296645224094391,1.2291054725646973,43.744869232177734,1.9019508361816406,0.8714661598205566,22.727294921875,0.988143265247345,0.4502151608467102,16.027145385742188,0.6968324184417725,9.184404916595668e-05,0.3097337782382965,0.013466686010360718,0.734653890132904,20.449199676513672,0.889095664024353,0.0027522442396730185,3.1875250339508057,0.1385880410671234,0.41132354736328125,14.980501174926758,0.6513261198997498,0.0851072445511818,6.135702133178711,0.2667696475982666,0.0,0.0,3,3
ar_5-a-6_kv_kv-afs-naliya_06082025-000000-1_EN-OL-RC-423_1,parrots,parrot,s,21.06,21.6,0.54,0.54,parrot,P AE R AH T S,P AE R EH T,P AE R EH T,1053,1080,27,-0.12288585305213928,-0.24904532730579376,-0.009223900735378265,-1.1428300142288208,-10.167157173156738,-0.37656137347221375,0.00013556824706029147,1.046740174293518,0.03876815363764763,1.038129210472107,41.325401306152344,1.530570387840271,0.9508872628211975,26.900066375732422,0.9962987303733826,0.5442972779273987,20.395519256591797,0.7553896307945251,0.0004508267738856375,0.8013064861297607,0.029678018763661385,0.7730998992919922,24.82577896118164,0.9194732904434204,0.006466223858296871,6.477494716644287,0.23990720510482788,0.455116331577301,19.470050811767578,0.7211129665374756,0.10469944030046463,9.551231384277344,0.3537493050098419,6.835645681194006,2.0,6,5
ar_5-a-6_kv_kv-afs-naliya_06082025-000000-1_EN-OL-RC-423_1,are,are,c,21.81,21.99,0.18,0.18,are,AA R,AA R *,AA R,1090,1100,10,-0.049663037061691284,-0.1185445562005043,-0.011854455806314945,-1.051594614982605,-5.105068683624268,-0.5105068683624268,0.0004927465924993157,0.5820832252502441,0.05820832401514053,1.2797240018844604,18.754045486450195,1.8754045963287354,0.9799697995185852,9.95212173461914,0.995212197303772,0.5254751443862915,6.998505592346191,0.6998505592346191,0.00032793948776088655,0.13936007022857666,0.013936007395386696,0.7809125185012817,8.927973747253418,0.8927973508834839,0.00769191375002265,1.5085476636886597,0.15085476636886597,0.46473079919815063,6.600269794464111,0.6600269675254822,0.10945851355791092,2.7713401317596436,0.2771340012550354,0.0,0.0,2,2
ar_5-a-6_kv_kv-afs-naliya_06082025-000000-1_EN-OL-RC-423_1,wonderful,wonderful,c,21.99,22.56,0.57,0.57,wonderful,W AH N D AH R F UH L,* W AH N D AH R F UH L *,W AH N D AH R F UH L,1099,1128,29,-0.06740830093622208,-0.20576545596122742,-0.007095360662788153,-0.9256829023361206,-13.929914474487305,-0.4803418815135956,0.0002770311548374593,1.0884941816329956,0.037534281611442566,1.1758500337600708,52.77961349487305,1.8199867010116577,0.9728727340698242,28.916852951049805,0.9971328377723694,0.5492794513702393,20.648860931396484,0.7120296955108643,0.000490449252538383,0.4727439880371094,0.016301516443490982,0.8058143854141235,26.09765625,0.8999191522598267,0.013375538401305676,4.671205520629883,0.16107605397701263,0.49727702140808105,19.48610496520996,0.6719346642494202,0.12693311274051666,8.35644817352295,0.28815338015556335,0.0,0.0,9,9
ar_5-a-6_kv_kv-afs-naliya_06082025-000000-1_EN-OL-RC-423_1,birds,birds,c,22.56,22.95,0.39,0.39,birds,B AH R D S,* B AH R D,B AH R D,1128,1148,20,-0.12436087429523468,-0.17619755864143372,-0.008809877559542656,-0.7492996454238892,-7.3070478439331055,-0.3653523921966553,0.00041189638432115316,0.6682136058807373,0.033410679548978806,1.1329892873764038,30.52643394470215,1.5263216495513916,0.9503068923950195,19.92931365966797,0.9964656829833984,0.6144005060195923,15.226190567016602,0.7613095045089722,0.001474908203817904,0.5304184556007385,0.026520922780036926,0.8522928357124329,18.477487564086914,0.9238743782043457,0.03756469488143921,4.524693489074707,0.22623467445373535,0.5675977468490601,14.480026245117188,0.7240012884140015,0.17301608622074127,6.951595783233643,0.3475797772407532,3.7420005426462573,1.0,5,4
ar_5-a-6_kv_kv-afs-naliya_06082025-000000-1_EN-OL-RC-423_1,in,in,c,23.67,23.97,0.3,0.3,in,IH N,IH N *,IH N,1183,1199,16,-0.18243466317653656,-0.38010522723197937,-0.02375657670199871,-0.9317875504493713,-7.782753944396973,-0.4864221215248108,0.0002807418059092015,1.223646640777588,0.07647791504859924,1.069421410560608,28.85727882385254,1.8035799264907837,0.9276251196861267,15.8482027053833,0.9905126690864563,0.5496839880943298,11.415592193603516,0.7134745121002197,0.0004938158090226352,0.2581072151660919,0.016131700947880745,0.8138455152511597,14.402368545532227,0.9001480340957642,0.01598832942545414,2.591343641281128,0.1619589775800705,0.5084572434425354,10.761170387268066,0.6725731492042542,0.13345631957054138,4.62385368347168,0.28899085521698,0.0,0.0,2,2
ar_5-a-6_kv_kv-afs-naliya_06082025-000000-1_EN-OL-RC-423_1,other,other,c,23.97,24.36,0.39,0.39,other,AH DH AH R,AH DH AH R *,AH DH AH R,1198,1218,20,-0.27103444933891296,-0.44512104988098145,-0.022256052121520042,-0.8724426627159119,-9.103424072265625,-0.4551711976528168,0.0003792487841565162,1.2696282863616943,0.0634814128279686,1.0754114389419556,35.02318572998047,1.7511593103408813,0.8936493396759033,19.823741912841797,0.9911870956420898,0.5862017869949341,14.484397888183594,0.7242199182510376,0.000915610755328089,0.3549063801765442,0.01774531975388527,0.8419487476348877,18.131088256835938,0.9065544009208679,0.029851779341697693,3.446401357650757,0.17232006788253784,0.5506733059883118,13.684442520141602,0.6842221021652222,0.16076630353927612,6.0019450187683105,0.30009725689888,0.0,0.0,4,4
ar_5-a-6_kv_kv-afs-naliya_06082025-000000-1_EN-OL-RC-423_1,ways,ways,c,24.36,24.81,0.45,0.45,ways,W EY Z,W EY Z * SIL,W EY Z,1218,1241,23,-0.4729573130607605,-1.0576577186584473,-0.04598511755466461,-1.2843610048294067,-12.81052303314209,-0.556979238986969,0.0008956546080298722,2.504086494445801,0.10887332260608673,1.2991961240768433,44.76011657714844,1.9460920095443726,0.8189718723297119,22.58666229248047,0.9820287823677063,0.4813661575317383,15.907367706298828,0.6916247010231018,0.00015554700803477317,0.23034942150115967,0.010015192441642284,0.7368316650390625,20.419170379638672,0.8877900242805481,0.0028886820655316114,2.841111898422241,0.12352660298347473,0.4136623740196228,14.849666595458984,0.6456376910209656,0.08607262372970581,5.8883161544799805,0.25601375102996826,0.0,0.0,3,3
ar_5-a-6_kv_kv-afs-naliya_06082025-000000-1_EN-OL-RC-423_1,too,too,c,25.14,25.5,0.36,0.36,too,T UW,T UW * SIL *,T UW,1257,1275,18,-0.14770445227622986,-0.2417728155851364,-0.013431822881102562,-0.8724159002304077,-8.511960983276367,-0.47288671135902405,0.0006791374762542546,0.9607522487640381,0.05337512493133545,1.293471336364746,32.67695617675781,1.815386414527893,0.9411499500274658,17.903106689453125,0.9946170449256897,0.5641562938690186,12.853364944458008,0.7140758037567139,0.0006307176081463695,0.25732895731925964,0.014296052977442741,0.81844162940979,16.236326217651367,0.902018129825592,0.017707260325551033,2.804858922958374,0.15582549571990967,0.5150209069252014,12.128829002380371,0.6738238334655762,0.13741810619831085,5.152404308319092,0.2862446904182434,0.0,0.0,2,2
ar_5-a-6_kv_kv-afs-naliya_06082025-000000-1_EN-OL-RC-423_1,they,they,c,26.16,26.4,0.24,0.24,they,DH EY,DH EY *,DH EY,1308,1320,12,-0.08839984983205795,-0.09773561358451843,-0.008144634775817394,-0.8225299119949341,-4.706806182861328,-0.39223384857177734,0.0003404912131372839,0.3725305199623108,0.031044209375977516,1.109682321548462,19.491619110107422,1.624301552772522,0.9645180106163025,11.960731506347656,0.9967276453971863,0.5629713535308838,8.920032501220703,0.743336021900177,0.0006182064535096288,0.2795447111129761,0.023295393213629723,0.8255215287208557,11.00112533569336,0.9167604446411133,0.020723577588796616,2.4969515800476074,0.2080792933702469,0.5253798961639404,8.506074905395508,0.7088395953178406,0.1438767910003662,3.9697864055633545,0.33081552386283875,0.0,0.0,2,2
ar_5-a-6_kv_kv-afs-naliya_06082025-000000-1_EN-OL-RC-423_1,can,can,c,26.4,26.73,0.33,0.33,can,K AE N,* K AE N *,K AE N,1320,1337,17,-0.5243073105812073,-0.7311192154884338,-0.0430070124566555,-0.9633883237838745,-8.691956520080566,-0.5112915635108948,0.00020657511777244508,1.6446566581726074,0.09674450755119324,1.0608025789260864,30.65673065185547,1.8033370971679688,0.8005746006965637,16.71703338623047,0.983354926109314,0.6091600656509399,12.177083969116211,0.7162990570068359,0.0013498541666194797,0.3104279935359955,0.018260469660162926,0.8512886166572571,15.290966987609863,0.8994686603546143,0.03673587366938591,2.6705782413482666,0.1570928394794464,0.5659182071685791,11.375572204589844,0.6691513061523438,0.17176464200019836,4.846622467041016,0.2850954532623291,0.0,0.0,3,3
ar_5-a-6_kv_kv-afs-naliya_06082025-000000-1_EN-OL-RC-423_1,live,live,c,26.73,27.06,0.33,0.33,live,L IH V,* L IH V *,L IH V,1336,1353,17,-0.7119153738021851,-0.8001797199249268,-0.04706939682364464,-1.5948994159698486,-9.274727821350098,-0.5455722212791443,0.0009028168860822916,1.3778425455093384,0.08104956150054932,1.3391029834747314,32.93208312988281,1.9371813535690308,0.735332727432251,16.699634552001953,0.9823314547538757,0.4228610396385193,11.70094108581543,0.6882906556129456,5.782027437817305e-05,0.19288240373134613,0.01134602352976799,0.6870347261428833,15.066439628601074,0.8862611651420593,0.0009554565767757595,2.323866844177246,0.13669805228710175,0.36375540494918823,11.033353805541992,0.649020791053772,0.06723690778017044,4.504884719848633,0.26499322056770325,0.0,0.0,3,3
ar_5-a-6_kv_kv-afs-naliya_06082025-000000-1_EN-OL-RC-423_1,in,in,c,28.11,28.32,0.21,0.21,in,IH N,IH N *,IH N,1405,1416,11,-0.15442079305648804,-0.19710899889469147,-0.01791900023818016,-0.8594842553138733,-4.918974876403809,-0.44717952609062195,0.0002667832304723561,0.6769036650657654,0.061536695808172226,1.1146879196166992,18.630781173706055,1.6937073469161987,0.9385253190994263,10.921234130859375,0.9928394556045532,0.5568671822547913,8.02496337890625,0.7295421361923218,0.0005575852701440454,0.2373315840959549,0.021575598046183586,0.8186707496643066,9.978153228759766,0.9071048498153687,0.017797615379095078,2.1310641765594482,0.1937331110239029,0.5153512954711914,7.601400375366211,0.6910364031791687,0.13762015104293823,3.4612033367156982,0.3146548569202423,0.0,0.0,2,2
ar_5-a-6_kv_kv-afs-naliya_06082025-000000-1_EN-OL-RC-423_1,any,any,c,28.32,28.77,0.45,0.45,any,EH N IY,* EH N IY *,EH N IY,1416,1439,23,-0.23796209692955017,-0.41569316387176514,-0.018073616549372673,-0.9192410111427307,-8.657570838928223,-0.3764161169528961,0.00017999061674345285,1.2637693881988525,0.05494649335741997,0.9690673351287842,35.1366081237793,1.5276786088943481,0.9062438607215881,22.834697723388672,0.9928129315376282,0.5736324787139893,17.422914505004883,0.7575179934501648,0.000740315648727119,0.6494264602661133,0.02823593281209469,0.8146599531173706,21.195676803588867,0.9215511679649353,0.016280272975564003,5.323699951171875,0.23146522045135498,0.5096113681793213,16.59682846069336,0.7216012477874756,0.13414573669433594,8.040072441101074,0.34956836700439453,0.0,0.0,3,3
ar_5-a-6_kv_kv-afs-naliya_06082025-000000-1_EN-OL-RC-423_1,kind,kind,c,28.8,29.19,0.39,0.39,kind,K AY N D,* K AY N D *,K AY N D,1440,1460,20,-0.20672249794006348,-0.2555277347564697,-0.012776386924088001,-0.771725594997406,-7.332937240600586,-0.3666468560695648,0.0001451191637897864,0.7544764876365662,0.03772382438182831,1.0628706216812134,30.758338928222656,1.537916898727417,0.9182363748550415,19.89849090576172,0.9949245452880859,0.5844203233718872,15.131110191345215,0.7565554976463318,0.0008884445996955037,0.5325782299041748,0.02662891149520874,0.8379518985748291,18.456926345825195,0.9228463172912598,0.02731524407863617,4.544172763824463,0.22720864415168762,0.5443481206893921,14.448352813720703,0.7224176526069641,0.15638811886310577,6.951839923858643,0.34759199619293213,0.0,0.0,4,4
ar_5-a-6_kv_kv-afs-naliya_06082025-000000-1_EN-OL-RC-423_1,of,of,c,29.19,29.43,0.24,0.24,of,AO F,* AO F * SIL *,AO F,1459,1472,13,-0.6666068434715271,-1.0256215333938599,-0.07889396697282791,-1.1230937242507935,-6.909628391265869,-0.5315098762512207,0.00016124492685776204,1.6530156135559082,0.12715505063533783,1.0335702896118164,23.855926513671875,1.835071325302124,0.750809907913208,12.608932495117188,0.969917893409729,0.570800244808197,9.177557945251465,0.7059659957885742,0.0007057009497657418,0.2192991077899933,0.016869161278009415,0.8236892223358154,11.640440940856934,0.8954185247421265,0.019896892830729485,2.0251917839050293,0.1557839810848236,0.5226693153381348,8.627920150756836,0.6636861562728882,0.14216193556785583,3.661830186843872,0.28167924284935,0.0,0.0,2,2
ar_5-a-6_kv_kv-afs-naliya_06082025-000000-1_EN-OL-RC-423_1,weather,weather,c,29.46,29.94,0.48,0.48,weather,W EH DH AH R,* W EH DH AH R * SIL,W EH DH AH R,1473,1497,24,-0.27801600098609924,-0.5794488787651062,-0.024143703281879425,-0.9492155313491821,-9.78631591796875,-0.40776315331459045,0.00015029273345135152,1.3279964923858643,0.05533318594098091,1.0450217723846436,39.1329460144043,1.6305394172668457,0.8910039067268372,23.772384643554688,0.9905160069465637,0.5921655297279358,17.770479202270508,0.7404366135597229,0.0010127477580681443,0.5781604051589966,0.02409001626074314,0.8351104259490967,21.956655502319336,0.9148606657981873,0.025644103065133095,5.007906436920166,0.20866276323795319,0.5399201512336731,16.937965393066406,0.7057485580444336,0.15338562428951263,7.915197372436523,0.3297998905181885,0.0,0.0,5,5
ar_5-a-6_kv_kv-afs-naliya_06082025-000000-1_EN-OL-RC-423_1,or,or,c,30.0,30.33,0.33,0.33,or,AO R,AO R * SIL,AO R,1500,1517,17,-0.033488914370536804,-0.09733843803405762,-0.0057257902808487415,-0.8781632781028748,-8.167128562927246,-0.4804193377494812,0.00044119934318587184,0.5361619591712952,0.031538937240839005,1.2105910778045654,31.710573196411133,1.8653278350830078,0.9864659309387207,16.960607528686523,0.9976828098297119,0.550615668296814,12.023158073425293,0.7072445750236511,0.000501655915286392,0.22124157845973969,0.013014210388064384,0.8147153854370117,15.29245662689209,0.8995562791824341,0.01630033738911152,2.4767487049102783,0.14569109678268433,0.5096900463104248,11.348881721496582,0.6675812602043152,0.13419285416603088,4.726264476776123,0.2780155539512634,0.0,0.0,2,2
ar_5-a-6_kv_kv-afs-naliya_06082025-000000-1_EN-OL-RC-423_1,place,place,c,30.66,31.02,0.36,0.36,place,P L EY S,P L EY S,P L EY S,1533,1551,18,-0.606391966342926,-1.1375038623809814,-0.06319466233253479,-1.569453477859497,-13.327452659606934,-0.740414023399353,0.0018750660819932818,2.965473175048828,0.16474850475788116,1.5501306056976318,41.09625244140625,2.283125162124634,0.7716524600982666,17.560014724731445,0.9755563735961914,0.4589725732803345,11.272262573242188,0.6262367963790894,0.0001065076794475317,0.09148280322551727,0.005082378163933754,0.6937499046325684,15.252220153808594,0.8473455905914307,0.001109189703129232,1.3329846858978271,0.07405470311641693,0.3700825572013855,10.379629135131836,0.576646089553833,0.06943047046661377,3.5583627223968506,0.1976868212223053,0.0,0.0,4,4
ar_5-a-6_kv_kv-afs-naliya_06082025-000000-1_EN-OL-RC-423_1,that,that,c,31.98,32.49,0.51,0.51,that,DH AE T,DH AE T *,DH AE T,1599,1625,26,-0.33795398473739624,-0.7035982608795166,-0.027061471715569496,-0.8520913124084473,-10.035164833068848,-0.385967880487442,0.00020122378191445023,1.7473881244659424,0.0672072321176529,1.0081596374511719,39.32275390625,1.5124136209487915,0.8684815764427185,25.723243713378906,0.9893555045127869,0.5785089731216431,19.776161193847656,0.7606216073036194,0.0008039416279643774,0.7883009314537048,0.03031926602125168,0.833665668964386,23.947261810302734,0.9210485219955444,0.024834034964442253,6.16453742980957,0.2370975911617279,0.5376901626586914,18.774717330932617,0.7221044898033142,0.15189270675182343,9.17123031616211,0.3527396321296692,0.0,0.0,3,3
ar_5-a-6_kv_kv-afs-naliya_06082025-000000-1_EN-OL-RC-423_1,is,is,c,32.49,32.67,0.18,0.18,is,IH Z,IH Z *,IH Z,1624,1634,10,-0.1197071522474289,-0.2177484780550003,-0.02177484706044197,-1.1342839002609253,-6.095970153808594,-0.6095970273017883,0.001170927775092423,0.9156513214111328,0.09156513214111328,1.546621322631836,20.702808380126953,2.0702807903289795,0.9521387219429016,9.91250991821289,0.9912509918212891,0.4677774906158447,6.67266845703125,0.667266845703125,0.00012361070548649877,0.0706050917506218,0.0070605091750621796,0.7491291761398315,8.735566139221191,0.8735566139221191,0.0037962826900184155,1.0263614654541016,0.10263614356517792,0.42717260122299194,6.211164474487305,0.6211164593696594,0.09182169288396835,2.3366243839263916,0.2336624413728714,0.0,0.0,2,2
ar_5-a-6_kv_kv-afs-naliya_06082025-000000-1_EN-OL-RC-423_1,why,why,c,32.67,33.12,0.45,0.45,why,W HH AA Y,* W HH AY *,W HH AY,1633,1656,23,-1.0811406373977661,-2.553018569946289,-0.11100080609321594,-2.0342018604278564,-19.030412673950195,-0.8274092674255371,0.0011915627401322126,5.334815502166748,0.23194849491119385,1.6454969644546509,54.85372543334961,2.3849446773529053,0.6155338883399963,22.04262351989746,0.9583749175071716,0.3568460941314697,13.87870979309082,0.6034221649169922,1.890911335067358e-05,0.0665367841720581,0.0028929037507623434,0.5769988894462585,19.129112243652344,0.8317005038261414,8.288567914860323e-05,1.1831438541412354,0.05144103616476059,0.27372318506240845,12.67211627960205,0.5509615540504456,0.041153497993946075,4.011455535888672,0.1744111031293869,7.732717015156138,2.0,4,3
ar_5-a-6_kv_kv-afs-naliya_06082025-000000-1_EN-OL-RC-423_1,sailors,sailors,c,33.18,33.81,0.63,0.63,sailors,S EY L AH R Z,S EY L AH R S *,S EY L AH R S,1659,1691,32,-0.7321311235427856,-1.927524209022522,-0.06023513153195381,-1.4462026357650757,-18.41082000732422,-0.5753381252288818,0.0006212936132214963,4.0624237060546875,0.12695074081420898,1.316619634628296,62.63650131225586,1.9573906660079956,0.7284834384918213,31.2614803314209,0.9769212603569031,0.5218907594680786,22.063098907470703,0.6894718408584595,0.0003086540673393756,0.32734182476997375,0.01022943202406168,0.7481237649917603,28.317337036132812,0.8849167823791504,0.003712420118972659,3.968212127685547,0.12400662899017334,0.4260481595993042,20.531906127929688,0.6416220664978027,0.09133176505565643,8.137605667114258,0.25430017709732056,1.6986296296440053,1.0,6,6
ar_5-a-6_kv_kv-afs-naliya_06082025-000000-1_EN-OL-RC-423_1,often,often,c,33.81,34.35,0.54,0.54,often,AO F AH N,AO F T AH N * SIL *,AO F T AH N,1690,1718,28,-0.7514350414276123,-2.031151294708252,-0.07254111766815186,-1.696273922920227,-21.19278335571289,-0.7568851113319397,0.0014028610894456506,5.1697998046875,0.1846357136964798,1.3895455598831177,63.589271545410156,2.271045446395874,0.7219753861427307,27.222509384155273,0.972232460975647,0.4408748149871826,17.656497955322266,0.6305891871452332,7.84212606959045e-05,0.13135327398777008,0.004691188223659992,0.678469181060791,23.696325302124023,0.8462973237037659,0.0007898827316239476,1.9024934768676758,0.06794619560241699,0.3558482527732849,16.092958450317383,0.5747485160827637,0.06456920504570007,5.433859348297119,0.19406640529632568,2.8265686324633896,1.0,4,5
ar_5-a-6_kv_kv-afs-naliya_06082025-000000-1_EN-OL-RC-423_1,take,take,c,34.65,34.89,0.24,0.24,take,T EY K,T EY *,T EY,1732,1745,13,-0.4784388840198517,-1.82131028175354,-0.14010079205036163,-1.6260043382644653,-10.769763946533203,-0.8284434080123901,0.0027055786922574043,4.0790839195251465,0.3137756884098053,1.639870524406433,29.715898513793945,2.2858383655548096,0.816996693611145,12.29446792602539,0.9457283020019531,0.3993198871612549,8.03592586517334,0.618148148059845,3.882084274664521e-05,0.0628059059381485,0.004831223748624325,0.6397020816802979,10.81236743927002,0.8317205905914307,0.00033381086541339755,0.9511289596557617,0.07316376268863678,0.3221481442451477,7.291737079620361,0.5609028339385986,0.05406324565410614,2.4895503520965576,0.1915038675069809,3.9315885844149263,1.0,3,2
ar_5-a-6_kv_kv-afs-naliya_06082025-000000-1_EN-OL-RC-423_1,parrots,parrots,c,34.92,35.4,0.48,0.48,parrots,P AE R AH T S,* P AE R EH T S *,P AE R EH T S,1746,1770,24,-0.3089638948440552,-0.85379958152771,-0.035574983805418015,-1.298843264579773,-12.395745277404785,-0.5164893865585327,0.00026230281218886375,2.707674264907837,0.11281976103782654,1.1243585348129272,43.0020751953125,1.7917531728744507,0.8793327212333679,23.661596298217773,0.9858998656272888,0.5243097543716431,17.141624450683594,0.7142343521118164,0.00032154077780433,0.42519763112068176,0.01771656796336174,0.7425907254219055,21.488317489624023,0.8953465819358826,0.0032829861156642437,4.019874572753906,0.1674947738647461,0.41992419958114624,16.02925682067871,0.6678857207298279,0.0887002944946289,6.956404209136963,0.2898501753807068,3.093645138547748,1.0,6,6
ar_5-a-6_kv_kv-afs-naliya_06082025-000000-1_EN-OL-RC-423_1,along,along,c,35.4,35.91,0.51,0.51,along,AH L AO NG,* AH L AO NG * SIL *,AH L AO NG,1770,1796,26,-0.110883429646492,-0.4446701407432556,-0.017102697864174843,-1.3710418939590454,-16.49840545654297,-0.6345540285110474,0.0015794429928064346,2.2126026153564453,0.08510009944438934,1.596629023551941,55.703853607177734,2.142455816268921,0.9556179046630859,25.820934295654297,0.9931128621101379,0.44793474674224854,17.07098960876465,0.6565765142440796,8.836883353069425e-05,0.1579478681087494,0.00607491796836257,0.6979929208755493,22.57746696472168,0.8683640956878662,0.00121883989777416,2.3053038120269775,0.08866553008556366,0.37414056062698364,15.844380378723145,0.6093992590904236,0.07086554914712906,5.738293647766113,0.2207036018371582,0.0,0.0,4,4
ar_5-a-6_kv_kv-afs-naliya_06082025-000000-1_EN-OL-RC-423_1,when,when,c,36.12,36.54,0.42,0.42,when,W EH N,W EH N *,W EH N,1805,1827,22,-0.03615415096282959,-0.08922725170850754,-0.004055784083902836,-0.8147159814834595,-8.94442081451416,-0.4065645933151245,0.00016820989549160004,0.5102282762527466,0.02319219522178173,0.9980283975601196,36.709144592285156,1.6685974597930908,0.9853935837745667,21.963876724243164,0.9983580112457275,0.5784178972244263,16.188608169555664,0.7358458042144775,0.0008027046569623053,0.4718514084815979,0.021447790786623955,0.8334084153175354,20.09685516357422,0.9134933948516846,0.024692492559552193,4.344169616699219,0.197462260723114,0.5372945666313171,15.427170753479004,0.7012350559234619,0.15162919461727142,7.074824333190918,0.3215829133987427,0.0,0.0,3,3
ar_5-a-6_kv_kv-afs-naliya_06082025-000000-1_EN-OL-RC-423_1,they,they,c,36.54,36.84,0.3,0.3,they,DH EY,DH EY * SIL *,DH EY,1827,1843,16,-0.5279077291488647,-0.6499111652374268,-0.04061944782733917,-0.9944912791252136,-7.7580389976501465,-0.48487743735313416,0.0003545061917975545,1.2571215629577637,0.07857009768486023,1.1090089082717896,28.654504776000977,1.790906548500061,0.799293577671051,15.750016212463379,0.9843760132789612,0.5504469871520996,11.49228572845459,0.7182678580284119,0.0005002276157028973,0.2694069743156433,0.016837935894727707,0.8167823553085327,14.444273948669434,0.9027671217918396,0.01706634648144245,2.570075750350952,0.1606297343969345,0.5126370191574097,10.810723304748535,0.6756702065467834,0.13596764206886292,4.638826847076416,0.289926677942276,0.0,0.0,2,2
ar_5-a-6_kv_kv-afs-naliya_06082025-000000-1_EN-OL-RC-423_1,go,go,c,37.44,37.68,0.24,0.24,go,G OW,G OW *,G OW,1871,1884,13,-0.4028684198856354,-0.4155193269252777,-0.03196302428841591,-0.9513126611709595,-5.2626447677612305,-0.4048188328742981,0.0003466156776994467,0.7385236024856567,0.05680950731039047,1.1566702127456665,21.14242172241211,1.6263401508331299,0.8444669246673584,12.839336395263672,0.9876412749290466,0.6167705655097961,9.662120819091797,0.7432400584220886,0.0015352098271250725,0.287269651889801,0.022097665816545486,0.8472747206687927,11.913278579711914,0.9164060354232788,0.03360162675380707,2.656690835952759,0.20436082780361176,0.5592845678329468,9.193942070007324,0.7072263360023499,0.1668999195098877,4.263634204864502,0.327971875667572,0.0,0.0,2,2
ar_5-a-6_kv_kv-afs-naliya_06082025-000000-1_EN-OL-RC-423_1,to,to,c,37.68,37.86,0.18,0.18,to,T UW,* T UW *,T UW,1884,1893,9,-0.688209593296051,-0.7596127390861511,-0.08440141379833221,-0.9096513390541077,-4.3804612159729,-0.48671790957450867,0.0004372253897599876,0.9992879629135132,0.11103199422359467,1.174707055091858,15.695374488830566,1.743930459022522,0.7434086799621582,8.714621543884277,0.9682912826538086,0.641403317451477,6.560330390930176,0.7289255857467651,0.0023282815236598253,0.13991819322109222,0.01554646622389555,0.8689810037612915,8.169904708862305,0.9077671766281128,0.05442557483911514,1.4096763134002686,0.15663069486618042,0.5967641472816467,6.140011310577393,0.6822234988212585,0.19608180224895477,2.6174302101135254,0.29082557559013367,0.0,0.0,2,2
ar_5-a-6_kv_kv-afs-naliya_06082025-000000-1_EN-OL-RC-423_1,sea,sea,c,37.86,38.16,0.3,0.3,sea,S IY,* S IY *,S IY,1893,1908,15,-0.10745956748723984,-0.19723248481750488,-0.013148832134902477,-0.7403395175933838,-6.760219097137451,-0.45068126916885376,0.0002773625892587006,0.7836995720863342,0.052246637642383575,1.1352874040603638,26.30811309814453,1.7538741827011108,0.9569699764251709,14.920660018920898,0.9947106838226318,0.606977641582489,10.88017749786377,0.7253451943397522,0.0013009537942707539,0.25985610485076904,0.01732373982667923,0.8528448939323425,13.615489959716797,0.9076993465423584,0.038028281182050705,2.504913568496704,0.16699424386024475,0.5685245394706726,10.267267227172852,0.6844844818115234,0.17371007800102234,4.462308883666992,0.2974872589111328,0.0,0.0,2,2
ax_5-a-7_kv_kv-no3-colaba_06082025-000000-1_EN-OL-RC-434_1,mahagiri,mahagiri,c,0.96,1.59,0.63,0.63,mahagiri,M AA HH AA G IH R IY,M AH HH AA G AH R IY *,M AH HH AA G AH R IY,48,80,32,-0.9134015440940857,-3.8792057037353516,-0.12122517824172974,-1.852007508277893,-23.02250862121582,-0.7194533944129944,0.00022348617494571954,7.596753120422363,0.23739853501319885,1.011773943901062,67.49296569824219,2.1091551780700684,0.6685900092124939,30.53874397277832,0.9543357491493225,0.4295591711997986,20.83357048034668,0.6510490775108337,6.475855479948223e-05,0.38781750202178955,0.012119296938180923,0.6410757303237915,27.357376098632812,0.8549180030822754,0.000344155851053074,3.6536920070648193,0.1141778752207756,0.3232881426811218,19.213987350463867,0.6004371047019958,0.05439693480730057,7.3932929039001465,0.23104040324687958,7.812810943626463,2.0,8,8
ax_5-a-7_kv_kv-no3-colaba_06082025-000000-1_EN-OL-RC-434_1,was,was,c,1.59,1.95,0.36,0.36,was,W AO Z,* W AO Z * SIL,W AO Z,79,98,19,-0.1707344502210617,-0.48749321699142456,-0.025657538324594498,-0.9298598170280457,-10.112476348876953,-0.5322356224060059,0.00020869795116595924,1.711910605430603,0.09010055661201477,1.064595103263855,35.902427673339844,1.889601469039917,0.9321683645248413,18.804765701293945,0.9897245168685913,0.5500222444534302,13.294598579406738,0.6997157335281372,0.0004966481938026845,0.27845752239227295,0.014655658975243568,0.8178982734680176,16.9540958404541,0.8923208117485046,0.01749478094279766,2.6843249797821045,0.14128026366233826,0.5142384767532349,12.447052001953125,0.6551079750061035,0.13694056868553162,5.128027439117432,0.26989617943763733,0.0,0.0,3,3
ax_5-a-7_kv_kv-no3-colaba_06082025-000000-1_EN-OL-RC-434_1,an,a,s,2.01,2.28,0.27,0.27,a,AE N,AH SIL *,AH,100,114,14,-0.3759962320327759,-0.7031375765800476,-0.05022411420941353,-1.112436294555664,-9.778056144714355,-0.6984325647354126,0.00214115297421813,1.875800609588623,0.1339857578277588,1.8340702056884766,31.822139739990234,2.273010015487671,0.854360818862915,13.723166465759277,0.9802261590957642,0.5227382183074951,8.927095413208008,0.637649655342102,0.00031310893245972693,0.04119672626256943,0.0029426233377307653,0.7706069946289062,12.046338081359863,0.8604527115821838,0.006117819808423519,0.7870370745658875,0.05621693283319473,0.4521036148071289,8.205826759338379,0.5861304998397827,0.10324383527040482,2.6882758140563965,0.19201970100402832,8.016061126114415,2.0,2,1
ax_5-a-7_kv_kv-no3-colaba_06082025-000000-1_EN-OL-RC-434_1,elephant,elephant,c,2.37,2.91,0.54,0.54,elephant,AE L IH F AE N T,EH L IH F AH N T * SIL *,EH L IH F AH N T,118,146,28,-0.7327421307563782,-1.615738868713379,-0.05770495906472206,-1.5481480360031128,-13.94260025024414,-0.49795001745224,0.0002135575341526419,3.6139607429504395,0.12907002866268158,1.1016672849655151,48.71831512451172,1.73993980884552,0.7282770276069641,27.381486892700195,0.9779102206230164,0.4989192485809326,20.25311279296875,0.7233254313468933,0.0002093033108394593,0.5102681517601013,0.01822386309504509,0.7195677161216736,25.20000648498535,0.9000002145767212,0.00196843477897346,4.910444736480713,0.17537303268909454,0.3955390453338623,18.980876922607422,0.6778884530067444,0.07881306856870651,8.37333869934082,0.2990477979183197,6.980849910506063,2.0,7,7
ax_5-a-7_kv_kv-no3-colaba_06082025-000000-1_EN-OL-RC-434_1,who,who,c,3.42,3.81,0.39,0.39,who,HH UW,HH UW * SIL *,HH UW,171,191,20,-0.05913310870528221,-0.08964384347200394,-0.004482191987335682,-0.7406281232833862,-6.831918239593506,-0.34159591794013977,6.990322435740381e-05,0.40249621868133545,0.020124811679124832,0.8726332187652588,30.018720626831055,1.5009360313415527,0.9761783480644226,19.963823318481445,0.9981911778450012,0.5734891891479492,15.209460258483887,0.7604730129241943,0.0007385247736237943,0.609859049320221,0.030492952093482018,0.8400952219963074,18.517045974731445,0.9258522987365723,0.02864743210375309,4.863539218902588,0.24317696690559387,0.5477257370948792,14.616034507751465,0.7308017015457153,0.15871284902095795,7.208436965942383,0.3604218363761902,0.0,0.0,2,2
ax_5-a-7_kv_kv-no3-colaba_06082025-000000-1_EN-OL-RC-434_1,was,was,c,4.23,4.68,0.45,0.45,was,W AO Z,W AO Z * SIL,W AO Z,211,234,23,-0.45366933941841125,-0.5389233231544495,-0.02343144826591015,-0.980913519859314,-8.235251426696777,-0.35805439949035645,0.0001372954429825768,1.1277674436569214,0.04903336614370346,0.9573901891708374,33.91593933105469,1.4746060371398926,0.8259434700012207,22.791488647460938,0.9909343123435974,0.5582245588302612,17.57921600341797,0.7643137574195862,0.0005705296061933041,0.7316266298294067,0.03180985525250435,0.8286848664283752,21.272382736206055,0.9248862266540527,0.022232474759221077,5.755257606506348,0.2502285838127136,0.5301099419593811,16.81535530090332,0.7311024069786072,0.14691215753555298,8.373580932617188,0.36406874656677246,0.0,0.0,3,3
ax_5-a-7_kv_kv-no3-colaba_06082025-000000-1_EN-OL-RC-434_1,owned,own,s,4.83,5.16,0.33,0.33,own,OW N D,OW N *,OW N,241,258,17,-0.2770062983036041,-1.1160078048706055,-0.06564752012491226,-1.32227623462677,-12.98239517211914,-0.7636703252792358,0.001186180510558188,3.4817872047424316,0.2048110067844391,1.6947474479675293,39.13896942138672,2.3022923469543457,0.8913862705230713,16.55711555480957,0.9739480018615723,0.492048442363739,10.62940502166748,0.6252591013908386,0.00018634436128195375,0.05669286847114563,0.0033348745200783014,0.7249561548233032,14.396845817565918,0.8468732833862305,0.0022187752183526754,0.9827096462249756,0.05780645087361336,0.40109503269195557,9.678165435791016,0.5693038702011108,0.08098532259464264,3.1475348472595215,0.18514910340309143,3.55476222015748,1.0,3,2
ax_5-a-7_kv_kv-no3-colaba_06082025-000000-1_EN-OL-RC-434_1,by,by,c,5.16,5.55,0.39,0.39,by,B AA EY,* B AY * SIL,B AY,258,278,20,-0.7339058518409729,-1.5366414785385132,-0.07683207094669342,-1.2188584804534912,-11.165765762329102,-0.5582882761955261,0.0005032093031331897,2.776493549346924,0.1388246715068817,1.1195672750473022,38.219268798828125,1.9109634160995483,0.7278838157653809,19.417308807373047,0.9708654284477234,0.5590388774871826,13.973038673400879,0.698651909828186,0.0005784395034424961,0.2376469373703003,0.01188234705477953,0.8199634552001953,17.82940101623535,0.8914700746536255,0.018316175788640976,2.569420337677002,0.1284710168838501,0.5172216296195984,13.013511657714844,0.6506755948066711,0.13876886665821075,5.217255592346191,0.2608627676963806,9.246154771565926,2.0,3,2
ax_5-a-7_kv_kv-no3-colaba_06082025-000000-1_EN-OL-RC-434_1,a,a,c,5.76,5.88,0.12,0.12,a,AH,AH,AH,288,294,6,-0.1471472531557083,-0.2830583453178406,-0.04717639088630676,-1.0984203815460205,-4.121169567108154,-0.6868615746498108,0.004597347229719162,0.9081051349639893,0.15135085582733154,2.0599372386932373,13.364892959594727,2.2274820804595947,0.9413679838180542,5.88692045211792,0.9811534285545349,0.5253713130950928,3.8721837997436523,0.645363986492157,0.0003273641341365874,0.01923641748726368,0.0032060695812106133,0.7766952514648438,5.1768364906311035,0.8628060817718506,0.007003928069025278,0.37151944637298584,0.061919908970594406,0.45950794219970703,3.552401304244995,0.5920668840408325,0.1068515032529831,1.1886210441589355,0.19810350239276886,0.0,0.0,1,1
ax_5-a-7_kv_kv-no3-colaba_06082025-000000-1_EN-OL-RC-434_1,merchant,merchant,c,5.88,6.36,0.48,0.48,merchant,M AH R CH EH N T,* M AH R CH AH N T *,M AH R CH AH N T,294,318,24,-0.26486721634864807,-0.6351178288459778,-0.02646324224770069,-1.124630331993103,-11.374260902404785,-0.4739275276660919,0.00016519955534022301,2.1067657470703125,0.08778190612792969,1.066999077796936,41.62825393676758,1.7345105409622192,0.8959900140762329,23.747596740722656,0.9894831776618958,0.5269525051116943,17.435588836669922,0.7264828681945801,0.00033623495255596936,0.44500231742858887,0.018541762605309486,0.7690718173980713,21.69879913330078,0.9041166305541992,0.005912673193961382,4.186689376831055,0.17444539070129395,0.45026111602783203,16.36595916748047,0.6819149851799011,0.10236190259456635,7.204952239990234,0.30020633339881897,4.656212716934656,1.0,7,7
ax_5-a-7_kv_kv-no3-colaba_06082025-000000-1_EN-OL-RC-434_1,the,the,c,6.87,7.05,0.18,0.18,the,DH AH,DH AH *,DH AH,343,353,10,-0.06038380414247513,-0.11470372974872589,-0.011470372788608074,-0.6995692849159241,-4.121209621429443,-0.4121209681034088,0.0003362677525728941,0.4814442992210388,0.04814442992210388,1.0951626300811768,16.23373031616211,1.623373031616211,0.9756782650947571,9.953742027282715,0.9953742027282715,0.6099674701690674,7.443899154663086,0.7443898916244507,0.0013684058794751763,0.2446841299533844,0.02446841262280941,0.8537027835845947,9.150314331054688,0.9150314331054688,0.03876007720828056,2.0577783584594727,0.2057778388261795,0.569969654083252,7.051248073577881,0.7051247954368591,0.1747971624135971,3.2787342071533203,0.3278734087944031,0.0,0.0,2,2
ax_5-a-7_kv_kv-no3-colaba_06082025-000000-1_EN-OL-RC-434_1,merchant,merchant,c,7.05,7.62,0.57,0.57,merchant,M AH R CH EH N T,* M AH R CH AH N T *,M AH R CH AH N T,352,381,29,-0.3657345771789551,-0.6996113657951355,-0.02412452921271324,-0.9809500575065613,-12.421697616577148,-0.42833441495895386,0.00016168779984582216,1.8495115041732788,0.06377626210451126,1.0415805578231812,48.06843185424805,1.6575320959091187,0.8581565618515015,28.72469711303711,0.9905067682266235,0.5571630001068115,21.411209106445312,0.7383175492286682,0.0005603812751360238,0.6378183960914612,0.021993737667798996,0.8051342964172363,26.459590911865234,0.9123997092247009,0.013174952939152718,5.6514153480529785,0.19487638771533966,0.49634653329849243,20.266468048095703,0.6988437175750732,0.12640269100666046,9.256217956542969,0.3191799223423004,4.656212716934656,1.0,7,7
ax_5-a-7_kv_kv-no3-colaba_06082025-000000-1_EN-OL-RC-434_1,made,made,c,7.65,8.01,0.36,0.36,made,M EY D,* M EY D * SIL,M EY D,382,401,19,-0.44528719782829285,-0.7944329977035522,-0.041812263429164886,-0.9010406732559204,-8.488260269165039,-0.44675055146217346,0.00011319555778754875,1.9367964267730713,0.10193665325641632,0.9501217603683472,30.91312026977539,1.6270062923431396,0.8289836645126343,18.688858032226562,0.9836241006851196,0.5691727995872498,14.04832649230957,0.7393856048583984,0.0006865470786578953,0.5163596868515015,0.02717682532966137,0.8203286528587341,17.291385650634766,0.910072922706604,0.01846541278064251,4.010404586791992,0.21107392013072968,0.517751932144165,13.280086517333984,0.6989519000053406,0.13909605145454407,6.234283447265625,0.3281201720237732,0.0,0.0,3,3
ax_5-a-7_kv_kv-no3-colaba_06082025-000000-1_EN-OL-RC-434_1,a,a,c,8.04,8.19,0.15,0.15,a,AH,AH *,AH,401,410,9,-0.38844892382621765,-0.48462846875190735,-0.05384760722517967,-1.0943748950958252,-4.814637660980225,-0.5349597334861755,0.0010054074227809906,1.2306689023971558,0.13674098253250122,1.4371569156646729,16.871599197387695,1.874622106552124,0.849767804145813,8.811054229736328,0.9790060520172119,0.5575157999992371,6.342060565948486,0.7046734094619751,0.0005637335707433522,0.09154526889324188,0.010171696543693542,0.812031626701355,8.043313026428223,0.893701434135437,0.015356826595962048,1.2069650888442993,0.13410723209381104,0.5059006214141846,5.909585952758789,0.6566206812858582,0.13193991780281067,2.398705244064331,0.2665227949619293,0.0,0.0,1,1
ax_5-a-7_kv_kv-no3-colaba_06082025-000000-1_EN-OL-RC-434_1,lot,lot,c,8.19,8.61,0.42,0.42,lot,L AO T,* L AO T * SIL *,L AO T,409,431,22,-0.38844892382621765,-0.9234349131584167,-0.04197431355714798,-1.0943748950958252,-8.202988624572754,-0.37286311388015747,0.00010129968723049387,2.304705858230591,0.10475935786962509,0.9067062735557556,31.173805236816406,1.416991114616394,0.849767804145813,21.637235641479492,0.9835107326507568,0.6138632297515869,17.01428985595703,0.7733768224716187,0.0014615715481340885,0.8663744330406189,0.03938065469264984,0.8216934204101562,20.363685607910156,0.9256220459938049,0.0190338883548975,5.827159881591797,0.26487091183662415,0.5197405815124512,16.168487548828125,0.734931230545044,0.14032897353172302,8.240572929382324,0.3745715022087097,0.0,0.0,3,3
ax_5-a-7_kv_kv-no3-colaba_06082025-000000-1_EN-OL-RC-434_1,of,of,c,8.64,8.88,0.24,0.24,of,AO F,AO F *,AO F,432,445,13,-0.050982531160116196,-0.05851544812321663,-0.004501188173890114,-0.7894806861877441,-4.730670928955078,-0.36389777064323425,0.0001222012797370553,0.2635236084461212,0.020271046087145805,0.9713290333747864,20.336315155029297,1.5643318891525269,0.9794409871101379,12.976385116577148,0.9981834888458252,0.5487448573112488,9.723478317260742,0.7479598522186279,0.00048603632603771985,0.3617815375328064,0.027829349040985107,0.8273882865905762,11.966197967529297,0.9204767942428589,0.021601157262921333,3.011303663253784,0.23163874447345734,0.5281634330749512,9.360213279724121,0.7200164198875427,0.14565637707710266,4.535493850708008,0.34888413548469543,0.0,0.0,2,2
ax_5-a-7_kv_kv-no3-colaba_06082025-000000-1_EN-OL-RC-434_1,money,money,c,8.91,9.27,0.36,0.36,money,M AH N IY,* M AH N IY *,M AH N IY,445,464,19,-0.15517446398735046,-0.26434776186943054,-0.013913040049374104,-0.8262328505516052,-7.109834671020508,-0.37420183420181274,9.990879334509373e-05,0.8899390697479248,0.046838898211717606,0.8668745756149292,29.245525360107422,1.5392382144927979,0.9382310509681702,18.89419174194336,0.9944311380386353,0.6149177551269531,14.346136093139648,0.7550597786903381,0.0014878629008308053,0.5827392935752869,0.030670488253235817,0.8503127098083496,17.51189613342285,0.9216787219047546,0.035947903990745544,4.399452209472656,0.23155011236667633,0.564293622970581,13.700815200805664,0.7210955619812012,0.17056183516979218,6.647064685821533,0.3498454988002777,0.0,0.0,4,4
ax_5-a-7_kv_kv-no3-colaba_06082025-000000-1_EN-OL-RC-434_1,by,by,c,9.27,9.51,0.24,0.24,by,B AA EY,* B AY *,B AY,463,476,13,-0.08781308680772781,-0.19788673520088196,-0.015222056768834591,-0.6848446130752563,-5.571382522583008,-0.42856788635253906,0.0002869734016712755,0.7780062556266785,0.05984663590788841,1.1792335510253906,21.89208221435547,1.6840063333511353,0.9647510647773743,12.920310974121094,0.9938700795173645,0.6182926893234253,9.580510139465332,0.7369623184204102,0.0015752307372167706,0.23139888048171997,0.01779991388320923,0.8643669486045837,11.868935585021973,0.9129950404167175,0.04912271723151207,2.303318500518799,0.17717835307121277,0.5884526968002319,9.03909683227539,0.6953151226043701,0.18924440443515778,4.0030364990234375,0.30792587995529175,9.246154771565926,2.0,3,2
ax_5-a-7_kv_kv-no3-colaba_06082025-000000-1_EN-OL-RC-434_1,putting,putting,c,9.51,9.93,0.42,0.42,putting,P UH T IH NG,* P UH T IH NG *,P UH T IH NG,475,497,22,-0.17554587125778198,-0.31617575883865356,-0.014371625147759914,-0.8953235149383545,-9.6934232711792,-0.4406101405620575,0.0001869848492788151,1.1429587602615356,0.05195267125964165,1.024917483329773,37.659114837646484,1.711777925491333,0.9302985072135925,21.87347984313965,0.9942491054534912,0.5709848999977112,16.03097152709961,0.7286805510520935,0.0007079076021909714,0.4504605233669281,0.0204754788428545,0.8175472021102905,19.988656997680664,0.9085752964019775,0.01735883392393589,4.076758861541748,0.18530721962451935,0.5137338042259216,15.19190788269043,0.6905412673950195,0.13663333654403687,6.821663856506348,0.31007564067840576,0.0,0.0,5,5
ax_5-a-7_kv_kv-no3-colaba_06082025-000000-1_EN-OL-RC-434_1,mahagiri,mahagiri,c,9.93,10.65,0.72,0.72,mahagiri,M AA HH AA G IH R IY,* M AH HH AA K AH R IY * SIL *,M AH HH AA K AH R IY,496,533,37,-0.7532113790512085,-2.622953414916992,-0.0708906352519989,-1.7444719076156616,-24.882282257080078,-0.672494113445282,0.0006887663039378822,6.538197994232178,0.17670805752277374,1.3518821001052856,77.82752990722656,2.1034467220306396,0.7213781476020813,35.997528076171875,0.9729061722755432,0.4012060761451721,24.436174392700195,0.6604371666908264,4.0080183680402115e-05,0.2875697612762451,0.007772155571728945,0.6453889608383179,31.98355484008789,0.8644204139709473,0.0003787675523199141,3.5740835666656494,0.0965968519449234,0.3268921971321106,22.48821449279785,0.6077895760536194,0.05546150356531143,8.31200122833252,0.22464868426322937,11.06040458381388,3.0,8,8
ax_5-a-7_kv_kv-no3-colaba_06082025-000000-1_EN-OL-RC-434_1,to,to,c,10.89,11.04,0.15,0.15,to,T UW,T UW,T UW,544,552,8,-0.5584869384765625,-1.1540666818618774,-0.14425833523273468,-1.5514748096466064,-5.9120354652404785,-0.7390044331550598,0.0006632317672483623,2.5945541858673096,0.3243192732334137,1.2411317825317383,16.304061889648438,2.0380077362060547,0.7884594202041626,7.554288387298584,0.944286048412323,0.46863168478012085,5.335305213928223,0.6669131517410278,0.00012540932220872492,0.09499648213386536,0.01187456026673317,0.6966392993927002,6.86550235748291,0.8581877946853638,0.0011827306589111686,0.8989957571029663,0.11237446963787079,0.37284088134765625,4.829067707061768,0.603633463382721,0.07040349394083023,1.8497453927993774,0.23121817409992218,0.0,0.0,2,2
ax_5-a-7_kv_kv-no3-colaba_06082025-000000-1_EN-OL-RC-434_1,work,work,c,11.04,11.31,0.27,0.27,work,W AH R K,W AH R K * SIL *,W AH R K,552,566,14,-0.5495775938034058,-1.8302085399627686,-0.13072918355464935,-1.4181028604507446,-12.061960220336914,-0.8615685701370239,0.0041005113162100315,4.124918460845947,0.2946370244026184,1.7980095148086548,32.93491744995117,2.35249400138855,0.7916074395179749,13.289082527160645,0.9492201805114746,0.45266371965408325,8.587902069091797,0.6134215593338013,9.572783892508596e-05,0.04685399308800697,0.003346713725477457,0.7029422521591187,11.660744667053223,0.8329103589057922,0.0013605125714093447,0.6491960883140564,0.04637115076184273,0.37893450260162354,7.671062469482422,0.547933042049408,0.07258988171815872,2.3716862201690674,0.16940616071224213,0.0,0.0,4,4
ax_5-a-7_kv_kv-no3-colaba_06082025-000000-1_EN-OL-RC-434_1,the,the,c,11.67,11.82,0.15,0.15,the,DH AH,DH AH *,DH AH,583,591,8,-0.02736881747841835,-0.039039675146341324,-0.0048799593932926655,-0.7614587545394897,-3.38921856880188,-0.423652321100235,0.0004881985660176724,0.21670842170715332,0.027088552713394165,1.1174899339675903,13.476465225219727,1.6845581531524658,0.988930881023407,7.984196662902832,0.998024582862854,0.5968245267868042,5.884084224700928,0.735510528087616,0.0010957492049783468,0.17742259800434113,0.02217782475054264,0.8421228528022766,7.292092323303223,0.9115115404129028,0.029967479407787323,1.5461907386779785,0.19327384233474731,0.5509514808654785,5.575925827026367,0.6969907283782959,0.1609613001346588,2.538344383239746,0.31729304790496826,0.0,0.0,2,2
ax_5-a-7_kv_kv-no3-colaba_06082025-000000-1_EN-OL-RC-434_1,elephant,elephant,c,11.85,12.48,0.63,0.63,elephant,AE L IH F AE N T,* EH L IH F EH N T * SIL,EH L IH F EH N T,592,624,32,-0.520720899105072,-1.3019641637802124,-0.04068638011813164,-1.4271519184112549,-14.526788711547852,-0.45396214723587036,0.00017177738482132554,3.040921449661255,0.09502879530191422,0.9756273627281189,53.64616775512695,1.6764427423477173,0.8018519282341003,31.49629783630371,0.984259307384491,0.5011742115020752,23.447654724121094,0.7327392101287842,0.00021743822435382754,0.7006250619888306,0.021894533187150955,0.7319527864456177,29.02216911315918,0.9069427847862244,0.0025919340550899506,6.2536301612854,0.19542594254016876,0.408444344997406,22.155441284179688,0.6923575401306152,0.08393057435750961,10.130559921264648,0.31657999753952026,6.910865565882413,2.0,7,7
ax_5-a-7_kv_kv-no3-colaba_06082025-000000-1_EN-OL-RC-434_1,was,<eps>,d,,,,,,W AO Z,,,,,,,,,,,,,,,,,,,,,,,,,,,,,,,,,,,,,,,,,,
ax_5-a-7_kv_kv-no3-colaba_06082025-000000-1_EN-OL-RC-434_1,sent,sent,c,13.08,13.56,0.48,0.48,sent,S EH N T,S EH N T *,S EH N T,654,678,24,-0.42521044611930847,-0.6512299180030823,-0.02713458053767681,-1.1619160175323486,-9.929309844970703,-0.4137212336063385,0.000323651940561831,1.568626880645752,0.0653594508767128,1.1218807697296143,38.76701736450195,1.6152924299240112,0.8362913727760315,23.745752334594727,0.9894063472747803,0.5297504663467407,17.857955932617188,0.7440814971923828,0.0003525243082549423,0.5432332158088684,0.0226347167044878,0.7675104141235352,21.944297790527344,0.9143457412719727,0.005711077246814966,4.977382183074951,0.2073909193277359,0.4483972191810608,16.94049835205078,0.7058541178703308,0.10147596895694733,7.895759105682373,0.3289899528026581,0.0,0.0,4,4
ax_5-a-7_kv_kv-no3-colaba_06082025-000000-1_EN-OL-RC-434_1,to,to,c,13.65,13.83,0.18,0.18,to,T UW,T UW *,T UW,682,692,10,-0.5115309357643127,-1.1050081253051758,-0.11050081253051758,-1.075416088104248,-5.934986591339111,-0.5934986472129822,0.0002871226461138576,2.042738199234009,0.20427381992340088,1.1658728122711182,18.54201889038086,1.8542019128799438,0.8051300644874573,9.573379516601562,0.9573379755020142,0.5405762195587158,7.000868797302246,0.7000868916511536,0.0004233359359204769,0.16662698984146118,0.01666269823908806,0.8021897077560425,8.864645957946777,0.8864645957946777,0.012340616434812546,1.5287721157073975,0.15287721157073975,0.49234628677368164,6.500378131866455,0.6500378251075745,0.12414375692605972,2.734733819961548,0.2734733819961548,0.0,0.0,2,2
ax_5-a-7_kv_kv-no3-colaba_06082025-000000-1_EN-OL-RC-434_1,the,the,c,13.83,14.16,0.33,0.33,the,DH AH,* DH AH * SIL *,DH AH,691,708,17,-0.6100118160247803,-1.6259582042694092,-0.09564460068941116,-1.0605419874191284,-9.48564338684082,-0.5579790472984314,0.00040327548049390316,2.782317876815796,0.1636657565832138,1.1393390893936157,31.1700439453125,1.8335319757461548,0.7703903913497925,16.378273010253906,0.9634278416633606,0.5654599070549011,12.092974662780762,0.7113514542579651,0.0006447732448577881,0.2556345462799072,0.015037326142191887,0.8278359174728394,15.213799476623535,0.8949294090270996,0.021817050874233246,2.4219093322753906,0.1424652487039566,0.5288342237472534,11.207330703735352,0.6592547297477722,0.14608806371688843,4.630342960357666,0.27237311005592346,0.0,0.0,2,2
ax_5-a-7_kv_kv-no3-colaba_06082025-000000-1_EN-OL-RC-434_1,forest,forest,c,14.19,14.7,0.51,0.51,forest,F AO R EH S T,F AO R EH S T,F AO R EH S T,709,735,26,-0.2703913748264313,-0.31999471783638,-0.012307489290833473,-0.9542502760887146,-9.033827781677246,-0.34745490550994873,0.00011937286035390571,0.917319655418396,0.03528152406215668,0.9762281179428101,38.042259216308594,1.4631638526916504,0.8938932418823242,25.873802185058594,0.9951462149620056,0.5856177806854248,19.907846450805664,0.7656863927841187,0.0009066154598258436,0.8873899579048157,0.03413038328289986,0.8243383765220642,24.06671905517578,0.9256430268287659,0.020185917615890503,6.7090983390808105,0.25804224610328674,0.5236271619796753,19.084054946899414,0.7340021133422852,0.14276589453220367,9.61557674407959,0.36982986330986023,0.0,0.0,6,6
ax_5-a-7_kv_kv-no3-colaba_06082025-000000-1_EN-OL-RC-434_1,to,to,c,14.82,14.97,0.15,0.15,to,T UW,T UW *,T UW,741,749,8,-0.11321614682674408,-0.15518735349178314,-0.019398419186472893,-0.6777426600456238,-3.797028064727783,-0.4746285080909729,0.0001960011722985655,0.5779733657836914,0.07224667072296143,1.1143351793289185,14.13608169555664,1.76701021194458,0.9546973705291748,7.937700271606445,0.9922125339508057,0.6075786352157593,5.789651870727539,0.7237064838409424,0.0013142405077815056,0.1357487589120865,0.01696859486401081,0.8563119769096375,7.241133213043213,0.9051416516304016,0.04107336327433586,1.2753047943115234,0.15941309928894043,0.5744019746780396,5.428342819213867,0.6785428524017334,0.1781691014766693,2.3255221843719482,0.29069027304649353,0.0,0.0,2,2
ax_5-a-7_kv_kv-no3-colaba_06082025-000000-1_EN-OL-RC-434_1,carry,carry,c,14.97,15.39,0.42,0.42,carry,K AE R IY,* K AE R IY *,K AE R IY,748,770,22,-0.40572306513786316,-0.5542691349983215,-0.02519405074417591,-0.9863284230232239,-9.718649864196777,-0.44175681471824646,0.00014179848949424922,1.3738999366760254,0.062449995428323746,1.0112744569778442,36.90426254272461,1.6774665117263794,0.8434197902679443,21.78339195251465,0.9901542067527771,0.5710259675979614,16.1402645111084,0.7336483597755432,0.0007083992823027074,0.5382343530654907,0.024465197697281837,0.836172342300415,20.013900756835938,0.9097227454185486,0.02625630982220173,4.331479072570801,0.19688540697097778,0.5415682792663574,15.283239364624023,0.6946926712989807,0.15449726581573486,7.0079755783081055,0.3185443580150604,0.0,0.0,4,4
ax_5-a-7_kv_kv-no3-colaba_06082025-000000-1_EN-OL-RC-434_1,heavy,heavy,c,15.39,15.75,0.36,0.36,heavy,HH EH V IY,* HH EH V IY *,HH EH V IY,769,788,19,-0.36250731348991394,-0.41336044669151306,-0.02175581268966198,-1.2012057304382324,-7.211165428161621,-0.3795350193977356,0.0001255760289495811,0.9452874660491943,0.049751970916986465,0.9067535400390625,28.92951202392578,1.5226058959960938,0.8593524098396301,18.838762283325195,0.9915137887001038,0.5122213363647461,14.350761413574219,0.7553032040596008,0.00026209812494926155,0.6065793633460999,0.03192523121833801,0.7707241773605347,17.472373962402344,0.9195986390113831,0.006133774295449257,4.624489784240723,0.24339419603347778,0.4522446393966675,13.722574234008789,0.7222407460212708,0.10331161320209503,6.774412631988525,0.3565480411052704,0.0,0.0,4,4
ax_5-a-7_kv_kv-no3-colaba_06082025-000000-1_EN-OL-RC-434_1,logs,logs,c,15.75,16.26,0.51,0.51,logs,L AO G Z,* L AO K S * SIL,L AO K S,787,814,27,-0.04486223682761192,-0.10398465394973755,-0.003851283574476838,-0.765453577041626,-9.58013916015625,-0.35481998324394226,0.00012919412984047085,0.5371069312095642,0.019892849028110504,0.991918683052063,41.38058853149414,1.5326143503189087,0.9818952083587646,26.95794677734375,0.9984424710273743,0.5799164175987244,20.439712524414062,0.7570263743400574,0.0008233016123995185,0.7336848378181458,0.027173511683940887,0.8407750725746155,24.94336700439453,0.9238284230232239,0.029083415865898132,6.235407829284668,0.2309410274028778,0.548803985118866,19.57333755493164,0.7249384522438049,0.15946131944656372,9.471382141113281,0.35079193115234375,4.946223269831421,2.0,4,4
ax_5-a-7_kv_kv-no3-colaba_06082025-000000-1_EN-OL-RC-434_1,of,of,c,16.32,16.59,0.27,0.27,of,AO F,AO F *,AO F,816,830,14,-0.16639819741249084,-0.19064059853553772,-0.01361718587577343,-0.8192067742347717,-5.39055061340332,-0.3850393295288086,0.00012988252274226397,0.5797675848007202,0.04141196981072426,0.97379469871521,22.257049560546875,1.5897892713546753,0.9338555932044983,13.92403507232666,0.9945739507675171,0.5669363737106323,10.436046600341797,0.7454319000244141,0.0006610720884054899,0.3563649356365204,0.02545463852584362,0.8345074653625488,12.852865219116211,0.9180617928504944,0.025302859023213387,3.0774033069610596,0.21981452405452728,0.5389877557754517,9.989400863647461,0.7135286331176758,0.1527598351240158,4.751275539398193,0.339376837015152,0.0,0.0,2,2
ax_5-a-7_kv_kv-no3-colaba_06082025-000000-1_EN-OL-RC-434_1,wood,wood,c,16.65,16.92,0.27,0.27,wood,W UH D,F UW D * SIL *,F UW D,832,847,15,-0.1095685288310051,-0.24669593572616577,-0.016446394845843315,-0.9649392366409302,-6.807582855224609,-0.45383885502815247,0.0003677416534628719,0.9370208978652954,0.06246805936098099,1.2373749017715454,25.843231201171875,1.7228820323944092,0.9561370015144348,14.900932312011719,0.9933955073356628,0.5613881349563599,10.905552864074707,0.7270368337631226,0.0006018779240548611,0.27152666449546814,0.018101777881383896,0.8079636096954346,13.598523139953613,0.9065682291984558,0.0140297282487154,2.67091703414917,0.17806114256381989,0.5002340078353882,10.297369956970215,0.6864913105964661,0.1286313235759735,4.561036109924316,0.30406907200813293,8.081521117028721,2.0,3,3
ax_5-a-7_kv_kv-no3-colaba_06082025-000000-1_EN-OL-RC-434_1,sometimes,sometime,s,17.22,17.91,0.69,0.69,sometime,S AH M T AY M S,S AH M T AY M *,S AH M T AY M,860,896,36,-0.3268473148345947,-1.7546910047531128,-0.048741415143013,-1.0291157960891724,-19.415782928466797,-0.5393273234367371,0.00017862915410660207,4.779738426208496,0.13277050852775574,0.990317702293396,65.50225830078125,1.819507122039795,0.8726295232772827,35.30598449707031,0.9807217717170715,0.5293617248535156,25.525192260742188,0.7090331315994263,0.00035021474468521774,0.6747199296951294,0.018742220476269722,0.789808452129364,32.148250579833984,0.8930069804191589,0.009372827596962452,5.818535327911377,0.16162598133087158,0.47601157426834106,23.819759368896484,0.6616599559783936,0.11527041345834732,10.214208602905273,0.2837280035018921,3.7420005426462573,1.0,7,6
ax_5-a-7_kv_kv-no3-colaba_06082025-000000-1_EN-OL-RC-434_1,he,he,c,17.91,18.06,0.15,0.15,he,HH IY,* HH IY *,HH IY,895,903,8,-0.36026740074157715,-0.6655600666999817,-0.08319500833749771,-1.0126339197158813,-5.339774131774902,-0.6674717664718628,0.002246967749670148,1.4053335189819336,0.1756666898727417,1.4838465452194214,16.89033317565918,2.1112916469573975,0.8601828813552856,7.739917278289795,0.9674896597862244,0.5293463468551636,5.307712554931641,0.6634640693664551,0.00035012391163036227,0.05341172590851784,0.00667646573856473,0.787128746509552,6.963448524475098,0.8704310655593872,0.008831089362502098,0.6893141269683838,0.08616426587104797,0.4725748300552368,4.8752641677856445,0.6094080209732056,0.11347313970327377,1.750898003578186,0.21886225044727325,0.0,0.0,2,2
ax_5-a-7_kv_kv-no3-colaba_06082025-000000-1_EN-OL-RC-434_1,carried,carried,c,18.06,18.63,0.57,0.57,carried,K AE R IY D,* K AE R EY * SIL *,K AE R EY,902,932,30,-0.9342355728149414,-5.645993232727051,-0.18819977343082428,-1.7285774946212769,-26.39061164855957,-0.8796870708465576,0.0008930640178732574,11.314603805541992,0.3771534562110901,1.3234572410583496,69.1523666381836,2.3050789833068848,0.6618785262107849,27.850860595703125,0.9283620119094849,0.42947065830230713,18.545455932617188,0.6181818842887878,6.466166087193415e-05,0.14139840006828308,0.004713280126452446,0.6700809001922607,24.909130096435547,0.8303043246269226,0.0006555787404067814,1.8527213335037231,0.06175737828016281,0.348274827003479,16.544788360595703,0.5514929294586182,0.06208876147866249,5.397573947906494,0.17991913855075836,9.22149157308573,2.0,5,4
ax_5-a-7_kv_kv-no3-colaba_06082025-000000-1_EN-OL-RC-434_1,people,people,c,18.63,19.32,0.69,0.69,people,P IY P AH L,* P IY P AH L * SIL *,P IY P AH L,931,966,35,-0.5845762491226196,-1.5695103406906128,-0.0448431521654129,-1.318389892578125,-21.812246322631836,-0.6232070326805115,0.0001958041830221191,4.116221904754639,0.11760634183883667,1.1601766347885132,73.21278381347656,2.0917937755584717,0.7792811989784241,34.386295318603516,0.9824655652046204,0.48603951930999756,23.297632217407227,0.6656466126441956,0.00016833921836223453,0.2580443322658539,0.00737269502133131,0.7261145114898682,30.57415008544922,0.8735471367835999,0.0022766184993088245,3.413846015930176,0.09753845632076263,0.4023011326789856,21.635791778564453,0.6181654930114746,0.08146298676729202,8.028117179870605,0.22937478125095367,0.0,0.0,5,5
ax_5-a-7_kv_kv-no3-colaba_06082025-000000-1_EN-OL-RC-434_1,from,from,c,19.38,19.86,0.48,0.48,from,F R AO M,F R AO M * SIL *,F R AO M,968,993,25,-0.3813113570213318,-0.7500221133232117,-0.03000088408589363,-0.8604993224143982,-11.241658210754395,-0.4496663212776184,0.00012341626279521734,1.9422223567962646,0.07768889516592026,0.9428035020828247,42.39634704589844,1.69585382938385,0.852398693561554,24.704957962036133,0.9881983399391174,0.5868484377861023,18.29891014099121,0.731956422328949,0.0009256764897145331,0.57431960105896,0.02297278493642807,0.8428312540054321,22.72471046447754,0.9089884161949158,0.030442845076322556,4.710007190704346,0.1884002834558487,0.5520855188369751,17.283977508544922,0.6913591027259827,0.16175837814807892,7.811953544616699,0.3124781548976898,0.0,0.0,4,4
ax_5-a-7_kv_kv-no3-colaba_06082025-000000-1_EN-OL-RC-434_1,one,one,c,20.52,20.88,0.36,0.36,one,W AH N,W AH N *,W AH N,1026,1044,18,-0.19838109612464905,-0.4389590322971344,-0.024386612698435783,-0.9951750040054321,-8.07857608795166,-0.44880977272987366,0.0005101875285618007,1.4413037300109863,0.08007243275642395,1.0630645751953125,30.31340980529785,1.684078335762024,0.9214544296264648,17.82477569580078,0.9902653098106384,0.5867324471473694,13.216331481933594,0.7342406511306763,0.0009238631464540958,0.3792550265789032,0.0210697241127491,0.819952666759491,16.360946655273438,0.9089415073394775,0.01831180602312088,3.3860127925872803,0.1881118267774582,0.517206072807312,12.455358505249023,0.6919643878936768,0.13875927031040192,5.619166851043701,0.3121759295463562,0.0,0.0,3,3
ax_5-a-7_kv_kv-no3-colaba_06082025-000000-1_EN-OL-RC-434_1,place,place,c,20.88,21.3,0.42,0.42,place,P L EY S,P L EY S *,P L EY S,1044,1065,21,-0.12262970209121704,-0.31650957465171814,-0.015071884728968143,-1.1916335821151733,-10.462717056274414,-0.4982246160507202,0.00043654258479364216,1.3088191747665405,0.06232472136616707,1.2624294757843018,38.89679718017578,1.8522284030914307,0.9509879946708679,20.872819900512695,0.9939438104629517,0.48995018005371094,14.852638244628906,0.707268476486206,0.00017984829901251942,0.287622332572937,0.013696301728487015,0.7468521595001221,18.836566925048828,0.8969793915748596,0.0036090039648115635,3.1231884956359863,0.14872325956821442,0.42463117837905884,13.967527389526367,0.6651203632354736,0.0907173901796341,5.849335670471191,0.2785398066043854,0.0,0.0,4,4
ax_5-a-7_kv_kv-no3-colaba_06082025-000000-1_EN-OL-RC-434_1,to,to,c,21.3,21.54,0.24,0.24,to,T UW,T UW *,T UW,1065,1077,12,-0.12209153920412064,-0.14679750800132751,-0.012233125977218151,-0.7963258028030396,-4.797142505645752,-0.3997618854045868,0.00023959961254149675,0.5125963687896729,0.042716365307569504,1.1352837085723877,19.653594970703125,1.637799620628357,0.9511999487876892,11.94118881225586,0.9950990676879883,0.6101803779602051,8.883471488952637,0.7402892708778381,0.00137334072496742,0.2562009394168854,0.021350078284740448,0.8555023670196533,10.989774703979492,0.9158145785331726,0.04034120962023735,2.4192376136779785,0.20160312950611115,0.5730206966400146,8.467072486877441,0.7055893540382385,0.1771121323108673,3.908804178237915,0.3257336914539337,0.0,0.0,2,2
ax_5-a-7_kv_kv-no3-colaba_06082025-000000-1_EN-OL-RC-434_1,another,another,c,21.54,22.11,0.57,0.57,another,AH N AH DH AH R,* AH N AH DH AH R * SIL,AH N AH DH AH R,1077,1106,29,-0.25608524680137634,-0.54035484790802,-0.018632926046848297,-0.9333182573318481,-11.447985649108887,-0.3947581350803375,0.00015907517808955163,1.601438283920288,0.055222008377313614,0.9471718072891235,45.77720260620117,1.5785242319107056,0.8993293642997742,28.78569793701172,0.9926102757453918,0.5938138961791992,21.744361877441406,0.7498055696487427,0.0010413695126771927,0.816568911075592,0.02815754897892475,0.8468568921089172,26.624797821044922,0.9180964827537537,0.03329114988446236,6.4273481369018555,0.2216326892375946,0.5586013197898865,20.688987731933594,0.7134133577346802,0.1664058119058609,9.878886222839355,0.3406512439250946,0.0,0.0,6,6
ax_5-a-7_kv_kv-no3-colaba_06082025-000000-1_EN-OL-RC-434_1,once,once,c,22.47,23.04,0.57,0.57,once,W AH N S,W AH N S * SIL *,W AH N S,1123,1152,29,-0.2778973877429962,-0.3372560739517212,-0.011629519984126091,-0.8349944353103638,-9.904311180114746,-0.3415279686450958,0.00011468285083537921,0.9179123640060425,0.03165214881300926,0.94395911693573,42.67280197143555,1.4714759588241577,0.891048789024353,28.86699867248535,0.9954137206077576,0.5950216054916382,22.233474731445312,0.7666715383529663,0.0010628513991832733,0.8771538734436035,0.030246686190366745,0.8409177660942078,26.894474029541016,0.9273956418037415,0.029175763949751854,7.1469855308532715,0.24644777178764343,0.5490307211875916,21.28699493408203,0.7340342998504639,0.15961912274360657,10.539436340332031,0.36342883110046387,0.0,0.0,4,4
ax_5-a-7_kv_kv-no3-colaba_06082025-000000-1_EN-OL-RC-434_1,the,the,c,23.13,23.43,0.3,0.3,the,DH AH,DH AH *,DH AH,1156,1172,16,-0.4953620433807373,-0.6601163744926453,-0.04125727340579033,-1.046489953994751,-7.015013694763184,-0.438438355922699,0.00024587931693531573,1.2070270776748657,0.07543919235467911,1.0788862705230713,26.851696014404297,1.6782310009002686,0.8109158873558044,15.745180130004883,0.9840737581253052,0.5468497276306152,11.719230651855469,0.7324519157409668,0.00047070885193534195,0.3502790331840515,0.02189243957400322,0.8127292990684509,14.560529708862305,0.910033106803894,0.015596705488860607,3.1391515731811523,0.19619697332382202,0.5068817138671875,11.132614135742188,0.6957883834838867,0.13252009451389313,5.093794822692871,0.31836217641830444,0.0,0.0,2,2
ax_5-a-7_kv_kv-no3-colaba_06082025-000000-1_EN-OL-RC-434_1,people,people,c,23.43,23.97,0.54,0.54,people,P IY P AH L,* P IY P AH L *,P IY P AH L,1171,1199,28,-0.5484487414360046,-1.4263839721679688,-0.05094228312373161,-1.3967193365097046,-16.10551643371582,-0.5751970410346985,0.0009515011915937066,3.354654550552368,0.119809091091156,1.435598611831665,54.98784637451172,1.9638516902923584,0.7920069098472595,27.446640014648438,0.9802371263504028,0.49494433403015137,19.279516220092773,0.6885541677474976,0.0001956968626473099,0.256208598613739,0.009150306694209576,0.7387795448303223,24.759075164794922,0.884252667427063,0.0030164422933012247,3.3411026000976562,0.11932509392499924,0.41576772928237915,17.92742156982422,0.6402650475502014,0.08694908022880554,7.038768291473389,0.25138458609580994,0.0,0.0,5,5
ax_5-a-7_kv_kv-no3-colaba_06082025-000000-1_EN-OL-RC-434_1,of,of,c,23.97,24.3,0.33,0.33,of,AO F,* AO F * SIL,AO F,1198,1215,17,-0.562444806098938,-1.1963424682617188,-0.07037308812141418,-1.0016695261001587,-9.069244384765625,-0.533484935760498,0.0003566207305993885,2.3351798057556152,0.1373635232448578,1.2042685747146606,31.320255279541016,1.8423680067062378,0.7870631814002991,16.536746978759766,0.9727498292922974,0.5631793737411499,12.059377670288086,0.7093751430511475,0.000620385049842298,0.22212177515029907,0.013065986335277557,0.804864764213562,15.2340087890625,0.8961181640625,0.013096308335661888,2.4192566871643066,0.14230921864509583,0.49597853422164917,11.248645782470703,0.661685049533844,0.12619343400001526,4.647270679473877,0.27336886525154114,0.0,0.0,2,2
ax_5-a-7_kv_kv-no3-colaba_06082025-000000-1_EN-OL-RC-434_1,a,a,c,24.48,24.63,0.15,0.15,a,AH,AH *,AH,1224,1232,8,-0.2640983462333679,-0.405735582113266,-0.05071694776415825,-1.0176098346710205,-5.188138484954834,-0.6485173106193542,0.0037249214947223663,1.145544409751892,0.1431930512189865,1.856654405593872,17.143478393554688,2.142934799194336,0.8962820172309875,7.839366436004639,0.9799208045005798,0.5290662050247192,5.290621757507324,0.6613277196884155,0.0003484692715574056,0.03421570360660553,0.004276962950825691,0.7872589826583862,6.972351551055908,0.8715439438819885,0.008856683038175106,0.6036078333854675,0.07545097917318344,0.47274112701416016,4.865306377410889,0.6081632971763611,0.1135595515370369,1.702112078666687,0.21276400983333588,0.0,0.0,1,1
ax_5-a-7_kv_kv-no3-colaba_06082025-000000-1_EN-OL-RC-434_1,village,village,c,24.63,25.17,0.54,0.54,village,V IH L EY JH,* W IH L IH JH * SIL *,W IH L IH JH,1231,1259,28,-0.5683923363685608,-1.7352627515792847,-0.06197366863489151,-1.4698824882507324,-13.615124702453613,-0.4862544536590576,0.0001873125584097579,3.707186222076416,0.1323995143175125,1.0349135398864746,47.6850471496582,1.7030373811721802,0.7849677205085754,27.32895278930664,0.9760340452194214,0.5112742781639099,20.345672607421875,0.7266311645507812,0.0002579345600679517,0.6167579293251038,0.022027069702744484,0.728158712387085,25.275390625,0.9026924967765808,0.0023824016097933054,5.309508800506592,0.1896253079175949,0.4044398069381714,19.157957077026367,0.6842127442359924,0.08231547474861145,8.670680046081543,0.3096671402454376,5.670001556780914,2.0,5,5
ax_5-a-7_kv_kv-no3-colaba_06082025-000000-1_EN-OL-RC-434_1,wanted,wanted,c,25.47,26.07,0.6,0.6,wanted,W AO N T EH D,W AO N T IH D *,W AO N T IH D,1273,1304,31,-0.49755915999412537,-1.2274503707885742,-0.03959517180919647,-1.2611526250839233,-13.194616317749023,-0.4256327748298645,0.00016804903862066567,2.6430306434631348,0.08525905013084412,1.0245680809020996,49.828819274902344,1.6073812246322632,0.8101282119750977,30.522350311279297,0.9845919609069824,0.4966452121734619,23.014934539794922,0.7424172163009644,0.0002014073688769713,0.7749882340431213,0.024999620392918587,0.7465304732322693,28.2816162109375,0.9123101830482483,0.003583302954211831,6.6580281257629395,0.21477510035037994,0.42427361011505127,21.851648330688477,0.7048918604850769,0.09056289494037628,10.31269645690918,0.33266761898994446,5.484904031598004,1.0,6,6
ax_5-a-7_kv_kv-no3-colaba_06082025-000000-1_EN-OL-RC-434_1,to,to,c,26.07,26.25,0.18,0.18,to,T UW,* T UW *,T UW,1303,1313,10,-0.024050138890743256,-0.0357152596116066,-0.003571525914594531,-0.6117251515388489,-3.8630728721618652,-0.3863072991371155,0.0002997350529767573,0.2020217776298523,0.02020217850804329,1.069905400276184,16.349628448486328,1.634962797164917,0.9902689456939697,9.985536575317383,0.9985536336898804,0.6372160911560059,7.4402055740356445,0.7440205812454224,0.0021691564470529556,0.21040548384189606,0.021040547639131546,0.8750025629997253,9.187236785888672,0.9187237024307251,0.06221640482544899,1.9585319757461548,0.19585320353507996,0.6079182624816895,7.085970878601074,0.7085970640182495,0.20560644567012787,3.242960214614868,0.3242960274219513,0.0,0.0,2,2
ax_5-a-7_kv_kv-no3-colaba_06082025-000000-1_EN-OL-RC-434_1,hold,hole,s,26.25,26.58,0.33,0.33,hole,HH OW L D,* HH OW L D *,HH OW L D,1312,1329,17,-0.18741197884082794,-0.3670594096183777,-0.021591730415821075,-0.7311604619026184,-7.575997829437256,-0.4456469416618347,0.00023684163170401007,1.161588430404663,0.06832873076200485,1.090788722038269,28.98411750793457,1.7049480676651,0.9256964325904846,16.853515625,0.9913832545280457,0.587408185005188,12.419873237609863,0.7305808067321777,0.0009344793506897986,0.3369472920894623,0.019820429384708405,0.8444891571998596,15.457319259643555,0.9092540740966797,0.03158510848879814,3.081144094467163,0.18124377727508545,0.5547541975975037,11.737370491027832,0.6904335618019104,0.1636478155851364,5.233526706695557,0.3078545033931732,0.0,0.0,4,4
ax_5-a-7_kv_kv-no3-colaba_06082025-000000-1_EN-OL-RC-434_1,their,their,c,26.58,26.94,0.36,0.36,their,DH EY AH R,* DH EY R *,DH EY R,1329,1347,18,-0.05900158733129501,-0.19657638669013977,-0.01092091016471386,-0.8848686218261719,-8.501801490783691,-0.4723223149776459,0.00037093699211254716,0.8863515853881836,0.04924175515770912,1.0147120952606201,32.582759857177734,1.8101533651351929,0.9762309789657593,17.920642852783203,0.9955912828445435,0.5842283964157104,12.860953330993652,0.7144973874092102,0.0008855658234097064,0.2822956144809723,0.015683090314269066,0.8236494660377502,16.243087768554688,0.9023937582969666,0.019879309460520744,2.832017421722412,0.15733429789543152,0.5226106643676758,12.139593124389648,0.6744218468666077,0.14212504029273987,5.174464702606201,0.2874702513217926,3.47386705940546,1.0,4,3
ax_5-a-7_kv_kv-no3-colaba_06082025-000000-1_EN-OL-RC-434_1,temple,temple,c,26.94,27.39,0.45,0.45,temple,T EH M P AH L,* T EH M P AH L *,T EH M P AH L,1347,1370,23,-0.04353347793221474,-0.1130748763680458,-0.004916299134492874,-0.9347397685050964,-9.369070053100586,-0.4073508679866791,0.000146137856063433,0.639679491519928,0.027812151238322258,1.014433741569519,37.5693359375,1.6334494352340698,0.9824284315109253,22.954246520996094,0.9980106949806213,0.5679468512535095,17.028162002563477,0.7403548955917358,0.0006724634440615773,0.5870057940483093,0.02552199177443981,0.811279296875,21.01374053955078,0.9136409163475037,0.015102277509868145,4.885650157928467,0.2124195694923401,0.5048456788063049,16.213897705078125,0.7049520611763,0.13131850957870483,7.620431900024414,0.33132311701774597,0.0,0.0,6,6
ax_5-a-7_kv_kv-no3-colaba_06082025-000000-1_EN-OL-RC-434_1,festival,festivals,s,27.39,28.11,0.72,0.72,festivals,F EH S T IH V AH L,* F EH S T IH W AH L Z * SIL *,F EH S T IH W AH L Z,1369,1406,37,-0.36721107363700867,-1.1875865459442139,-0.03209693357348442,-1.156057357788086,-16.39470863342285,-0.443100243806839,0.00011153637751704082,3.0919511318206787,0.08356624841690063,0.9273097515106201,60.985145568847656,1.6482471227645874,0.8576099276542664,36.53293991088867,0.9873767495155334,0.5320152044296265,27.294692993164062,0.7376943826675415,0.0003662856761366129,0.9149965643882751,0.024729637429118156,0.7770247459411621,33.66661834716797,0.9099085927009583,0.007055394351482391,7.492356300354004,0.20249611139297485,0.4599131941795349,25.795730590820312,0.6971818804740906,0.10705193132162094,11.939570426940918,0.32269108295440674,3.842118567835623,2.0,8,9
ax_5-a-7_kv_kv-no3-colaba_06082025-000000-1_EN-OL-RC-434_1,the,the,c,28.47,28.59,0.12,0.12,the,DH AH,DH AH *,DH AH,1423,1430,7,-0.039041485637426376,-0.08284197747707367,-0.011834568344056606,-0.7059472799301147,-3.3623275756835938,-0.48033252358436584,0.0003868312342092395,0.3924253582954407,0.05606076493859291,1.0591355562210083,12.428062438964844,1.7754374742507935,0.9842327237129211,6.96651554107666,0.9952164888381958,0.6118460893630981,5.045461654663086,0.7207802534103394,0.0014125664019957185,0.14544330537319183,0.020777614787220955,0.8534502983093262,6.317624092102051,0.9025177359580994,0.038543231785297394,1.190119981765747,0.17001713812351227,0.569543719291687,4.738327980041504,0.676904022693634,0.17447611689567566,2.069819450378418,0.2956884801387787,0.0,0.0,2,2
ax_5-a-7_kv_kv-no3-colaba_06082025-000000-1_EN-OL-RC-434_1,festival,festivals,s,28.59,29.37,0.78,0.78,festivals,F EH S T IH V AH L,* F EH S T IH W AH L Z * SIL *,F EH S T IH W AH L Z,1429,1469,40,-0.43459630012512207,-1.155495285987854,-0.02888738177716732,-1.3468718528747559,-17.55492401123047,-0.4388731122016907,0.00011535797239048406,3.135261058807373,0.07838152348995209,0.9683429598808289,66.53395080566406,1.6633487939834595,0.8328704833984375,39.546424865722656,0.9886606335639954,0.5007840394973755,29.355363845825195,0.7338840961456299,0.0002160084986826405,0.9020894765853882,0.022552236914634705,0.7433671355247498,36.35776138305664,0.9089440107345581,0.003340107621625066,7.997854232788086,0.1999463587999344,0.42077702283859253,27.84202766418457,0.6960507035255432,0.08906306326389313,12.825782775878906,0.3206445574760437,3.842118567835623,2.0,8,9
ax_5-a-7_kv_kv-no3-colaba_06082025-000000-1_EN-OL-RC-434_1,could,could,c,29.52,29.82,0.3,0.3,could,K UH D,K UH D * SIL,K UH D,1476,1491,15,-0.07426129281520844,-0.17168156802654266,-0.01144543755799532,-0.8347474932670593,-6.977170944213867,-0.46514472365379333,0.00027774510090239346,0.7753793001174927,0.05169195309281349,1.159490942955017,26.579593658447266,1.771972894668579,0.9701403379440308,14.930809020996094,0.9953872561454773,0.5538001656532288,10.79719066619873,0.7198126912117004,0.000529407465364784,0.25101497769355774,0.016734331846237183,0.8217129707336426,13.557390213012695,0.9038259983062744,0.01904214918613434,2.520108699798584,0.1680072396993637,0.5197690725326538,10.19035530090332,0.6793569922447205,0.1403467357158661,4.4305620193481445,0.29537078738212585,0.0,0.0,3,3
ax_5-a-7_kv_kv-no3-colaba_06082025-000000-1_EN-OL-RC-434_1,not,not,c,30.15,30.57,0.42,0.42,not,N AO T,N AO T *,N AO T,1507,1529,22,-0.4325083792209625,-0.5508413314819336,-0.02503824234008789,-1.0153672695159912,-8.617546081542969,-0.391706645488739,0.00014483359700534493,1.2202627658843994,0.055466488003730774,0.976818859577179,34.50129318237305,1.5682406425476074,0.8336308002471924,21.785808563232422,0.9902639985084534,0.6058603525161743,16.525676727294922,0.7511671185493469,0.001276609255000949,0.601533830165863,0.02734244614839554,0.8321890234947205,20.21597671508789,0.9189080595970154,0.024032510817050934,4.9041337966918945,0.2229151725769043,0.5354255437850952,15.736099243164062,0.7152772545814514,0.15038961172103882,7.524267196655273,0.3420121371746063,0.0,0.0,3,3
ax_5-a-7_kv_kv-no3-colaba_06082025-000000-1_EN-OL-RC-434_1,start,start,c,30.57,31.05,0.48,0.48,start,S T AA R T,* S T AA R T * SIL *,S T AA R T,1528,1553,25,-0.46822109818458557,-0.5363852381706238,-0.02145540900528431,-0.9998266100883484,-10.079032897949219,-0.40316131711006165,0.00012548269296530634,1.0885775089263916,0.043543100357055664,0.9590427875518799,40.486061096191406,1.6194424629211426,0.8206806182861328,24.793067932128906,0.9917227029800415,0.6052974462509155,18.628307342529297,0.7451322674751282,0.001264518010430038,0.6142522692680359,0.02457009069621563,0.8408287167549133,22.91739845275879,0.9166959524154663,0.029118100181221962,5.18050479888916,0.207220196723938,0.54888916015625,17.703310012817383,0.7081323862075806,0.15952059626579285,8.255852699279785,0.3302341103553772,0.0,0.0,5,5
ax_5-a-7_kv_kv-no3-colaba_06082025-000000-1_EN-OL-RC-434_1,till,till,c,31.5,31.83,0.33,0.33,till,T IH L,T IH L * SIL *,T IH L,1575,1592,17,-0.5291149020195007,-0.7138906121253967,-0.04199356585741043,-1.0313799381256104,-7.783794403076172,-0.4578702449798584,0.00015397649258375168,1.4259274005889893,0.08387808501720428,0.989113986492157,29.083637237548828,1.7108021974563599,0.7988643646240234,16.72446060180664,0.9837918281555176,0.5869925618171692,12.362409591674805,0.7272005677223206,0.0009279348887503147,0.3786894381046295,0.022275850176811218,0.8282881379127502,15.418771743774414,0.9069865942001343,0.02203737199306488,3.205394744873047,0.1885526329278946,0.5295131206512451,11.709083557128906,0.6887696385383606,0.14652618765830994,5.2896881103515625,0.31115812063217163,0.0,0.0,3,3
ax_5-a-7_kv_kv-no3-colaba_06082025-000000-1_EN-OL-RC-434_1,the,the,c,31.86,32.01,0.15,0.15,the,DH AH,DH AH *,DH AH,1593,1601,8,-0.020264727994799614,-0.03270824998617172,-0.004088531248271465,-0.7948751449584961,-3.550764799118042,-0.44384559988975525,0.0002176114358007908,0.20371922850608826,0.025464903563261032,1.104181170463562,13.879494667053223,1.7349368333816528,0.9917967319488525,7.986749649047852,0.9983437061309814,0.5790818929672241,5.815586090087891,0.7269482612609863,0.0008117668330669403,0.1627778559923172,0.02034723199903965,0.8332406878471375,7.258736610412598,0.9073420763015747,0.024600647389888763,1.457105278968811,0.18213815987110138,0.5370368957519531,5.5033721923828125,0.6879215240478516,0.1514577716588974,2.456960678100586,0.30712008476257324,0.0,0.0,2,2
ax_5-a-7_kv_kv-no3-colaba_06082025-000000-1_EN-OL-RC-434_1,temple,temple,c,32.01,32.58,0.57,0.57,temple,T EH M P AH L,* T EH M P AH L * SIL,T EH M P AH L,1600,1629,29,-0.1044575423002243,-0.39807990193367004,-0.01372689288109541,-0.9706299901008606,-12.972103118896484,-0.44731390476226807,0.0001387977972626686,1.7389620542526245,0.05996420979499817,1.0205435752868652,48.73394775390625,1.68048095703125,0.9581565260887146,28.83957862854004,0.9944682121276855,0.559360921382904,21.2506046295166,0.7327794432640076,0.0005815976182930171,0.6779609322547913,0.02337796241044998,0.8030816316604614,26.319244384765625,0.9075601696968079,0.012587595731019974,5.718268394470215,0.19718167185783386,0.493553102016449,20.075294494628906,0.6922515630722046,0.12482161074876785,9.198938369750977,0.3172047734260559,0.0,0.0,6,6
ax_5-a-7_kv_kv-no3-colaba_06082025-000000-1_EN-OL-RC-434_1,flag,flag,c,32.88,33.24,0.36,0.36,flag,F L AE G,F L AE G *,F L AE G,1644,1662,18,-0.03803132474422455,-0.08578550815582275,-0.004765861667692661,-0.902022659778595,-7.53140115737915,-0.41841116547584534,0.00018490558431949466,0.4819847047328949,0.026776928454637527,1.0864988565444946,30.366222381591797,1.6870123147964478,0.9846387505531311,17.96528434753418,0.9980713725090027,0.5577926635742188,13.184712409973145,0.7324840426445007,0.0005663791089318693,0.387965589761734,0.0215536430478096,0.8120454549789429,16.403867721557617,0.911325991153717,0.015361536294221878,3.500593423843384,0.1944774091243744,0.5059200525283813,12.548851013183594,0.6971583962440491,0.13195134699344635,5.726000785827637,0.3181111514568329,0.0,0.0,4,4
ax_5-a-7_kv_kv-no3-colaba_06082025-000000-1_EN-OL-RC-434_1,was,was,c,33.24,33.54,0.3,0.3,was,W AO Z,* W AO Z *,W AO Z,1662,1677,15,-0.4555400311946869,-0.9746696949005127,-0.0649779811501503,-0.8686689138412476,-6.7618536949157715,-0.45079025626182556,9.063399193109944e-05,1.682727575302124,0.11218183487653732,0.9190706610679626,24.519847869873047,1.634656548500061,0.8252658247947693,14.62356948852539,0.9749046564102173,0.52308189868927,11.073424339294434,0.7382282614707947,0.0003149338881485164,0.3925209641456604,0.026168065145611763,0.8099328875541687,13.664921760559082,0.9109947681427002,0.014657185412943363,3.0864386558532715,0.205762580037117,0.5029656291007996,10.485274314880371,0.6990182995796204,0.1302172690629959,4.8801398277282715,0.32534265518188477,0.0,0.0,3,3
ax_5-a-7_kv_kv-no3-colaba_06082025-000000-1_EN-OL-RC-434_1,put,put,c,33.54,33.84,0.3,0.3,put,P UH T,* P UH T *,P UH T,1677,1693,16,-0.5393786430358887,-1.1074604988098145,-0.0692162811756134,-1.0180485248565674,-6.873480796813965,-0.4295925498008728,0.00017773592844605446,1.578303575515747,0.09864397346973419,1.0584248304367065,25.73906135559082,1.6086913347244263,0.7952197790145874,15.578547477722168,0.9736592173576355,0.6249650716781616,11.951275825500488,0.7469547390937805,0.0017633415991440415,0.3565561771392822,0.02228476107120514,0.8433699607849121,14.661179542541504,0.916323721408844,0.030809400603175163,3.193915605545044,0.19961972534656525,0.5529504418373108,11.29288387298584,0.705805242061615,0.16236862540245056,5.1989874839782715,0.32493671774864197,0.0,0.0,3,3
ax_5-a-7_kv_kv-no3-colaba_06082025-000000-1_EN-OL-RC-434_1,up,up,c,33.87,34.17,0.3,0.3,up,AH P,* AH P * SIL *,AH P,1693,1709,16,-0.07718317210674286,-0.19990861415863037,-0.012494288384914398,-0.7836589813232422,-6.672786712646484,-0.4170491695404053,0.0002338030462851748,0.8183466196060181,0.05114666372537613,1.1420934200286865,26.545747756958008,1.6591092348098755,0.9689768552780151,15.919440269470215,0.9949650168418884,0.5691264867782593,11.823501586914062,0.7389688491821289,0.0006860097055323422,0.31280964612960815,0.01955060288310051,0.8326756358146667,14.623088836669922,0.9139430522918701,0.02429373189806938,3.0327186584472656,0.1895449161529541,0.5361701846122742,11.199161529541016,0.6999475955963135,0.15088240802288055,5.066643714904785,0.3166652321815491,0.0,0.0,2,2
ax_5-a-7_kv_kv-no3-colaba_06082025-000000-1_EN-OL-RC-434_1,the,the,c,34.23,34.47,0.24,0.24,the,DH AH,DH AH * SIL,DH AH,1711,1724,13,-0.29415658116340637,-0.42639175057411194,-0.0327993668615818,-0.9229162335395813,-6.123685359954834,-0.47105270624160767,0.0002853881160262972,1.099239468574524,0.08455688506364822,1.100907325744629,22.560810089111328,1.7354469299316406,0.8849056959152222,12.831811904907227,0.9870624542236328,0.5448050498962402,9.400444030761719,0.723111093044281,0.00045471417251974344,0.26175180077552795,0.020134754478931427,0.8057480454444885,11.745656967163086,0.9035120606422424,0.013355845585465431,2.3839921951293945,0.1833840161561966,0.49718624353408813,8.878092765808105,0.6829302310943604,0.12688125669956207,3.9696357250213623,0.30535659193992615,0.0,0.0,2,2
ax_5-a-7_kv_kv-no3-colaba_06082025-000000-1_EN-OL-RC-434_1,temple,temple,c,34.53,35.1,0.57,0.57,temple,T EH M P AH L,T EH M P AH L *,T EH M P AH L,1726,1755,29,-0.05897970870137215,-0.15417364239692688,-0.005316332448273897,-0.9605442881584167,-10.505636215209961,-0.3622633218765259,0.00013214848877396435,0.7380346059799194,0.025449469685554504,0.9631146788597107,44.088409423828125,1.5202900171279907,0.9762397408485413,28.937774658203125,0.9978542923927307,0.5646443367004395,21.943857192993164,0.7566847205162048,0.0006359430844895542,0.9256094694137573,0.03191756829619408,0.8071872591972351,26.737598419189453,0.9219861626625061,0.013789809308946133,7.096650123596191,0.24471206963062286,0.49916303157806396,21.029388427734375,0.7251513004302979,0.12801401317119598,10.396013259887695,0.358483225107193,0.0,0.0,6,6
ax_5-a-7_kv_kv-no3-colaba_06082025-000000-1_EN-OL-RC-434_1,had,had,c,35.1,35.46,0.36,0.36,had,HH AE D,* HH EH D *,HH EH D,1755,1773,18,-0.653212308883667,-0.8919137716293335,-0.04955076426267624,-1.295762300491333,-8.318105697631836,-0.4621169865131378,0.00015804827853571624,1.706160545349121,0.09478669613599777,0.9955424666404724,30.124095916748047,1.6735608577728271,0.7554193139076233,17.65945816040039,0.9810810089111328,0.5321007370948792,13.181900978088379,0.7323278188705444,0.0003668158606160432,0.42220568656921387,0.023455871269106865,0.7809799909591675,16.319517135620117,0.906639814376831,0.0077034467831254005,3.559955596923828,0.19777530431747437,0.4648149609565735,12.452483177185059,0.6918046474456787,0.1095009371638298,5.714303970336914,0.3174613416194916,3.4554327829412066,1.0,3,3
ax_5-a-7_kv_kv-no3-colaba_06082025-000000-1_EN-OL-RC-434_1,the,the,c,35.46,35.61,0.15,0.15,the,DH AH,DH AH *,DH AH,1773,1781,8,-0.10382696241140366,-0.12336760759353638,-0.015420950949192047,-0.8591076731681824,-3.882636308670044,-0.4853295385837555,0.0002665469655767083,0.4679964780807495,0.05849955976009369,1.118797779083252,14.291930198669434,1.7864912748336792,0.9584058523178101,7.950483798980713,0.9938104748725891,0.5563632249832153,5.7251739501953125,0.7156467437744141,0.0005528543842956424,0.15892183780670166,0.019865229725837708,0.8183744549751282,7.197762489318848,0.899720311164856,0.017680851742625237,1.3980653285980225,0.1747581660747528,0.5149240493774414,5.3983988761901855,0.6747998595237732,0.1373589038848877,2.3750622272491455,0.2968827784061432,0.0,0.0,2,2
ax_5-a-7_kv_kv-no3-colaba_06082025-000000-1_EN-OL-RC-434_1,flag,flag,c,35.61,36.18,0.57,0.57,flag,F L AE G,* F L AE G *,F L AE G,1780,1809,29,-0.170391246676445,-0.41290515661239624,-0.01423810888081789,-0.843134880065918,-12.05792236328125,-0.4157904386520386,0.00017597000987734646,1.4638831615447998,0.0504787303507328,0.995876669883728,47.726646423339844,1.6457464694976807,0.9323018193244934,28.83466339111328,0.9942987561225891,0.5838083028793335,21.465129852294922,0.7401769161224365,0.0008792988955974579,0.6770528554916382,0.02334664948284626,0.8289955854415894,26.50359344482422,0.9139170050621033,0.022386474534869194,5.801482677459717,0.20005112886428833,0.5305779576301575,20.36249542236328,0.7021549940109253,0.14721553027629852,9.383325576782227,0.32356294989585876,0.0,0.0,4,4
ax_5-a-7_kv_kv-no3-colaba_06082025-000000-1_EN-OL-RC-434_1,but,but,c,36.18,36.45,0.27,0.27,but,B AH T,B AH T *,B AH T,1809,1823,14,-0.019888535141944885,-0.04333361238241196,-0.0030952580273151398,-0.6452693939208984,-4.830470561981201,-0.3450336158275604,0.00012837557005696,0.23758071660995483,0.01697005145251751,0.9962751865386963,21.06247329711914,1.5044623613357544,0.9919487237930298,13.982450485229492,0.9987464547157288,0.6209126710891724,10.667773246765137,0.7619838118553162,0.0016465741209685802,0.4245108366012573,0.030322203412652016,0.863366425037384,12.964567184448242,0.926040530204773,0.04804282635450363,3.358285903930664,0.23987756669521332,0.5866763591766357,10.220553398132324,0.7300395369529724,0.18781106173992157,5.016390323638916,0.35831359028816223,0.0,0.0,3,3
ax_5-a-7_kv_kv-no3-colaba_06082025-000000-1_EN-OL-RC-434_1,no,no,c,36.45,36.87,0.42,0.42,no,N OW,* N OW * SIL *,N OW,1822,1844,22,-0.21074987947940826,-0.4740484356880188,-0.021547656506299973,-0.8791625499725342,-8.959136962890625,-0.40723350644111633,0.00010094375465996563,1.3282302618026733,0.06037410348653793,0.9193100929260254,35.87305450439453,1.6305934190750122,0.9166849851608276,21.811843872070312,0.9914474487304688,0.6279119253158569,16.33769989013672,0.7426227331161499,0.0018534213304519653,0.492450475692749,0.02238411270081997,0.8442466259002686,20.15431785583496,0.916105329990387,0.03141538426280022,4.391865253448486,0.1996302455663681,0.5543625950813293,15.518232345581055,0.7053741812705994,0.1633693277835846,7.147911548614502,0.32490506768226624,0.0,0.0,2,2
ax_5-a-7_kv_kv-no3-colaba_06082025-000000-1_EN-OL-RC-434_1,flagpost,flagpost,c,37.08,37.83,0.75,0.75,flagpost,F L AE G P OW S T,F L AE T P OW S T *,F L AE T P OW S T,1853,1892,39,-0.5453763008117676,-1.5810023546218872,-0.040538523346185684,-1.2527801990509033,-22.09664535522461,-0.5665806531906128,0.0004669488698709756,4.934549331665039,0.12652690708637238,1.1132231950759888,74.03785705566406,1.8984066247940063,0.7930944561958313,38.378273010253906,0.9840582609176636,0.49269068241119385,27.25957679748535,0.6989635229110718,0.0001883793156594038,0.514545202255249,0.013193466700613499,0.7421318292617798,34.58761215209961,0.8868618607521057,0.0032496852800250053,5.316954612731934,0.136332169175148,0.41942107677459717,25.25935173034668,0.6476756930351257,0.08848684281110764,10.287879943847656,0.2637917995452881,5.48942776756404,1.0,8,8
ks_5-d-39_kv_kv-no1-afs-jalahalli_22082024-000000-1_EN-OL-RC-423_2,and,and,c,1.02,1.38,0.36,0.36,and,AE N D,AE N D * SIL *,AE N D,51,69,18,-0.39881542325019836,-0.5322024822235107,-0.029566803947091103,-0.8631824254989624,-7.4612579345703125,-0.41451433300971985,9.158776811091229e-05,1.2683026790618896,0.07046125829219818,0.8468974232673645,28.669313430786133,1.5927395820617676,0.845954954624176,17.792076110839844,0.9884486794471741,0.6039760112762451,13.478793144226074,0.7488218545913696,0.0012365792645141482,0.4788830876350403,0.02660461515188217,0.8454245924949646,16.496511459350586,0.916472852230072,0.032248422503471375,3.801074266433716,0.21117079257965088,0.5562690496444702,12.752463340759277,0.7084701657295227,0.16472895443439484,5.989129066467285,0.33272939920425415,0.0,0.0,3,3
ks_5-d-39_kv_kv-no1-afs-jalahalli_22082024-000000-1_EN-OL-RC-423_2,even,even,c,1.41,2.07,0.66,0.66,even,IY V EH N,IY W EH N * SIL *,IY W EH N,70,104,34,-0.35073530673980713,-0.4855600595474243,-0.014281177893280983,-1.1724908351898193,-12.718181610107422,-0.374064177274704,0.0001698843261692673,1.3324719667434692,0.03919035196304321,0.9894811511039734,53.237342834472656,1.5658042430877686,0.8637222647666931,33.809226989746094,0.9943890571594238,0.5275942087173462,25.577362060546875,0.7522753477096558,0.0003399031120352447,0.7974560260772705,0.023454589769244194,0.7790588736534119,31.301549911499023,0.9206337928771973,0.0073815686628222466,7.425787925720215,0.21840552985668182,0.4624255299568176,24.40899085998535,0.7179114818572998,0.10830139368772507,11.578927993774414,0.34055671095848083,0.9849852141771962,1.0,4,4
ks_5-d-39_kv_kv-no1-afs-jalahalli_22082024-000000-1_EN-OL-RC-423_2,though,though,c,2.13,2.46,0.33,0.33,though,DH OW,DH OW,DH OW,106,123,17,-0.09815479815006256,-0.10432013869285583,-0.00613647885620594,-1.0616968870162964,-6.373671054840088,-0.3749218285083771,0.00020932088955305517,0.4075380265712738,0.023972824215888977,0.9954884052276611,27.08594512939453,1.59329092502594,0.9606503844261169,16.958148956298828,0.997538149356842,0.5331934690475464,12.655344009399414,0.7444319725036621,0.00037365593016147614,0.44755449891090393,0.026326734572649002,0.7842879295349121,15.604419708251953,0.9179070591926575,0.008290930651128292,3.8240902423858643,0.22494648396968842,0.46896809339523315,12.156723976135254,0.715101420879364,0.1116122379899025,5.830947399139404,0.34299689531326294,0.0,0.0,2,2
ks_5-d-39_kv_kv-no1-afs-jalahalli_22082024-000000-1_EN-OL-RC-423_2,the,the,c,2.46,2.61,0.15,0.15,the,DH AH,* SIL *,,123,131,8,-0.42280399799346924,-0.4447995722293854,-0.05559994652867317,-1.072066068649292,-4.3723907470703125,-0.5465488433837891,0.0005715293809771538,0.8081483840942383,0.10101854801177979,1.5262794494628906,15.734636306762695,1.966829538345337,0.8371698260307312,7.828250885009766,0.9785313606262207,0.5941678285598755,5.518563270568848,0.689820408821106,0.0010476193856447935,0.06060776114463806,0.007575970143079758,0.8168260455131531,7.126564025878906,0.8908205032348633,0.017082931473851204,0.9037226438522339,0.11296533048152924,0.512699544429779,5.169658660888672,0.646207332611084,0.13600556552410126,2.004274368286133,0.2505342960357666,,,2,0
ks_5-d-39_kv_kv-no1-afs-jalahalli_22082024-000000-1_EN-OL-RC-423_2,parrot,parrot,c,2.73,3.36,0.63,0.63,parrot,P AE R AH T,P R EH T * SIL *,P R EH T,136,168,32,-0.1624435931444168,-0.5796236395835876,-0.018113238736987114,-1.088770866394043,-13.21484661102295,-0.41296395659446716,0.00014878896763548255,2.081097364425659,0.06503429263830185,1.0268738269805908,51.16259002685547,1.5988309383392334,0.9353959560394287,31.76780128479004,0.9927437901496887,0.5512421131134033,23.87268829345703,0.7460215091705322,0.0005069979233667254,0.8409826755523682,0.026280708611011505,0.7817271947860718,29.269084930419922,0.9146589040756226,0.007832403294742107,6.894736289978027,0.21546050906181335,0.46574878692626953,22.633291244506836,0.7072903513908386,0.10997272282838821,10.696757316589355,0.33427366614341736,6.581618743136389,2.0,5,4
ks_5-d-39_kv_kv-no1-afs-jalahalli_22082024-000000-1_EN-OL-RC-423_2,is,<eps>,d,,,,,,IH Z,,,,,,,,,,,,,,,,,,,,,,,,,,,,,,,,,,,,,,,,,,
ks_5-d-39_kv_kv-no1-afs-jalahalli_22082024-000000-1_EN-OL-RC-423_2,usually,usually,c,3.51,4.35,0.84,0.84,usually,Y UH JH UH AH L IY,Y UH JH UH AH L IY * SIL *,Y UH JH UH AH L IY,175,218,43,-0.7060801386833191,-1.5467432737350464,-0.0359707735478878,-1.4752144813537598,-22.781686782836914,-0.5298066735267639,0.000522100308444351,3.7284095287323,0.08670719712972641,1.3204997777938843,82.25836944580078,1.9129853248596191,0.7373161315917969,42.40372848510742,0.9861332178115845,0.4097723364830017,29.873397827148438,0.6947301626205444,4.6333298087120056e-05,0.4466312527656555,0.010386773385107517,0.6860509514808655,38.27531433105469,0.8901236057281494,0.0009348003659397364,5.791097640991211,0.13467669486999512,0.36283808946609497,28.097244262695312,0.6534242630004883,0.06692326813936234,11.431173324584961,0.2658412456512451,0.0,0.0,7,7
ks_5-d-39_kv_kv-no1-afs-jalahalli_22082024-000000-1_EN-OL-RC-423_2,found,found,c,4.8,5.25,0.45,0.45,found,F AW N D,F AW N D *,F AW N D,240,263,23,-0.09521298855543137,-0.14306765794754028,-0.006220332812517881,-0.8148042559623718,-8.44571304321289,-0.3672049045562744,0.00017574559024069458,0.6067051887512207,0.026378486305475235,0.9984386563301086,36.11248016357422,1.5701078176498413,0.9618157744407654,22.942420959472656,0.9974965453147888,0.5617223381996155,17.312461853027344,0.7527157068252563,0.000605288427323103,0.5407288670539856,0.023509951308369637,0.8268876075744629,21.20781707763672,0.9220790266990662,0.021362194791436195,4.948397636413574,0.2151477187871933,0.5274146795272827,16.5283145904541,0.7186223864555359,0.14517579972743988,7.803382873535156,0.3392775058746338,0.0,0.0,4,4
ks_5-d-39_kv_kv-no1-afs-jalahalli_22082024-000000-1_EN-OL-RC-423_2,in,in,c,5.25,5.46,0.21,0.21,in,IH N,* AE N *,AE N,262,273,11,-0.4111132025718689,-0.5895054340362549,-0.05359140411019325,-1.3738409280776978,-6.51593017578125,-0.5923572778701782,0.0004196415247861296,1.5167099237442017,0.13788272440433502,1.1000477075576782,21.49091911315918,1.953719973564148,0.841444730758667,10.769608497619629,0.9790553450584412,0.4876013994216919,7.55466365814209,0.6867876052856445,0.00017284485511481762,0.13883742690086365,0.012621584348380566,0.7317845225334167,9.694683074951172,0.8813348412513733,0.0025822625029832125,1.4039862155914307,0.12763510644435883,0.40826570987701416,7.015748977661133,0.6377953886985779,0.08385802060365677,2.8033313751220703,0.25484830141067505,6.639218205053229,1.0,2,2
ks_5-d-39_kv_kv-no1-afs-jalahalli_22082024-000000-1_EN-OL-RC-423_2,hot,hot,c,5.46,5.85,0.39,0.39,hot,HH AO T,* HH AO T *,HH AO T,273,293,20,-0.45951178669929504,-0.5342769622802734,-0.026713848114013672,-1.1235933303833008,-7.986554145812988,-0.39932769536972046,0.00014696581638418138,1.068770408630371,0.053438521921634674,0.9159289598464966,31.941558837890625,1.5970779657363892,0.8238282799720764,19.79356575012207,0.9896782636642456,0.5733426809310913,14.954629898071289,0.7477315068244934,0.0007366974605247378,0.518044114112854,0.02590220607817173,0.8052378296852112,18.353992462158203,0.9176996350288391,0.013205300085246563,4.253367900848389,0.21266838908195496,0.496488094329834,14.224056243896484,0.7112028002738953,0.1264832317829132,6.695095062255859,0.3347547650337219,0.0,0.0,3,3
ks_5-d-39_kv_kv-no1-afs-jalahalli_22082024-000000-1_EN-OL-RC-423_2,countries,countries,c,5.85,6.66,0.81,0.81,countries,K AH N T R IY Z,* K AH N T R IY Z * SIL *,K AH N T R IY Z,292,333,41,-0.10824093967676163,-0.2613741159439087,-0.006374978460371494,-0.9992750287055969,-14.411355018615723,-0.35149645805358887,0.0001311079104198143,1.1107228994369507,0.027090802788734436,0.9476626515388489,61.7819938659668,1.5068778991699219,0.9566612839698792,40.894832611083984,0.9974349141120911,0.5440479516983032,31.20966339111328,0.7612112760543823,0.00044893001904711127,1.169708490371704,0.028529474511742592,0.7955774068832397,37.9180908203125,0.9248315095901489,0.010654556564986706,9.745805740356445,0.23770257830619812,0.48352742195129395,29.859004974365234,0.7282683849334717,0.11928430199623108,14.595224380493164,0.35598108172416687,0.0,0.0,7,7
ks_5-d-39_kv_kv-no1-afs-jalahalli_22082024-000000-1_EN-OL-RC-423_2,it,it,c,6.75,6.96,0.21,0.21,it,IH T,IH T *,IH T,337,348,11,-0.13380199670791626,-0.15780271589756012,-0.014345701783895493,-0.6935310959815979,-4.381782054901123,-0.3983438313007355,0.0002256825682707131,0.5322123765945435,0.048382941633462906,1.1451326608657837,17.533464431762695,1.5939513444900513,0.9465969204902649,10.936871528625488,0.9942610263824463,0.6074590682983398,8.248246192932129,0.7498405575752258,0.0013115860056132078,0.2638132572174072,0.023983024060726166,0.8539347648620605,10.099053382873535,0.9180957674980164,0.03896036744117737,2.299729824066162,0.20906634628772736,0.5703614950180054,7.819674491882324,0.7108795046806335,0.17509295046329498,3.6547465324401855,0.3322496712207794,0.0,0.0,2,2
ks_5-d-39_kv_kv-no1-afs-jalahalli_22082024-000000-1_EN-OL-RC-423_2,can,can,c,6.96,7.23,0.27,0.27,can,K AE N,K AE N *,K AE N,348,362,14,-0.10046614706516266,-0.1786743849515915,-0.012762456201016903,-0.7809382081031799,-5.721212387084961,-0.4086580276489258,0.00022158745559863746,0.7257758975028992,0.0518411360681057,1.0382306575775146,22.55236053466797,1.6108828783035278,0.9597353935241699,13.928074836730957,0.9948624968528748,0.6430638432502747,10.459087371826172,0.7470776438713074,0.002394571667537093,0.34945255517959595,0.024960896000266075,0.8557045459747314,12.830710411071777,0.9164792895317078,0.040522802621126175,2.8699393272399902,0.20499566197395325,0.5733650922775269,9.898682594299316,0.707048773765564,0.1773751825094223,4.600196361541748,0.3285854458808899,0.0,0.0,3,3
ks_5-d-39_kv_kv-no1-afs-jalahalli_22082024-000000-1_EN-OL-RC-423_2,manage,manage,c,7.23,7.92,0.69,0.69,manage,M AE N EH JH,* M AE N IH JH *,M AE N IH JH,361,396,35,-0.07893984764814377,-0.2675042152404785,-0.0076429774053394794,-0.8841120600700378,-12.279234886169434,-0.35083529353141785,0.00011664458725135773,1.1285746097564697,0.03224498778581619,0.9622912406921387,51.94045639038086,1.4840130805969238,0.9682778120040894,34.89216995239258,0.9969191551208496,0.5977132320404053,26.689851760864258,0.7625672221183777,0.001112336409278214,1.1388537883758545,0.032538678497076035,0.8265644311904907,32.367576599121094,0.9247878789901733,0.021209359169006348,8.77082633972168,0.2505950331687927,0.5269322395324707,25.579666137695312,0.7308475971221924,0.14486686885356903,12.751302719116211,0.3643229305744171,5.484904031598004,1.0,5,5
ks_5-d-39_kv_kv-no1-afs-jalahalli_22082024-000000-1_EN-OL-RC-423_2,quite,quite,c,7.95,8.4,0.45,0.45,quite,K W AY T,* K W AY T *,K W AY T,397,420,23,-0.614589512348175,-0.7741489410400391,-0.033658649772405624,-1.1935640573501587,-9.538267135620117,-0.4147072732448578,0.0001614555367268622,1.2606093883514404,0.05480910465121269,1.0523290634155273,38.22263717651367,1.6618537902832031,0.7687963843345642,22.704984664916992,0.9871732592582703,0.5573394298553467,16.938247680664062,0.7364455461502075,0.0005620550364255905,0.4650520086288452,0.020219651982188225,0.798588216304779,21.02147102355957,0.9139770269393921,0.011391646228730679,4.483633518218994,0.19494058191776276,0.48751533031463623,16.13759422302246,0.7016345262527466,0.12146144360303879,7.369560241699219,0.3204156756401062,0.0,0.0,4,4
ks_5-d-39_kv_kv-no1-afs-jalahalli_22082024-000000-1_EN-OL-RC-423_2,well,well,c,8.4,8.79,0.39,0.39,well,W EH L,* W EH L * SIL,W EH L,420,440,20,-0.010277090594172478,-0.03236468881368637,-0.0016182344406843185,-0.6751134991645813,-7.098090171813965,-0.35490450263023376,0.00016311679792124778,0.22002188861370087,0.011001094244420528,1.0247242450714111,31.220035552978516,1.5610017776489258,0.9958345293998718,19.986875534057617,0.999343752861023,0.6188874244689941,15.072795867919922,0.753639817237854,0.0015911500668153167,0.5171217322349548,0.02585608698427677,0.8591320514678955,18.468713760375977,0.9234356880187988,0.043729208409786224,4.455775737762451,0.22278878092765808,0.579257071018219,14.444860458374023,0.7222430109977722,0.1819288730621338,6.904730796813965,0.34523653984069824,0.0,0.0,3,3
ks_5-d-39_kv_kv-no1-afs-jalahalli_22082024-000000-1_EN-OL-RC-423_2,even,even,c,9.36,9.84,0.48,0.48,even,IY V EH N,IY W EH N *,IY W EH N,467,492,25,-0.5110649466514587,-1.1561431884765625,-0.04624572768807411,-1.2477954626083374,-9.992822647094727,-0.3997129201889038,0.0002777428016997874,2.0655629634857178,0.08262252062559128,1.1303702592849731,38.95777130126953,1.558310866355896,0.8052965402603149,24.55426025390625,0.9821704030036926,0.5246302485466003,18.76757049560547,0.7507027983665466,0.00032328779343515635,0.6234253644943237,0.024937015026807785,0.7753994464874268,22.934982299804688,0.9173992872238159,0.00680517265573144,5.621757984161377,0.22487032413482666,0.45791882276535034,17.877544403076172,0.7151017785072327,0.10606858879327774,8.566550254821777,0.3426620066165924,0.9849852141771962,1.0,4,4
ks_5-d-39_kv_kv-no1-afs-jalahalli_22082024-000000-1_EN-OL-RC-423_2,in,in,c,9.87,10.14,0.27,0.27,in,IH N,* IH N *,IH N,493,507,14,-0.02951725386083126,-0.03972364589571953,-0.0028374032117426395,-0.7616372108459473,-5.132707595825195,-0.3666219711303711,0.0002404348342679441,0.2176182121038437,0.015544158406555653,1.0547893047332764,22.244266510009766,1.5888761281967163,0.9880650043487549,13.983922958374023,0.9988516569137573,0.5791314840316772,10.474230766296387,0.7481593489646912,0.0008124476880766451,0.33238035440444946,0.023741453886032104,0.8381388783454895,12.890320777893066,0.9207372069358826,0.027428947389125824,3.035989999771118,0.2168564349412918,0.5446414947509766,10.036956787109375,0.7169255018234253,0.1565888226032257,4.75061559677124,0.33932968974113464,0.0,0.0,2,2
ks_5-d-39_kv_kv-no1-afs-jalahalli_22082024-000000-1_EN-OL-RC-423_2,very,very,c,10.17,10.56,0.39,0.39,very,V EH R IY,SIL * W EH R IY *,W EH R IY,508,528,20,-0.5783481597900391,-1.1351850032806396,-0.05675924941897392,-1.1686545610427856,-9.070369720458984,-0.45351848006248474,0.00017394153110217303,1.9841808080673218,0.09920904040336609,1.056467890739441,33.56570053100586,1.678285002708435,0.7814668416976929,19.56304931640625,0.9781524538993835,0.5397974252700806,14.637134552001953,0.7318567037582397,0.0004177980590611696,0.43390461802482605,0.021695230156183243,0.792331337928772,18.173065185546875,0.9086532592773438,0.009913197718560696,3.874415874481201,0.19372078776359558,0.47927844524383545,13.867134094238281,0.6933566927909851,0.11700092256069183,6.319013595581055,0.3159506916999817,0.9849852141771962,1.0,4,4
ks_5-d-39_kv_kv-no1-afs-jalahalli_22082024-000000-1_EN-OL-RC-423_2,cold,cold,c,10.56,10.89,0.33,0.33,cold,K OW L D,* K OW L D *,K OW L D,528,545,17,-0.21937046945095062,-0.7078049778938293,-0.04163558781147003,-0.8702938556671143,-9.46646785736084,-0.5568510293960571,0.00033056194661185145,2.21775221824646,0.13045601546764374,1.1179996728897095,32.11443328857422,1.8890843391418457,0.9133695960044861,16.717504501342773,0.9833826422691345,0.583098292350769,11.916834831237793,0.7009902596473694,0.0008688056259416044,0.23008482158184052,0.013534401543438435,0.8332955837249756,15.14197826385498,0.8907046318054199,0.024630673229694366,2.271686553955078,0.13362862169742584,0.5371212363243103,11.060467720031738,0.6506157517433167,0.15151384472846985,4.48022985458374,0.26354292035102844,0.0,0.0,4,4
ks_5-d-39_kv_kv-no1-afs-jalahalli_22082024-000000-1_EN-OL-RC-423_2,places,places,c,10.89,11.64,0.75,0.75,places,P L EY S IH S,* P L EY S EH S * SIL *,P L EY S EH S,544,582,38,-0.6456978917121887,-1.5131125450134277,-0.03981875255703926,-1.3908964395523071,-16.422643661499023,-0.43217483162879944,0.0003483374312054366,2.8673033714294434,0.07545535266399384,1.085357666015625,63.21348190307617,1.6635127067565918,0.7580116987228394,37.42202377319336,0.9847900867462158,0.5095651149749756,27.978713989257812,0.7362819314002991,0.0002505865413695574,0.7462406158447266,0.019637910649180412,0.7507821321487427,34.6182975769043,0.911007821559906,0.003938291687518358,7.353811264038086,0.19352135062217712,0.4290292263031006,26.521915435791016,0.6979451179504395,0.09263522177934647,12.0808687210083,0.3179175853729248,3.9288386908109545,1.0,6,6
ks_5-d-39_kv_kv-no1-afs-jalahalli_22082024-000000-1_EN-OL-RC-423_2,parrots,parrot,s,11.88,12.51,0.63,0.63,parrot,P AE R AH T S,P AE R EH T * SIL *,P AE R EH T,594,626,32,-0.11484529823064804,-0.38703539967536926,-0.01209485623985529,-1.1711786985397339,-11.819204330444336,-0.3693501353263855,0.00012261497613508254,1.5150026082992554,0.04734383150935173,0.9525740742683411,48.32405090332031,1.5101265907287598,0.9540547728538513,31.84467124938965,0.9951459765434265,0.5283362865447998,24.309904098510742,0.7596845030784607,0.000344194850185886,0.964470386505127,0.030139699578285217,0.7625328302383423,29.503097534179688,0.9219717979431152,0.005113160703331232,7.673949241638184,0.23981091380119324,0.44252073764801025,23.18600845336914,0.7245627641677856,0.09872397035360336,11.378185272216797,0.3555682897567749,6.835645681194006,2.0,6,5
ks_5-d-39_kv_kv-no1-afs-jalahalli_22082024-000000-1_EN-OL-RC-423_2,are,are,c,12.57,12.93,0.36,0.36,are,AA R,AA R * SIL *,AA R,628,647,19,-0.05756596848368645,-0.09327328205108643,-0.004909120034426451,-0.7074339389801025,-6.432406425476074,-0.3385477066040039,0.0001590965111972764,0.42643746733665466,0.02244407683610916,0.9675236940383911,28.02964210510254,1.4752442836761475,0.9768052101135254,18.962343215942383,0.9980180859565735,0.6303161382675171,14.530952453613281,0.764786958694458,0.0019303113222122192,0.6296666860580444,0.03314035013318062,0.8607632517814636,17.612445831298828,0.9269708395004272,0.04534304514527321,4.791133880615234,0.25216493010520935,0.5820964574813843,13.95102310180664,0.7342643737792969,0.18416032195091248,6.972012042999268,0.3669480085372925,0.0,0.0,2,2
ks_5-d-39_kv_kv-no1-afs-jalahalli_22082024-000000-1_EN-OL-RC-423_2,very,very,c,13.26,13.62,0.36,0.36,very,V EH R IY,W EH R IY *,W EH R IY,663,681,18,-0.05964873731136322,-0.128230482339859,-0.007123915478587151,-0.8280998468399048,-6.493218898773193,-0.36073437333106995,0.00018199339683633298,0.56672203540802,0.031484559178352356,1.052692174911499,27.417665481567383,1.5232036113739014,0.9759722352027893,17.948240280151367,0.997124433517456,0.5815359354019165,13.652929306030273,0.7584960460662842,0.0008461567340418696,0.5051616430282593,0.028064535930752754,0.8308793306350708,16.621843338012695,0.9234357476234436,0.023343270644545555,4.199204921722412,0.23328916728496552,0.5334292650222778,13.046645164489746,0.7248136401176453,0.14907534420490265,6.334997653961182,0.35194432735443115,0.9849852141771962,1.0,4,4
ks_5-d-39_kv_kv-no1-afs-jalahalli_22082024-000000-1_EN-OL-RC-423_2,brave,brave,c,13.62,14.01,0.39,0.39,brave,B R EY W,* B R EY V *,B R EY V,681,701,20,-0.48058077692985535,-0.677003026008606,-0.03385015204548836,-1.3143668174743652,-9.055473327636719,-0.45277366042137146,0.00022317783441394567,1.4930591583251953,0.07465295493602753,1.0807232856750488,34.139305114746094,1.7069652080535889,0.8162258267402649,19.737613677978516,0.9868806600570679,0.5034363269805908,14.614400863647461,0.730720043182373,0.00022591702872887254,0.3964254856109619,0.019821275025606155,0.7537940740585327,18.156789779663086,0.9078394770622253,0.004210849292576313,3.6488852500915527,0.1824442595243454,0.43243783712387085,13.795873641967773,0.6897937059402466,0.09414399415254593,6.166564464569092,0.30832821130752563,6.5340985070987365,1.0,4,4
ks_5-d-39_kv_kv-no1-afs-jalahalli_22082024-000000-1_EN-OL-RC-423_2,birds,birds,c,14.01,14.55,0.54,0.54,birds,B AH R D S,* B AH R D S * SIL *,B AH R D S,700,728,28,-0.5166445970535278,-0.9741154313087463,-0.03478983789682388,-1.3186863660812378,-11.047140121459961,-0.3945407271385193,0.00026947451988235116,2.0043258666992188,0.07158306986093521,1.0196622610092163,43.73692321777344,1.56203293800354,0.8033050894737244,27.62235450744629,0.9865126609802246,0.5103468894958496,21.099191665649414,0.7535425424575806,0.00025392090901732445,0.6817280650138855,0.02434743009507656,0.7572161555290222,25.744169235229492,0.9194346070289612,0.004543486516922712,6.039516448974609,0.2156970202922821,0.4363515377044678,20.032062530517578,0.7154307961463928,0.09590078145265579,9.466453552246094,0.33808761835098267,0.0,0.0,5,5
ks_5-d-39_kv_kv-no1-afs-jalahalli_22082024-000000-1_EN-OL-RC-423_2,and,and,c,14.61,14.91,0.3,0.3,and,AE N D,AE N D *,AE N D,730,746,16,-0.06754915416240692,-0.12236908078193665,-0.00764806754887104,-0.6819643378257751,-5.903112888336182,-0.36894455552101135,0.00010423714411444962,0.5392433404922485,0.03370270878076553,0.8570793271064758,24.701536178588867,1.5438460111618042,0.9728165864944458,15.950621604919434,0.9969138503074646,0.6359788179397583,12.08372974395752,0.755233108997345,0.002124251564964652,0.45473185181617737,0.028420740738511086,0.8651723861694336,14.75527572631836,0.9222047328948975,0.050009727478027344,3.6470673084259033,0.22794170677661896,0.589889407157898,11.538716316223145,0.7211697697639465,0.1904108226299286,5.564097881317139,0.34775611758232117,0.0,0.0,3,3
ks_5-d-39_kv_kv-no1-afs-jalahalli_22082024-000000-1_EN-OL-RC-423_2,will,will,c,14.91,15.15,0.24,0.24,will,W IH L,* W IH L *,W IH L,745,758,13,-0.04131679609417915,-0.0916660875082016,-0.007051237393170595,-0.7605198621749878,-5.834862232208252,-0.448835551738739,0.0006630358402617276,0.4479706287384033,0.034459277987480164,1.1867903470993042,23.0025634765625,1.769428014755249,0.9833186268806458,12.962946891784668,0.9971497654914856,0.5960137844085693,9.395853042602539,0.7227579355239868,0.0010808309307321906,0.21579301357269287,0.016599463298916817,0.8424516916275024,11.79033088684082,0.9069485068321228,0.030187241733074188,2.149254560470581,0.1653272807598114,0.5514774918556213,8.88286018371582,0.6832969188690186,0.16133061051368713,3.8462557792663574,0.29586583375930786,0.0,0.0,3,3
ks_5-d-39_kv_kv-no1-afs-jalahalli_22082024-000000-1_EN-OL-RC-423_2,stay,stay,c,15.15,15.66,0.51,0.51,stay,S T EY,* S T EY *,S T EY,757,783,26,-0.12315136939287186,-0.18759070336818695,-0.00721502723172307,-0.7887179851531982,-9.62303352355957,-0.3701166808605194,0.00019680080004036427,0.7133731245994568,0.027437428012490273,1.106921672821045,41.11185073852539,1.581225037574768,0.9507827758789062,25.92470359802246,0.9971039891242981,0.6189562082290649,19.516908645629883,0.7506503462791443,0.001593001768924296,0.6453985571861267,0.02482302114367485,0.8574318885803223,23.9503231048584,0.9211663007736206,0.0421081967651844,5.65008544921875,0.21731097996234894,0.5763220191001892,18.65212631225586,0.7173894643783569,0.17964759469032288,8.837772369384766,0.33991432189941406,0.0,0.0,3,3
ks_5-d-39_kv_kv-no1-afs-jalahalli_22082024-000000-1_EN-OL-RC-423_2,with,with,c,16.26,16.53,0.27,0.27,with,W IH DH,W IH DH *,W IH DH,813,827,14,-0.010964621789753437,-0.023547714576125145,-0.0016819796292111278,-0.7401311993598938,-5.00994348526001,-0.35785311460494995,0.00021576373546849936,0.1579742729663849,0.0112838763743639,1.0608421564102173,21.76258659362793,1.554470419883728,0.9955562949180603,13.990453720092773,0.9993181228637695,0.578167736530304,10.540955543518066,0.7529253959655762,0.0007993165636435151,0.39028796553611755,0.02787771262228489,0.8410341739654541,12.914924621582031,0.9224945902824402,0.02925134263932705,3.222677230834961,0.23019123077392578,0.5492158532142639,10.115436553955078,0.7225311994552612,0.15974803268909454,4.890161991119385,0.34929728507995605,0.0,0.0,3,3
ks_5-d-39_kv_kv-no1-afs-jalahalli_22082024-000000-1_EN-OL-RC-423_2,their,their,c,16.53,16.86,0.33,0.33,their,DH EY AH R,* DH EY R *,DH EY R,826,843,17,-0.5811242461204529,-0.6747342944145203,-0.039690252393484116,-0.9706225395202637,-8.233543395996094,-0.4843260943889618,0.0004660055856220424,1.2131645679473877,0.07136262208223343,0.9881921410560608,30.435443878173828,1.7903202772140503,0.7804922461509705,16.742591857910156,0.9848583340644836,0.6009584665298462,12.247199058532715,0.7204234600067139,0.001175073441118002,0.2721453905105591,0.01600855216383934,0.8377115726470947,15.364036560058594,0.9037668704986572,0.027169760316610336,2.646533966064453,0.15567846596240997,0.5439714193344116,11.490896224975586,0.6759350895881653,0.15613065659999847,4.8851776123046875,0.2873633801937103,3.47386705940546,1.0,4,3
ks_5-d-39_kv_kv-no1-afs-jalahalli_22082024-000000-1_EN-OL-RC-423_2,own,own,c,16.86,17.22,0.36,0.36,own,OW N,* OW N *,OW N,843,861,18,-0.40250927209854126,-0.5902256369590759,-0.03279031440615654,-0.902154266834259,-7.129371643066406,-0.3960762023925781,0.0003211533767171204,1.2405328750610352,0.06891849637031555,1.1094225645065308,28.762046813964844,1.5978914499282837,0.8445987105369568,17.769588470458984,0.9871993660926819,0.6150493025779724,13.46297550201416,0.747943103313446,0.0014911770122125745,0.3881216049194336,0.02156231179833412,0.8542114496231079,16.53921127319336,0.9188450574874878,0.039200570434331894,3.6916277408599854,0.20509043335914612,0.5708292722702026,12.801329612731934,0.7111849784851074,0.17544667422771454,5.94468879699707,0.3302604854106903,0.0,0.0,2,2
ks_5-d-39_kv_kv-no1-afs-jalahalli_22082024-000000-1_EN-OL-RC-423_2,kind,kind,c,17.22,17.7,0.48,0.48,kind,K AY N D,* K AY N D * SIL,K AY N D,860,885,25,-0.22281144559383392,-0.42478302121162415,-0.016991320997476578,-0.804657518863678,-9.918356895446777,-0.3967342674732208,0.00015313040057662874,1.2435662746429443,0.049742650240659714,1.0218666791915894,40.61002731323242,1.6244010925292969,0.9120482802391052,24.8311710357666,0.993246853351593,0.5847042202949524,18.590587615966797,0.7436234951019287,0.0008927190792746842,0.520474910736084,0.02081899717450142,0.838613748550415,22.93340301513672,0.917336106300354,0.02771986834704876,5.005113124847412,0.2002045214176178,0.5453876256942749,17.690385818481445,0.7076154351234436,0.1571003794670105,8.150757789611816,0.32603031396865845,0.0,0.0,4,4
ks_5-d-39_kv_kv-no1-afs-jalahalli_22082024-000000-1_EN-OL-RC-423_2,in,in,c,17.76,18.0,0.24,0.24,in,IH N,IH N *,IH N,888,900,12,-0.027327653020620346,-0.06564308702945709,-0.005470257252454758,-0.6505171060562134,-4.927785873413086,-0.41064882278442383,0.00023825540847610682,0.3526884913444519,0.02939070761203766,1.046154260635376,20.030683517456055,1.669223666191101,0.988947331905365,11.973429679870605,0.9977858066558838,0.619670033454895,8.849573135375977,0.737464427947998,0.0016123412642627954,0.2540205121040344,0.02116837538778782,0.8624812960624695,10.967713356018066,0.9139761328697205,0.04710724949836731,2.3218016624450684,0.19348347187042236,0.5851122140884399,8.405658721923828,0.7004715800285339,0.1865571141242981,3.830193281173706,0.31918278336524963,0.0,0.0,2,2
ks_5-d-39_kv_kv-no1-afs-jalahalli_22082024-000000-1_EN-OL-RC-423_2,times,times,c,18.0,18.48,0.48,0.48,times,T AY M Z,* T AY M Z *,T AY M Z,900,924,24,-0.49673211574554443,-0.6993026733398438,-0.029137611389160156,-1.4494227170944214,-10.510907173156738,-0.43795445561408997,0.000263373542111367,1.581325650215149,0.06588856875896454,1.0721917152404785,41.017154693603516,1.7090481519699097,0.8104246854782104,23.729511260986328,0.9887296557426453,0.46218740940093994,17.494230270385742,0.7289262413978577,0.00011245931091252714,0.44502803683280945,0.018542835488915443,0.7151737809181213,21.80804443359375,0.9086685180664062,0.0017853532917797565,4.395601272583008,0.183150053024292,0.3910731077194214,16.607439041137695,0.6919766068458557,0.07710020244121552,7.435574054718018,0.30981558561325073,0.0,0.0,4,4
ks_5-d-39_kv_kv-no1-afs-jalahalli_22082024-000000-1_EN-OL-RC-423_2,of,of,c,18.48,18.78,0.3,0.3,of,AO F,AO F * SIL,AO F,924,939,15,-0.43134209513664246,-0.5579679608345032,-0.037197865545749664,-1.0268654823303223,-7.52250862121582,-0.5015005469322205,0.00014082566485740244,1.237212061882019,0.08248080313205719,0.9990009069442749,27.650531768798828,1.8433687686920166,0.8340556621551514,14.782946586608887,0.9855297803878784,0.5403562784194946,10.600958824157715,0.7067306041717529,0.00042176476563327014,0.2316405475139618,0.015442702919244766,0.8182048201560974,13.470660209655762,0.8980439901351929,0.017614321783185005,2.2908949851989746,0.15272633731365204,0.5146796107292175,9.999137878417969,0.6666091680526733,0.13720962405204773,4.221111297607422,0.2814074158668518,0.0,0.0,2,2
ks_5-d-39_kv_kv-no1-afs-jalahalli_22082024-000000-1_EN-OL-RC-423_2,trouble,trouble,c,19.11,19.68,0.57,0.57,trouble,T R AH B AH L,T R AH B AH L * SIL,T R AH B AH L,955,984,29,-0.43678393959999084,-0.532053530216217,-0.018346672877669334,-1.0396254062652588,-11.631836891174316,-0.40109783411026,0.00022818736033514142,1.2960125207901,0.0446900874376297,0.9864642024040222,47.02294921875,1.6214810609817505,0.8320743441581726,28.793598175048828,0.9928826689720154,0.5346846580505371,21.558366775512695,0.7433919310569763,0.0003831972135230899,0.7129548192024231,0.02458464913070202,0.7859271764755249,26.559152603149414,0.9158328771591187,0.008598456159234047,6.096095561981201,0.2102101892232895,0.47104477882385254,20.529565811157227,0.7079160809516907,0.11268055438995361,9.618817329406738,0.33168336749076843,0.0,0.0,6,6
ks_5-d-39_kv_kv-no1-afs-jalahalli_22082024-000000-1_EN-OL-RC-423_2,if,if,c,19.83,20.07,0.24,0.24,if,IH F,IH F *,IH F,991,1004,13,-0.28130149841308594,-0.31643685698509216,-0.024341296404600143,-0.8934844136238098,-5.544457912445068,-0.4264967739582062,0.00017473322805017233,0.7557269334793091,0.0581328421831131,1.0498312711715698,21.868778228759766,1.6822136640548706,0.8897606134414673,12.875543594360352,0.9904264211654663,0.5831708908081055,9.511119842529297,0.7316246032714844,0.0008698726887814701,0.2926933169364929,0.022514870390295982,0.8458274602890015,11.844118118286133,0.9110860228538513,0.03253835812211037,2.55956768989563,0.19688981771469116,0.5569234490394592,9.060483932495117,0.6969603300094604,0.1651979386806488,4.151488780975342,0.31934529542922974,0.0,0.0,2,2
ks_5-d-39_kv_kv-no1-afs-jalahalli_22082024-000000-1_EN-OL-RC-423_2,some,some,c,20.07,20.58,0.51,0.51,some,S AH M,* S AH M * SIL *,S AH M,1003,1029,26,-0.03811243921518326,-0.09946911036968231,-0.003825735067948699,-0.7083081007003784,-9.212480545043945,-0.35432618856430054,0.00013842184853274375,0.5154823660850525,0.019826244562864304,0.9107713103294373,39.680572509765625,1.526175856590271,0.9846062064170837,25.959758758544922,0.9984522461891174,0.5984022617340088,19.699737548828125,0.757682204246521,0.0011253709672018886,0.7942772507667542,0.030549125745892525,0.8499340415000916,24.023653030395508,0.9239866733551025,0.03564675524830818,6.157275199890137,0.23681828379631042,0.5636653900146484,18.878305435180664,0.7260886430740356,0.1700986623764038,9.228072166442871,0.35492584109306335,0.0,0.0,3,3
ks_5-d-39_kv_kv-no1-afs-jalahalli_22082024-000000-1_EN-OL-RC-423_2,of,of,c,20.94,21.18,0.24,0.24,of,AO F,AO F *,AO F,1047,1059,12,-0.009760051965713501,-0.02166137471795082,-0.001805114559829235,-0.783822238445282,-4.816962718963623,-0.40141355991363525,0.00025868293596431613,0.15270864963531494,0.01272572111338377,1.1176350116729736,20.337478637695312,1.6947898864746094,0.9960439205169678,11.991215705871582,0.9992679953575134,0.5654247999191284,8.802589416503906,0.7335491180419922,0.0006443908787332475,0.2152353674173355,0.017936279997229576,0.8318403959274292,10.971092224121094,0.9142577052116394,0.023847097530961037,2.2225499153137207,0.18521249294281006,0.5348930954933167,8.396232604980469,0.6996860504150391,0.15003807842731476,3.7700765132904053,0.31417304277420044,0.0,0.0,2,2
ks_5-d-39_kv_kv-no1-afs-jalahalli_22082024-000000-1_EN-OL-RC-423_2,them,them,c,21.18,21.48,0.3,0.3,them,DH EH M,* DH EH M *,DH EH M,1059,1074,15,-0.12054084986448288,-0.232650026679039,-0.01551000215113163,-0.9092028141021729,-6.7695631980896,-0.45130422711372375,0.00011777343024732545,0.9008839130401611,0.06005892902612686,0.9768727421760559,25.46503257751465,1.6976687908172607,0.9518104195594788,14.906517028808594,0.9937677979469299,0.5614527463912964,10.921795845031738,0.7281197309494019,0.0006025355542078614,0.4028781056404114,0.026858540251851082,0.8129950761795044,13.597142219543457,0.9064761400222778,0.015689093619585037,2.9941563606262207,0.19961042702198029,0.507256269454956,10.356712341308594,0.6904475092887878,0.13274215161800385,4.772562026977539,0.31817081570625305,0.0,0.0,3,3
ks_5-d-39_kv_kv-no1-afs-jalahalli_22082024-000000-1_EN-OL-RC-423_2,face,face,c,21.48,21.87,0.39,0.39,face,F EY S,* F EY S *,F EY S,1074,1094,20,-0.09737279266119003,-0.24004463851451874,-0.012002231553196907,-1.109743595123291,-10.006499290466309,-0.5003249645233154,0.0004426709492690861,1.0803312063217163,0.054016560316085815,1.2511699199676514,37.34687805175781,1.8673439025878906,0.9609600901603699,19.90336799621582,0.9951683878898621,0.5107699632644653,14.109021186828613,0.7054510712623596,0.0002557444095145911,0.25197699666023254,0.012598849833011627,0.7713112831115723,17.922269821166992,0.8961135149002075,0.006214300636202097,2.878721237182617,0.14393606781959534,0.4529520869255066,13.261831283569336,0.6630915403366089,0.10365208238363266,5.502589702606201,0.275129497051239,0.0,0.0,3,3
ks_5-d-39_kv_kv-no1-afs-jalahalli_22082024-000000-1_EN-OL-RC-423_2,danger,danger,c,21.87,22.62,0.75,0.75,danger,D EY N JH AH R,* D EY N JH AH R * SIL,D EY N JH AH R,1093,1131,38,-0.02885783277451992,-0.09609818458557129,-0.0025288995821028948,-0.8095442056655884,-14.24415397644043,-0.3748461604118347,0.00015539544983766973,0.5946078896522522,0.01564757525920868,0.979444682598114,60.779052734375,1.599448800086975,0.9883307814598083,37.9610710144043,0.9989755749702454,0.5728355646133423,28.42405128479004,0.7480013370513916,0.0007304082973860204,0.8918808698654175,0.023470548912882805,0.8298150897026062,34.95073318481445,0.9197561144828796,0.022797811776399612,8.088382720947266,0.21285218000411987,0.5318155288696289,27.14887237548828,0.7144439816474915,0.14802026748657227,12.76728630065918,0.33598122000694275,0.0,0.0,6,6
ks_5-d-39_kv_kv-no1-afs-jalahalli_22082024-000000-1_EN-OL-RC-423_2,all,all,c,22.95,23.31,0.36,0.36,all,AO L,AO L *,AO L,1147,1166,19,-0.1344754993915558,-0.17231130599975586,-0.009069016203284264,-0.669124960899353,-6.856657028198242,-0.3608766794204712,0.00023663771571591496,0.6107908487319946,0.0321468859910965,1.0683825016021729,29.156370162963867,1.5345457792282104,0.9463326930999756,18.931001663208008,0.9963685274124146,0.6125538349151611,14.413586616516113,0.7586098313331604,0.0014295723522081971,0.4909994602203369,0.025842076167464256,0.8604779243469238,17.553668975830078,0.9238772988319397,0.04505648836493492,4.2931227684021,0.2259538322687149,0.5815980434417725,13.752511978149414,0.7238163948059082,0.1837669014930725,6.601168632507324,0.34742993116378784,0.0,0.0,2,2
ks_5-d-39_kv_kv-no1-afs-jalahalli_22082024-000000-1_EN-OL-RC-423_2,their,their,c,23.31,23.49,0.18,0.18,their,DH EY AH R,DH EY R *,DH EY R,1165,1175,10,-0.0307077057659626,-0.11612509191036224,-0.01161250937730074,-0.9053059220314026,-6.214798450469971,-0.621479868888855,0.001043912023305893,0.649967610836029,0.06499676406383514,1.243699312210083,21.087047576904297,2.1087048053741455,0.9875856041908264,9.953001022338867,0.9953001141548157,0.5580617189407349,6.633282661437988,0.6633282899856567,0.0005689613753929734,0.09380237013101578,0.009380237199366093,0.8163454532623291,8.72607421875,0.872607409954071,0.016901502385735512,1.011698603630066,0.10116986185312271,0.5120120048522949,6.157339572906494,0.6157339811325073,0.135589599609375,2.296252727508545,0.22962526977062225,3.47386705940546,1.0,4,3
ks_5-d-39_kv_kv-no1-afs-jalahalli_22082024-000000-1_EN-OL-RC-423_2,friends,friends,c,23.49,24.0,0.51,0.51,friends,F R EH N D S,* F R EH N D S * SIL *,F R EH N D S,1174,1200,26,-0.5775169134140015,-1.3202240467071533,-0.050777848809957504,-1.187944769859314,-12.780097961425781,-0.4915422201156616,0.00014603474119212478,2.630690813064575,0.10118041932582855,1.0302541255950928,46.10963439941406,1.7734475135803223,0.7817588448524475,25.489459991455078,0.9803638458251953,0.5279639959335327,18.668407440185547,0.7180156707763672,0.00034203490940853953,0.47185850143432617,0.018148403614759445,0.7720943093299866,23.437030792236328,0.9014242887496948,0.006323356181383133,4.380195617675781,0.16846905648708344,0.4538978934288025,17.577396392822266,0.6760537028312683,0.10410872846841812,7.654248237609863,0.2943941652774811,0.0,0.0,6,6
ks_5-d-39_kv_kv-no1-afs-jalahalli_22082024-000000-1_EN-OL-RC-423_2,[INS:come they],come they,i,24.12,25.35,1.23,0.69,come+they,,K AH M * SIL * DH EY * SIL *,K AH M DH EY,1206,1268,62,-0.4904673397541046,-0.9486509561538696,-0.015300821512937546,-0.9495822191238403,-23.45599365234375,-0.3783224821090698,0.00015034106036182493,2.2828221321105957,0.036819711327552795,0.9406090974807739,98.01419830322266,1.5808742046356201,0.8126720190048218,61.630027770996094,0.9940326809883118,0.5665282011032104,46.4199333190918,0.7487086057662964,0.0006565249641425908,1.5160068273544312,0.0244517233222723,0.8274559378623962,57.0179328918457,0.9196440577507019,0.02163364365696907,13.591547012329102,0.21921850740909576,0.5282646417617798,44.381141662597656,0.7158248424530029,0.14572148025035858,21.084630966186523,0.34007468819618225,,,0,5
ks_5-d-39_kv_kv-no1-afs-jalahalli_22082024-000000-1_EN-OL-RC-423_2,come,come,c,25.47,25.74,0.27,0.27,come,K AH M,K AH M *,K AH M,1273,1287,14,-0.022920334711670876,-0.05887632444500923,-0.004205451812595129,-0.7833476066589355,-5.747879505157471,-0.41056281328201294,0.00024591165129095316,0.3479307293891907,0.024852195754647255,1.0203487873077393,23.217851638793945,1.6584179401397705,0.9907247424125671,13.97614574432373,0.9982961416244507,0.5805199146270752,10.330366134643555,0.7378832697868347,0.000831745914183557,0.3450790047645569,0.024648500606417656,0.8352347612380981,12.789607048034668,0.9135433435440063,0.025715049356222153,2.8398613929748535,0.20284724235534668,0.5401127338409424,9.82798957824707,0.7019992470741272,0.15351516008377075,4.55126953125,0.3250906765460968,0.0,0.0,3,3
ks_5-d-39_kv_kv-no1-afs-jalahalli_22082024-000000-1_EN-OL-RC-423_2,to,to,c,25.74,25.86,0.12,0.12,to,T UW,T UW *,T UW,1287,1293,6,-0.06400759518146515,-0.07165098935365677,-0.011941831558942795,-0.6524327993392944,-2.7736244201660156,-0.46227073669433594,0.0005179370054975152,0.2947155833244324,0.049119263887405396,1.2641007900238037,10.719076156616211,1.7865127325057983,0.9742303490638733,5.971129417419434,0.9951882362365723,0.6226565837860107,4.326531410217285,0.7210885882377625,0.0016958455089479685,0.09223178029060364,0.015371963381767273,0.8628918528556824,5.434076309204102,0.9056794047355652,0.04753892123699188,0.9415424466133118,0.15692374110221863,0.5858368873596191,4.074636459350586,0.6791060566902161,0.18713711202144623,1.7363699674606323,0.2893950045108795,0.0,0.0,2,2
ks_5-d-39_kv_kv-no1-afs-jalahalli_22082024-000000-1_EN-OL-RC-423_2,their,their,c,25.86,26.13,0.27,0.27,their,DH EY AH R,* DH EY R *,DH EY R,1293,1307,14,-0.13853850960731506,-0.3492604196071625,-0.02494717203080654,-0.927299976348877,-7.975232124328613,-0.569659411907196,0.0008794718305580318,1.3256148099899292,0.09468676894903183,1.3161792755126953,27.603561401367188,1.9716829061508179,0.9447391033172607,13.859870910644531,0.989990770816803,0.5945509076118469,9.700489044189453,0.6928920745849609,0.0010544270044192672,0.13645026087760925,0.009746447205543518,0.8227130770683289,12.429861068725586,0.8878472447395325,0.019470004364848137,1.5161573886871338,0.1082969531416893,0.5212336778640747,8.95871639251709,0.6399083137512207,0.14126090705394745,3.4308650493621826,0.24506178498268127,3.47386705940546,1.0,4,3
ks_5-d-39_kv_kv-no1-afs-jalahalli_22082024-000000-1_EN-OL-RC-423_2,help,help,c,26.13,26.58,0.45,0.45,help,HH EH L P,* HH EH L P *,HH EH L P,1306,1329,23,-0.0742851123213768,-0.1420859694480896,-0.006177650764584541,-0.8847288489341736,-10.190811157226562,-0.44307875633239746,0.00019884307403117418,0.725419282913208,0.03153996914625168,1.003373622894287,39.700538635253906,1.7261103391647339,0.970130980014801,22.942638397216797,0.9975060224533081,0.5486750602722168,16.698549270629883,0.7260238528251648,0.00048546300968155265,0.5185256600379944,0.02254459448158741,0.8125081062316895,20.86054229736328,0.9069800972938538,0.015520247630774975,4.347387790679932,0.18901686370372772,0.5065703392028809,15.846274375915527,0.6889684796333313,0.13233572244644165,7.163738250732422,0.31146687269210815,0.0,0.0,4,4
ks_5-d-39_kv_kv-no1-afs-jalahalli_22082024-000000-1_EN-OL-RC-423_2,parrots,parrots,c,26.85,27.45,0.6,0.6,parrots,P AE R AH T S,P AE R EH T S * SIL *,P AE R EH T S,1342,1373,31,-0.5082429647445679,-0.6691257357597351,-0.021584700793027878,-1.0264356136322021,-11.666165351867676,-0.37632790207862854,0.00012087483628420159,1.4519251585006714,0.04683629423379898,0.9411942362785339,47.03778839111328,1.517348051071167,0.8063048720359802,30.7414493560791,0.9916596412658691,0.551331102848053,23.494239807128906,0.7578787207603455,0.0005077615496702492,0.9752957820892334,0.03146115317940712,0.7914555072784424,28.55750274658203,0.9212097525596619,0.009722168557345867,7.487875461578369,0.24154436588287354,0.47814083099365234,22.426776885986328,0.723444402217865,0.11639589816331863,11.035335540771484,0.3559785783290863,3.093645138547748,1.0,6,6
ks_5-d-39_kv_kv-no1-afs-jalahalli_22082024-000000-1_EN-OL-RC-423_2,are,are,c,27.51,27.75,0.24,0.24,are,AA R,AA R *,AA R,1375,1388,13,-0.005718517117202282,-0.00928281806409359,-0.0007140629459172487,-0.6789548397064209,-4.161698818206787,-0.32013067603111267,0.0001901815994642675,0.07463131099939346,0.005740870255976915,1.0181933641433716,19.09958839416504,1.4691990613937378,0.9976809024810791,12.996234893798828,0.9997103810310364,0.597633957862854,9.963876724243164,0.7664520740509033,0.0011108468752354383,0.38460564613342285,0.02958505041897297,0.8538612127304077,12.0808687210083,0.9292975664138794,0.038896750658750534,3.2588281631469727,0.250679075717926,0.5702371597290039,9.595705032348633,0.7381311655044556,0.17499908804893494,4.776480674743652,0.36742159724235535,0.0,0.0,2,2
ks_5-d-39_kv_kv-no1-afs-jalahalli_22082024-000000-1_EN-OL-RC-423_2,like,like,c,27.75,28.11,0.36,0.36,like,L AY K,* L AY K *,L AY K,1387,1406,19,-0.205185204744339,-0.25447937846183777,-0.013393651694059372,-0.7183216214179993,-8.148486137390137,-0.4288676977157593,0.00019294722005724907,0.7894477248191833,0.04154988005757332,1.150100588798523,32.82591247558594,1.7276796102523804,0.9188289046287537,18.898849487304688,0.9946762919425964,0.6038987636566162,13.83681583404541,0.7282534837722778,0.0012349652824923396,0.3245742917060852,0.017082856968045235,0.8538845777511597,17.305723190307617,0.9108275175094604,0.03891695663332939,3.3112411499023438,0.17427584528923035,0.57027667760849,13.133621215820312,0.6912432312965393,0.17502890527248383,5.784730911254883,0.30445951223373413,0.0,0.0,3,3
ks_5-d-39_kv_kv-no1-afs-jalahalli_22082024-000000-1_EN-OL-RC-423_2,men,man,s,28.11,28.62,0.51,0.51,man,M EH N,* M EH N * SIL *,M EH N,1405,1431,26,-0.323513925075531,-0.4528675973415375,-0.01741798408329487,-0.9922951459884644,-10.560859680175781,-0.40618690848350525,0.00017019431106746197,1.3745243549346924,0.05286632105708122,0.9242196083068848,41.92790985107422,1.6126118898391724,0.873876690864563,25.82154655456543,0.9931364059448242,0.5781629085540771,19.358200073242188,0.7445461750030518,0.0007992517785169184,0.6911212801933289,0.02658158726990223,0.8398633003234863,23.810274124145508,0.9157797694206238,0.02850022166967392,5.518033981323242,0.2122320830821991,0.5473587512969971,18.399200439453125,0.7076615691184998,0.15845876932144165,8.656315803527832,0.3329352140426636,0.0,0.0,3,3
ks_5-d-39_kv_kv-no1-afs-jalahalli_22082024-000000-1_EN-OL-RC-423_2,in,<eps>,d,,,,,,IH N,,,,,,,,,,,,,,,,,,,,,,,,,,,,,,,,,,,,,,,,,,
ks_5-d-39_kv_kv-no1-afs-jalahalli_22082024-000000-1_EN-OL-RC-423_2,the,the,c,28.95,29.25,0.3,0.3,the,DH AH,N DH AH *,N DH AH,1447,1463,16,-0.5689346194267273,-1.8953399658203125,-0.11845874786376953,-1.276280164718628,-13.091193199157715,-0.8181995749473572,0.0009118375019170344,4.2764892578125,0.26728057861328125,1.2573654651641846,36.67743682861328,2.29233980178833,0.7847767472267151,15.261918067932129,0.9538698792457581,0.5268677473068237,10.046302795410156,0.6278939247131348,0.0003357534296810627,0.08315591514110565,0.005197244696319103,0.7676531076431274,13.491254806518555,0.8432034254074097,0.005729210563004017,0.9196628332138062,0.057478927075862885,0.44856709241867065,9.000126838684082,0.5625079274177551,0.10155647248029709,2.9027657508850098,0.1814228594303131,3.1425419357710225,1.0,2,3
ks_5-d-39_kv_kv-no1-afs-jalahalli_22082024-000000-1_EN-OL-RC-423_2,way,way,c,29.25,29.64,0.39,0.39,way,W EY,* W EY * SIL,W EY,1462,1482,20,-0.25739479064941406,-0.5729063749313354,-0.028645318001508713,-0.9093524217605591,-9.177141189575195,-0.45885705947875977,0.0004429807304404676,1.5160748958587646,0.075803741812706,1.1362746953964233,35.07255554199219,1.7536277770996094,0.8988308906555176,19.77336883544922,0.9886684417724609,0.6085885763168335,14.516878128051758,0.7258439064025879,0.0013368746731430292,0.32833656668663025,0.016416829079389572,0.8425036668777466,18.150920867919922,0.9075460433959961,0.030222102999687195,3.2722229957580566,0.16361114382743835,0.551560640335083,13.67013168334961,0.6835066080093384,0.1613890528678894,5.904592990875244,0.29522964358329773,0.0,0.0,2,2
ks_5-d-39_kv_kv-no1-afs-jalahalli_22082024-000000-1_EN-OL-RC-423_2,they,they,c,29.7,30.0,0.3,0.3,they,DH EY,DH EY *,DH EY,1485,1500,15,-0.5742054581642151,-0.5937492847442627,-0.03958328440785408,-0.9718971848487854,-5.486077785491943,-0.36573851108551025,0.00019989488646388054,0.8136917948722839,0.054246120154857635,0.9499614238739014,22.543128967285156,1.5028752088546753,0.7829225063323975,14.775001525878906,0.9850000739097595,0.6065901517868042,11.431411743164062,0.7620941400527954,0.0012924578040838242,0.44632822275161743,0.029755214229226112,0.8562430739402771,13.8719482421875,0.9247965216636658,0.041010551154613495,3.5771522521972656,0.23847681283950806,0.5742843151092529,10.919432640075684,0.7279621958732605,0.1780788004398346,5.346108436584473,0.3564072251319885,0.0,0.0,2,2
ks_5-d-39_kv_kv-no1-afs-jalahalli_22082024-000000-1_EN-OL-RC-423_2,talk,talk,c,30.0,30.48,0.48,0.48,talk,T AO K,* T AO K * SIL *,T AO K,1500,1524,24,-0.6401371359825134,-1.1126950979232788,-0.046362295746803284,-0.9819498658180237,-10.128974914550781,-0.4220406115055084,0.00019755992980208248,1.6181581020355225,0.0674232542514801,1.0389031171798706,39.64583206176758,1.6519097089767456,0.7599334120750427,23.577392578125,0.982391357421875,0.5309187173843384,17.759065628051758,0.7399610877037048,0.00035955733619630337,0.4947669804096222,0.020615290850400925,0.797063946723938,21.94932746887207,0.9145553112030029,0.01101232785731554,4.63593053817749,0.19316376745700836,0.48549067974090576,16.84871482849121,0.7020297646522522,0.12035198509693146,7.674419403076172,0.31976747512817383,0.0,0.0,3,3
ks_5-d-39_kv_kv-no1-afs-jalahalli_22082024-000000-1_EN-OL-RC-423_2,and,and,c,30.75,31.14,0.39,0.39,and,AE N D,AE N D * SIL,AE N D,1537,1557,20,-0.034727856516838074,-0.04988142475485802,-0.0024940711446106434,-0.7182110548019409,-6.439760208129883,-0.3219880163669586,8.690035610925406e-05,0.27009060978889465,0.013504530303180218,0.8496310710906982,28.82925796508789,1.4414628744125366,0.9859673380851746,19.97981834411621,0.9989908933639526,0.6094940304756165,15.398695945739746,0.7699347734451294,0.0013574969489127398,0.7034803628921509,0.03517401963472366,0.8511896133422852,18.5928955078125,0.929644763469696,0.03665515407919884,5.249255657196045,0.2624627947807312,0.5657529830932617,14.817849159240723,0.7408924698829651,0.17164205014705658,7.514552116394043,0.3757275938987732,0.0,0.0,3,3
ks_5-d-39_kv_kv-no1-afs-jalahalli_22082024-000000-1_EN-OL-RC-423_2,like,like,c,31.26,31.71,0.45,0.45,like,L AY K,L AY K * SIL *,L AY K,1563,1586,23,-0.5695355534553528,-0.6553016901016235,-0.02849137783050537,-1.0299158096313477,-9.084070205688477,-0.39495956897735596,0.00018554594134911895,1.1080456972122192,0.04817590117454529,1.077665090560913,36.98880386352539,1.6082088947296143,0.784565269947052,22.75002098083496,0.9891313314437866,0.588239312171936,17.139978408813477,0.745216429233551,0.0009477025596424937,0.5315989255905151,0.02311299741268158,0.8415267467498779,21.106525421142578,0.9176750183105469,0.029573217034339905,4.843610763549805,0.21059177815914154,0.5500000715255737,16.346406936645508,0.7107133269309998,0.16029523313045502,7.659257411956787,0.3330111801624298,0.0,0.0,3,3
ks_5-d-39_kv_kv-no1-afs-jalahalli_22082024-000000-1_EN-OL-RC-423_2,monkeys,monkeys,c,31.8,32.55,0.75,0.75,monkeys,M AH N K IY Z,M AH N K IY Z * SIL *,M AH N K IY Z,1590,1628,38,-0.4068590998649597,-0.7982527017593384,-0.021006649360060692,-1.243078589439392,-14.717498779296875,-0.38730260729789734,0.00017704966012388468,1.9047629833221436,0.05012534186244011,1.008094072341919,59.774932861328125,1.5730245113372803,0.8430033922195435,37.6884765625,0.9918020367622375,0.5124906897544861,28.437040328979492,0.7483431696891785,0.0002632946125231683,0.9439511299133301,0.024840818718075752,0.7600313425064087,34.86510467529297,0.917502760887146,0.004836742300540209,8.490890502929688,0.22344449162483215,0.43960458040237427,27.16752815246582,0.7149349451065063,0.0973811224102974,12.992532730102539,0.3419087529182434,0.0,0.0,6,6
ks_5-d-39_kv_kv-no1-afs-jalahalli_22082024-000000-1_EN-OL-RC-423_2,in,in,c,33.57,33.81,0.24,0.24,in,IH N,IH N * DH,IH N DH,1678,1691,13,-0.2161726951599121,-0.2939366102218628,-0.022610507905483246,-0.7591046094894409,-5.918113708496094,-0.45523950457572937,0.0006954999407753348,0.9023466110229492,0.0694112777709961,1.2022124528884888,22.329051971435547,1.7176194190979004,0.9145985841751099,12.883138656616211,0.9910106658935547,0.5981518030166626,9.498343467712402,0.730641782283783,0.001120616216212511,0.23982292413711548,0.018447916954755783,0.8464424014091492,11.806280136108398,0.9081754088401794,0.032985981553792953,2.277541160583496,0.17519547045230865,0.557924747467041,8.937562942504883,0.6875048279762268,0.16591784358024597,3.9395806789398193,0.3030446767807007,3.930008592723647,1.0,2,3
ks_5-d-39_kv_kv-no1-afs-jalahalli_22082024-000000-1_EN-OL-RC-423_2,the,the,c,33.81,33.93,0.12,0.12,the,DH AH,DH AH *,DH AH,1690,1697,7,-0.35296812653541565,-0.40926358103752136,-0.05846622586250305,-0.8721560835838318,-4.180560111999512,-0.5972228646278381,0.001173801370896399,0.9353112578392029,0.1336158961057663,1.2955214977264404,13.794132232666016,1.970590353012085,0.8628925681114197,6.840088844299316,0.9771555662155151,0.5921683311462402,4.853728294372559,0.6933897733688354,0.0010127965360879898,0.06882161647081375,0.009831659495830536,0.8433164358139038,6.2039384841918945,0.88627690076828,0.030772797763347626,0.7312734127044678,0.10446763038635254,0.5528644323348999,4.4546942710876465,0.636384904384613,0.16230784356594086,1.6896308660507202,0.24137583374977112,0.0,0.0,2,2
ks_5-d-39_kv_kv-no1-afs-jalahalli_22082024-000000-1_EN-OL-RC-423_2,way,way,c,33.93,34.23,0.3,0.3,way,W EY,* W EY *,W EY,1696,1712,16,-0.021142814308404922,-0.07233831286430359,-0.004521144554018974,-0.6524389982223511,-6.33968448638916,-0.3962302803993225,0.00022686886950396,0.4045025110244751,0.025281406939029694,1.0676103830337524,26.3183650970459,1.6448978185653687,0.9914422631263733,15.970701217651367,0.9981688261032104,0.6269533634185791,11.888171195983887,0.7430106997489929,0.0018236256437376142,0.3338131010532379,0.02086331881582737,0.8687670230865479,14.675414085388184,0.9172133803367615,0.05416751280426979,3.1005067825317383,0.19378167390823364,0.5963743925094604,11.291328430175781,0.7057080268859863,0.19575630128383636,5.149545669555664,0.321846604347229,0.0,0.0,2,2
ks_5-d-39_kv_kv-no1-afs-jalahalli_22082024-000000-1_EN-OL-RC-423_2,they,they,c,34.23,34.44,0.21,0.21,they,DH EY,* DH EY *,DH EY,1711,1722,11,-0.12543202936649323,-0.16333964467048645,-0.014849058352410793,-0.7015087604522705,-4.85420560836792,-0.4412914216518402,0.0003267386928200722,0.5812389254570007,0.05283990129828453,1.07532799243927,19.00157356262207,1.7274158000946045,0.9498854279518127,10.934532165527344,0.9940483570098877,0.5978013277053833,8.041825294494629,0.7310750484466553,0.001113995211198926,0.1938682198524475,0.01762438379228115,0.8509119153022766,10.013434410095215,0.9103122353553772,0.03642967715859413,1.8593757152557373,0.16903415322303772,0.5652902126312256,7.5810394287109375,0.689185380935669,0.1712987869977951,3.3088173866271973,0.3008015751838684,0.0,0.0,2,2
ks_5-d-39_kv_kv-no1-afs-jalahalli_22082024-000000-1_EN-OL-RC-423_2,swing,swing,c,34.44,34.86,0.42,0.42,swing,S W IH NG,* S W IH NG *,S W IH NG,1721,1743,22,-0.02756504900753498,-0.15987911820411682,-0.007267232518643141,-0.7805703282356262,-11.118537902832031,-0.505388081073761,0.0005262098857201636,0.8785523772239685,0.039934199303388596,1.225682258605957,42.21403884887695,1.9188199043273926,0.9888516664505005,21.935256958007812,0.9970571398735046,0.5927497148513794,15.348390579223633,0.697654128074646,0.0010227998718619347,0.25006571412086487,0.01136662345379591,0.839766800403595,19.701589584350586,0.8955268263816833,0.028439145535230637,2.876835346221924,0.13076524436473846,0.5472060441970825,14.455516815185547,0.6570689678192139,0.15835316479206085,5.831789493560791,0.26508134603500366,0.0,0.0,4,4
ks_5-d-39_kv_kv-no1-afs-jalahalli_22082024-000000-1_EN-OL-RC-423_2,from,from,c,34.86,35.16,0.3,0.3,from,F R AO M,* F R AO M *,F R AO M,1743,1758,15,-0.04135214164853096,-0.09659719467163086,-0.006439812947064638,-1.0473289489746094,-7.422229290008545,-0.49481528997421265,0.0005207767244428396,0.5390259623527527,0.035935062915086746,1.2502140998840332,28.401317596435547,1.8934211730957031,0.9833043813705444,14.960923194885254,0.997394859790802,0.5090464353561401,10.507625579833984,0.7005083560943604,0.00024839836987666786,0.18653923273086548,0.012435948476195335,0.7774080038070679,13.446964263916016,0.8964642882347107,0.007115726824849844,2.091165542602539,0.13941103219985962,0.4603850841522217,9.924912452697754,0.6616608500480652,0.1072857454419136,4.07963228225708,0.27197548747062683,0.0,0.0,4,4
ks_5-d-39_kv_kv-no1-afs-jalahalli_22082024-000000-1_EN-OL-RC-423_2,[INS:one],one,i,35.16,35.49,0.33,0.33,one,,* W AH N *,W AH N,1757,1775,18,-0.07817187160253525,-0.11881954967975616,-0.006601085886359215,-0.8027312159538269,-7.8344926834106445,-0.43524959683418274,0.00033254799200221896,0.5528790354728699,0.03071550279855728,1.117927074432373,31.398723602294922,1.7443735599517822,0.968583345413208,17.952098846435547,0.9973388314247131,0.5763030052185059,13.042424201965332,0.7245790958404541,0.0007745092734694481,0.3264728784561157,0.018137382343411446,0.8313539624214172,16.353302001953125,0.9085167646408081,0.02359074540436268,3.1706860065460205,0.17614921927452087,0.5341514348983765,12.387948036193848,0.6882193088531494,0.14954963326454163,5.472475051879883,0.30402639508247375,,,0,3
ks_5-d-39_kv_kv-no1-afs-jalahalli_22082024-000000-1_EN-OL-RC-423_2,tree,tree,c,35.49,35.91,0.42,0.42,tree,T R IY,* T R IY * SIL *,T R IY,1774,1796,22,-0.6685826182365417,-1.0951449871063232,-0.049779318273067474,-1.0704718828201294,-11.573095321655273,-0.526049792766571,0.00036769479629583657,2.1635422706604004,0.09834282845258713,1.2159605026245117,41.4285888671875,1.88311767578125,0.7501313090324402,21.579635620117188,0.980892539024353,0.5664235353469849,15.517377853393555,0.7053353786468506,0.0006553650600835681,0.23999902606010437,0.010909046977758408,0.8167877197265625,19.72040367126465,0.8963819742202759,0.01706838235259056,2.8411755561828613,0.1291443407535553,0.5126446485519409,14.485517501831055,0.6584326028823853,0.1359722912311554,5.827463626861572,0.26488471031188965,0.0,0.0,3,3
ks_5-d-39_kv_kv-no1-afs-jalahalli_22082024-000000-1_EN-OL-RC-423_2,to,to,c,36.72,36.87,0.15,0.15,to,T UW,T UW *,T UW,1836,1844,8,-0.008602800779044628,-0.014598791487514973,-0.0018248489359393716,-0.699434757232666,-3.0101871490478516,-0.37627339363098145,0.000311004783725366,0.10103653371334076,0.012629566714167595,1.1490695476531982,12.8726224899292,1.60907781124115,0.9965124726295471,7.99407958984375,0.9992599487304688,0.6067757606506348,5.9655961990356445,0.7456995248794556,0.001296520815230906,0.19239844381809235,0.024049805477261543,0.8531613349914551,7.353240013122559,0.9191550016403198,0.03829660639166832,1.7041758298873901,0.21302197873592377,0.5690569281578064,5.707005500793457,0.7133756875991821,0.17410986125469208,2.6849164962768555,0.33561456203460693,0.0,0.0,2,2
ks_5-d-39_kv_kv-no1-afs-jalahalli_22082024-000000-1_EN-OL-RC-423_2,tree,another,s,36.87,37.47,0.6,0.6,another,T R IY,* AH N AH DH AH R * SIL,AH N AH DH AH R,1843,1874,31,-0.45051923394203186,-0.6769944429397583,-0.021838530898094177,-0.8705770373344421,-11.973647117614746,-0.3862466812133789,0.00014143966836854815,1.4746252298355103,0.04756855592131615,0.9563851952552795,48.587989807128906,1.5673545598983765,0.8270852565765381,30.736621856689453,0.9915039539337158,0.6111742258071899,23.33318328857422,0.7526833415031433,0.0013966117985546589,0.8807052373886108,0.028409846127033234,0.8566601872444153,28.52812385559082,0.9202620387077332,0.041392356157302856,6.871208667755127,0.22165189683437347,0.5749977827072144,22.21636390686035,0.7166569232940674,0.17862676084041595,10.611894607543945,0.34231919050216675,20.797809751250618,6.0,3,6
ks_5-d-39_kv_kv-no1-afs-jalahalli_22082024-000000-1_EN-OL-RC-423_2,upside,upside,c,39.69,40.26,0.57,0.57,upside,AH P S AY D,AH P S AY D *,AH P S AY D,1984,2013,29,-0.025226393714547157,-0.09573732316493988,-0.003301287069916725,-0.7731907367706299,-11.578617095947266,-0.3992626667022705,0.0002635979908518493,0.5738177299499512,0.019786817952990532,1.1675167083740234,48.28950500488281,1.665155291557312,0.9897946119308472,28.96121597290039,0.9986625909805298,0.5911825895309448,21.41864776611328,0.7385740876197815,0.0009960569441318512,0.5581738352775574,0.019247373566031456,0.8399268388748169,26.548025131225586,0.9154491424560547,0.02854044735431671,5.571380138397217,0.19211655855178833,0.5474591255187988,20.385225296020508,0.7029387950897217,0.15852826833724976,9.261956214904785,0.3193778097629547,0.0,0.0,5,5
ks_5-d-39_kv_kv-no1-afs-jalahalli_22082024-000000-1_EN-OL-RC-423_2,down,down,c,40.26,40.71,0.45,0.45,down,D AW N,* D AW N * SIL,D AW N,2012,2036,24,-0.43844881653785706,-0.689009964466095,-0.028708748519420624,-0.8417736291885376,-8.403630256652832,-0.35015127062797546,0.00017257746367249638,1.2908838987350464,0.053786829113960266,1.0323439836502075,35.8354377746582,1.4931432008743286,0.8314685821533203,23.73248291015625,0.9888534545898438,0.6246222257614136,18.311437606811523,0.7629765868186951,0.0017531497869640589,0.6348282694816589,0.026451177895069122,0.8582814931869507,22.244632720947266,0.9268596768379211,0.04291057214140892,5.627737522125244,0.2344890683889389,0.5777856111526489,17.52996826171875,0.7304153442382812,0.18078196048736572,8.52510929107666,0.35521289706230164,0.0,0.0,3,3
ks_5-d-39_kv_kv-no1-afs-jalahalli_22082024-000000-1_EN-OL-RC-423_2,and,and,c,40.98,41.31,0.33,0.33,and,AE N D,AE N D * SIL,AE N D,2049,2066,17,-0.2575899660587311,-0.2971475422382355,-0.017479266971349716,-0.8471314311027527,-6.119155406951904,-0.35995030403137207,9.677393245510757e-05,0.7606265544891357,0.04474273696541786,0.8886312246322632,25.545974731445312,1.502704381942749,0.8987566232681274,16.88274383544922,0.9931025505065918,0.613418459892273,12.921318054199219,0.7600775361061096,0.0014506238512694836,0.5332825183868408,0.03136955946683884,0.8550914525985718,15.70760440826416,0.923976719379425,0.03997453302145004,4.1373114585876465,0.24337126314640045,0.5723215341567993,12.370038986206055,0.7276493310928345,0.1765793114900589,6.103595733642578,0.35903504490852356,0.0,0.0,3,3
ks_5-d-39_kv_kv-no1-afs-jalahalli_22082024-000000-1_EN-OL-RC-423_2,when,when,c,41.37,41.79,0.42,0.42,when,W EH N,W EH N * SIL,W EH N,2068,2090,22,-0.1909809410572052,-0.22807781398296356,-0.010367173701524734,-0.8192732334136963,-7.473804950714111,-0.33971840143203735,8.723523933440447e-05,0.6892479062080383,0.0313294492661953,0.8647248148918152,32.357513427734375,1.4707961082458496,0.9243149161338806,21.909282684326172,0.9958764910697937,0.6193317174911499,16.844982147216797,0.7656810283660889,0.001603147597052157,0.7335615158081055,0.03334370627999306,0.8587962985038757,20.400550842285156,0.9272977709770203,0.04340417683124542,5.533333778381348,0.2515151798725128,0.578675389289856,16.162511825561523,0.7346596121788025,0.1814747452735901,8.07231330871582,0.36692333221435547,0.0,0.0,3,3
ks_5-d-39_kv_kv-no1-afs-jalahalli_22082024-000000-1_EN-OL-RC-423_2,they're,they're,c,41.97,42.45,0.48,0.48,they're,DH EY Y R,DH EY * AA R *,DH EY AA R,2098,2123,25,-0.5648799538612366,-1.1443134546279907,-0.04577253758907318,-1.0338859558105469,-12.581443786621094,-0.5032577514648438,0.00025105662643909454,2.633207082748413,0.1053282842040062,0.9928758144378662,44.60725402832031,1.7842901945114136,0.7862049341201782,24.555065155029297,0.9822025895118713,0.5614660978317261,17.957542419433594,0.7183017134666443,0.0006026714690960944,0.4542366564273834,0.01816946640610695,0.8086326122283936,22.509078979492188,0.9003631472587585,0.014239823445677757,4.062731742858887,0.1625092625617981,0.50115966796875,16.81285285949707,0.6725141406059265,0.1291668713092804,7.237187385559082,0.28948748111724854,6.039658998212719,1.0,4,4
ks_5-d-39_kv_kv-no1-afs-jalahalli_22082024-000000-1_EN-OL-RC-423_2,eating,eating,c,42.45,43.05,0.6,0.6,eating,IY T IH NG,* IY T IH NG * SIL *,IY T IH NG,2122,2153,31,-0.627578616142273,-0.7936756610870361,-0.025602441281080246,-1.0633515119552612,-12.097829818725586,-0.39025256037712097,0.00021499933791346848,1.4727754592895508,0.047508884221315384,1.0495727062225342,48.88865661621094,1.577053427696228,0.7642831802368164,30.69721221923828,0.9902326464653015,0.5710659027099609,23.245502471923828,0.7498549222946167,0.0007088774582371116,0.8277759552001953,0.026702450588345528,0.8211535215377808,28.486042022705078,0.9189046025276184,0.018806930631399155,6.852406978607178,0.2210453897714615,0.518952488899231,22.159820556640625,0.7148329019546509,0.1398392617702484,10.564209938049316,0.34078097343444824,0.0,0.0,4,4
ks_5-d-39_kv_kv-no1-afs-jalahalli_22082024-000000-1_EN-OL-RC-423_2,they,they,c,43.32,43.65,0.33,0.33,they,DH EY,DH EY *,DH EY,2166,2183,17,-0.02439320832490921,-0.06488572806119919,-0.0038168076425790787,-0.7459192276000977,-6.249414920806885,-0.3676126301288605,0.00029228421044535935,0.3511430621147156,0.020655473694205284,0.9856885075569153,26.51312255859375,1.5595954656600952,0.990130603313446,16.973730087280273,0.9984546899795532,0.5776014924049377,12.807863235473633,0.7534037232398987,0.0007917007897049189,0.47349223494529724,0.027852484956383705,0.8402221202850342,15.667612075805664,0.9216242432594299,0.028728311881422997,3.839731216430664,0.22586654126644135,0.5479267835617065,12.242952346801758,0.7201736569404602,0.15885215997695923,5.880744934082031,0.3459261655807495,0.0,0.0,2,2
ks_5-d-39_kv_kv-no1-afs-jalahalli_22082024-000000-1_EN-OL-RC-423_2,use,use,c,43.65,44.1,0.45,0.45,use,Y UW Z,Y UW Z *,Y UW Z,2182,2205,23,-0.2775209844112396,-0.43434813618659973,-0.018884701654314995,-1.2640039920806885,-10.38101863861084,-0.4513486325740814,0.0002519412664696574,1.4027546644210815,0.06098933145403862,1.0946356058120728,39.96875762939453,1.7377721071243286,0.891191303730011,22.827802658081055,0.9925131797790527,0.48625701665878296,16.62912940979004,0.7230056524276733,0.0001689594064373523,0.4246540665626526,0.018463220447301865,0.7458291053771973,20.829309463500977,0.905622124671936,0.0035278988070786,4.113673686981201,0.17885537445545197,0.4234952926635742,15.770769119262695,0.6856856346130371,0.09022732824087143,7.003022193908691,0.3044792115688324,0.0,0.0,3,3
ks_5-d-39_kv_kv-no1-afs-jalahalli_22082024-000000-1_EN-OL-RC-423_2,their,their,c,44.1,44.4,0.3,0.3,their,DH EY AH R,* DH EY R *,DH EY R,2205,2220,15,-0.15536347031593323,-0.31055235862731934,-0.02070349082350731,-0.7677682638168335,-7.279033660888672,-0.4852689206600189,0.00026819983031600714,1.05362868309021,0.07024191319942474,1.03233003616333,27.166229248046875,1.8110820055007935,0.938157320022583,14.87565803527832,0.9917105436325073,0.5885531902313232,10.723928451538086,0.7149285674095154,0.0009527457877993584,0.25107985734939575,0.016738656908273697,0.8452691435813904,13.523734092712402,0.9015823006629944,0.03213723003864288,2.344343423843384,0.15628956258296967,0.5560168027877808,10.086462020874023,0.6724308133125305,0.16454853117465973,4.2918620109558105,0.2861241400241852,3.47386705940546,1.0,4,3
ks_5-d-39_kv_kv-no1-afs-jalahalli_22082024-000000-1_EN-OL-RC-423_2,feet,feet,c,44.4,44.79,0.39,0.39,feet,F IY T,* F IY T *,F IY T,2220,2240,20,-0.5987813472747803,-0.6422105431556702,-0.03211052715778351,-1.0415562391281128,-7.909688949584961,-0.39548444747924805,0.00014847025158815086,0.978176474571228,0.04890882223844528,1.0168280601501465,31.732080459594727,1.5866039991378784,0.7743090391159058,19.756702423095703,0.9878351092338562,0.5963102579116821,14.995780944824219,0.7497890591621399,0.0010862619383260608,0.49278193712234497,0.02463909611105919,0.8404902219772339,18.376983642578125,0.9188491702079773,0.028899919241666794,4.271341800689697,0.2135670930147171,0.5483517646789551,14.264135360717773,0.7132067680358887,0.1591470092535019,6.717792510986328,0.33588963747024536,0.0,0.0,3,3
ks_5-d-39_kv_kv-no1-afs-jalahalli_22082024-000000-1_EN-OL-RC-423_2,almost,almost,c,44.82,45.48,0.66,0.66,almost,AO L M OW S T,AO L M OW S T *,AO L M OW S T,2241,2274,33,-0.6330022215843201,-0.7570469975471497,-0.02294081822037697,-0.9492328763008118,-12.388720512390137,-0.37541577219963074,0.0001479457860114053,1.2218115329742432,0.037024591118097305,1.0151567459106445,51.60292053222656,1.5637248754501343,0.7624028921127319,32.712547302246094,0.9912893176078796,0.5905469655990601,24.81728744506836,0.7520390152931213,0.0009854092495515943,0.8751058578491211,0.026518359780311584,0.8455313444137573,30.394926071166992,0.9210583567619324,0.032325007021427155,7.407220363616943,0.22446122765541077,0.556442379951477,23.728649139404297,0.7190499901771545,0.164853036403656,11.36982250213623,0.3445400893688202,0.0,0.0,6,6
ks_5-d-39_kv_kv-no1-afs-jalahalli_22082024-000000-1_EN-OL-RC-423_2,like,like,c,45.48,45.81,0.33,0.33,like,L AY K,* L AY K *,L AY K,2274,2291,17,-0.05753964185714722,-0.08112028986215591,-0.004771781619638205,-0.683362603187561,-6.802040100097656,-0.4001200199127197,0.00022878157324157655,0.3859025537967682,0.022700149565935135,1.1702523231506348,28.468263626098633,1.6746037006378174,0.9768157601356506,16.967252731323242,0.9980736970901489,0.6190367937088013,12.528632164001465,0.7369783520698547,0.0015951734967529774,0.32720500230789185,0.019247353076934814,0.863214373588562,15.561843872070312,0.9154025912284851,0.04788081720471382,3.2191214561462402,0.18936008214950562,0.5864071846008301,11.934477806091309,0.7020280957221985,0.18759475648403168,5.3978986740112305,0.31752344965934753,0.0,0.0,3,3
ks_5-d-39_kv_kv-no1-afs-jalahalli_22082024-000000-1_EN-OL-RC-423_2,hands,hand,s,45.81,46.2,0.39,0.39,hand,HH AE N D S,* HH AE N D * SIL,HH AE N D,2290,2310,20,-0.028016222640872,-0.05859043449163437,-0.0029295217245817184,-0.8227988481521606,-8.585927963256836,-0.4292964041233063,0.00017606894834898412,0.3803415298461914,0.01901707611978054,1.0028908252716064,34.66900634765625,1.7334502935409546,0.9886698722839355,19.976266860961914,0.9988133311271667,0.5957241654396057,14.517633438110352,0.7258816957473755,0.0010755517287179828,0.41650140285491943,0.020825069397687912,0.8344045877456665,18.180770874023438,0.9090385437011719,0.02524510771036148,3.6889517307281494,0.18444758653640747,0.5388289093971252,13.816617965698242,0.6908308863639832,0.1526535004377365,6.196518421173096,0.30982592701911926,3.7420005426462573,1.0,5,4
