utterance_id,canonical_word,GT_decoded_word,GT_label,start_time,end_time,canonical_phone_seq,GT_wav2vec_phone_seq_clean,MT_decoded_costed_neglog,HI_phone_seq_raw,HI_phone_seq_clean,frame_start,frame_end,n_frames,raw_logmax_min,raw_logmax_sum,raw_logmax_mean,temprature_logmax_min,temprature_logmax_sum,temprature_logmax_mean,raw_entropy_min,raw_entropy_sum,raw_entropy_mean,temprature_entropy_min,temprature_entropy_sum,temprature_entropy_mean,normalized_max_prob_min,normalized_max_prob_sum,normalized_max_prob_mean,entropy_gibbs_lin_min,entropy_gibbs_lin_sum,entropy_gibbs_lin_mean,entropy_gibbs_exp_min,entropy_gibbs_exp_sum,entropy_gibbs_exp_mean,entropy_tsallis_lin_min,entropy_tsallis_lin_sum,entropy_tsallis_lin_mean,entropy_tsallis_exp_min,entropy_tsallis_exp_sum,entropy_tsallis_exp_mean,entropy_renyi_lin_min,entropy_renyi_lin_sum,entropy_renyi_lin_mean,entropy_renyi_exp_min,entropy_renyi_exp_sum,entropy_renyi_exp_mean,costed_neglog,lev_dist,n_canon_phones,n_hyp_phones,miscue_prob,miscue_label
/home/daplab/30006664/kv_allindia_dec2023/audios/vr_3-c-18_kv_kv-no2-eklinggarh-udaipur_04122023-000000-1_HI-KV-001_1.wav,एक,एक,c,2.34,2.67,ee k,ee k,0.0,ee k *,ee k,116.0,134.0,18.0,-0.7566273212432861,-0.8162190914154053,-0.0453455038368701,-1.2358338832855225,-4.908217430114746,-0.2726787328720093,3.303252378827892e-05,1.2571076154708862,0.0698393136262893,0.5381799936294556,19.91353225708008,1.1063073873519895,0.7303694486618042,17.70722198486328,0.9837345480918884,0.7270867824554443,15.462196350097656,0.8590109348297119,0.0026786250527948,1.5264440774917605,0.0848024487495422,0.8539305329322815,17.18627166748047,0.954792857170105,0.0192293673753738,6.787027835845947,0.3770571053028106,0.5496876239776611,14.443340301513672,0.8024078011512756,0.1449349224567413,8.423567771911621,0.4679759740829468,0.0,0.0,2.0,2.0,0.2670172112053638,0
/home/daplab/30006664/kv_allindia_dec2023/audios/vr_3-c-18_kv_kv-no2-eklinggarh-udaipur_04122023-000000-1_HI-KV-001_1.wav,राजा,राजा,c,2.67,3.15,r AA j AA,r AA j AA,0.0,* r AA j AA *,r AA j AA,133.0,158.0,25.0,-0.4382964372634887,-0.8163560032844543,-0.0326542407274246,-0.7927908301353455,-7.88163423538208,-0.3152653574943542,2.3580701963510364e-05,1.848636269569397,0.0739454478025436,0.5515635013580322,31.231107711791992,1.2492443323135376,0.8376298546791077,24.692310333251957,0.987692415714264,0.7538663744926453,21.055444717407227,0.8422178030014038,0.0047895801253616,1.654327154159546,0.0661730840802192,0.902209222316742,23.71648406982422,0.948659360408783,0.0709817111492157,7.917639255523682,0.316705584526062,0.6425082087516785,19.46208381652832,0.7784833312034607,0.2195462137460708,10.567538261413574,0.4227015376091003,0.0,0.0,4.0,4.0,0.2670172112053638,0
/home/daplab/30006664/kv_allindia_dec2023/audios/vr_3-c-18_kv_kv-no2-eklinggarh-udaipur_04122023-000000-1_HI-KV-001_1.wav,था,था,c,3.15,3.42,th AA,th AA,0.0,th AA,th AA,157.0,171.0,14.0,-0.0769352465867996,-0.0994046851992607,-0.0071003348566591,-0.6255236864089966,-3.5351226329803467,-0.2525087594985962,1.272979352506809e-05,0.3962042033672333,0.0283003002405166,0.4907758235931396,15.635881423950195,1.116848707199097,0.9701963067054749,13.96142292022705,0.9972444772720336,0.7265490293502808,12.002679824829102,0.8573342561721802,0.0026475456543266,1.1331039667129517,0.080935999751091,0.9052159786224364,13.384807586669922,0.9560576677322388,0.0769964382052421,5.168862819671631,0.3692044913768768,0.6492623090744019,11.239185333251951,0.8027989268302917,0.2261580228805542,6.4921979904174805,0.4637284278869629,0.0,0.0,2.0,2.0,0.2670172112053638,0
/home/daplab/30006664/kv_allindia_dec2023/audios/vr_3-c-18_kv_kv-no2-eklinggarh-udaipur_04122023-000000-1_HI-KV-001_1.wav,उसका,उसका,c,3.42,4.02,uu s aa k AA,uu s aa k AA,0.0,* uu s aa k AA *,uu s aa k AA,171.0,201.0,30.0,-0.7514902949333191,-2.02576208114624,-0.0675254017114639,-1.2989462614059448,-11.191239356994627,-0.3730413019657135,1.3985514669911936e-05,3.562810182571411,0.1187603399157524,0.4679177105426788,39.719383239746094,1.3239794969558716,0.7320334315299988,29.25455665588379,0.9751518964767456,0.6986427307128906,24.96383285522461,0.8321277499198914,0.0014449022710323,1.9901690483093264,0.0663389712572097,0.8371441960334778,28.247997283935547,0.9415999054908752,0.012211188673973,9.07187271118164,0.302395761013031,0.5227325558662415,22.881956100463867,0.7627318501472473,0.1280547380447387,12.227447509765623,0.4075815975666046,0.0,0.0,5.0,5.0,0.2670172112053638,0
/home/daplab/30006664/kv_allindia_dec2023/audios/vr_3-c-18_kv_kv-no2-eklinggarh-udaipur_04122023-000000-1_HI-KV-001_1.wav,एक,एक,c,4.02,4.35,ee k,ee k,0.0,* ee k *,ee k,200.0,218.0,18.0,-0.6883914470672607,-1.1013410091400146,-0.0611856132745742,-1.0333106517791748,-6.056547164916992,-0.3364748358726501,3.2863925298443064e-05,1.834322452545166,0.101906806230545,0.5179017782211304,22.232402801513672,1.2351335287094116,0.7526479363441467,17.596595764160156,0.9775886535644532,0.7381150722503662,15.224346160888672,0.8457970023155212,0.0034028925001621,1.3650580644607544,0.0758365616202354,0.8645453453063965,17.05735969543457,0.9476311206817628,0.0256252717226743,5.88730525970459,0.3270725011825561,0.567955732345581,14.018449783325195,0.778802752494812,0.1574765592813491,7.726548194885254,0.4292526841163635,0.0,0.0,2.0,2.0,0.2670172112053638,0
/home/daplab/30006664/kv_allindia_dec2023/audios/vr_3-c-18_kv_kv-no2-eklinggarh-udaipur_04122023-000000-1_HI-KV-001_1.wav,बडा,बडा,c,4.35,4.74,b aa D AA,b aa D AA,0.0,b aa D AA,b aa D AA,217.0,237.0,20.0,-0.0168879050761461,-0.0387105643749237,-0.0019355282420292,-0.5663338899612427,-4.609718322753906,-0.2304859161376953,2.006923568842467e-05,0.2409600913524627,0.0120480041950941,0.5270516872406006,21.02892303466797,1.0514461994171145,0.9934086203575134,19.984878540039062,0.9992439150810242,0.7300765514373779,17.29824447631836,0.864912211894989,0.0028581742662936,1.950649738311768,0.0975324884057045,0.903124749660492,19.18095970153809,0.9590479731559752,0.0727616399526596,8.012892723083496,0.4006446301937103,0.644550085067749,16.284835815429688,0.8142417669296265,0.2215258926153183,9.768510818481444,0.4884255528450012,0.0,0.0,4.0,4.0,0.2670172112053638,0
/home/daplab/30006664/kv_allindia_dec2023/audios/vr_3-c-18_kv_kv-no2-eklinggarh-udaipur_04122023-000000-1_HI-KV-001_1.wav,सा,सा,c,4.74,5.16,s AA,s AA,0.0,* s AA *,s AA,237.0,258.0,21.0,-0.0145897846668958,-0.0363460704684257,-0.0017307652160525,-0.5947922468185425,-5.392597198486328,-0.2567903399467468,1.3054496776021551e-05,0.2244370728731155,0.0106874797493219,0.4756273329257965,24.858867645263672,1.18375563621521,0.9943040013313292,20.98579978942871,0.9993237853050232,0.6984056234359741,17.792497634887695,0.8472617864608765,0.0014374878956004,1.6140776872634888,0.0768608450889587,0.8931540250778198,20.020902633666992,0.953376293182373,0.0555604398250579,7.470723152160644,0.35574871301651,0.6229718923568726,16.697078704833984,0.7950989603996277,0.2014153897762298,9.505391120910645,0.4526376724243164,0.0,0.0,2.0,2.0,0.2670172112053638,0
/home/daplab/30006664/kv_allindia_dec2023/audios/vr_3-c-18_kv_kv-no2-eklinggarh-udaipur_04122023-000000-1_HI-KV-001_1.wav,राज्य,राज्य,c,5.52,6.03,r AA j y,r AA j y,0.0,r AA j y *,r AA j y,276.0,302.0,26.0,-0.6589689254760742,-2.159667491912842,-0.0830641314387321,-1.159044861793518,-9.167677879333496,-0.3526029884815216,2.0559144104481675e-05,3.3606269359588623,0.1292548775672912,0.5140619874000549,31.57665061950684,1.214486598968506,0.7623721361160278,25.20832633972168,0.9695510268211364,0.7021541595458984,21.941675186157227,0.8439105749130249,0.001559309544973,2.129319190979004,0.0818968936800956,0.8511366248130798,24.593181610107425,0.9458916187286376,0.01782963052392,8.9440279006958,0.3440010845661163,0.5450443029403687,20.244579315185547,0.7786376476287842,0.1418932676315307,11.421967506408691,0.4393064379692077,0.0,0.0,4.0,4.0,0.2670172112053638,0
/home/daplab/30006664/kv_allindia_dec2023/audios/vr_3-c-18_kv_kv-no2-eklinggarh-udaipur_04122023-000000-1_HI-KV-001_1.wav,था,था,c,6.03,6.3,th AA,th AA,0.0,* th AA *,th AA,301.0,315.0,14.0,-0.0914646834135055,-0.2185819745063781,-0.0156129980459809,-0.6939173340797424,-5.243493556976318,-0.3745352625846863,1.8136752260033973e-05,0.817650318145752,0.058403592556715,0.5226415991783142,20.50619506835937,1.4647282361984253,0.9646318554878236,13.915324211120604,0.9939517378807068,0.6989496946334839,11.424596786499023,0.8160426020622253,0.0014545595040544,0.6705815196037292,0.0478986799716949,0.8902643918991089,13.126419067382812,0.9376013875007628,0.051382802426815,3.5723719596862797,0.2551694214344024,0.6169753074645996,10.43991756439209,0.7457084059715271,0.1961338818073272,5.2054643630981445,0.371818870306015,0.0,0.0,2.0,2.0,0.2670172112053638,0
/home/daplab/30006664/kv_allindia_dec2023/audios/vr_3-c-18_kv_kv-no2-eklinggarh-udaipur_04122023-000000-1_HI-KV-001_1.wav,एक,एक,c,6.3,6.6,ee k,ee k,0.0,ee k *,ee k,315.0,330.0,15.0,-0.3824497759342193,-1.3466837406158447,-0.0897789150476455,-1.281330704689026,-11.489891052246094,-0.7659927606582642,0.0021036029793322,3.67608094215393,0.245072066783905,1.406280755996704,33.21376419067383,2.214251041412353,0.8573431372642517,14.490138053894045,0.9660091996192932,0.6024961471557617,10.661678314208984,0.710778534412384,0.0001793486444512,0.0993287041783332,0.0066219135187566,0.7914199829101562,13.125349044799805,0.8750232458114624,0.0035447615664452,1.1775277853012085,0.0785018503665924,0.4589090943336487,9.044614791870115,0.6029742956161499,0.0947622507810592,3.05673885345459,0.2037825882434845,0.0,0.0,2.0,2.0,0.2670172112053638,0
/home/daplab/30006664/kv_allindia_dec2023/audios/vr_3-c-18_kv_kv-no2-eklinggarh-udaipur_04122023-000000-1_HI-KV-001_1.wav,दिन,दिन,c,6.63,6.96,d ii n,T II d UU,5.0,T II * d UU,T II d UU,331.0,348.0,17.0,-0.887486457824707,-2.4450454711914062,-0.1438262015581131,-2.2636847496032715,-11.221948623657228,-0.6601146459579468,7.714928506175056e-05,4.365210056304932,0.2567770481109619,0.6776830554008484,32.636661529541016,1.9198036193847656,0.6886934638023376,16.11394691467285,0.9478792548179626,0.3077537417411804,12.61069107055664,0.741805374622345,2.987677873989014e-07,0.3877481520175934,0.0228087157011032,0.5088694095611572,15.086331367492676,0.887431263923645,1.6988761899483509e-06,2.6581032276153564,0.1563590168952942,0.2169680595397949,11.116721153259276,0.6539247632026672,0.0245214942842721,4.664030075073242,0.2743546962738037,22.721100963977992,4.0,3.0,4.0,0.9652740026361378,1
/home/daplab/30006664/kv_allindia_dec2023/audios/vr_3-c-18_kv_kv-no2-eklinggarh-udaipur_04122023-000000-1_HI-KV-001_1.wav,उसे,उसने,s,6.96,7.62,uu s ee,UU s aa r ee,4.0,UU s aa r ee *,UU s aa r ee,348.0,381.0,33.0,-0.5757095217704773,-2.3684701919555664,-0.0717718228697776,-1.4776294231414795,-16.0615234375,-0.4867128431797027,2.1400530386017635e-05,4.866915225982666,0.1474822759628296,0.4964026212692261,53.10483169555664,1.6092373132705688,0.7902801036834717,32.115169525146484,0.97318696975708,0.5360859632492065,26.10270118713379,0.790990948677063,4.2443236452527344e-05,1.2005391120910645,0.036379974335432,0.7393790483474731,30.33037376403809,0.9191022515296936,0.0008673727861605,7.630320072174072,0.2312218248844146,0.3987977504730224,23.522232055664062,0.7127948999404907,0.0704150423407554,11.261333465576172,0.3412525355815887,11.326609890983994,3.0,3.0,5.0,0.9577062233936432,1
/home/daplab/30006664/kv_allindia_dec2023/audios/vr_3-c-18_kv_kv-no2-eklinggarh-udaipur_04122023-000000-1_HI-KV-001_1.wav,देश,देश,c,7.89,8.34,d ee sh,d ee sh,0.0,d ee sh *,d ee sh,394.0,417.0,23.0,-0.6551653146743774,-0.9803385734558104,-0.0426234155893325,-1.3510875701904297,-6.901248455047607,-0.3000542819499969,1.7000296793412417e-05,1.8706148862838743,0.081331081688404,0.4918314814567566,26.064332962036133,1.1332318782806396,0.7636343836784363,22.639543533325195,0.9843279719352722,0.6449130773544312,19.62224578857422,0.8531411290168762,0.0004502560768742,2.1189990043640137,0.0921303927898407,0.8112263083457947,21.857500076293945,0.9503260850906372,0.0060572163201868,8.762401580810547,0.3809739947319031,0.4850416779518127,18.288555145263672,0.7951545715332031,0.1073560267686843,10.761677742004396,0.4678990244865417,0.0,0.0,3.0,3.0,0.2670172112053638,0
/home/daplab/30006664/kv_allindia_dec2023/audios/vr_3-c-18_kv_kv-no2-eklinggarh-udaipur_04122023-000000-1_HI-KV-001_1.wav,घूमने,घूमने,c,8.34,9.12,gh UU m aa n ee,gh UU m aa n ee,0.0,gh UU m aa n ee *,gh UU m aa n ee,417.0,456.0,39.0,-0.5729742050170898,-2.0785908699035645,-0.0532972030341625,-1.574970841407776,-17.977535247802734,-0.4609624445438385,1.7227443095180206e-05,4.686310768127441,0.1201618164777755,0.5190733671188354,60.22923278808594,1.544339299201965,0.7912068963050842,38.22335433959961,0.9800860285758972,0.5185582637786865,31.09969139099121,0.7974280118942261,2.9014539904892445e-05,2.00881576538086,0.0515080951154232,0.7301894426345825,35.97386932373047,0.9224069118499756,0.0006764653953723,10.182784080505373,0.2610970139503479,0.3892425894737243,28.23202133178711,0.7238979935646057,0.0670654773712158,14.224449157714844,0.3647294640541076,0.0,0.0,6.0,6.0,0.2670172112053638,0
/home/daplab/30006664/kv_allindia_dec2023/audios/vr_3-c-18_kv_kv-no2-eklinggarh-udaipur_04122023-000000-1_HI-KV-001_1.wav,का,का,c,9.63,9.87,k AA,k AA,0.0,k AA *,k AA,481.0,494.0,13.0,-0.0497088283300399,-0.0664886534214019,-0.0051145115867257,-0.6645716428756714,-3.5829122066497803,-0.275608628988266,2.431608118058648e-05,0.3063769936561584,0.0235674604773521,0.5352956652641296,15.476174354553224,1.1904749870300293,0.9806779623031616,12.974119186401367,0.9980091452598572,0.6878371238708496,11.008163452148438,0.8467817902565002,0.0011428802972659,1.0717568397521973,0.0824428349733352,0.8829890489578247,12.370036125183104,0.9515412449836732,0.0422033034265041,4.64980411529541,0.3576772511005401,0.6023476123809814,10.29368495941162,0.7918218970298767,0.1837791502475738,5.888854026794434,0.4529887735843658,0.0,0.0,2.0,2.0,0.2670172112053638,0
/home/daplab/30006664/kv_allindia_dec2023/audios/vr_3-c-18_kv_kv-no2-eklinggarh-udaipur_04122023-000000-1_HI-KV-001_1.wav,विचार,विचार,c,9.87,10.53,w ii c AA r,w ii c AA r,0.0,* w ii c AA r *,w ii c AA r,493.0,527.0,34.0,-0.300697922706604,-1.2460644245147705,-0.0366489551961422,-1.120132327079773,-9.823546409606934,-0.28892782330513,1.1486410585348494e-05,2.868394374847412,0.084364540874958,0.4919624626636505,38.17710876464844,1.1228561401367188,0.8867016434669495,33.52799987792969,0.986117660999298,0.6700268983840942,29.039995193481445,0.8541175127029419,0.0007765098125673,3.159970283508301,0.0929403007030487,0.8343510031700134,32.379920959472656,0.952350616455078,0.0113225234672427,12.814281463623049,0.376890629529953,0.5184552669525146,27.10574531555176,0.7972277998924255,0.1255426406860351,15.892659187316896,0.4674311578273773,0.0,0.0,5.0,5.0,0.2670172112053638,0
/home/daplab/30006664/kv_allindia_dec2023/audios/vr_3-c-18_kv_kv-no2-eklinggarh-udaipur_04122023-000000-1_HI-KV-001_1.wav,आया,आया,c,10.62,11.13,AA y AA,AA y AA,0.0,AA y AA *,AA y AA,531.0,557.0,26.0,-0.2014537900686264,-0.3835499882698059,-0.0147519223392009,-0.646405816078186,-6.572417736053467,-0.2527852952480316,1.3154362932255026e-05,1.2283666133880615,0.047244869172573,0.5021643042564392,28.01461410522461,1.077485203742981,0.9231577515602112,25.852384567260746,0.9943224787712096,0.7427030801773071,22.394805908203125,0.8613386750221252,0.0037591371219605,2.2811601161956787,0.087736926972866,0.9006565809249878,24.88033103942871,0.9569358229637146,0.0680622309446334,9.946674346923828,0.3825643956661224,0.639074444770813,20.97851181030273,0.8068658113479614,0.2162540256977081,12.322549819946287,0.473944216966629,0.0,0.0,3.0,3.0,0.2670172112053638,0
/home/daplab/30006664/kv_allindia_dec2023/audios/vr_3-c-18_kv_kv-no2-eklinggarh-udaipur_04122023-000000-1_HI-KV-001_1.wav,और,और,c,12.36,12.6,OO r,OO r,0.0,OO r *,OO r,618.0,630.0,12.0,-0.6299363970756531,-0.9374817609786988,-0.0781234800815582,-1.0662918090820312,-5.121951103210449,-0.4268292486667633,7.602761615999043e-05,1.457194209098816,0.1214328482747078,0.7570992112159729,18.09263610839844,1.50771963596344,0.7720377445220947,11.655261993408203,0.971271812915802,0.7068932056427002,9.695069313049316,0.8079224228858948,0.0017282087355852,0.4742361605167389,0.0395196788012981,0.8664138317108154,11.185267448425291,0.9321056008338928,0.026953799650073,2.93896484375,0.2449137419462204,0.571279764175415,8.810914993286133,0.7342429161071777,0.1598608195781707,4.312845706939697,0.3594038188457489,0.0,0.0,2.0,2.0,0.2670172112053638,0
/home/daplab/30006664/kv_allindia_dec2023/audios/vr_3-c-18_kv_kv-no2-eklinggarh-udaipur_04122023-000000-1_HI-KV-001_1.wav,उसने,उसने,c,12.6,13.05,uu s aa n ee,uu s aa n ee,2.0,* uu s aa n ee *,uu s aa n ee,630.0,653.0,23.0,-0.2518971562385559,-0.7724659442901611,-0.0335854776203632,-0.9925377368927002,-9.980484008789062,-0.4339340925216675,7.188847666839138e-05,2.397516965866089,0.1042398661375045,0.5923975706100464,35.124359130859375,1.5271461009979248,0.9045149683952332,22.70343399047852,0.9871058464050292,0.648088812828064,18.559179306030277,0.8069208264350891,0.0004823800991289,1.0893439054489136,0.0473627783358097,0.8381229043006897,21.37972640991211,0.9295533299446106,0.0125388028100132,5.61342716217041,0.2440620511770248,0.5242446660995483,16.778839111328125,0.7295147180557251,0.1289533227682113,8.22507095336914,0.3576117753982544,0.0,0.0,5.0,5.0,0.2670172112053638,0
/home/daplab/30006664/kv_allindia_dec2023/audios/vr_3-c-18_kv_kv-no2-eklinggarh-udaipur_04122023-000000-1_HI-KV-001_1.wav,देश,देश,c,13.05,13.47,d ee sh,d ee sh,0.0,d ee sh *,d ee sh,652.0,674.0,22.0,-0.1865480840206146,-0.221443623304367,-0.0100656189024448,-0.8865137100219727,-5.671506881713867,-0.2577957808971405,1.615757355466485e-05,0.688800036907196,0.0313090942800045,0.4916395843029022,24.40611267089844,1.1093688011169434,0.9287117719650269,21.915084838867188,0.9961402416229248,0.6582252979278564,18.832569122314453,0.8560258746147156,0.0006010656943544,1.998787879943848,0.0908539965748786,0.8568246364593506,20.99657440185547,0.954389750957489,0.0207953248172998,8.52164363861084,0.3873474299907684,0.5545680522918701,17.677087783813477,0.8035039901733398,0.1481946259737014,10.450507164001465,0.4750230610370636,0.0,0.0,3.0,3.0,0.2670172112053638,0
/home/daplab/30006664/kv_allindia_dec2023/audios/vr_3-c-18_kv_kv-no2-eklinggarh-udaipur_04122023-000000-1_HI-KV-001_1.wav,भ्रमन,भ्रमार,s,13.47,14.16,<UNK>,bh r aa m AA N,7.0,* bh r aa m m AA N *,bh r aa m m AA N,673.0,708.0,35.0,-0.5419605374336243,-1.4535586833953855,-0.0415302477777004,-1.1414140462875366,-16.87196922302246,-0.4820562601089477,3.908027065335773e-05,3.896231174468994,0.1113208904862403,0.5460972785949707,57.23380279541016,1.635251522064209,0.8017591834068298,34.45159912109375,0.9843314290046692,0.5867916345596313,27.6549072265625,0.7901402115821838,0.0001275526883546,1.3722623586654663,0.0392074957489967,0.7991597652435303,32.231746673583984,0.9209070205688475,0.0043703285045921,7.724692344665527,0.2207054942846298,0.4688738584518432,24.856109619140625,0.710174560546875,0.0994068682193756,11.71475601196289,0.3347073197364807,,,1.0,7.0,0.9210397588221279,1
/home/daplab/30006664/kv_allindia_dec2023/audios/vr_3-c-18_kv_kv-no2-eklinggarh-udaipur_04122023-000000-1_HI-KV-001_1.wav,की,की,c,14.19,14.43,k II,k II,0.0,k II *,k II,709.0,722.0,13.0,-0.0131981866434216,-0.030178528279066,-0.0023214253596961,-0.4808858633041382,-3.3486244678497314,-0.2575865089893341,1.841113407863304e-05,0.1827854216098785,0.0140604171901941,0.4855658411979675,15.126338958740234,1.1635645627975464,0.9948464035987854,12.988210678100586,0.9990931153297424,0.7698781490325928,11.080160140991213,0.8523200154304504,0.0067795594222843,1.0387595891952517,0.0799045860767364,0.9196552038192748,12.409428596496582,0.9545714259147644,0.1137897819280624,4.6348958015441895,0.3565304577350616,0.6837949156761169,10.365235328674316,0.7973257899284363,0.2629608511924743,5.911516189575195,0.4547320008277893,0.0,0.0,2.0,2.0,0.2670172112053638,0
/home/daplab/30006664/kv_allindia_dec2023/audios/vr_3-c-18_kv_kv-no2-eklinggarh-udaipur_04122023-000000-1_HI-KV-001_1.wav,योजना,योजना,c,14.43,15.06,y oo j aa n AA,y oo j aa n AA,0.0,* y oo j aa n AA *,y oo j aa n AA,721.0,753.0,32.0,-0.2581420540809631,-0.8603150844573975,-0.0268848463892936,-0.8993622660636902,-10.267621994018556,-0.3208631873130798,1.7904481865116395e-05,2.2583465576171875,0.0705733299255371,0.5166134238243103,40.56180953979492,1.2675565481185913,0.9022233486175536,31.67184829711914,0.9897452592849731,0.7160320281982422,26.88486099243164,0.8401519060134888,0.0021072963718324,2.085341691970825,0.0651669278740882,0.8715990781784058,30.31353187561035,0.9472978711128236,0.0310124959796667,10.068991661071776,0.314655989408493,0.5806853771209717,24.819995880126957,0.7756248712539673,0.1667848825454712,13.439397811889648,0.4199811816215515,0.0,0.0,6.0,6.0,0.2670172112053638,0
/home/daplab/30006664/kv_allindia_dec2023/audios/vr_3-c-18_kv_kv-no2-eklinggarh-udaipur_04122023-000000-1_HI-KV-001_1.wav,बनाई,बनाई,c,15.06,15.57,b aa n AA II,b aa n AA II,0.0,b aa n AA II *,b aa n AA II,753.0,779.0,26.0,-0.3003153204917907,-0.4841862320899963,-0.0186225473880767,-0.884651780128479,-9.003999710083008,-0.3463076949119568,4.457046452444047e-05,1.4693336486816406,0.0565128326416015,0.4875466525554657,35.014678955078125,1.346718430519104,0.8868405222892761,25.81525421142578,0.992894411087036,0.7247492074966431,21.63920783996582,0.832277238368988,0.0025461330078542,1.627971649169922,0.0626142919063568,0.8837824463844299,24.523874282836918,0.943225920200348,0.0431189239025116,7.5993852615356445,0.2922840416431427,0.6039114594459534,19.85310935974121,0.7635811567306519,0.1850651055574417,10.444557189941406,0.4017137289047241,0.0,0.0,5.0,5.0,0.2670172112053638,0
/home/daplab/30006664/kv_allindia_dec2023/audios/vr_3-c-18_kv_kv-no2-eklinggarh-udaipur_04122023-000000-1_HI-KV-001_1.wav,और,और,c,16.02,16.35,OO r,OO r,0.0,OO r *,OO r,801.0,818.0,17.0,-0.3969863653182983,-0.9353536367416382,-0.0550208017230033,-0.9483606815338136,-5.771798133850098,-0.3395175337791443,5.995048559270799e-05,1.8280045986175537,0.1075296849012374,0.5553600788116455,21.49936866760254,1.2646687030792236,0.8521852493286133,16.648412704467773,0.979318380355835,0.7056677341461182,14.240127563476562,0.8376545906066895,0.0016828534426167,1.0686519145965576,0.0628618746995925,0.8692848086357117,16.066680908203125,0.945098876953125,0.0291305296123027,5.4711012840271,0.3218294978141784,0.5764540433883667,13.14793300628662,0.7734078168869019,0.163637027144432,7.172356605529785,0.4219033420085907,0.0,0.0,2.0,2.0,0.2670172112053638,0
/home/daplab/30006664/kv_allindia_dec2023/audios/vr_3-c-18_kv_kv-no2-eklinggarh-udaipur_04122023-000000-1_HI-KV-001_1.wav,घूमने,घूमने,c,16.35,17.13,gh UU m aa n ee,gh UU m aa n ee,0.0,gh UU m aa n ee *,gh UU m aa n ee,817.0,857.0,40.0,-0.5371289849281311,-1.8895564079284668,-0.0472389087080955,-1.4973719120025637,-17.045637130737305,-0.4261409342288971,1.7176716937683523e-05,4.420718669891357,0.1105179637670517,0.5067703127861023,57.836795806884766,1.4459198713302612,0.8034102916717529,39.29168319702149,0.9822920560836792,0.5394726395606995,32.3597412109375,0.8089935183525085,4.568002987070941e-05,2.4893202781677246,0.0622330084443092,0.7539322376251221,37.106101989746094,0.9276525378227234,0.0012858143309131,11.727216720581056,0.2931804060935974,0.4145255088806152,29.60263061523437,0.7400657534599304,0.0762206614017486,15.634870529174805,0.3908717632293701,0.0,0.0,6.0,6.0,0.2670172112053638,0
/home/daplab/30006664/kv_allindia_dec2023/audios/vr_3-c-18_kv_kv-no2-eklinggarh-udaipur_04122023-000000-1_HI-KV-001_1.wav,निकल,निकल,c,17.13,17.76,n ii k aa l,n ii k aa l,0.0,* n ii k aa l *,n ii k aa l,856.0,889.0,33.0,-0.069077044725418,-0.2426689714193344,-0.0073536052368581,-0.7308806777000427,-9.423579216003418,-0.2855629920959472,1.5985477148205973e-05,1.075637936592102,0.0325950905680656,0.513818621635437,39.06180191040039,1.1836910247802734,0.9732141494750975,32.90562438964844,0.997140109539032,0.6840537786483765,27.99296760559082,0.8482717275619507,0.0010527953272685,2.838099241256714,0.0860030055046081,0.8774036169052124,31.37386131286621,0.9507230520248412,0.0362851619720459,11.958767890930176,0.3623869121074676,0.591545581817627,26.108230590820312,0.7911584973335266,0.1751171946525573,15.026877403259276,0.455359935760498,0.0,0.0,5.0,5.0,0.2670172112053638,0
/home/daplab/30006664/kv_allindia_dec2023/audios/vr_3-c-18_kv_kv-no2-eklinggarh-udaipur_04122023-000000-1_HI-KV-001_1.wav,पडा,पडा,c,18.15,18.57,<UNK>,p aa D AA,4.74464614119166,p aa D AA *,p aa D AA,907.0,929.0,22.0,-0.5079137682914734,-1.4474862813949585,-0.0657948330044746,-1.5495858192443848,-11.608707427978516,-0.5276685357093811,3.450059375609271e-05,3.228610754013061,0.146755039691925,0.5846130847930908,37.94236373901367,1.724652886390686,0.8134379386901855,21.459178924560547,0.9754171967506408,0.502668023109436,17.12968635559082,0.7786220908164978,2.0552002752083357e-05,0.7130811810493469,0.0324127823114395,0.7298569083213806,20.110544204711918,0.9141156673431396,0.0006704078405164,4.2647318840026855,0.1938514560461044,0.3889020085334778,15.273357391357422,0.6942434906959534,0.0669484958052635,6.877501487731934,0.312613695859909,,,1.0,4.0,0.9210397588221279,1
/home/daplab/30006664/kv_allindia_dec2023/audios/vr_3-c-18_kv_kv-no2-eklinggarh-udaipur_04122023-000000-1_HI-KV-001_1.wav,जब,जब,c,18.57,18.87,j aa b,j aa b,0.0,* j aa b *,j aa b,928.0,944.0,16.0,-0.5048559308052063,-1.1518049240112305,-0.0719878077507019,-1.0526931285858154,-8.32387638092041,-0.5202422738075256,5.850905290571973e-05,2.559146881103516,0.1599466800689697,0.5492913126945496,26.82498359680176,1.67656147480011,0.8144915699958801,15.567434310913086,0.972964644432068,0.6860347390174866,12.642433166503906,0.7901520729064941,0.0010990411974489,0.6324281096458435,0.0395267568528652,0.8417931199073792,14.707895278930664,0.9192434549331664,0.0138475839048624,3.2016873359680176,0.2001054584980011,0.5299780368804932,11.220681190490724,0.7012925744056702,0.132411316037178,5.114840984344482,0.3196775615215301,0.0,0.0,3.0,3.0,0.2670172112053638,0
/home/daplab/30006664/kv_allindia_dec2023/audios/vr_3-c-18_kv_kv-no2-eklinggarh-udaipur_04122023-000000-1_HI-KV-001_1.wav,वह,वह,c,18.87,19.32,w aa hh,w aa hh,0.0,w aa hh *,w aa hh,943.0,966.0,23.0,-0.6178868412971497,-0.912938952445984,-0.039692997932434,-1.0078414678573608,-6.929168701171875,-0.3012681901454925,1.83595075213816e-05,1.6191424131393433,0.0703974962234497,0.5193710327148438,27.06136131286621,1.1765809059143066,0.7760699391365051,22.66250228881836,0.9853261709213256,0.7458010911941528,19.5656795501709,0.850681722164154,0.0040205498225986,1.8107383251190183,0.0787277519702911,0.8835747241973877,21.87248420715332,0.9509775638580322,0.0428773127496242,8.103570938110352,0.3523291647434234,0.6035013198852539,18.16775321960449,0.7899023294448853,0.184727057814598,10.305951118469238,0.4480848312377929,0.0,0.0,3.0,3.0,0.2670172112053638,0
/home/daplab/30006664/kv_allindia_dec2023/audios/vr_3-c-18_kv_kv-no2-eklinggarh-udaipur_04122023-000000-1_HI-KV-001_1.wav,यात्रा,यात्रा,c,19.32,19.92,y AA t r AA,y AA t r AA,0.0,y AA t r AA *,y AA t r AA,966.0,997.0,31.0,-0.1720228940248489,-0.2252609431743621,-0.007266481872648,-0.804135262966156,-7.948625087738037,-0.2564072608947754,3.5476929042488337e-05,0.7143542766571045,0.0230436865240335,0.5832116007804871,36.54711151123047,1.1789391040802002,0.9341439604759216,30.913402557373047,0.9972065091133118,0.7559840679168701,26.34210968017578,0.8497454524040222,0.0050148270092904,2.08129620552063,0.0671385899186134,0.8897253274917603,29.5869197845459,0.9544167518615724,0.0506390407681465,10.656599044799805,0.3437612652778625,0.6158689260482788,24.64432144165039,0.7949780821800232,0.1951733827590942,13.786951065063477,0.444740355014801,0.0,0.0,5.0,5.0,0.2670172112053638,0
/home/daplab/30006664/kv_allindia_dec2023/audios/vr_3-c-18_kv_kv-no2-eklinggarh-udaipur_04122023-000000-1_HI-KV-001_1.wav,से,से,c,19.92,20.19,s ee,s ee,0.0,* s ee *,s ee,996.0,1010.0,14.0,-0.0760684087872505,-0.1186801120638847,-0.0084771504625678,-0.6444676518440247,-3.8714537620544434,-0.2765324115753174,1.49389916259679e-05,0.470515102148056,0.0336082205176353,0.4716563522815704,16.673076629638672,1.1909340620040894,0.9705289006233216,13.95392608642578,0.9967089891433716,0.7486789226531982,11.887537002563477,0.8491097688674927,0.0042796493507921,1.068879246711731,0.0763485208153724,0.9004055261611938,13.332640647888184,0.9523314833641052,0.0676015093922615,4.844799518585205,0.346057116985321,0.6385226249694824,11.076786041259766,0.7911990284919739,0.2157291322946548,6.235262393951416,0.4453758895397186,0.0,0.0,2.0,2.0,0.2670172112053638,0
/home/daplab/30006664/kv_allindia_dec2023/audios/vr_3-c-18_kv_kv-no2-eklinggarh-udaipur_04122023-000000-1_HI-KV-001_1.wav,लौट,लौट,c,20.19,20.64,l OO T,l OO T,0.0,* l OO T *,l OO T,1009.0,1032.0,23.0,-0.6165410280227661,-1.709306716918945,-0.0743176862597465,-1.2721526622772217,-9.404943466186523,-0.4089105725288391,2.500983828213066e-05,3.366227626800537,0.1463577300310135,0.5256103873252869,31.502296447753903,1.369665026664734,0.7765210866928101,22.368457794189453,0.9725416302680968,0.6636250019073486,18.87413215637207,0.8206144571304321,0.0006757902447134,1.523626685142517,0.0662446394562721,0.825903058052063,21.485069274902344,0.9341334700584412,0.009009419940412,7.088563442230225,0.3081984221935272,0.5058493614196777,17.285520553588867,0.7515443563461304,0.118388794362545,9.309186935424805,0.4047472476959228,0.0,0.0,3.0,3.0,0.2670172112053638,0
/home/daplab/30006664/kv_allindia_dec2023/audios/vr_3-c-18_kv_kv-no2-eklinggarh-udaipur_04122023-000000-1_HI-KV-001_1.wav,कर,कर,c,20.64,20.94,k aa r,k aa r,0.0,k aa r *,k aa r,1032.0,1047.0,15.0,-0.4189608693122864,-0.4562389850616455,-0.0304159317165613,-0.8208457231521606,-4.815982341766357,-0.3210654854774475,1.8870088752009902e-05,0.8785842657089233,0.0585722848773002,0.4776843786239624,18.823034286499023,1.254868984222412,0.8444240689277649,14.829861640930176,0.9886574149131776,0.6626344919204712,12.607074737548828,0.840471625328064,0.0006614188896492,1.2128891944885254,0.0808592811226844,0.8631668090820312,14.203067779541016,0.9468711614608764,0.0246873125433921,5.028346538543701,0.3352231085300445,0.5655248761177063,11.68169116973877,0.7787793874740601,0.1557533144950866,6.516925811767578,0.4344617128372192,0.0,0.0,3.0,3.0,0.2670172112053638,0
/home/daplab/30006664/kv_allindia_dec2023/audios/vr_3-c-18_kv_kv-no2-eklinggarh-udaipur_04122023-000000-1_HI-KV-001_1.wav,अपने,अपने,c,20.94,21.42,aa p aa n ee,aa p aa n ee,0.0,aa p aa n ee *,aa p aa n ee,1047.0,1071.0,24.0,-0.3422751128673553,-0.5540133118629456,-0.0230838879942893,-0.7882649302482605,-8.4017333984375,-0.3500722348690033,6.563914939761162e-05,1.4518928527832031,0.0604955367743968,0.6029588580131531,32.69875717163086,1.3624482154846191,0.8716954588890076,23.789751052856445,0.991239607334137,0.7466322183609009,19.934160232543945,0.830590009689331,0.0040937298908829,1.3585796356201172,0.0566074848175048,0.8927009701728821,22.622182846069336,0.9425909519195556,0.0548836812376976,6.890450477600098,0.2871021032333374,0.622024416923523,18.27137756347656,0.761307418346405,0.2005722969770431,9.53083324432373,0.3971180617809295,0.0,0.0,5.0,5.0,0.2670172112053638,0
/home/daplab/30006664/kv_allindia_dec2023/audios/vr_3-c-18_kv_kv-no2-eklinggarh-udaipur_04122023-000000-1_HI-KV-001_1.wav,महल,महल,c,21.75,22.17,m aa hh aa l,m aa hh aa l,0.0,m aa hh aa l *,m aa hh aa l,1087.0,1109.0,22.0,-0.7038745284080505,-3.709630489349365,-0.1686195731163025,-1.5129607915878296,-16.935636520385742,-0.769801676273346,3.97785370296333e-05,6.532593250274658,0.2969360649585724,0.6320661902427673,45.70955276489258,2.077707052230835,0.7475593686103821,20.634870529174805,0.9379486441612244,0.5504856705665588,15.790555000305176,0.7177525162696838,5.801227598567493e-05,0.530610978603363,0.0241186805069446,0.7633877992630005,19.2486572265625,0.87493896484375,0.0016605915734544,3.0482120513916016,0.1385550945997238,0.4251651167869568,13.635001182556152,0.6197727918624878,0.0803646147251129,5.418978691101074,0.2463172078132629,0.0,0.0,5.0,5.0,0.2670172112053638,0
/home/daplab/30006664/kv_allindia_dec2023/audios/vr_3-c-18_kv_kv-no2-eklinggarh-udaipur_04122023-000000-1_HI-KV-001_1.wav,आया,आया,c,22.17,22.59,AA y AA,AA y AA,0.0,* AA y AA *,AA y AA,1108.0,1130.0,22.0,-0.5494138598442078,-0.8219749331474304,-0.0373624972999095,-0.9000385403633118,-8.339338302612305,-0.379060834646225,6.56756674288772e-05,1.797126293182373,0.0816875621676445,0.6240870952606201,31.33575820922852,1.4243526458740234,0.7992157340049744,21.693803787231445,0.9860820174217224,0.7184445858001709,18.08606719970703,0.8220939636230469,0.0022205596324056,1.0410330295562744,0.0473196841776371,0.8775520920753479,20.652631759643555,0.938755989074707,0.0364311560988426,5.776041030883789,0.2625473141670227,0.5918280482292175,16.49181365966797,0.7496278882026672,0.175338938832283,8.301117897033691,0.3773235380649566,0.0,0.0,3.0,3.0,0.2670172112053638,0
/home/daplab/30006664/kv_allindia_dec2023/audios/vr_3-c-18_kv_kv-no2-eklinggarh-udaipur_04122023-000000-1_HI-KV-001_1.wav,उसने,उसने,c,22.59,23.31,uu s aa n ee,uu s aa n ee,0.0,* uu s aa n ee *,uu s aa n ee,1129.0,1166.0,37.0,-0.6571963429450989,-2.3579986095428467,-0.0637296885251998,-1.1800190210342407,-14.24319839477539,-0.3849512934684753,2.9056225685053505e-05,4.693910598754883,0.1268624514341354,0.488827645778656,49.12578582763672,1.3277239799499512,0.7629602551460266,36.118988037109375,0.9761888384819032,0.6749088764190674,30.76722717285156,0.8315466642379761,0.0008632912067696,2.5064053535461426,0.067740686237812,0.8441299200057983,34.776241302490234,0.9398984313011168,0.0147511744871735,11.30826187133789,0.3056286871433258,0.5336813926696777,28.12963104248047,0.760260283946991,0.1346883475780487,15.08876609802246,0.4078044891357422,0.0,0.0,5.0,5.0,0.2670172112053638,0
/home/daplab/30006664/kv_allindia_dec2023/audios/vr_3-c-18_kv_kv-no2-eklinggarh-udaipur_04122023-000000-1_HI-KV-001_1.wav,अपने,अपने,c,23.67,24.39,aa p aa n ee,aa p aa n ee,0.0,aa p aa n ee *,aa p aa n ee,1183.0,1220.0,37.0,-0.4555930495262146,-1.1586726903915403,-0.031315479427576,-0.99320787191391,-11.801679611206056,-0.3189643025398254,2.137822229997255e-05,2.7055885791778564,0.0731240138411521,0.5551576614379883,45.26119995117188,1.223275661468506,0.8315799236297607,36.56382751464844,0.9882115721702576,0.7132792472839355,31.336156845092773,0.8469231724739075,0.0019850977696478,2.6989762783050537,0.0729453042149543,0.8701714873313904,35.095726013183594,0.9485331177711488,0.0298376679420471,12.340652465820312,0.3335311412811279,0.5780686736106873,28.919885635375977,0.7816185355186462,0.1648318320512771,16.035682678222656,0.4333968162536621,0.0,0.0,5.0,5.0,0.2670172112053638,0
/home/daplab/30006664/kv_allindia_dec2023/audios/vr_3-c-18_kv_kv-no2-eklinggarh-udaipur_04122023-000000-1_HI-KV-001_1.wav,मंत्रियों,मित्रों,s,24.87,25.62,m aa q t r ii y oo q,m ii t r oo q,5.0,m ii t r oo q *,m ii t r oo q,1243.0,1281.0,38.0,-0.4195433855056762,-1.4750202894210815,-0.0388163216412067,-0.8187018632888794,-14.31422233581543,-0.3766900599002838,3.156084130750969e-05,3.661451816558838,0.096353992819786,0.5947041511535645,52.66510772705078,1.3859238624572754,0.8442187905311584,37.44021987915039,0.9852689504623412,0.7499037384986877,31.49098777770996,0.8287101984024048,0.0043949270620942,1.946799874305725,0.0512315742671489,0.892646074295044,35.74127578735352,0.9405598640441896,0.0548022575676441,10.28614616394043,0.2706880569458008,0.6219098567962646,28.662673950195312,0.7542808651924133,0.2004705518484115,14.609841346740724,0.3844695091247558,15.935624249853063,4.0,9.0,6.0,0.9443424764050428,1
/home/daplab/30006664/kv_allindia_dec2023/audios/vr_3-c-18_kv_kv-no2-eklinggarh-udaipur_04122023-000000-1_HI-KV-001_1.wav,से,से,c,25.62,26.34,s ee,s ee,0.0,* s ee *,s ee,1281.0,1317.0,36.0,-0.5375876426696777,-1.0501092672348022,-0.0291697010397911,-0.944815158843994,-8.70654010772705,-0.2418483346700668,2.695662442420144e-05,1.7355294227600098,0.048209149390459,0.5416463613510132,37.307395935058594,1.0363165140151978,0.8032534718513489,35.61128616333008,0.9892023801803588,0.7331558465957642,31.154741287231445,0.8654094934463501,0.0030556919518858,3.453002452850342,0.0959167331457138,0.8849990367889404,34.50678634643555,0.958521842956543,0.0445615574717521,14.634053230285645,0.4065014719963074,0.6063239574432373,29.324462890625,0.8145684003829956,0.1870650053024292,17.6824893951416,0.491180270910263,0.0,0.0,2.0,2.0,0.2670172112053638,0
/home/daplab/30006664/kv_allindia_dec2023/audios/vr_3-c-18_kv_kv-no2-eklinggarh-udaipur_04122023-000000-1_HI-KV-001_1.wav,पैरों,पैरों,c,26.85,27.42,p ee r oo q,p ee r oo q,0.0,p ee r oo q *,p ee r oo q,1342.0,1371.0,29.0,-0.8158056139945984,-2.170459508895874,-0.0748434290289878,-1.3076273202896118,-12.731624603271484,-0.4390215277671814,2.7862835850100964e-05,3.790600061416626,0.1307103484869003,0.541483461856842,44.23199081420898,1.5252410173416138,0.7113534212112427,28.204317092895508,0.9725626707077026,0.6897687911987305,23.497621536254883,0.8102627992630005,0.0011918055824935,1.1185259819030762,0.0385698601603508,0.8380914926528931,27.018848419189453,0.93168443441391,0.012528158724308,6.657857894897461,0.2295813113451004,0.5241960287094116,21.18700790405273,0.7305864691734314,0.1289243400096893,10.130470275878906,0.3493265509605407,0.0,0.0,5.0,5.0,0.2670172112053638,0
/home/daplab/30006664/kv_allindia_dec2023/audios/vr_3-c-18_kv_kv-no2-eklinggarh-udaipur_04122023-000000-1_HI-KV-001_1.wav,में,में,c,27.45,27.69,m ee q,m ee q,0.0,m ee q *,m ee q,1372.0,1385.0,13.0,-0.4170706570148468,-0.5068087577819824,-0.038985289633274,-0.7904366850852966,-5.01560640335083,-0.3858158886432647,3.22295818477869e-05,1.1011890172958374,0.0847068503499031,0.57780921459198,18.65799903869629,1.435230731964111,0.845089852809906,12.810140609741213,0.9853954315185548,0.702477216720581,10.668365478515623,0.8206434845924377,0.001570280874148,0.5907423496246338,0.0454417206346988,0.8847634196281433,12.19818115234375,0.9383216500282288,0.0442784205079078,3.315226793289185,0.2550174593925476,0.6058553457260132,9.71449375152588,0.7472687363624573,0.1866749674081802,4.835397243499756,0.3719536364078522,0.0,0.0,3.0,3.0,0.2670172112053638,0
/home/daplab/30006664/kv_allindia_dec2023/audios/vr_3-c-18_kv_kv-no2-eklinggarh-udaipur_04122023-000000-1_HI-KV-001_1.wav,दर्द,दर्द,c,27.69,28.11,d aa r d,d aa r d,0.0,* d aa r d,d aa r d,1384.0,1406.0,22.0,-0.3396579325199127,-0.5009828805923462,-0.0227719489485025,-0.7947020530700684,-6.961764335632324,-0.3164438307285309,1.669204721110873e-05,1.271608591079712,0.0578003898262977,0.508351743221283,27.560903549194336,1.2527683973312378,0.872635543346405,21.81005096435547,0.9913659691810608,0.7111895084381104,18.534564971923828,0.8424802422523499,0.0018970860401168,1.5864386558532717,0.0721108466386795,0.8829607367515564,20.847320556640625,0.9476054906845092,0.0421710200607776,7.227986812591553,0.3285448551177978,0.602292001247406,17.135427474975586,0.7788830399513245,0.183733582496643,9.450159072875977,0.429552674293518,0.0,0.0,4.0,4.0,0.2670172112053638,0
/home/daplab/30006664/kv_allindia_dec2023/audios/vr_3-c-18_kv_kv-no2-eklinggarh-udaipur_04122023-000000-1_HI-KV-001_1.wav,होने,होने,c,28.11,28.77,hh oo n ee,hh oo n ee,0.0,* hh oo n ee *,hh oo n ee,1405.0,1439.0,34.0,-0.5826162695884705,-1.609574556350708,-0.0473404265940189,-0.9262920022010804,-9.437966346740724,-0.2775872349739074,2.303225119248964e-05,2.338223695755005,0.0687712877988815,0.5009027719497681,37.595733642578125,1.1057568788528442,0.7879427671432495,33.408939361572266,0.982615888118744,0.7498576641082764,29.198335647583008,0.8587746024131775,0.0043905326165258,3.085057020187378,0.0907369703054428,0.8940986394882202,32.4726448059082,0.9550777673721312,0.0569984838366508,12.804391860961914,0.3765997588634491,0.6249562501907349,27.271469116210938,0.8021020293235779,0.2031917870044708,15.936580657958984,0.4687229692935943,0.0,0.0,4.0,4.0,0.2670172112053638,0
/home/daplab/30006664/kv_allindia_dec2023/audios/vr_3-c-18_kv_kv-no2-eklinggarh-udaipur_04122023-000000-1_HI-KV-001_1.wav,की,की,c,28.77,29.19,k II,k II,0.0,k II *,k II,1438.0,1460.0,22.0,-0.3311871886253357,-0.3655794262886047,-0.0166172459721565,-0.8059305548667908,-5.2494797706604,-0.2386127114295959,1.3527120245271362e-05,0.8006643056869507,0.0363938324153423,0.4772581458091736,22.983474731445312,1.0447033643722534,0.8756821751594543,21.862253189086918,0.9937387704849244,0.7523298263549805,19.02190399169922,0.8646320104598999,0.0046325083822011,2.1763830184936523,0.0989264994859695,0.9016990065574646,21.086292266845703,0.9584678411483764,0.0700088441371917,8.911126136779785,0.4050512015819549,0.6413759589195251,17.90611457824707,0.8139142990112305,0.2184555232524871,10.79832363128662,0.4908328950405121,0.0,0.0,2.0,2.0,0.2670172112053638,0
/home/daplab/30006664/kv_allindia_dec2023/audios/vr_3-c-18_kv_kv-no2-eklinggarh-udaipur_04122023-000000-1_HI-KV-001_1.wav,शिकायत,शिकायत,c,30.45,31.38,sh ii k AA y aa t,sh ii k AA y aa t,0.0,sh ii k AA y aa t *,sh ii k AA y aa t,1522.0,1569.0,47.0,-0.485841691493988,-0.8855730891227722,-0.0188419800251722,-1.238734245300293,-12.943452835083008,-0.2753926217556,1.905741919472348e-05,2.3168647289276123,0.0492949932813644,0.5325868129730225,52.976356506347656,1.1271564960479736,0.8210623860359192,46.6665267944336,0.9929048418998718,0.6555614471435547,40.17123794555664,0.8547071814537048,0.0005673040286637,4.1117048263549805,0.0874830782413482,0.8229790925979614,44.77724075317383,0.9527072310447692,0.0083242580294609,17.76437759399414,0.3779654800891876,0.5015969276428223,37.53802108764648,0.7986813187599182,0.1160573437809944,21.96125221252441,0.4672606885433197,0.0,0.0,7.0,7.0,0.2670172112053638,0
/home/daplab/30006664/kv_allindia_dec2023/audios/vr_3-c-18_kv_kv-no2-eklinggarh-udaipur_04122023-000000-1_HI-KV-001_1.wav,की,की,c,31.38,31.71,k II,k II,0.0,k II *,k II,1569.0,1586.0,17.0,-0.0277483854442834,-0.0510634556412696,-0.003003732766956,-0.6377162933349609,-4.147534370422363,-0.2439726144075393,2.113232403644361e-05,0.2797736227512359,0.0164572726935148,0.4872124791145324,18.747413635253903,1.102789044380188,0.9891844987869264,16.980073928833008,0.998827874660492,0.7185099124908447,14.597745895385742,0.8586909174919128,0.0022237098310142,1.4287621974945068,0.084044836461544,0.8939658999443054,16.262910842895508,0.9566417932510376,0.0567941255867481,6.449094772338867,0.3793585300445556,0.624676525592804,13.70065975189209,0.8059211373329163,0.2029405683279037,8.004939079284668,0.4708787798881531,0.0,0.0,2.0,2.0,0.2670172112053638,0
/home/daplab/30006664/kv_allindia_dec2023/audios/vr_3-c-18_kv_kv-no2-eklinggarh-udaipur_04122023-000000-1_HI-KV-001_1.wav,राजा,राजा,c,31.71,32.25,r AA j AA,r AA j AA,0.0,r AA j AA *,r AA j AA,1585.0,1613.0,28.0,-0.5002604126930237,-1.1330794095993042,-0.040467120707035,-0.870408833026886,-8.234058380126953,-0.2940735220909118,1.577857074153144e-05,2.0013949871063232,0.0714783892035484,0.4968802332878113,32.40446090698242,1.1573021411895752,0.8160768747329712,27.579593658447266,0.9849854707717896,0.7444190382957458,23.84068298339844,0.8514529466629028,0.0039017593953758,2.40215802192688,0.0857913568615913,0.9002164602279663,26.65275764465332,0.9518842101097108,0.0672566890716552,10.14857006072998,0.3624489307403564,0.6381075978279114,22.20916175842285,0.7931843400001526,0.2153352797031402,12.787208557128906,0.4566860198974609,0.0,0.0,4.0,4.0,0.2670172112053638,0
/home/daplab/30006664/kv_allindia_dec2023/audios/vr_3-c-18_kv_kv-no2-eklinggarh-udaipur_04122023-000000-1_HI-KV-001_1.wav,का,का,c,32.25,32.67,k AA,k AA,0.0,* k AA *,k AA,1612.0,1634.0,22.0,-0.3966251611709595,-0.990545690059662,-0.0450248047709465,-1.520322322845459,-12.391385078430176,-0.5632447600364685,1.393193451804109e-05,3.0277388095855717,0.1376244872808456,0.4584807157516479,39.76091384887695,1.8073142766952517,0.8523132801055908,21.625717163085938,0.9829871654510498,0.5062741041183472,16.727128982543945,0.7603240609169006,2.222494731540792e-05,1.0991226434707642,0.049960121512413,0.723633885383606,19.8599796295166,0.9027263522148132,0.0005665406933985,4.550702095031738,0.2068500965833664,0.3825929164886474,14.962596893310549,0.6801180243492126,0.0648102909326553,6.949218273162842,0.3158735632896423,0.0,0.0,2.0,2.0,0.2670172112053638,0
/home/daplab/30006664/kv_allindia_dec2023/audios/vr_3-c-18_kv_kv-no2-eklinggarh-udaipur_04122023-000000-1_HI-KV-001_1.wav,कहना,कहना,c,32.97,33.69,k aa hh aa n AA,k aa hh aa n AA,0.0,k aa hh aa n AA *,k aa hh aa n AA,1648.0,1685.0,37.0,-0.6602388024330139,-1.494064211845398,-0.0403801128268241,-1.1680289506912231,-12.149763107299805,-0.3283719718456268,1.5325527783716097e-05,3.090916156768799,0.0835382714867591,0.480644166469574,45.39847946166992,1.2269859313964844,0.7619509696960449,36.443634033203125,0.984963059425354,0.6986806392669678,31.24978256225586,0.8445886969566345,0.0014460912207141,2.911202907562256,0.0786811560392379,0.8553203344345093,35.0435905456543,0.9471240639686584,0.0199660677462816,12.505043029785156,0.3379741311073303,0.5520221590995789,28.862035751342773,0.780055046081543,0.1464861035346985,16.129005432128906,0.4359190762042999,0.0,0.0,6.0,6.0,0.2670172112053638,0
/home/daplab/30006664/kv_allindia_dec2023/audios/vr_3-c-18_kv_kv-no2-eklinggarh-udaipur_04122023-000000-1_HI-KV-001_1.wav,था,था,c,34.08,34.47,th AA,th AA,0.0,th AA *,th AA,1703.0,1724.0,21.0,-0.3881959021091461,-0.6671320199966431,-0.0317681916058063,-0.8773859739303589,-6.11712121963501,-0.2912914752960205,2.3748900275677443e-05,1.564850926399231,0.0745167136192321,0.5220245122909546,24.06595039367676,1.1459976434707642,0.8553021550178528,20.747608184814453,0.9879813194274902,0.699176013469696,17.904951095581055,0.8526167273521423,0.0014617224223911,1.7005070447921753,0.0809765234589576,0.8671083450317383,19.98956871032715,0.9518842101097108,0.0274649709463119,7.618910789489746,0.3628052771091461,0.5725240111351013,16.66994857788086,0.7938070893287659,0.1607616096735,9.574517250061035,0.4559293985366821,0.0,0.0,2.0,2.0,0.2670172112053638,0
/home/daplab/30006664/kv_allindia_dec2023/audios/vr_3-c-18_kv_kv-no2-eklinggarh-udaipur_04122023-000000-1_HI-KV-001_1.wav,कि,कि,c,34.47,34.83,k ii,k ii,0.0,k ii *,k ii,1723.0,1742.0,19.0,-0.0907231271266937,-0.135786235332489,-0.0071466439403593,-0.694373369216919,-4.697588443756104,-0.2472414970397949,1.887614962470252e-05,0.541036069393158,0.0284755825996398,0.4768658876419067,20.71861267089844,1.0904532670974731,0.9649152755737304,18.94733238220215,0.9972280263900756,0.7548466920852661,16.356462478637695,0.8608664274215698,0.004892568103969,1.7321330308914185,0.0911648944020271,0.9010128974914552,18.179887771606445,0.9568362236022948,0.0687214881181716,7.31619119644165,0.3850626945495605,0.6398594379425049,15.335564613342283,0.8071349859237671,0.2170025110244751,9.03851318359375,0.4757112264633178,0.0,0.0,2.0,2.0,0.2670172112053638,0
/home/daplab/30006664/kv_allindia_dec2023/audios/vr_3-c-18_kv_kv-no2-eklinggarh-udaipur_04122023-000000-1_HI-KV-001_1.wav,मार्ग,गरम,s,34.83,35.19,m AA r g,g aa r,5.0,g aa r,g aa r,1741.0,1760.0,19.0,-0.2165621668100357,-0.4836316704750061,-0.0254542976617813,-1.1585489511489868,-6.923691749572754,-0.3644048273563385,1.6264442820101976e-05,1.432784914970398,0.0754097327589988,0.4870496392250061,25.630002975463867,1.348947525024414,0.9175494313240052,18.81478500366211,0.9902518391609192,0.6092123985290527,15.683809280395508,0.8254636526107788,0.0002074895601253,1.301702857017517,0.0685106739401817,0.8091756701469421,17.82278823852539,0.9380415081977844,0.0057303551584482,5.989837169647217,0.3152545988559723,0.4822370409965515,14.44803524017334,0.7604228854179382,0.1059392392635345,7.8465752601623535,0.4129776358604431,16.66885168252899,3.0,4.0,3.0,0.9443424764050428,1
/home/daplab/30006664/kv_allindia_dec2023/audios/vr_3-c-18_kv_kv-no2-eklinggarh-udaipur_04122023-000000-1_HI-KV-001_1.wav,में,मे,s,35.43,35.64,m ee q,w ee,3.0,w ee *,w ee,1771.0,1782.0,11.0,-0.5711599588394165,-1.1811113357543943,-0.107373759150505,-1.885079860687256,-8.376138687133789,-0.7614671587944031,9.22376857488416e-05,2.973543405532837,0.2703221142292022,0.7041780948638916,23.818134307861328,2.1652848720550537,0.7918218374252319,10.55971336364746,0.959973931312561,0.4205057024955749,7.79332160949707,0.7084837555885315,3.455182877587504e-06,0.1541979312896728,0.0140179935842752,0.629094123840332,9.574277877807615,0.870388925075531,4.391068432596512e-05,1.0954879522323608,0.099589817225933,0.2992486357688904,6.699470520019531,0.609042763710022,0.0411699600517749,2.437314510345459,0.2215740531682968,9.771902234037416,2.0,3.0,2.0,0.8660463576819432,1
/home/daplab/30006664/kv_allindia_dec2023/audios/vr_3-c-18_kv_kv-no2-eklinggarh-udaipur_04122023-000000-1_HI-KV-001_1.wav,जो,जो,c,35.64,35.97,j oo,j oo,0.0,* j oo *,j oo,1782.0,1799.0,17.0,-0.0060543934814631,-0.0238835234194993,-0.0014049131423234,-0.7272287011146545,-5.051764965057373,-0.297162652015686,2.1138068404980004e-05,0.1722192168235778,0.0101305423304438,0.5235207676887512,22.56739044189453,1.3274935483932495,0.997633695602417,16.990663528442383,0.9994508028030396,0.669310450553894,14.141546249389648,0.8318556547164917,0.0007645309669896,0.9606855511665344,0.0565109141170978,0.8720886707305908,16.09825897216797,0.9469563961029052,0.0314259603619575,5.135710716247559,0.3021006286144256,0.5815876722335815,13.140640258789062,0.7729788422584534,0.1674631685018539,6.9821977615356445,0.4107175171375274,0.0,0.0,2.0,2.0,0.2670172112053638,0
/home/daplab/30006664/kv_allindia_dec2023/audios/vr_3-c-18_kv_kv-no2-eklinggarh-udaipur_04122023-000000-1_HI-KV-001_1.wav,कंकड,कंकड,c,35.97,36.6,<UNK>,k aa q k aa D,5.80133717363437,* k aa q k aa D *,k aa q k aa D,1798.0,1830.0,32.0,-0.3708264231681824,-0.9916988015174866,-0.0309905875474214,-1.2777986526489258,-11.235060691833496,-0.3510956466197967,2.113555819960311e-05,2.429971694946289,0.0759366154670715,0.5134559869766235,41.70527648925781,1.3032898902893066,0.8614807724952698,31.62504196166992,0.9882825613021852,0.5363583564758301,26.63447570800781,0.8323273658752441,4.269485725671984e-05,2.4216208457946777,0.0756756514310836,0.7633586525917053,30.12738609313965,0.941480815410614,0.0016592816682532,10.369918823242188,0.3240599632263183,0.4251317977905273,24.57667732238769,0.7680211663246155,0.0803513377904892,13.526830673217772,0.4227134585380554,,,1.0,6.0,0.9210397588221279,1
/home/daplab/30006664/kv_allindia_dec2023/audios/vr_3-c-18_kv_kv-no2-eklinggarh-udaipur_04122023-000000-1_HI-KV-001_1.wav,पत्थर,पत्थर,c,36.6,37.23,p aa t th aa r,p aa t th aa r,0.0,p aa t th aa r *,p aa t th aa r,1830.0,1862.0,32.0,-0.6088115572929382,-1.6844638586044312,-0.0526394955813884,-1.1038051843643188,-13.552785873413086,-0.4235245585441589,2.2622631149715744e-05,3.778677463531494,0.1180836707353591,0.5005539655685425,46.40387344360352,1.45012104511261,0.7791149616241455,31.367919921875,0.9802474975585938,0.6653833389282227,26.142414093017575,0.8169504404067993,0.0007020749617367,1.8911597728729248,0.0590987429022789,0.8592922687530518,29.85375022888184,0.9329296946525574,0.0222308114171028,8.683101654052734,0.2713469266891479,0.5587875843048096,23.70608139038086,0.7408150434494019,0.1510656177997589,12.132590293884276,0.3791434466838836,0.0,0.0,6.0,6.0,0.2670172112053638,0
/home/daplab/30006664/kv_allindia_dec2023/audios/vr_3-c-18_kv_kv-no2-eklinggarh-udaipur_04122023-000000-1_HI-KV-001_1.wav,थे,थे,c,37.23,37.74,th ee,th ee,0.0,th ee *,th ee,1861.0,1887.0,26.0,-0.0411010198295116,-0.0678658410906791,-0.0026102247647941,-0.590420663356781,-5.722878456115723,-0.2201107144355774,1.565085221955087e-05,0.3502582609653473,0.013471471145749,0.5162657499313354,26.552793502807617,1.0212613344192505,0.984006643295288,25.97354888916016,0.9989826679229736,0.7138007879257202,22.590246200561523,0.8688555955886841,0.0020076911896467,2.53363299369812,0.0974474251270294,0.896990954875946,24.97882843017578,0.9607241749763488,0.0616370812058448,10.625184059143066,0.4086609184741974,0.6311078667640686,21.297252655029297,0.8191251158714294,0.2087909877300262,12.862354278564451,0.4947059452533722,0.0,0.0,2.0,2.0,0.2670172112053638,0
/home/daplab/30006664/kv_allindia_dec2023/audios/vr_3-c-18_kv_kv-no2-eklinggarh-udaipur_04122023-000000-1_HI-KV-001_1.wav,वे,वे,c,37.74,38.1,w ee,w ee,0.0,w ee *,w ee,1887.0,1905.0,18.0,-0.2801609933376312,-0.5944951772689819,-0.0330275110900402,-0.9288573265075684,-6.366432189941406,-0.3536906838417053,2.811353260767646e-05,1.501848220825195,0.0834360122680664,0.5418956279754639,24.310062408447266,1.3505589962005615,0.8941715955734253,17.77364158630371,0.9874245524406432,0.713873028755188,14.941286087036133,0.8300714492797852,0.0020108404569327,0.96663635969162,0.0537020191550254,0.8716344833374023,16.957921981811523,0.9421067833900452,0.0310421884059906,5.223020076751709,0.2901677787303924,0.5807504653930664,13.70626735687256,0.7614592909812927,0.166833758354187,7.167531967163086,0.3981962203979492,0.0,0.0,2.0,2.0,0.2670172112053638,0
/home/daplab/30006664/kv_allindia_dec2023/audios/vr_3-c-18_kv_kv-no2-eklinggarh-udaipur_04122023-000000-1_HI-KV-001_1.wav,मेरे,मेरे,c,38.49,39.03,m ee r ee,m ee r ee,0.0,m ee r ee *,m ee r ee,1924.0,1952.0,28.0,-0.031676284968853,-0.068699225783348,-0.0024535437114536,-0.5938552021980286,-6.824207305908203,-0.2437216937541961,3.183815715601668e-05,0.378208190202713,0.0135074350982904,0.562770426273346,30.924591064453125,1.1044496297836304,0.9876596331596376,27.973194122314453,0.9990426301956176,0.7061305046081543,24.0413761138916,0.8586205840110779,0.0016998380888253,2.43501877784729,0.0869649574160575,0.8949714303016663,26.78403854370117,0.9565728306770324,0.0583601556718349,10.725089073181152,0.3830389082431793,0.6268002986907959,22.57748794555664,0.8063388466835022,0.2048555612564087,13.253334045410156,0.4733333587646484,0.0,0.0,4.0,4.0,0.2670172112053638,0
/home/daplab/30006664/kv_allindia_dec2023/audios/vr_3-c-18_kv_kv-no2-eklinggarh-udaipur_04122023-000000-1_HI-KV-001_1.wav,पैरों,पैरों,c,39.03,39.54,p ee r oo q,p ee r oo q,0.0,p ee r oo q *,p ee r oo q,1951.0,1977.0,26.0,-0.2624542117118835,-0.980170726776123,-0.0376988723874092,-1.0353838205337524,-12.334871292114258,-0.4744181334972381,2.7572627004701644e-05,2.9363276958465576,0.1129356771707534,0.5098920464515686,42.46564865112305,1.6332942247390747,0.9006430506706238,25.62519836425781,0.985584557056427,0.665875256061554,20.71934509277344,0.7968978881835938,0.000709609419573,0.9868907332420348,0.0379573367536067,0.8437693119049072,24.03423118591309,0.9243935346603394,0.0146079882979393,5.329330921173096,0.2049742639064788,0.5331071615219116,18.51334953308105,0.7120519280433655,0.1343330442905426,8.5137357711792,0.3274513781070709,0.0,0.0,5.0,5.0,0.2670172112053638,0
/home/daplab/30006664/kv_allindia_dec2023/audios/vr_3-c-18_kv_kv-no2-eklinggarh-udaipur_04122023-000000-1_HI-KV-001_1.wav,में,में,c,39.57,39.75,m ee q,m ee q,0.0,m ee q *,m ee q,1978.0,1988.0,10.0,-0.0528212301433086,-0.1148691922426223,-0.0114869195967912,-0.89053875207901,-4.849885940551758,-0.4849886000156402,8.759594493312761e-05,0.5712414383888245,0.0571241453289985,0.7370920777320862,17.6986141204834,1.7698614597320557,0.9794760942459106,9.955245971679688,0.9955245852470398,0.6147810816764832,7.783856391906738,0.7783856391906738,0.0002341415965929,0.2127886265516281,0.0212788619101047,0.8390878438949585,9.197935104370115,0.9197934865951538,0.0128704002127051,1.6067781448364258,0.160677820444107,0.5257422924041748,6.95045804977417,0.6950458288192749,0.1298488229513168,2.9401297569274902,0.29401296377182,0.0,0.0,3.0,3.0,0.2670172112053638,0
/home/daplab/30006664/kv_allindia_dec2023/audios/vr_3-c-18_kv_kv-no2-eklinggarh-udaipur_04122023-000000-1_HI-KV-001_1.wav,चुभ,चुभ,c,39.75,40.05,c uu bh,c uu m,2.0,* c uu m *,c uu m,1987.0,2003.0,16.0,-0.2798581421375274,-0.7112603187561035,-0.0444537699222564,-1.4495725631713867,-7.800494194030762,-0.4875308871269226,3.1110972486203536e-05,1.9703452587127688,0.123146578669548,0.574459969997406,26.01039123535156,1.6256494522094729,0.8942821025848389,15.7290678024292,0.983066737651825,0.4785825610160827,12.555099487304688,0.784693717956543,1.2185810192022473e-05,0.7527862191200256,0.0470491386950016,0.722398042678833,14.673013687133787,0.9170633554458618,0.0005479139508679,3.8301877975463863,0.2393867373466491,0.3813543915748596,11.36511516571045,0.7103196978569031,0.0643969476222992,5.545235633850098,0.3465772271156311,6.345688179714021,1.0,3.0,3.0,0.9335682344220064,1
/home/daplab/30006664/kv_allindia_dec2023/audios/vr_3-c-18_kv_kv-no2-eklinggarh-udaipur_04122023-000000-1_HI-KV-001_1.wav,गए,गए,c,40.05,40.44,g ee,g ee,0.0,* g ee *,g ee,2002.0,2022.0,20.0,-0.4319135248661041,-1.8689377307891848,-0.0934468880295753,-1.550046443939209,-14.140829086303713,-0.7070414423942566,6.161117926239967e-05,4.869082450866699,0.2434541285037994,0.4945288896560669,39.666141510009766,1.983307123184204,0.8398690819740295,19.293764114379883,0.9646881818771362,0.4950185418128967,14.630348205566406,0.7315174341201782,1.7408465282642283e-05,0.6418933868408203,0.0320946685969829,0.7110035419464111,17.6158447265625,0.8807922601699829,0.0004025766393169,3.2516069412231445,0.1625803411006927,0.3701503872871399,12.738182067871094,0.6369091272354126,0.0607512481510639,5.377854347229004,0.2688927054405212,0.0,0.0,2.0,2.0,0.2670172112053638,0
/home/daplab/30006664/kv_allindia_dec2023/audios/vr_3-c-18_kv_kv-no2-eklinggarh-udaipur_04122023-000000-1_HI-KV-001_1.wav,और,और,c,40.83,41.13,OO r,OO r,0.0,OO r *,OO r,2041.0,2057.0,16.0,-0.3513348698616028,-0.4510219097137451,-0.028188869357109,-0.9700787663459778,-5.548912048339844,-0.3468070030212402,2.295602644153405e-05,1.0905276536941528,0.0681579783558845,0.5484129190444946,21.550275802612305,1.346892237663269,0.868446409702301,15.829626083374023,0.9893516302108764,0.7004860639572144,13.22422981262207,0.8265143632888794,0.0015038733836263,0.936408758163452,0.0585255473852157,0.8674857020378113,15.06324577331543,0.9414528608322144,0.0277467723935842,4.843945503234863,0.3027465939521789,0.5732020139694214,12.203558921813965,0.7627224326133728,0.1612544059753418,6.502509117126465,0.406406819820404,0.0,0.0,2.0,2.0,0.2670172112053638,0
/home/daplab/30006664/kv_allindia_dec2023/audios/vr_3-c-18_kv_kv-no2-eklinggarh-udaipur_04122023-000000-1_HI-KV-001_1.wav,इसके,इसके,c,41.52,42.0,ii s aa k ee,ii s aa k ee,0.0,ii s aa k ee,ii s aa k ee,2076.0,2100.0,24.0,-0.2801845669746399,-0.7177188992500305,-0.0299049541354179,-0.7933153510093689,-8.454095840454102,-0.3522540032863617,2.2434296624851413e-05,1.926646113395691,0.0802769213914871,0.5061365365982056,31.644092559814453,1.3185038566589355,0.8941630721092224,23.72592163085937,0.988580048084259,0.7414478659629822,20.052698135375977,0.835529088973999,0.003658126341179,1.6470757722854614,0.068628154695034,0.889262318611145,22.64048194885254,0.9433534145355223,0.050008688122034,7.344626903533935,0.3060261309146881,0.6149213314056396,18.388961791992188,0.7662067413330078,0.1943542510271072,9.869144439697266,0.4112143516540527,0.0,0.0,5.0,5.0,0.2670172112053638,0
/home/daplab/30006664/kv_allindia_dec2023/audios/vr_3-c-18_kv_kv-no2-eklinggarh-udaipur_04122023-000000-1_HI-KV-001_1.wav,लिए,लिए,c,42.0,42.33,l ii ee,l ii ee,0.0,* l ii ee *,l ii ee,2100.0,2117.0,17.0,-0.297774076461792,-0.5805537700653076,-0.0341502204537391,-0.8501854538917542,-7.035768508911133,-0.4138687252998352,0.0001656325330259,1.695366382598877,0.0997274369001388,0.6344225406646729,25.617416381835938,1.5069068670272827,0.8877628445625305,16.777984619140625,0.9869402647018432,0.746290385723114,13.884469985961914,0.8167335391044617,0.0040634726174175,0.5787392854690552,0.0340434871613979,0.8911892175674438,15.89922046661377,0.9352482557296752,0.052684511989355,3.731138467788696,0.2194787263870239,0.6188826560974121,12.488840103149414,0.7346376776695251,0.1977997422218322,5.871698379516602,0.3453940153121948,0.0,0.0,3.0,3.0,0.2670172112053638,0
/home/daplab/30006664/kv_allindia_dec2023/audios/vr_3-c-18_kv_kv-no2-eklinggarh-udaipur_04122023-000000-1_HI-KV-001_1.wav,कुछ,कुछ,c,42.33,42.75,k uu ch,k uu ch,0.0,k uu ch *,k uu ch,2116.0,2138.0,22.0,-0.6763067245483398,-0.7663852572441101,-0.0348356924951076,-1.175420165061951,-7.122516632080078,-0.323750764131546,1.791943213902414e-05,1.1804808378219604,0.0536582209169864,0.4970616698265075,28.34733390808105,1.2885152101516724,0.7566333413124084,21.721492767333984,0.9873405694961548,0.6602058410644531,18.361690521240234,0.834622323513031,0.0006274622282944,1.5071040391921997,0.0685047283768653,0.8430995941162109,20.80373954772949,0.9456245303153992,0.0143457325175404,7.040619850158691,0.3200281858444214,0.5320433974266052,17.028026580810547,0.7740011811256409,0.133676990866661,9.290818214416504,0.4223099052906036,0.0,0.0,3.0,3.0,0.2670172112053638,0
/home/daplab/30006664/kv_allindia_dec2023/audios/vr_3-c-18_kv_kv-no2-eklinggarh-udaipur_04122023-000000-1_HI-KV-001_1.wav,इंतजाम,इंतजार,s,43.11,43.89,ii q t aa j AA m,ii q t aa j AA r,2.0,ii q t aa j AA r *,ii q t aa j AA r,2155.0,2195.0,40.0,-0.2798750102519989,-0.58710777759552,-0.0146776940673589,-0.9033014178276062,-10.80594539642334,-0.2701486349105835,1.253610389539972e-05,1.5823674201965332,0.0395591855049133,0.4951834082603454,45.85696792602539,1.1464241743087769,0.8942759037017822,39.77631759643555,0.9944079518318176,0.7464867830276489,34.130157470703125,0.853253960609436,0.0040808296762406,3.4931931495666504,0.0873298272490501,0.8802173137664795,38.143653869628906,0.9535913467407228,0.0391547456383705,14.728838920593262,0.3682209849357605,0.5969425439834595,31.90399169921875,0.7975997924804688,0.1793972849845886,18.484619140625,0.462115466594696,6.527732157218431,1.0,7.0,7.0,0.9335682344220064,1
/home/daplab/30006664/kv_allindia_dec2023/audios/vr_3-c-18_kv_kv-no2-eklinggarh-udaipur_04122023-000000-1_HI-KV-001_1.wav,करना,करना,c,43.89,44.37,k aa r aa n AA,k aa r aa n AA,0.0,k aa r aa n AA *,k aa r aa n AA,2194.0,2219.0,25.0,-0.1328528076410293,-0.2777605950832367,-0.0111104240640997,-0.6923981308937073,-7.025904655456543,-0.2810361981391907,1.1797273145930376e-05,0.9015228748321532,0.0360609143972396,0.4700725674629211,30.25006866455078,1.2100027799606323,0.9488915205001832,24.892946243286133,0.9957178235054016,0.7625370025634766,21.175756454467773,0.8470302820205688,0.005781153216958,1.8803033828735352,0.0752121359109878,0.9074928164482116,23.79520797729492,0.9518083333969116,0.0818877071142196,8.442435264587402,0.3376974165439605,0.6544711589813232,19.71228790283203,0.7884914875030518,0.2313828617334365,10.997312545776367,0.4398925006389618,0.0,0.0,6.0,6.0,0.2670172112053638,0
/home/daplab/30006664/kv_allindia_dec2023/audios/vr_3-c-18_kv_kv-no2-eklinggarh-udaipur_04122023-000000-1_HI-KV-001_1.wav,चाहिए,चाहिए,c,44.37,44.88,c AA hh ii ee,c AA hh ii ee,0.0,* c AA hh ii ee,c AA hh ii ee,2218.0,2244.0,26.0,-0.5884715914726257,-0.7651458382606506,-0.0294286869466304,-0.9383335709571838,-8.91303825378418,-0.3428091704845428,3.057680441997945e-05,1.4097644090652466,0.0542217083275318,0.5245932340621948,35.552433013916016,1.3674012422561646,0.7859646081924438,25.717578887939453,0.9891376495361328,0.6952052116394043,21.56748580932617,0.8295186758041382,0.0013410397805273,1.2910881042480469,0.0496572330594062,0.877397894859314,24.53208351135254,0.9435416460037231,0.0362795367836952,7.241150856018066,0.278505802154541,0.5915346145629883,19.807817459106445,0.7618391513824463,0.1751086860895156,10.1828031539917,0.3916462659835815,0.0,0.0,5.0,5.0,0.2670172112053638,0
/home/daplab/30006664/kv_allindia_dec2023/audios/hy_3-c-9_kv_kv-rdso-lucknow_04122023-000000-1_HI-KV-002_1.wav,सालों,सालों,c,0.99,2.07,s AA l oo q,s AA l oo q,0.0,s AA l oo q *,s AA l oo q,49.0,104.0,55.0,-0.5265156626701355,-1.8388289213180544,-0.0334332548081874,-0.9187982082366944,-13.687657356262209,-0.2488664984703064,1.4461739738180768e-05,3.4790728092193604,0.0632558688521385,0.5048046112060547,54.844512939453125,0.9971729516983032,0.8070446252822876,54.314266204833984,0.9875321388244628,0.7215861082077026,47.85986328125,0.8701793551445007,0.0023772255517542,5.969327926635742,0.1085332334041595,0.8819760084152222,52.73776626586914,0.9588685035705566,0.0410625338554382,23.230079650878903,0.4223650991916656,0.6003618240356445,44.98899459838867,0.8179817199707031,0.1821580529212951,27.673267364501957,0.5031503438949585,0.0,0.0,5.0,5.0,0.2670172112053638,0
/home/daplab/30006664/kv_allindia_dec2023/audios/hy_3-c-9_kv_kv-rdso-lucknow_04122023-000000-1_HI-KV-002_1.wav,पहले,पेहेले,s,2.25,2.85,p aa hh aa l ee,p aa hh aa l ee,0.0,p aa hh aa l ee *,p aa hh aa l ee,112.0,143.0,31.0,-0.6276815533638,-2.368739128112793,-0.0764109417796135,-0.998841106891632,-12.093608856201172,-0.390116423368454,2.005554961215239e-05,4.631069660186768,0.1493893414735794,0.50808185338974,40.437618255615234,1.3044393062591553,0.7727913856506348,30.114038467407227,0.9714205861091614,0.7000131011009216,25.928619384765625,0.8364070653915405,0.0014885173877701,2.128936767578125,0.0686753764748573,0.8604273796081543,29.17075729370117,0.9409921765327454,0.0229240227490663,9.44841194152832,0.3047874867916107,0.5607470870018005,23.62739944458008,0.7621741890907288,0.1524157375097274,12.660785675048828,0.4084124267101288,0.0,0.0,6.0,6.0,0.2670172112053638,0
/home/daplab/30006664/kv_allindia_dec2023/audios/hy_3-c-9_kv_kv-rdso-lucknow_04122023-000000-1_HI-KV-002_1.wav,एक,एक,c,2.85,3.33,ee k,ee k,0.0,ee k *,ee k,142.0,167.0,25.0,-0.3920104801654815,-0.727938175201416,-0.029117526486516,-0.8187537789344788,-6.32408332824707,-0.2529633343219757,2.005554961215239e-05,1.5490731000900269,0.0619629248976707,0.50808185338974,25.69698905944824,1.0278795957565308,0.8539487719535828,24.72586250305176,0.9890344738960266,0.743308424949646,21.682353973388672,0.8672941327095032,0.0038088462315499,2.514836311340332,0.1005934551358223,0.9035601615905762,23.95039176940918,0.9580156803131104,0.0736236646771431,10.199646949768066,0.4079858660697937,0.6455255746841431,20.3397216796875,0.8135888576507568,0.2224774956703186,12.312091827392578,0.4924836754798889,0.0,0.0,2.0,2.0,0.2670172112053638,0
/home/daplab/30006664/kv_allindia_dec2023/audios/hy_3-c-9_kv_kv-rdso-lucknow_04122023-000000-1_HI-KV-002_1.wav,घंटाघर,घंटाघर,c,3.42,4.59,gh aa q T AA gh aa r,gh aa q T AA gh aa r,0.0,gh aa q T AA gh aa r *,gh aa q T AA gh aa r,171.0,230.0,59.0,-0.6656447649002075,-2.369433879852295,-0.0401598960161209,-1.0836067199707031,-16.3193302154541,-0.2765988111495971,1.5693523891968653e-05,3.598787784576416,0.0609964020550251,0.4882865250110626,66.28179168701172,1.123420238494873,0.7601593732833862,58.129913330078125,0.9852527976036072,0.6649155020713806,50.42650604248047,0.8546865582466125,0.0006949829985387,4.979907035827637,0.084405206143856,0.8426125049591064,56.27893829345703,0.9538803100585938,0.014157947152853,21.988569259643555,0.3726876080036163,0.5312718152999878,47.16835403442383,0.7994636297225952,0.1332029104232788,27.411602020263672,0.4646034240722656,0.0,0.0,8.0,8.0,0.2670172112053638,0
/home/daplab/30006664/kv_allindia_dec2023/audios/hy_3-c-9_kv_kv-rdso-lucknow_04122023-000000-1_HI-KV-002_1.wav,में,में,c,4.59,5.13,m ee q,m ee q,0.0,* m ee q *,m ee q,229.0,257.0,28.0,-0.1214887201786041,-0.3736342489719391,-0.0133440801873803,-0.7585687041282654,-7.725647926330566,-0.2759160101413727,2.091050191666e-05,1.368884563446045,0.0488887354731559,0.5213873982429504,31.83320426940918,1.1369001865386963,0.9531972408294678,27.85540199279785,0.9948357939720154,0.7224384546279907,23.928203582763672,0.8545786738395691,0.0024216051679104,2.367480754852295,0.0845528841018676,0.8829643130302429,26.69831085205078,0.953511118888855,0.0421751216053962,10.208105087280272,0.3645751774311065,0.6022990345954895,22.313770294189453,0.7969203591346741,0.1837393790483474,12.853975296020508,0.4590705335140228,0.0,0.0,3.0,3.0,0.2670172112053638,0
/home/daplab/30006664/kv_allindia_dec2023/audios/hy_3-c-9_kv_kv-rdso-lucknow_04122023-000000-1_HI-KV-002_1.wav,टीकू,टीकू,c,5.13,6.0,T II k UU,T II q k UU,1.0,T II q k UU *,T II q k UU,256.0,300.0,44.0,-0.4617849588394165,-0.8410731554031372,-0.0191152989864349,-0.9054511189460754,-10.773298263549805,-0.244847685098648,1.4097229723120108e-05,1.9064148664474487,0.0433276109397411,0.4879234135150909,45.77861785888672,1.0404231548309326,0.8294204473495483,43.683815002441406,0.992814004421234,0.7064396142959595,38.01156997680664,0.863899290561676,0.0017112799687311,4.301175117492676,0.0977539792656898,0.8693642020225525,42.135398864746094,0.9576227068901062,0.0291931517422199,17.907629013061523,0.406991571187973,0.5765982866287231,35.76792526245117,0.8129073977470398,0.1637434363365173,21.61383438110352,0.4912235140800476,1.4172657424106416,1.0,4.0,5.0,0.1414624728823706,0
/home/daplab/30006664/kv_allindia_dec2023/audios/hy_3-c-9_kv_kv-rdso-lucknow_04122023-000000-1_HI-KV-002_1.wav,चिड़िया,चिड़िया,c,6.33,6.96,c ii D ii y AA,c ii D ii y AA,0.0,c ii D ii y AA *,c ii D ii y AA,316.0,348.0,32.0,-0.7890470623970032,-1.4204622507095337,-0.0443894453346729,-1.2741883993148804,-9.988749504089355,-0.3121484220027923,2.389818655501585e-05,2.660123109817505,0.083128847181797,0.5496980547904968,38.9038314819336,1.2157447338104248,0.7199170589447021,31.47966957092285,0.9837396740913392,0.6995766162872314,27.073925018310547,0.8460601568222046,0.0014744848012924,2.1354899406433105,0.0667340606451034,0.8444342613220215,30.382383346557617,0.9494494795799256,0.0148731162771582,10.553279876708984,0.3297899961471557,0.5341668128967285,25.05824279785156,0.7830700874328613,0.1349893808364868,13.809226036071776,0.431538313627243,0.0,0.0,6.0,6.0,0.2670172112053638,0
/home/daplab/30006664/kv_allindia_dec2023/audios/hy_3-c-9_kv_kv-rdso-lucknow_04122023-000000-1_HI-KV-002_1.wav,अपने,अपने,c,6.96,7.83,aa p aa n ee,aa p aa n ee,0.0,aa p p aa n ee *,aa p p aa n ee,348.0,392.0,44.0,-0.4053981006145477,-1.930361270904541,-0.043871846050024,-1.329506516456604,-21.14012336730957,-0.4804573357105255,2.1796604414703324e-05,5.27427339553833,0.1198698505759239,0.5279105305671692,70.3984146118164,1.5999640226364136,0.8492093086242676,43.26754760742188,0.9833533763885498,0.5751757621765137,34.91672134399414,0.7935618758201599,9.91321139736101e-05,1.9840924739837649,0.045093011111021,0.780245304107666,40.48200225830078,0.9200454950332642,0.0026200234424322,10.462900161743164,0.2377931922674179,0.4450372457504272,31.43252182006836,0.7143754959106445,0.0886028334498405,15.259142875671388,0.346798688173294,3.3307297770419875,1.0,5.0,6.0,0.8837247726855058,1
/home/daplab/30006664/kv_allindia_dec2023/audios/hy_3-c-9_kv_kv-rdso-lucknow_04122023-000000-1_HI-KV-002_1.wav,माता,माता,c,7.83,8.34,m AA t AA,m AA t AA,0.0,m AA t AA *,m AA t AA,391.0,417.0,26.0,-0.5153397917747498,-0.6110767126083374,-0.0235029496252536,-0.8175337910652161,-6.626546859741211,-0.2548671960830688,1.4704056411574127e-05,1.158355951309204,0.0445521511137485,0.4992809295654297,28.19580078125,1.084453821182251,0.8108820915222168,25.773536682128903,0.9912898540496826,0.7471847534179688,22.404672622680664,0.8617181777954102,0.0041431114077568,2.269363641738892,0.0872832164168357,0.91412615776062,24.89009094238281,0.95731121301651,0.0979822948575019,9.823026657104492,0.3778087198734283,0.6701374650001526,20.97369766235352,0.8066806793212891,0.2477832734584808,12.246944427490234,0.4710363149642944,0.0,0.0,4.0,4.0,0.2670172112053638,0
/home/daplab/30006664/kv_allindia_dec2023/audios/hy_3-c-9_kv_kv-rdso-lucknow_04122023-000000-1_HI-KV-002_1.wav,पिता,पिता,c,8.34,8.85,p ii t AA,p ii t AA,0.0,p ii t AA *,p ii t AA,417.0,443.0,26.0,-0.0983408987522125,-0.1322439461946487,-0.0050863055512309,-0.5490435361862183,-5.982073783874512,-0.2300797551870346,1.7596412362763658e-05,0.518402099609375,0.0199385415762662,0.478787213563919,27.6067008972168,1.0617961883544922,0.962005376815796,25.948760986328125,0.9980292916297911,0.7533549070358276,22.435688018798828,0.8629111051559448,0.0047367108054459,2.366650342941284,0.0910250097513198,0.9167943596839904,24.93225479125977,0.958932876586914,0.1053159534931182,10.212823867797852,0.3928009271621704,0.6766571998596191,21.126758575439453,0.8125676512718201,0.2549232840538025,12.552026748657228,0.4827702641487121,0.0,0.0,4.0,4.0,0.2670172112053638,0
/home/daplab/30006664/kv_allindia_dec2023/audios/hy_3-c-9_kv_kv-rdso-lucknow_04122023-000000-1_HI-KV-002_1.wav,और,और,c,8.88,9.36,OO r,OO r,0.0,OO r *,OO r,444.0,468.0,24.0,-0.6705336570739746,-1.3603947162628174,-0.0566831119358539,-0.9085732102394104,-6.20847749710083,-0.2586865723133087,1.0133511750609614e-05,1.6865209341049194,0.0702717080712318,0.46458300948143,25.218660354614254,1.050777554512024,0.7585413455963135,23.50648498535156,0.9794368743896484,0.7474614977836609,20.700489044189453,0.8625203967094421,0.0041680629365146,2.197533130645752,0.091563880443573,0.9049709439277648,22.985822677612305,0.9577426314353944,0.0764877200126648,9.473339080810549,0.3947224617004394,0.6487066149711609,19.45397186279297,0.810582160949707,0.2256071269512176,11.59601593017578,0.4831673204898834,0.0,0.0,2.0,2.0,0.2670172112053638,0
/home/daplab/30006664/kv_allindia_dec2023/audios/hy_3-c-9_kv_kv-rdso-lucknow_04122023-000000-1_HI-KV-002_1.wav,पांच,पांच,c,9.39,9.84,<UNK>,p AA q c,4.74051274733245,p AA q c *,p AA q c,469.0,492.0,23.0,-0.639967679977417,-1.4065721035003662,-0.0611553080379962,-0.9011679887771606,-8.337164878845215,-0.3624854385852813,1.5811081539141014e-05,2.505619764328003,0.108939990401268,0.5436818599700928,30.48195457458496,1.3253023624420166,0.7686901688575745,22.47779655456543,0.9772955179214478,0.7047176361083984,19.134864807128903,0.8319506645202637,0.0016485116211697,1.3474302291870115,0.0585839226841926,0.8744891285896301,21.685222625732425,0.9428357481956482,0.0335343033075332,6.782050609588623,0.2948717772960663,0.5860475301742554,17.56192970275879,0.7635621428489685,0.1708528101444244,9.261651039123535,0.4026804864406585,,,1.0,4.0,0.9210397588221279,1
/home/daplab/30006664/kv_allindia_dec2023/audios/hy_3-c-9_kv_kv-rdso-lucknow_04122023-000000-1_HI-KV-002_1.wav,भाइयों,भाइयों,c,9.84,10.47,bh AA ii y oo q,bh AA ii y oo q,0.0,bh AA ii y oo q *,bh AA ii y oo q,492.0,524.0,32.0,-0.5958642959594727,-1.5073847770690918,-0.0471057742834091,-0.888792097568512,-11.791383743286133,-0.3684807419776916,1.9615767087088894e-05,3.279046058654785,0.102470189332962,0.4980885088443756,42.77126693725586,1.3366020917892456,0.7834709882736206,31.435022354125977,0.9823444485664368,0.7227872014045715,26.62218475341797,0.8319432735443115,0.0024400011170655,1.941713809967041,0.06067855656147,0.8783190250396729,30.139577865600582,0.9418618083000184,0.0371948592364788,9.34495449066162,0.2920298278331756,0.5932916402816772,24.352352142333984,0.761011004447937,0.1764916181564331,12.809508323669434,0.4002971351146698,0.0,0.0,6.0,6.0,0.2670172112053638,0
/home/daplab/30006664/kv_allindia_dec2023/audios/hy_3-c-9_kv_kv-rdso-lucknow_04122023-000000-1_HI-KV-002_1.wav,के,के,c,11.04,11.25,k ee,k ee,0.0,k ee *,k ee,552.0,563.0,11.0,-0.0831107497215271,-0.1228876784443855,-0.0111716073006391,-0.6326683163642883,-3.2256078720092773,-0.2932370901107788,3.937488509109244e-05,0.4857566654682159,0.0441596955060958,0.5452683568000793,13.409381866455078,1.2190346717834473,0.9678288102149964,10.952305793762209,0.9956641793251038,0.7802419662475586,9.326996803283691,0.8479087948799133,0.0084893908351659,0.7627695202827454,0.0693426802754402,0.91155207157135,10.46192741394043,0.951084315776825,0.0913917496800422,3.6026859283447266,0.3275169134140014,0.6639686822891235,8.637226104736328,0.7852023839950562,0.2412000894546508,4.750300884246826,0.4318455457687378,0.0,0.0,2.0,2.0,0.2670172112053638,0
/home/daplab/30006664/kv_allindia_dec2023/audios/hy_3-c-9_kv_kv-rdso-lucknow_04122023-000000-1_HI-KV-002_1.wav,साथ,साथ,c,11.25,11.7,s AA th,s AA th,0.0,* s AA th,s AA th,562.0,585.0,23.0,-0.3564901947975158,-0.5023995637893677,-0.021843459457159,-0.931047260761261,-5.682615756988525,-0.2470702528953552,1.6560919902985916e-05,1.2457537651062012,0.0541632063686847,0.5048137903213501,23.46047782897949,1.0200207233428955,0.8666006922721863,22.809837341308597,0.9917320609092712,0.6482787132263184,19.901138305664062,0.8652668595314026,0.0004843726928811,2.323261260986328,0.1010113582015037,0.8435583114624023,22.02256393432617,0.957502782344818,0.0145248537883162,9.548040390014648,0.4151321947574615,0.532771646976471,18.73509407043457,0.8145692944526672,0.1341258287429809,11.426885604858398,0.4968211054801941,0.0,0.0,3.0,3.0,0.2670172112053638,0
/home/daplab/30006664/kv_allindia_dec2023/audios/hy_3-c-9_kv_kv-rdso-lucknow_04122023-000000-1_HI-KV-002_1.wav,रहती,रेहेती,s,12.03,12.57,r aa hh aa t II,r aa hh aa t II,0.0,r aa hh aa t II *,r aa hh aa t II,601.0,629.0,28.0,-0.6246296763420105,-1.7847304344177246,-0.0637403726577758,-1.018402934074402,-11.00512981414795,-0.3930403590202331,1.475629505875986e-05,3.397810935974121,0.1213503926992416,0.4837042093276977,38.04793167114258,1.3588546514511108,0.7738121151924133,27.33793830871582,0.976354956626892,0.6937823295593262,23.192462921142575,0.828302264213562,0.0013002638006582,1.802917242050171,0.0643898993730545,0.8667323589324951,26.28360366821289,0.9387001395225524,0.0271870624274015,8.214609146118164,0.2933788895606994,0.5718498229980469,21.15572166442871,0.7555614709854126,0.1602729707956314,11.161195755004885,0.3986141383647918,0.0,0.0,6.0,6.0,0.2670172112053638,0
/home/daplab/30006664/kv_allindia_dec2023/audios/hy_3-c-9_kv_kv-rdso-lucknow_04122023-000000-1_HI-KV-002_1.wav,थी,थी,c,12.57,13.05,th II,th II,0.0,th II *,th II,628.0,653.0,25.0,-0.4325539469718933,-1.110347032546997,-0.0444138795137405,-0.8263832330703735,-7.191960334777832,-0.2876784205436706,1.2235042959218845e-05,2.130988121032715,0.0852395221590995,0.4868436753749847,27.68942642211914,1.1075770854949951,0.839644193649292,24.58354377746582,0.9833417534828186,0.718131422996521,21.40943717956543,0.8563774824142456,0.0022055201698094,2.2938597202301025,0.0917543917894363,0.8953933119773865,23.831411361694336,0.9532564282417296,0.0590300410985946,9.540261268615724,0.3816104531288147,0.6276955604553223,19.98887252807617,0.7995548844337463,0.2056677937507629,11.762432098388672,0.4704972803592682,0.0,0.0,2.0,2.0,0.2670172112053638,0
/home/daplab/30006664/kv_allindia_dec2023/audios/hy_3-c-9_kv_kv-rdso-lucknow_04122023-000000-1_HI-KV-002_1.wav,टीकू,टीकू,c,13.5,14.13,T II k UU,T II q k UU,1.0,T II q k UU *,T II q k UU,675.0,707.0,32.0,-0.3655167818069458,-1.396617770195007,-0.0436443053185939,-0.8660051226615906,-11.16338348388672,-0.3488557338714599,1.811503534554504e-05,3.30889892578125,0.103403091430664,0.5008707642555237,41.20978164672852,1.287805676460266,0.8633749485015869,31.47024345397949,0.9834451079368592,0.7109088897705078,26.74569702148437,0.8358030319213867,0.0018855684902518,2.1330506801605225,0.0666578337550163,0.8741609454154968,30.20668601989746,0.9439589381217957,0.0332378856837749,10.061264991760254,0.3144145309925079,0.585434079170227,24.616775512695312,0.7692742347717285,0.17038294672966,13.336770057678224,0.4167740643024444,1.4172657424106416,1.0,4.0,5.0,0.1414624728823706,0
/home/daplab/30006664/kv_allindia_dec2023/audios/hy_3-c-9_kv_kv-rdso-lucknow_04122023-000000-1_HI-KV-002_1.wav,चिड़िया,चिड़िया,c,14.34,14.85,c ii D ii y AA,c ii D ii y AA,0.0,c ii D ii y AA *,c ii D ii y AA,717.0,743.0,26.0,-0.0919524356722831,-0.2512185573577881,-0.0096622519195079,-0.8213659524917603,-9.01719856262207,-0.3468153178691864,4.6489611122524366e-05,1.0559593439102173,0.0406138226389884,0.6381133794784546,37.05374526977539,1.425144076347351,0.9644454717636108,25.90257453918457,0.9962528944015504,0.7217907905578613,21.36921119689941,0.8218927383422852,0.0023878091014921,1.1102547645568848,0.0427021048963069,0.877403199672699,24.469709396362305,0.9411426782608032,0.0362847112119197,6.768854141235352,0.260340541601181,0.5915446281433105,19.59683609008789,0.7537244558334351,0.1751165390014648,9.82046890258789,0.3777103424072265,0.0,0.0,6.0,6.0,0.2670172112053638,0
/home/daplab/30006664/kv_allindia_dec2023/audios/hy_3-c-9_kv_kv-rdso-lucknow_04122023-000000-1_HI-KV-002_1.wav,छोटी,छोटी,c,14.85,15.39,ch oo T II,ch oo T II,0.0,* ch oo T II *,ch oo T II,742.0,770.0,28.0,-0.5196400880813599,-0.7209641337394714,-0.0257487185299396,-1.1664830446243286,-8.405882835388184,-0.3002100884914398,2.1916408513789065e-05,1.4626966714859009,0.0522391684353351,0.5367181301116943,34.45674133300781,1.2305978536605835,0.809404194355011,27.731414794921875,0.990407645702362,0.6428732872009277,23.547740936279297,0.8409907221794128,0.0004307602357584,1.987045168876648,0.070965901017189,0.8326447010040283,26.55881690979004,0.9485291838645936,0.0108117889612913,9.491251945495604,0.3389732837677002,0.515869677066803,21.930679321289062,0.7832385301589966,0.124045193195343,12.239788055419922,0.4371352791786194,0.0,0.0,4.0,4.0,0.2670172112053638,0
/home/daplab/30006664/kv_allindia_dec2023/audios/hy_3-c-9_kv_kv-rdso-lucknow_04122023-000000-1_HI-KV-002_1.wav,सी,सी,c,15.39,15.66,s II,s II,0.0,* s II *,s II,769.0,783.0,14.0,-0.0988726764917373,-0.1529649496078491,-0.010926067829132,-0.6667780876159668,-4.217798709869385,-0.3012713491916656,1.4702031876367982e-05,0.5892379283905029,0.0420884229242801,0.4882838129997253,17.454673767089844,1.2467623949050903,0.9618024230003356,13.940706253051758,0.9957647323608398,0.7304393649101257,11.7825288772583,0.8416091799736023,0.0028807669878005,1.0734785795211792,0.0766770392656326,0.9067739248275756,13.282784461975098,0.9487703442573548,0.0803107097744941,4.655947208404541,0.3325676620006561,0.6528175473213196,10.94077968597412,0.7814842462539673,0.2297121733427047,6.077888011932373,0.4341348707675934,0.0,0.0,2.0,2.0,0.2670172112053638,0
/home/daplab/30006664/kv_allindia_dec2023/audios/hy_3-c-9_kv_kv-rdso-lucknow_04122023-000000-1_HI-KV-002_1.wav,थी,थी,c,15.66,16.08,th II,th II,0.0,* th II *,th II,783.0,804.0,21.0,-0.57802814245224,-1.1398751735687256,-0.0542797707021236,-0.9641515612602234,-6.72503137588501,-0.3202396035194397,1.2542195690912196e-05,2.1667261123657227,0.103177435696125,0.4909228384494781,24.68373680114746,1.1754159927368164,0.7894951105117798,20.57486915588379,0.979755699634552,0.7089200019836426,17.828582763671875,0.8489801287651062,0.00180591607932,1.7556978464126587,0.0836046561598777,0.885956346988678,19.93656539916992,0.9493602514266968,0.0457305982708931,7.440118789672852,0.3542913794517517,0.6082348823547363,16.52680206298828,0.7869905829429626,0.1886631846427917,9.427907943725586,0.4489479959011078,0.0,0.0,2.0,2.0,0.2670172112053638,0
/home/daplab/30006664/kv_allindia_dec2023/audios/hy_3-c-9_kv_kv-rdso-lucknow_04122023-000000-1_HI-KV-002_1.wav,उसके,उसके,c,16.62,17.13,uu s aa k ee,uu s aa k ee,0.0,uu s aa k ee *,uu s aa k ee,831.0,857.0,26.0,-0.3829671442508697,-0.8951805830001831,-0.0344300232827663,-1.123577117919922,-8.361601829528809,-0.321600079536438,2.3191814761958085e-05,2.286468029022217,0.0879410803318023,0.5046736598014832,31.76567268371582,1.2217566967010498,0.8571591973304749,25.66077995300293,0.98695307970047,0.7076195478439331,21.9797306060791,0.8453742265701294,0.0017556635430082,1.9779399633407595,0.0760746151208877,0.8469679355621338,24.64381217956543,0.9478389024734496,0.0159282386302948,8.753543853759766,0.3366747498512268,0.5382363796234131,20.30774688720703,0.7810671925544739,0.1375365108251571,11.325565338134766,0.4355986714363098,0.0,0.0,5.0,5.0,0.2670172112053638,0
/home/daplab/30006664/kv_allindia_dec2023/audios/hy_3-c-9_kv_kv-rdso-lucknow_04122023-000000-1_HI-KV-002_1.wav,पंख,पंख,c,17.13,17.61,p aa q kh,p aa q kh,0.0,p aa q kh *,p aa q kh,856.0,881.0,25.0,-0.0402198173105716,-0.1168403029441833,-0.0046736123040318,-0.6394985318183899,-7.175738334655762,-0.2870295345783233,1.688494739937596e-05,0.5976486206054688,0.0239059440791606,0.5241115093231201,30.76006317138672,1.2304024696350098,0.9843478202819824,24.95444869995117,0.9981779456138612,0.7336618900299072,21.11219024658203,0.8444876074790955,0.0030894330702722,1.6910090446472168,0.0676403641700744,0.8967800736427307,23.763721466064453,0.9505488872528076,0.061286523938179,8.257593154907227,0.3303037285804748,0.6306554675102234,19.6207218170166,0.7848289012908936,0.208374410867691,10.821332931518556,0.4328533113002777,0.0,0.0,4.0,4.0,0.2670172112053638,0
/home/daplab/30006664/kv_allindia_dec2023/audios/hy_3-c-9_kv_kv-rdso-lucknow_04122023-000000-1_HI-KV-002_1.wav,मुलायम,मुलायम,c,17.61,18.27,m uu l AA y aa m,m uu l AA y aa m,0.0,* m uu l AA y aa m *,m uu l AA y aa m,880.0,914.0,34.0,-0.3776077926158905,-0.717885434627533,-0.0211142767220735,-0.9077348709106444,-11.251683235168455,-0.3309318721294403,4.6093526179902256e-05,2.0193018913269043,0.0593912303447723,0.5790606141090393,44.47868347167969,1.3081965446472168,0.8590653538703918,33.72713851928711,0.9919746518135072,0.702768087387085,28.37106704711914,0.8344431519508362,0.0015802244888618,2.217742681503296,0.0652277246117591,0.8616256713867188,32.126644134521484,0.9449012875556946,0.0236792713403701,10.454355239868164,0.307481050491333,0.5628284215927124,26.17257499694824,0.7697815895080566,0.1538616865873336,14.052295684814451,0.4133028090000152,0.0,0.0,7.0,7.0,0.2670172112053638,0
/home/daplab/30006664/kv_allindia_dec2023/audios/hy_3-c-9_kv_kv-rdso-lucknow_04122023-000000-1_HI-KV-002_1.wav,थे,थे,c,18.27,18.63,th ee,th ee,0.0,th ee *,th ee,913.0,932.0,19.0,-0.3921285271644592,-0.7578604817390442,-0.0398873947560787,-0.9997026920318604,-6.712471961975098,-0.3532879948616028,1.68918923009187e-05,1.6676956415176392,0.0877734571695327,0.5013590455055237,24.74814796447754,1.302534103393555,0.8539068698883057,18.71453094482422,0.9849753379821776,0.7023827433586121,15.876495361328123,0.8356050252914429,0.0015670645516365,1.2791990041732788,0.0673262625932693,0.8648403286933899,17.924333572387695,0.9433859586715698,0.0258305761963129,5.881191253662109,0.3095363676548004,0.5684782266616821,14.584734916687012,0.7676176428794861,0.1578492224216461,7.851382732391357,0.4132306575775146,0.0,0.0,2.0,2.0,0.2670172112053638,0
/home/daplab/30006664/kv_allindia_dec2023/audios/hy_3-c-9_kv_kv-rdso-lucknow_04122023-000000-1_HI-KV-002_1.wav,उसकी,उसकी,c,19.11,20.13,uu s aa k II,uu s aa k II,0.0,uu s aa k II *,uu s aa k II,955.0,1007.0,52.0,-0.5438348650932312,-2.114784002304077,-0.040668923407793,-1.4809521436691284,-25.059757232666016,-0.4819183945655823,2.266151386720594e-05,5.1484694480896,0.0990090295672416,0.5306203365325928,84.65339660644531,1.6279499530792236,0.8011190891265869,51.21035385131836,0.9848145246505736,0.5532921552658081,40.83194351196289,0.7852296829223633,6.165531522128731e-05,2.726647138595581,0.0524355210363864,0.7591685056686401,47.70645523071289,0.9174318313598632,0.0014814742607995,13.106743812561035,0.252052754163742,0.4203746318817138,37.03785705566406,0.7122665047645569,0.0784765258431434,18.426977157592773,0.3543649315834045,0.0,0.0,5.0,5.0,0.2670172112053638,0
/home/daplab/30006664/kv_allindia_dec2023/audios/hy_3-c-9_kv_kv-rdso-lucknow_04122023-000000-1_HI-KV-002_1.wav,मां,मां,c,20.13,20.7,<UNK>,m AA,3.0,* m AA *,m AA,1006.0,1035.0,29.0,-0.4642820656299591,-1.0388938188552856,-0.0358239263296127,-1.0467991828918457,-14.5228853225708,-0.5007891654968262,4.6293564082589e-05,2.213834762573242,0.0763391330838203,0.5960994958877563,51.543270111083984,1.777354121208191,0.8285506367683411,28.612735748291016,0.986646056175232,0.5925008058547974,22.49725341796875,0.7757673859596252,0.0001443762303097,0.8827176690101624,0.0304385405033826,0.8201103806495667,26.608264923095703,0.917526364326477,0.007702711969614,5.098386287689209,0.1758064180612564,0.4974780082702636,20.12102699279785,0.6938285231590271,0.1138372644782066,8.772504806518555,0.3025001585483551,,,1.0,2.0,0.9210397588221279,1
/home/daplab/30006664/kv_allindia_dec2023/audios/hy_3-c-9_kv_kv-rdso-lucknow_04122023-000000-1_HI-KV-002_1.wav,ने,ने,c,20.97,21.54,n ee,n ee,0.0,n ee *,n ee,1048.0,1077.0,29.0,-0.6779844760894775,-0.8554525971412659,-0.0294983647763729,-0.8774651288986206,-6.151637554168701,-0.2121254354715347,1.7277807273785584e-05,1.3696125745773315,0.0472280196845531,0.4806274771690368,26.38701820373535,0.9098972082138062,0.7560792565345764,28.68724250793457,0.9892152547836304,0.7481271028518677,25.5123291015625,0.8797354698181152,0.0042287046089768,3.3820929527282715,0.1166238933801651,0.8993490934371948,27.95209312438965,0.9638652801513672,0.0656969845294952,13.12856101989746,0.4527089893817901,0.636210560798645,24.163761138916016,0.833233118057251,0.2135431319475174,15.304187774658203,0.5277305841445923,0.0,0.0,2.0,2.0,0.2670172112053638,0
/home/daplab/30006664/kv_allindia_dec2023/audios/hy_3-c-9_kv_kv-rdso-lucknow_04122023-000000-1_HI-KV-002_1.wav,उसे,उसे,c,21.57,22.05,uu s ee,uu s ee,0.0,uu s ee *,uu s ee,1078.0,1103.0,25.0,-0.5273376107215881,-0.6767370700836182,-0.0270694829523563,-0.9706699848175048,-6.585773468017578,-0.2634309530258178,1.167397294921102e-05,1.2626134157180786,0.0505045354366302,0.5011293888092041,27.49481201171875,1.09979248046875,0.8067629337310791,24.74883460998535,0.9899533987045288,0.7378098964691162,21.480268478393555,0.859210729598999,0.0033804336562752,2.183322668075561,0.0873329043388366,0.8812078237533569,23.890932083129883,0.955637276172638,0.040218036621809,9.502507209777832,0.380100280046463,0.5988638997077942,20.09976959228516,0.8039907813072205,0.1809438616037368,11.777463912963867,0.4710985422134399,0.0,0.0,3.0,3.0,0.2670172112053638,0
/home/daplab/30006664/kv_allindia_dec2023/audios/hy_3-c-9_kv_kv-rdso-lucknow_04122023-000000-1_HI-KV-002_1.wav,घंटाघर,घंटाघर,c,22.05,23.07,gh aa q T AA gh aa r,gh aa q T AA gh aa r,0.0,gh aa q T AA gh aa r *,gh aa q T AA gh aa r,1102.0,1154.0,52.0,-0.1459007859230041,-0.5232640504837036,-0.010062769986689,-0.8178667426109314,-14.01492404937744,-0.2695177793502807,1.5120132047741208e-05,1.9171712398529053,0.0368686765432357,0.4795874953269958,58.990867614746094,1.1344397068023682,0.943962812423706,51.797607421875,0.996107816696167,0.6942052245140076,44.42656326293945,0.8543570041656494,0.0013122521340847,4.531584739685059,0.0871458575129509,0.8702967166900635,49.58771896362305,0.9536100029945374,0.0299389567226171,19.395919799804688,0.37299844622612,0.57829749584198,41.53196716308594,0.7986916899681091,0.1650017648935318,24.16814994812012,0.46477210521698,0.0,0.0,8.0,8.0,0.2670172112053638,0
/home/daplab/30006664/kv_allindia_dec2023/audios/hy_3-c-9_kv_kv-rdso-lucknow_04122023-000000-1_HI-KV-002_1.wav,की,की,c,23.07,23.37,k II,k II,0.0,k II *,k II,1153.0,1169.0,16.0,-0.638714075088501,-0.703325092792511,-0.0439578182995319,-1.061977744102478,-5.372003555297852,-0.3357502222061157,1.695956598268822e-05,1.0746909379959106,0.0671681836247444,0.4931400716304779,20.24091339111328,1.26505708694458,0.7691080570220947,15.74389362335205,0.9839933514595032,0.690104603767395,13.400405883789062,0.8375253677368164,0.0012005220633,1.2832053899765017,0.0802003368735313,0.8697311282157898,15.11408805847168,0.94463050365448,0.0294843688607215,5.428414344787598,0.3392758965492248,0.5772658586502075,12.409229278564451,0.7755768299102783,0.1642367541790008,6.9567060470581055,0.4347941279411316,0.0,0.0,2.0,2.0,0.2670172112053638,0
/home/daplab/30006664/kv_allindia_dec2023/audios/hy_3-c-9_kv_kv-rdso-lucknow_04122023-000000-1_HI-KV-002_1.wav,ताल,ताल,c,23.37,23.88,t AA l,t AA l,0.0,t AA l *,t AA l,1168.0,1194.0,26.0,-0.4590064585208893,-0.5523402094841003,-0.0212438534945249,-0.7949161529541016,-6.806387901306152,-0.2617841362953186,1.8262006051372737e-05,1.1043901443481443,0.0424765422940254,0.5310242176055908,28.37973403930664,1.0915281772613523,0.8303890824317932,25.79407501220703,0.9920797944068908,0.6806513071060181,22.287324905395508,0.857204794883728,0.0009778612293303,2.4821877479553223,0.0954687595367431,0.8733360767364502,24.825557708740234,0.9548291563987732,0.0325044281780719,10.276732444763184,0.3952589333057403,0.5838974714279175,20.93593978881836,0.8052284717559814,0.169211059808731,12.506877899169922,0.4810337722301483,0.0,0.0,3.0,3.0,0.2670172112053638,0
/home/daplab/30006664/kv_allindia_dec2023/audios/hy_3-c-9_kv_kv-rdso-lucknow_04122023-000000-1_HI-KV-002_1.wav,पर,पर,c,23.88,24.33,p aa r,p aa r,0.0,p aa r *,p aa r,1194.0,1217.0,23.0,-0.6401834487915039,-0.6993962526321411,-0.0304085332900285,-0.9149330854415894,-5.540111064910889,-0.2408743947744369,1.2396297279337888e-05,0.9784363508224488,0.0425407104194164,0.4901246130466461,23.468196868896484,1.0203564167022705,0.7686182856559753,22.745567321777344,0.9889377355575562,0.7293617725372314,19.906089782714844,0.8654821515083313,0.0028141844086349,2.486159324645996,0.1080938801169395,0.8957480788230896,22.045551300048828,0.958502233028412,0.0595992095768451,9.705552101135254,0.4219805300235748,0.6284501552581787,18.793310165405277,0.817100465297699,0.2063547223806381,11.565221786499023,0.502835750579834,0.0,0.0,3.0,3.0,0.2670172112053638,0
/home/daplab/30006664/kv_allindia_dec2023/audios/hy_3-c-9_kv_kv-rdso-lucknow_04122023-000000-1_HI-KV-002_1.wav,चहकना,चहकना,c,24.87,25.8,c aa hh aa k aa n AA,c aa hh aa k aa n AA,0.0,c aa hh aa k aa n AA *,c aa hh aa k aa n AA,1243.0,1290.0,47.0,-0.2656423151493072,-0.979815661907196,-0.0208471417427063,-0.9402509927749634,-14.270549774169922,-0.3036287128925323,1.668801996856928e-05,2.8157167434692383,0.0599088668823242,0.4973474740982055,56.21051406860352,1.1959683895111084,0.8994757533073425,46.625587463378906,0.9920337796211244,0.6703205108642578,39.77851867675781,0.8463514447212219,0.000781473936513,3.8648159503936768,0.0822301283478736,0.8479946851730347,44.59396362304688,0.9488077163696288,0.0163768660277128,16.71343994140625,0.3556050956249237,0.5399001836776733,36.97260284423828,0.7866511344909668,0.1385900825262069,21.102487564086918,0.4489890933036804,0.0,0.0,8.0,8.0,0.2670172112053638,0
/home/daplab/30006664/kv_allindia_dec2023/audios/hy_3-c-9_kv_kv-rdso-lucknow_04122023-000000-1_HI-KV-002_1.wav,सिखाया,सिखाया,c,25.83,26.61,s ii kh AA y AA,s ii kh AA y AA,0.0,s ii kh AA y AA *,s ii kh AA y AA,1291.0,1331.0,40.0,-0.1462298035621643,-0.3309804499149322,-0.0082745114341378,-0.8708704710006714,-9.811789512634276,-0.2452947348356247,1.4213254871719982e-05,1.1803520917892456,0.0295088030397892,0.5027267932891846,43.1210823059082,1.0780270099639893,0.9438387751579284,39.87215423583984,0.996803879737854,0.7092628479003906,34.4232177734375,0.8605804443359375,0.0018194040749222,3.735162258148194,0.0933790579438209,0.8701537847518921,38.27446365356445,0.9568616151809692,0.0298234168440103,15.681236267089844,0.3920308947563171,0.5780364274978638,32.34385681152344,0.8085964322090149,0.164807915687561,19.222949981689453,0.4805737435817718,0.0,0.0,6.0,6.0,0.2670172112053638,0
/home/daplab/30006664/kv_allindia_dec2023/audios/hy_3-c-9_kv_kv-rdso-lucknow_04122023-000000-1_HI-KV-002_1.wav,था,था,c,26.61,27.15,th AA,th AA,0.0,th AA *,th AA,1330.0,1358.0,28.0,-0.497323215007782,-0.5895994901657104,-0.0210571251809597,-0.8337498903274536,-6.4342546463012695,-0.2297948151826858,1.1444988558650948e-05,1.1053532361984253,0.0394769012928009,0.4772518873214721,27.891658782958984,0.996130645275116,0.8170909881591797,27.78116226196289,0.9921843409538268,0.7288957834243774,24.338159561157227,0.869219958782196,0.0027858659159392,2.898911952972412,0.1035325676202774,0.8954205513000488,26.884765625,0.9601702094078064,0.0590735450387001,11.820592880249023,0.4221640229225158,0.6277533769607544,22.973567962646484,0.8204845786094666,0.2057203948497772,14.1032133102417,0.5036861896514893,0.0,0.0,2.0,2.0,0.2670172112053638,0
/home/daplab/30006664/kv_allindia_dec2023/audios/hy_3-c-9_kv_kv-rdso-lucknow_04122023-000000-1_HI-KV-002_1.wav,घंटाघर,घंटाघर,c,27.63,28.68,gh aa q T AA gh aa r,gh aa q T AA gh aa r,0.0,gh aa q T AA gh aa r *,gh aa q T AA gh aa r,1381.0,1434.0,53.0,-0.278474897146225,-0.7322900891304016,-0.0138167943805456,-0.8883107900619507,-14.162307739257812,-0.2672133445739746,1.9189430531696416e-05,2.2692153453826904,0.0428153835237026,0.4781664311885834,59.28765487670898,1.1186349391937256,0.8947866559028625,52.71905899047852,0.994699239730835,0.653258204460144,45.34880065917969,0.8556377291679382,0.0005396459018811,4.662148475646973,0.0879650637507438,0.8506441712379456,50.56626510620117,0.9540804624557496,0.0175936892628669,19.98151588439941,0.3770097196102142,0.5442326068878174,42.433048248291016,0.8006235361099243,0.1413674652576446,24.80214500427246,0.4679650068283081,0.0,0.0,8.0,8.0,0.2670172112053638,0
/home/daplab/30006664/kv_allindia_dec2023/audios/hy_3-c-9_kv_kv-rdso-lucknow_04122023-000000-1_HI-KV-002_1.wav,के,के,c,28.68,28.92,k ee,k ee,0.0,k ee *,k ee,1434.0,1446.0,12.0,-0.101069152355194,-0.1032824292778968,-0.0086068687960505,-0.6400560736656189,-2.817380666732788,-0.234781727194786,1.4630057194153778e-05,0.3408654630184173,0.0284054558724164,0.4777078628540039,12.7328462600708,1.0610705614089966,0.9609646201133728,11.960098266601562,0.9966748356819152,0.741862416267395,10.349305152893066,0.8624420762062073,0.003691179677844,1.1917105913162231,0.0993092134594917,0.9113661646842957,11.498902320861816,0.958241879940033,0.0909334048628807,4.8054704666137695,0.4004558622837066,0.6635277271270752,9.750743865966797,0.8125619888305664,0.2407358586788177,5.856747150421143,0.4880622625350952,0.0,0.0,2.0,2.0,0.2670172112053638,0
/home/daplab/30006664/kv_allindia_dec2023/audios/hy_3-c-9_kv_kv-rdso-lucknow_04122023-000000-1_HI-KV-002_1.wav,पास,पास,c,28.92,29.58,p AA s,p AA s,0.0,p AA s *,p AA s,1446.0,1479.0,33.0,-0.555408775806427,-1.0858631134033203,-0.0329049415886402,-0.971522331237793,-8.37813949584961,-0.2538830041885376,1.5614457879564725e-05,2.18955135345459,0.0663500428199768,0.5219986438751221,33.4512939453125,1.013675570487976,0.7971733808517456,32.59410095214844,0.9877000451087952,0.7102630138397217,28.61939811706543,0.8672544956207275,0.001859322655946,3.424447774887085,0.1037711426615715,0.875382661819458,31.59838485717773,0.9575268030166626,0.0343546979129314,13.825925827026367,0.418967455625534,0.5877232551574707,26.895545959472656,0.8150165677070618,0.1721424162387848,16.472848892211914,0.4991772472858429,0.0,0.0,3.0,3.0,0.2670172112053638,0
/home/daplab/30006664/kv_allindia_dec2023/audios/hy_3-c-9_kv_kv-rdso-lucknow_04122023-000000-1_HI-KV-002_1.wav,ही,ही,c,29.88,30.12,hh II,hh II,0.0,hh II *,hh II,1494.0,1506.0,12.0,-0.0311808995902538,-0.0462855137884616,-0.0038571262266486,-0.6807613372802734,-3.5823960304260254,-0.2985329926013946,5.968110417597927e-05,0.248611107468605,0.0207175929099321,0.6811525225639343,15.692340850830078,1.3076950311660769,0.9878517985343932,11.98194694519043,0.9984955787658693,0.7281677722930908,10.036270141601562,0.8363558650016785,0.0027422029525041,0.6014940142631531,0.0501244999468326,0.891927182674408,11.379379272460938,0.9482815861701964,0.053746823221445,3.533043146133423,0.2944202721118927,0.6204125285148621,9.288566589355469,0.7740471959114075,0.1991454362869262,4.872023582458496,0.4060019552707672,0.0,0.0,2.0,2.0,0.2670172112053638,0
/home/daplab/30006664/kv_allindia_dec2023/audios/hy_3-c-9_kv_kv-rdso-lucknow_04122023-000000-1_HI-KV-002_1.wav,एक,एक,c,30.15,30.51,ee k,ee k,0.0,ee k *,ee k,1507.0,1526.0,19.0,-0.556020975112915,-0.7134094834327698,-0.037547867745161,-0.8163108825683594,-5.127341747283936,-0.2698600888252258,1.4196692973200696e-05,1.313517928123474,0.0691325217485427,0.4907688498497009,20.08501243591309,1.0571058988571167,0.7969648838043213,18.73590660095215,0.9861003756523132,0.7315545082092285,16.441020965576172,0.8653168678283691,0.0029513319022953,1.887628555297852,0.0993488729000091,0.8798859715461731,18.17377471923828,0.9565144777297974,0.038805354386568,7.489445209503174,0.394181340932846,0.5963023900985718,15.355459213256836,0.8081820607185364,0.1788846403360366,9.165438652038574,0.4823915064334869,0.0,0.0,2.0,2.0,0.2670172112053638,0
/home/daplab/30006664/kv_allindia_dec2023/audios/hy_3-c-9_kv_kv-rdso-lucknow_04122023-000000-1_HI-KV-002_1.wav,घर,घर,c,30.51,30.87,gh aa r,gh aa r,0.0,gh aa r *,gh aa r,1525.0,1544.0,19.0,-0.6340674757957458,-0.710237443447113,-0.0373809188604354,-0.9268459677696228,-5.798104286193848,-0.3051633834838867,1.6264328223769553e-05,1.0785053968429563,0.0567634403705596,0.4952548742294311,22.91035461425781,1.205808162689209,0.7706580758094788,18.74100112915039,0.9863684773445128,0.6561764478683472,16.03392219543457,0.8438906669616699,0.0005749260890297,1.5998704433441162,0.0842037051916122,0.851945161819458,18.02982711791992,0.948938250541687,0.0182238966226577,6.710739612579346,0.3531968295574188,0.5463812947273254,14.940796852111816,0.7863577008247375,0.1427632272243499,8.516453742980957,0.4482344090938568,0.0,0.0,3.0,3.0,0.2670172112053638,0
/home/daplab/30006664/kv_allindia_dec2023/audios/hy_3-c-9_kv_kv-rdso-lucknow_04122023-000000-1_HI-KV-002_1.wav,था,था,c,30.87,31.32,th AA,th AA,0.0,th AA *,th AA,1543.0,1566.0,23.0,-0.1381410956382751,-0.1481834650039672,-0.0064427591860294,-0.6696417927742004,-4.961989402770996,-0.2157386690378189,1.073635485226987e-05,0.4640182852745056,0.0201747082173824,0.4711654484272003,23.39548110961914,1.0171948671340942,0.9468919634819032,22.94296264648437,0.9975200891494752,0.7337840795516968,19.933786392211918,0.8666863441467285,0.0030976361595094,2.234175443649292,0.0971380621194839,0.9086930155754088,22.09542465209961,0.9606706500053406,0.0845899805426597,9.506482124328612,0.4133253097534179,0.657250702381134,18.85771751403809,0.8199007511138916,0.2342167347669601,11.44353485107422,0.4975450038909912,0.0,0.0,2.0,2.0,0.2670172112053638,0
/home/daplab/30006664/kv_allindia_dec2023/audios/hy_3-c-9_kv_kv-rdso-lucknow_04122023-000000-1_HI-KV-002_1.wav,जिसमें,जिसमें,c,31.68,32.34,j ii s aa m ee q,j ii s aa m ee q,0.0,j ii s aa m ee q *,j ii s aa m ee q,1584.0,1618.0,34.0,-0.1174173727631568,-0.3042818307876587,-0.0089494660496711,-0.9016077518463136,-10.329374313354492,-0.3038051128387451,1.356689153908519e-05,1.2970178127288818,0.0381475836038589,0.4874835908412933,41.810176849365234,1.2297110557556152,0.954742670059204,33.88191604614258,0.9965269565582277,0.668515682220459,28.663686752319336,0.8430495858192444,0.0007514579920098,2.723353862762451,0.0800986438989639,0.851017415523529,32.24003982543945,0.9482364654541016,0.0177722163498401,11.647581100463867,0.3425759077072143,0.5448476076126099,26.61707878112793,0.7828552722930908,0.1417656987905502,14.97091007232666,0.4403208792209625,0.0,0.0,7.0,7.0,0.2670172112053638,0
/home/daplab/30006664/kv_allindia_dec2023/audios/hy_3-c-9_kv_kv-rdso-lucknow_04122023-000000-1_HI-KV-002_1.wav,पक्षियों,पक्षियों,c,32.58,33.63,p aa k sh ii y oo q,p aa k sh ii y oo q,0.0,p aa k sh ii y oo q *,p aa k sh ii y oo q,1628.0,1682.0,54.0,-0.8081218600273132,-2.140210628509521,-0.0396335311233997,-1.3773947954177856,-19.366046905517575,-0.358630508184433,1.095232892112108e-05,4.841142177581787,0.0896507799625396,0.4812600612640381,71.87617492675781,1.3310402631759644,0.7138065099716187,53.20561599731445,0.9852891564369202,0.6591570377349854,44.97109222412109,0.8327980041503906,0.0006133422721177,3.141815662384033,0.0581817701458931,0.819222092628479,50.87495803833008,0.942128837108612,0.0075198207050561,15.94500732421875,0.2952779233455658,0.4962130188941955,41.200191497802734,0.762966513633728,0.1131628826260566,21.72886657714844,0.4023864269256592,0.0,0.0,8.0,8.0,0.2670172112053638,0
/home/daplab/30006664/kv_allindia_dec2023/audios/hy_3-c-9_kv_kv-rdso-lucknow_04122023-000000-1_HI-KV-002_1.wav,से,से,c,33.81,34.29,s ee,s ee,0.0,s ee *,s ee,1690.0,1715.0,25.0,-0.0714897960424423,-0.0853038057684898,-0.0034121521748602,-0.5514304041862488,-4.839634895324707,-0.1935853958129882,1.507336855866015e-05,0.3484993577003479,0.0139399738982319,0.5029556751251221,23.61290740966797,0.9445163011550904,0.9722869992256165,24.96688842773437,0.998675525188446,0.7533807158470154,21.907346725463867,0.8762938976287842,0.00473936740309,2.63677191734314,0.1054708734154701,0.9191752672195436,24.108909606933597,0.9643563628196716,0.1123220175504684,10.931361198425291,0.4372544586658478,0.6825865507125854,20.78606414794922,0.8314425945281982,0.2615836262702942,12.926072120666504,0.517042875289917,0.0,0.0,2.0,2.0,0.2670172112053638,0
/home/daplab/30006664/kv_allindia_dec2023/audios/hy_3-c-9_kv_kv-rdso-lucknow_04122023-000000-1_HI-KV-002_1.wav,प्यार,प्यार,c,34.29,34.74,p y AA r,p y AA r,0.0,p y AA r *,p y AA r,1714.0,1737.0,23.0,-0.3394214808940887,-0.3674436211585998,-0.015975808724761,-0.908815622329712,-6.157879829406738,-0.2677339017391205,2.08149340323871e-05,0.8119751214981079,0.0353032648563385,0.5277089476585388,26.56902503967285,1.155174970626831,0.87272047996521,22.86177062988281,0.9939900040626526,0.7216197848320007,19.560829162597656,0.8504708409309387,0.0023789617698639,1.9418282508850095,0.0844273120164871,0.8829447627067566,21.923274993896484,0.9531858563423156,0.0421527847647666,8.46208667755127,0.3679168224334717,0.6022605299949646,18.32982063293457,0.7969487309455872,0.1837078183889389,10.60598850250244,0.4611299335956573,0.0,0.0,4.0,4.0,0.2670172112053638,0
/home/daplab/30006664/kv_allindia_dec2023/audios/hy_3-c-9_kv_kv-rdso-lucknow_04122023-000000-1_HI-KV-002_1.wav,करने,करने,c,34.74,35.28,k aa r aa n ee,k aa r aa n ee,0.0,k aa r aa n ee *,k aa r aa n ee,1737.0,1764.0,27.0,-0.3925803303718567,-0.8149333596229553,-0.0301827173680067,-0.7629646062850952,-7.982911586761475,-0.2956633865833282,1.6118947314680554e-05,1.770238995552063,0.0655644088983535,0.4682187736034393,31.97404670715332,1.184224009513855,0.8537467122077942,26.692790985107425,0.9886218905448914,0.7463761568069458,22.9675407409668,0.8506496548652649,0.0040710419416427,2.162980794906616,0.0801104009151458,0.9017754197120668,25.696155548095703,0.9517094492912292,0.0701536610722541,9.318617820739746,0.3451339900493622,0.6415452361106873,21.319719314575195,0.7896192073822021,0.2186182737350464,12.01267910003662,0.4449140429496765,0.0,0.0,6.0,6.0,0.2670172112053638,0
/home/daplab/30006664/kv_allindia_dec2023/audios/hy_3-c-9_kv_kv-rdso-lucknow_04122023-000000-1_HI-KV-002_1.wav,वाली,वाली,c,35.28,35.76,w AA l II,w AA l II,0.0,* w AA l II *,w AA l II,1764.0,1788.0,24.0,-0.6690143942832947,-1.029483437538147,-0.0428951419889926,-0.9980320334434508,-6.9408769607543945,-0.2892031967639923,2.405742088740226e-05,1.672403335571289,0.0696834698319435,0.517390787601471,27.794479370117188,1.158103346824646,0.7590440511703491,23.621356964111328,0.9842231869697572,0.7528651356697083,20.45272445678711,0.8521968722343445,0.0046866391785442,1.9560822248458865,0.0815034285187721,0.8869619965553284,22.86710357666016,0.9527959823608398,0.0469917096197605,8.534608840942383,0.3556087017059326,0.6102544069290161,19.05154037475586,0.7938141822814941,0.1903657466173172,10.861527442932127,0.4525636434555053,0.0,0.0,4.0,4.0,0.2670172112053638,0
/home/daplab/30006664/kv_allindia_dec2023/audios/hy_3-c-9_kv_kv-rdso-lucknow_04122023-000000-1_HI-KV-002_1.wav,एक,एक,c,35.76,36.03,ee k,ee k,0.0,ee k *,ee k,1787.0,1802.0,15.0,-0.5692116618156433,-0.5715579390525818,-0.0381038635969162,-0.8908170461654663,-3.5391194820404053,-0.2359413057565689,3.360912160133012e-05,0.7091094255447388,0.0472739599645137,0.538413941860199,15.60156536102295,1.0401043891906738,0.7924826145172119,14.791563987731934,0.9861042499542236,0.7834653258323669,12.98928165435791,0.8659521341323853,0.0091044781729578,1.3490054607391355,0.0899337008595466,0.9034799337387084,14.39798355102539,0.9598655700683594,0.0734640732407569,5.945402145385742,0.3963601291179657,0.6453456282615662,12.228880882263184,0.8152587413787842,0.2223016768693924,7.27829647064209,0.4852197766304016,0.0,0.0,2.0,2.0,0.2670172112053638,0
/home/daplab/30006664/kv_allindia_dec2023/audios/hy_3-c-9_kv_kv-rdso-lucknow_04122023-000000-1_HI-KV-002_1.wav,महिला,महिला,c,36.03,36.45,m aa hh ii l AA,m aa hh ii l AA,0.0,* m aa hh ii l AA *,m aa hh ii l AA,1801.0,1823.0,22.0,-0.5530188083648682,-1.1541396379470823,-0.0524608939886093,-0.8932536840438843,-8.427888870239258,-0.3830858469009399,4.336760684964247e-05,2.204683542251587,0.100212886929512,0.5973345637321472,31.688087463378903,1.440367579460144,0.7979872226715088,21.569507598876957,0.980432152748108,0.7015993595123291,18.018354415893555,0.8190160989761353,0.0015406492166221,0.9520735144615172,0.0432760678231716,0.8820715546607971,20.6557731628418,0.9388988018035888,0.0411687456071376,5.491646766662598,0.2496203035116195,0.600548505783081,16.439035415649414,0.7472288608551025,0.1823098957538604,8.119022369384766,0.3690464794635772,0.0,0.0,6.0,6.0,0.2670172112053638,0
/home/daplab/30006664/kv_allindia_dec2023/audios/hy_3-c-9_kv_kv-rdso-lucknow_04122023-000000-1_HI-KV-002_1.wav,रहती,रेहेती,s,36.45,36.9,r aa hh aa t II,r aa hh aa t II,0.0,* r aa hh aa t II *,r aa hh aa t II,1822.0,1845.0,23.0,-0.6643452644348145,-2.012244701385498,-0.0874888971447944,-1.1766163110733032,-10.470440864562988,-0.455236554145813,1.4687552720715756e-05,3.636793851852417,0.1581214666366577,0.5015358924865723,34.50275421142578,1.5001198053359983,0.7605898976325989,22.255327224731445,0.967622935771942,0.7169816493988037,18.68339157104492,0.8123213648796082,0.002151170047,1.1350476741790771,0.0493499003350734,0.855712890625,21.410966873168945,0.9309116005897522,0.0201792400330305,5.539134979248047,0.2408319562673568,0.5526846647262573,16.806371688842773,0.730711817741394,0.146928995847702,8.21573257446289,0.3572057783603668,0.0,0.0,6.0,6.0,0.2670172112053638,0
/home/daplab/30006664/kv_allindia_dec2023/audios/hy_3-c-9_kv_kv-rdso-lucknow_04122023-000000-1_HI-KV-002_1.wav,थी,थी,c,36.9,37.29,th II,th II,0.0,* th II *,th II,1845.0,1865.0,20.0,-0.6928475499153137,-0.9254150390625,-0.0462707504630088,-1.107548475265503,-6.518540382385254,-0.3259270191192627,1.554998198116664e-05,1.5593314170837402,0.077966570854187,0.4911607801914215,24.664405822753903,1.2332203388214111,0.7511814832687378,19.661148071289062,0.9830573797225952,0.7090202569961548,16.850841522216797,0.8425420522689819,0.0018098478903993,1.50818133354187,0.0754090696573257,0.8639469742774963,18.948909759521484,0.947445511817932,0.0252138338983058,6.691198348999023,0.3345599174499511,0.5668983459472656,15.595882415771484,0.7797940969467163,0.1567248851060867,8.677238464355469,0.4338619112968445,0.0,0.0,2.0,2.0,0.2670172112053638,0
/home/daplab/30006664/kv_allindia_dec2023/audios/hy_3-c-9_kv_kv-rdso-lucknow_04122023-000000-1_HI-KV-002_1.wav,वह,वह,c,37.83,38.16,w aa hh,w aa hh,0.0,w aa hh *,w aa hh,1891.0,1908.0,17.0,-0.0462772212922573,-0.1308216750621795,-0.0076953927055001,-0.7926420569419861,-5.649783611297607,-0.3323402106761932,3.4028798836516216e-05,0.6496722102165222,0.0382160134613513,0.5417060256004333,22.504714965820312,1.3238067626953125,0.982004165649414,16.949020385742188,0.9970011711120604,0.7025710940361023,14.185562133789062,0.8344448208808899,0.0015734821790829,1.0407483577728271,0.0612204931676387,0.875412106513977,16.052879333496094,0.9442870020866394,0.0343821085989475,5.123256683349609,0.3013680279254913,0.5877786874771118,13.050933837890623,0.7677019834518433,0.1721852570772171,6.937983989715576,0.4081166982650757,0.0,0.0,3.0,3.0,0.2670172112053638,0
/home/daplab/30006664/kv_allindia_dec2023/audios/hy_3-c-9_kv_kv-rdso-lucknow_04122023-000000-1_HI-KV-002_1.wav,टीकू,टीकू,c,38.16,38.82,T II k UU,T II q k UU,1.0,T II q k UU *,T II q k UU,1907.0,1941.0,34.0,-0.5469394326210022,-0.8502984642982483,-0.0250087790191173,-0.8803773522377014,-9.17710781097412,-0.2699149250984192,1.5317851648433134e-05,1.513003706932068,0.044500108808279,0.4805662035942077,39.118263244628906,1.150537133216858,0.80005943775177,33.68453598022461,0.9907216429710388,0.7323672771453857,28.98885536193848,0.8526133894920349,0.0030038498807698,2.6903858184814453,0.0791289955377578,0.9018840789794922,32.43630599975586,0.9540089964866638,0.0703602284193039,12.259017944335938,0.360559344291687,0.6417862772941589,27.102027893066406,0.7971184849739075,0.2188501954078674,15.519641876220703,0.4564600586891174,1.4172657424106416,1.0,4.0,5.0,0.1414624728823706,0
/home/daplab/30006664/kv_allindia_dec2023/audios/hy_3-c-9_kv_kv-rdso-lucknow_04122023-000000-1_HI-KV-002_1.wav,चिड़िया,चिड़िया,c,39.18,39.84,c ii D ii y AA,c ii D ii y AA,0.0,c ii D ii y AA *,c ii D ii y AA,1959.0,1993.0,34.0,-0.1712234765291214,-0.3221128582954407,-0.0094739077612757,-0.7511740922927856,-9.03876781463623,-0.2658461034297943,2.302184839209076e-05,1.1294478178024292,0.0332190543413162,0.470610648393631,39.22758102416992,1.153752326965332,0.9344435334205629,33.87572479248047,0.9963448643684388,0.7477544546127319,28.98712921142578,0.8525626063346863,0.0041946447454392,2.55008316040039,0.075002446770668,0.8982748985290527,32.43217468261719,0.9538874626159668,0.0638154745101928,12.14398956298828,0.3571761548519134,0.6338763236999512,27.07574844360352,0.7963455319404602,0.2113569527864456,15.42182731628418,0.453583151102066,0.0,0.0,6.0,6.0,0.2670172112053638,0
/home/daplab/30006664/kv_allindia_dec2023/audios/hy_3-c-9_kv_kv-rdso-lucknow_04122023-000000-1_HI-KV-002_1.wav,और,और,c,39.87,40.41,OO r,OO r,0.0,OO r *,OO r,1993.0,2021.0,28.0,-0.3703235685825348,-0.7366212606430054,-0.0263079013675451,-0.782967209815979,-6.909350872039795,-0.246762529015541,9.950329513230828e-06,1.7106380462646484,0.0610942170023918,0.4603283405303955,28.8091983795166,1.028899908065796,0.8616601824760437,27.720993041992188,0.9900354743003844,0.7535949945449829,24.22605323791504,0.8652161955833435,0.0047614551149308,2.7994117736816406,0.0999789908528328,0.9090520143508912,26.833311080932617,0.9583325386047364,0.0854154974222183,11.374290466308594,0.4062246680259704,0.6580867767333984,22.78478240966797,0.8137422204017639,0.2350754737854004,13.778368949890137,0.4920845925807953,0.0,0.0,2.0,2.0,0.2670172112053638,0
/home/daplab/30006664/kv_allindia_dec2023/audios/hy_3-c-9_kv_kv-rdso-lucknow_04122023-000000-1_HI-KV-002_1.wav,उसके,उसके,c,40.44,40.92,uu s aa k ee,uu s aa k ee,0.0,uu s aa k ee *,uu s aa k ee,2021.0,2046.0,25.0,-0.1640655398368835,-0.3081831037998199,-0.0123273245990276,-0.8304738402366638,-7.184352874755859,-0.2873741090297699,1.0710902643040754e-05,1.0745127201080322,0.0429805070161819,0.4775311052799225,29.67075538635254,1.1868301630020142,0.937128245830536,24.881179809570312,0.9952471852302552,0.7312681674957275,21.218042373657227,0.8487216830253601,0.0029330500401556,2.0277884006500244,0.0811115354299545,0.8782148957252502,23.773757934570312,0.95095032453537,0.0370902419090271,8.860496520996094,0.354419857263565,0.5930925607681274,19.7530574798584,0.7901222705841064,0.176334410905838,11.254453659057615,0.4501781463623047,0.0,0.0,5.0,5.0,0.2670172112053638,0
/home/daplab/30006664/kv_allindia_dec2023/audios/hy_3-c-9_kv_kv-rdso-lucknow_04122023-000000-1_HI-KV-002_1.wav,परिवार,परिवार,c,40.92,41.52,p aa r ii w AA r,p aa r ii w AA r,0.0,p aa r ii w AA r *,p aa r ii w AA r,2046.0,2076.0,30.0,-0.60539710521698,-1.3359341621398926,-0.0445311404764652,-0.9904047846794128,-9.3671236038208,-0.3122374415397644,1.5948711734381504e-05,2.488807678222656,0.0829602554440498,0.5112696290016174,36.08696746826172,1.2028988599777222,0.780262291431427,29.503461837768555,0.9834487438201904,0.7264926433563232,25.43347549438477,0.8477824926376343,0.0026443055830895,2.2756876945495605,0.0758562535047531,0.8828773498535156,28.49605178833008,0.949868381023407,0.0420760326087474,10.14483642578125,0.3381612002849579,0.6021281480789185,23.551250457763672,0.7850416898727417,0.1835993379354477,13.147497177124023,0.4382499158382416,0.0,0.0,7.0,7.0,0.2670172112053638,0
/home/daplab/30006664/kv_allindia_dec2023/audios/hy_3-c-9_kv_kv-rdso-lucknow_04122023-000000-1_HI-KV-002_1.wav,के,के,c,41.52,41.67,k ee,k ee,0.0,k ee *,k ee,2076.0,2084.0,8.0,-0.1214160993695259,-0.1456791758537292,-0.0182098969817161,-0.6446419358253479,-2.704819917678833,-0.3381024897098541,3.092497354373336e-05,0.4882271289825439,0.0610283911228179,0.501321017742157,10.70230770111084,1.337788462638855,0.9532246589660645,7.943756103515625,0.9929695129394532,0.7722419500350952,6.682269096374512,0.835283637046814,0.0071363993920385,0.4933571815490722,0.061669647693634,0.9160069823265076,7.560535430908203,0.9450669288635254,0.1030965149402618,2.29372501373291,0.2867156267166137,0.6747196912765503,6.126101016998291,0.7657626271247864,0.2527815997600555,3.201211929321289,0.4001514911651611,0.0,0.0,2.0,2.0,0.2670172112053638,0
/home/daplab/30006664/kv_allindia_dec2023/audios/hy_3-c-9_kv_kv-rdso-lucknow_04122023-000000-1_HI-KV-002_1.wav,लिए,लिए,c,41.67,42.0,l ii ee,l ii ee,0.0,* l ii ee *,l ii ee,2083.0,2100.0,17.0,-0.1798788905143737,-0.359801709651947,-0.0211648065596818,-1.0374224185943604,-5.7916364669799805,-0.3406845033168793,5.6091663282131776e-05,1.2024438381195068,0.0707319900393486,0.6577059626579285,23.011369705200195,1.3536100387573242,0.9312034845352172,16.861587524414062,0.9918580651283264,0.6817176342010498,14.129430770874023,0.8311429619789124,0.0010007541859522,0.7773681879043579,0.045727539807558,0.8432987332344055,16.040142059326172,0.9435377717018129,0.0144232120364904,4.687225341796875,0.2757191359996795,0.5323593616485596,12.95529079437256,0.7620759010314941,0.1338715255260467,6.625710487365723,0.389747679233551,0.0,0.0,3.0,3.0,0.2670172112053638,0
/home/daplab/30006664/kv_allindia_dec2023/audios/hy_3-c-9_kv_kv-rdso-lucknow_04122023-000000-1_HI-KV-002_1.wav,रोज,रोज,c,42.0,42.48,r oo j,r oo j,0.0,* r oo j *,r oo j,2100.0,2124.0,24.0,-0.6390067338943481,-1.419320583343506,-0.0591383576393127,-1.04753839969635,-6.987945556640625,-0.2911643981933594,1.984080154215917e-05,1.855303645133972,0.0773043185472488,0.5510618686676025,27.236328125,1.1348470449447632,0.7690104842185974,23.48309135437012,0.9784621596336364,0.7167779207229614,20.45806121826172,0.8524191975593567,0.0021416821982711,2.056250095367432,0.0856770873069763,0.8726902008056641,22.85987091064453,0.9524946212768556,0.0319414883852005,8.97885513305664,0.3741189539432525,0.5826994776725769,19.12507057189941,0.796877920627594,0.168302446603775,11.144258499145508,0.4643441140651703,0.0,0.0,3.0,3.0,0.2670172112053638,0
/home/daplab/30006664/kv_allindia_dec2023/audios/hy_3-c-9_kv_kv-rdso-lucknow_04122023-000000-1_HI-KV-002_1.wav,रोटी,रोटी,c,42.48,42.93,r oo T II,r oo T II,0.0,* r oo T II *,r oo T II,2124.0,2147.0,23.0,-0.5852872133255005,-1.1298292875289917,-0.0491230115294456,-1.410202145576477,-11.19792652130127,-0.4868663847446441,3.468444992904551e-05,2.9236490726470947,0.1271151751279831,0.6216501593589783,38.32392883300781,1.6662577390670776,0.787040114402771,22.579090118408203,0.9816995859146118,0.5810083150863647,18.08011054992676,0.7860917448997498,0.000112508139864,0.7725949883460999,0.0335910879075527,0.7711057662963867,21.13504219055176,0.9189148545265198,0.0020461343228816,4.813393592834473,0.2092779874801635,0.4341137409210205,16.241758346557617,0.7061634063720703,0.0839918628334999,7.510076522827148,0.3265250623226166,0.0,0.0,4.0,4.0,0.2670172112053638,0
/home/daplab/30006664/kv_allindia_dec2023/audios/hy_3-c-9_kv_kv-rdso-lucknow_04122023-000000-1_HI-KV-002_1.wav,का,का,c,42.93,43.14,k AA,k AA,0.0,* k AA *,k AA,2146.0,2157.0,11.0,-0.3998876214027405,-0.4364587366580963,-0.0396780669689178,-0.830795407295227,-3.5595545768737797,-0.3235958814620971,3.865994585794397e-05,0.8266646265983582,0.0751513317227363,0.6190356612205505,14.159341812133787,1.28721284866333,0.851158082485199,10.836892127990724,0.9851720333099364,0.7738314270973206,9.22946834564209,0.839042603969574,0.0073868567124009,0.5901854038238525,0.0536532178521156,0.9024904370307922,10.42572784423828,0.947793424129486,0.0715237557888031,3.246931314468384,0.2951755821704864,0.6431341171264648,8.50271987915039,0.7729745507240295,0.2201512455940246,4.474405288696289,0.4067641198635101,0.0,0.0,2.0,2.0,0.2670172112053638,0
/home/daplab/30006664/kv_allindia_dec2023/audios/hy_3-c-9_kv_kv-rdso-lucknow_04122023-000000-1_HI-KV-002_1.wav,टुकड़ा,टुकड़ा,c,43.14,43.74,T uu k aa D AA,T uu k aa D AA,0.0,T uu k aa D AA *,T uu k aa D AA,2157.0,2187.0,30.0,-0.6861834526062012,-1.6657696962356567,-0.0555256567895412,-0.9302135109901428,-10.177536010742188,-0.3392511904239654,1.2700863408099394e-05,2.922382116317749,0.0974127352237701,0.4977304637432098,37.87859725952149,1.2626198530197144,0.7533752918243408,29.382701873779297,0.9794234037399292,0.7093120813369751,25.18215751647949,0.8394052386283875,0.0018213484436273,2.1066665649414062,0.070222221314907,0.8808253407478333,28.381105422973636,0.9460368752479552,0.0398040525615215,9.645761489868164,0.3215253949165344,0.5981205701828003,23.235544204711918,0.7745181322097778,0.1803441047668457,12.711921691894531,0.423730731010437,0.0,0.0,6.0,6.0,0.2670172112053638,0
/home/daplab/30006664/kv_allindia_dec2023/audios/hy_3-c-9_kv_kv-rdso-lucknow_04122023-000000-1_HI-KV-002_1.wav,डालती,डालती,c,44.04,44.64,D AA l aa t II,D AA l aa t II,0.0,D AA l aa t II *,D AA l aa t II,2202.0,2232.0,30.0,-0.1787317246198654,-0.3523686826229095,-0.0117456223815679,-1.000536561012268,-9.169049263000488,-0.3056349754333496,1.6718793631298468e-05,1.358888864517212,0.0452962964773178,0.511271059513092,36.45589065551758,1.2151963710784912,0.9316325783729552,29.86402130126953,0.9954673647880554,0.6875516176223755,25.336633682250977,0.8445544838905334,0.0011358208721503,2.4463915824890137,0.0815463885664939,0.8495191335678101,28.44031143188477,0.9480103850364684,0.0170663222670555,10.478949546813965,0.3492983281612396,0.5423859357833862,23.52120590209961,0.7840402126312256,0.1401776373386383,13.33555793762207,0.4445185959339142,0.0,0.0,6.0,6.0,0.2670172112053638,0
/home/daplab/30006664/kv_allindia_dec2023/audios/hy_3-c-9_kv_kv-rdso-lucknow_04122023-000000-1_HI-KV-002_1.wav,थी,थी,c,44.64,45.03,th II,th II,0.0,th II,th II,2232.0,2252.0,20.0,-0.1277945637702942,-0.1542553901672363,-0.0077127693220973,-0.7663227319717407,-5.281487464904785,-0.2640743851661682,1.2036619409627748e-05,0.5527257919311523,0.0276362895965576,0.4789818227291107,22.934982299804688,1.1467491388320925,0.950806438922882,19.94046401977539,0.9970232248306274,0.7059717178344727,17.036779403686523,0.8518389463424683,0.0016939911292865,1.6226530075073242,0.0811326503753662,0.8868842720985413,19.06846046447754,0.953423023223877,0.0468930304050445,7.377953052520752,0.3688976466655731,0.6100979447364807,15.957212448120115,0.7978606224060059,0.1902333199977874,9.226810455322266,0.4613405168056488,0.0,0.0,2.0,2.0,0.2670172112053638,0
/home/daplab/30006664/kv_allindia_dec2023/audios/ds_3-c-7_kv_kv-beml-nagar-kolar_04122023-000000-1_HI-SW-PB-301_2.wav,एक,एक,c,0.99,1.38,ee k,ee k,0.0,ee k *,ee k,49.0,69.0,20.0,-0.451359748840332,-0.4770467877388,-0.0238523390144109,-0.8796541690826416,-4.9018988609313965,-0.2450949400663375,3.8492613384732977e-05,0.8167149424552917,0.0408357456326484,0.5954992175102234,21.35179328918457,1.0675896406173706,0.83305823802948,19.82302665710449,0.9911513328552246,0.7745487689971924,17.290620803833008,0.8645310401916504,0.0075027425773441,1.6601502895355225,0.0830075144767761,0.8968201279640198,19.16753196716309,0.9583765864372252,0.0613529123365879,7.680240154266357,0.3840120136737823,0.6307412981987,16.20323944091797,0.8101619482040405,0.2084533870220184,9.501028060913086,0.4750514030456543,0.0,0.0,2.0,2.0,0.2670172112053638,0
/home/daplab/30006664/kv_allindia_dec2023/audios/ds_3-c-7_kv_kv-beml-nagar-kolar_04122023-000000-1_HI-SW-PB-301_2.wav,दिन,दिन,c,1.38,1.92,d ii n,d ii n,0.0,* d ii n *,d ii n,69.0,96.0,27.0,-0.479735404253006,-1.2221124172210691,-0.0452634245157241,-1.0658910274505615,-8.822331428527832,-0.32675302028656,2.030405448749661e-05,2.4631831645965576,0.0912290066480636,0.5182735919952393,32.71114730834961,1.2115240097045898,0.8231791257858276,26.54225730895996,0.9830465912818908,0.7026236653327942,22.884469985961918,0.8475729823112488,0.001575278583914,2.0722365379333496,0.0767495036125183,0.8527344465255737,25.60478973388672,0.9483255743980408,0.0186171662062406,9.087722778320312,0.3365823328495025,0.5476917028427124,21.11248207092285,0.7819437980651855,0.1436204314231872,11.768993377685549,0.4358886480331421,0.0,0.0,3.0,3.0,0.2670172112053638,0
/home/daplab/30006664/kv_allindia_dec2023/audios/ds_3-c-7_kv_kv-beml-nagar-kolar_04122023-000000-1_HI-SW-PB-301_2.wav,दीदी,दीदी,c,1.92,2.67,d II d II,d II d II,0.0,d II d II *,d II d II,96.0,134.0,38.0,-0.1397059708833694,-0.2631732523441314,-0.006925611756742,-0.7132010459899902,-8.190311431884766,-0.215534508228302,1.712690391286742e-05,0.8281406760215759,0.0217931754887104,0.5234435796737671,38.80548858642578,1.0211970806121826,0.9463008642196656,37.89860534667969,0.9973317384719848,0.7424601316452026,32.953060150146484,0.8671857714653015,0.0037393695674836,3.382612943649292,0.0890161320567131,0.901877462863922,36.5088119506836,0.9607582092285156,0.0703476145863533,15.470248222351074,0.407111793756485,0.6417715549468994,31.123998641967773,0.8190525770187378,0.218836024403572,18.72339630126953,0.4927209615707397,0.0,0.0,4.0,4.0,0.2670172112053638,0
/home/daplab/30006664/kv_allindia_dec2023/audios/ds_3-c-7_kv_kv-beml-nagar-kolar_04122023-000000-1_HI-SW-PB-301_2.wav,मीमी,मीमी,c,2.67,3.36,m II m II,m II m II,0.0,* m II m II *,m II m II,133.0,168.0,35.0,-0.6301994323730469,-1.1716604232788086,-0.0334760136902332,-0.9874151349067688,-10.157428741455078,-0.2902122437953949,4.198199530947022e-05,2.2414772510528564,0.0640422105789184,0.5763140320777893,41.26851272583008,1.1791003942489624,0.771949827671051,34.564666748046875,0.9875618815422058,0.7422274947166443,29.75525665283203,0.8501501679420471,0.0037205417174845,2.477169275283813,0.0707762613892555,0.8859403133392334,33.32148742675781,0.952042520046234,0.0457107163965702,12.04486083984375,0.344138890504837,0.6082026958465576,27.66632652282715,0.7904664874076843,0.1886361688375473,15.502714157104492,0.4429346919059753,0.0,0.0,4.0,4.0,0.2670172112053638,0
/home/daplab/30006664/kv_allindia_dec2023/audios/ds_3-c-7_kv_kv-beml-nagar-kolar_04122023-000000-1_HI-SW-PB-301_2.wav,के,के,c,3.36,3.66,k ee,k ee,0.0,k ee *,k ee,168.0,183.0,15.0,-0.118945837020874,-0.1262238323688507,-0.0084149222820997,-0.6479993462562561,-3.7718074321746826,-0.2514538168907165,2.160971416742541e-05,0.4143153727054596,0.0276210252195596,0.4885892868041992,16.613224029541016,1.1075482368469238,0.9541623592376708,14.95131492614746,0.9967543482780457,0.7035410404205322,12.876675605773926,0.8584450483322144,0.0016069542616605,1.335066795349121,0.0890044495463371,0.8916226029396057,14.340360641479492,0.9560240507125854,0.0533057935535907,5.71535587310791,0.3810237348079681,0.6197801828384399,12.073890686035156,0.8049260377883911,0.1985882222652435,7.080435276031494,0.4720290303230285,0.0,0.0,2.0,2.0,0.2670172112053638,0
/home/daplab/30006664/kv_allindia_dec2023/audios/ds_3-c-7_kv_kv-beml-nagar-kolar_04122023-000000-1_HI-SW-PB-301_2.wav,स्कूल,स्कूल,c,3.66,4.35,s k UU l,s k UU l,0.0,* s k UU l *,s k UU l,183.0,218.0,35.0,-0.500495195388794,-1.1176471710205078,-0.0319327749311924,-0.8236810564994812,-10.334787368774414,-0.2952796518802643,1.9927618268411607e-05,2.22333025932312,0.0635237246751785,0.6024884581565857,42.41416931152344,1.211833357810974,0.8159957528114319,34.58109664916992,0.9880313277244568,0.7081475257873535,29.53909111022949,0.8439740538597107,0.001775893731974,2.391958236694336,0.0683416649699211,0.8742679953575134,33.255882263183594,0.9501680731773376,0.03333430737257,11.844552993774414,0.3384158015251159,0.5856341123580933,27.502456665039062,0.7857844829559326,0.1705360114574432,15.32651424407959,0.4379003942012787,0.0,0.0,4.0,4.0,0.2670172112053638,0
/home/daplab/30006664/kv_allindia_dec2023/audios/ds_3-c-7_kv_kv-beml-nagar-kolar_04122023-000000-1_HI-SW-PB-301_2.wav,आईं,आईं,c,4.35,5.04,AA II q,AA II q,0.0,* AA II q *,AA II q,217.0,252.0,35.0,-0.4553668797016144,-1.7670243978500366,-0.0504864118993282,-0.8955549001693726,-13.318279266357422,-0.3805222511291504,1.68425431184005e-05,3.8765037059783936,0.1107572466135025,0.4967299699783325,47.89348602294922,1.3683853149414062,0.8316587805747986,34.33558654785156,0.9810167551040648,0.6886215209960938,29.026885986328125,0.8293396234512329,0.0011625016340985,1.7446913719177246,0.0498483255505561,0.8624215126037598,32.923789978027344,0.9406797289848328,0.0241945590823888,9.52989387512207,0.2722826898097992,0.5642180442810059,26.434349060058597,0.7552671432495117,0.1548339426517486,13.476133346557615,0.3850323855876922,0.0,0.0,3.0,3.0,0.2670172112053638,0
/home/daplab/30006664/kv_allindia_dec2023/audios/ds_3-c-7_kv_kv-beml-nagar-kolar_04122023-000000-1_HI-SW-PB-301_2.wav,दीदी,दीदी,c,5.25,5.97,d II d II,d II d II,0.0,d II d II *,d II d II,262.0,299.0,37.0,-0.4866563081741333,-0.5577906966209412,-0.0150754246860742,-0.82712721824646,-8.744083404541016,-0.2363265752792358,2.078700708807446e-05,1.041603922843933,0.0281514581292867,0.5641289949417114,39.66524887084961,1.0720337629318235,0.8207802772521973,36.79303359985352,0.9944063425064088,0.7335368990898132,31.881101608276367,0.8616514205932617,0.0030810681637376,3.1101911067962646,0.0840592160820961,0.9048734903335572,35.45319747924805,0.9581945538520812,0.0762864053249359,14.395190238952637,0.3890591859817505,0.6484859585762024,29.994409561157227,0.8106597065925598,0.2253886759281158,17.70431137084961,0.4784949123859405,0.0,0.0,4.0,4.0,0.2670172112053638,0
/home/daplab/30006664/kv_allindia_dec2023/audios/ds_3-c-7_kv_kv-beml-nagar-kolar_04122023-000000-1_HI-SW-PB-301_2.wav,टीचर,टीचर,c,5.97,6.75,T II c aa r,T II c aa r,0.0,T II c aa r *,T II c aa r,298.0,338.0,40.0,-0.1836721152067184,-0.2766142785549164,-0.0069153569638729,-0.7568760514259338,-9.685332298278809,-0.2421333044767379,1.8946842828881927e-05,0.9695041179656982,0.0242376029491424,0.5302022695541382,43.04412078857422,1.0761029720306396,0.9297857284545898,39.89352416992188,0.9973381161689758,0.7094321846961975,34.454620361328125,0.8613654971122742,0.001826100051403,3.613371372222901,0.0903342813253402,0.8897000551223755,38.29230117797852,0.957307517528534,0.0506043545901775,15.66957664489746,0.3917394280433655,0.6158170104026794,32.374610900878906,0.8093652725219727,0.1951284110546112,19.20773696899414,0.4801934361457824,0.0,0.0,5.0,5.0,0.2670172112053638,0
/home/daplab/30006664/kv_allindia_dec2023/audios/ds_3-c-7_kv_kv-beml-nagar-kolar_04122023-000000-1_HI-SW-PB-301_2.wav,नही,नही,c,6.75,7.32,n aa hh II,n aa hh II q,1.0,n aa hh II q *,n aa hh II q,337.0,366.0,29.0,-0.4968093037605285,-1.1619341373443604,-0.0400666929781436,-0.9094418883323668,-9.818819046020508,-0.3385799527168274,2.9996825105627067e-05,2.24265193939209,0.0773328244686126,0.5074399709701538,37.822566986083984,1.3042263984680176,0.8172684907913208,28.567419052124023,0.9850834012031556,0.7303110361099243,24.235706329345703,0.8357139825820923,0.0028727559838443,1.9119893312454224,0.0659306645393371,0.8911722302436829,27.41715240478516,0.9454190731048584,0.0526602864265441,8.793161392211914,0.3032124638557434,0.6188474893569946,22.320165634155277,0.7696608901023865,0.1977689117193222,11.925682067871094,0.4112304151058197,1.4172657424106416,1.0,4.0,5.0,0.1414624728823706,0
/home/daplab/30006664/kv_allindia_dec2023/audios/ds_3-c-7_kv_kv-beml-nagar-kolar_04122023-000000-1_HI-SW-PB-301_2.wav,थी,ती,s,7.35,7.8,th II,th II,0.0,th II *,th II,367.0,390.0,23.0,-0.447355180978775,-1.258267164230347,-0.0547072663903236,-0.8698053956031799,-9.601385116577148,-0.4174515306949615,1.263731701328652e-05,2.6031136512756348,0.1131788566708564,0.5023192167282104,34.06294631958008,1.4809976816177368,0.83445805311203,22.5280818939209,0.9794818162918092,0.627661943435669,18.687992095947266,0.8125213980674744,0.0003096532600466,1.113459825515747,0.0484112985432148,0.8464928269386292,21.475738525390625,0.9337277412414552,0.015724841505289,5.741666316986084,0.2496376633644104,0.5374693870544434,16.968626022338867,0.7377663254737854,0.1370532363653183,8.401269912719727,0.3652726113796234,0.0,0.0,2.0,2.0,0.2670172112053638,0
/home/daplab/30006664/kv_allindia_dec2023/audios/ds_3-c-7_kv_kv-beml-nagar-kolar_04122023-000000-1_HI-SW-PB-301_2.wav,और,और,c,8.1,8.64,OO r,OO r,0.0,OO r *,OO r,405.0,432.0,27.0,-0.7184712290763855,-0.7344644665718079,-0.0272023882716894,-1.2617195844650269,-6.785974025726318,-0.2513323724269867,4.33240675192792e-05,1.1694800853729248,0.0433140769600868,0.5359779596328735,30.21318817138672,1.1190069913864136,0.742780327796936,26.736528396606445,0.990241765975952,0.6945267915725708,23.052120208740234,0.8537822365760803,0.0013214411446824,1.8463048934936523,0.0683816596865654,0.8412442207336426,25.793895721435547,0.9553294777870178,0.0136434845626354,9.94245719909668,0.368239164352417,0.5291140675544739,21.658071517944336,0.8021507859230042,0.1318850815296173,12.44555950164795,0.460946649312973,0.0,0.0,2.0,2.0,0.2670172112053638,0
/home/daplab/30006664/kv_allindia_dec2023/audios/ds_3-c-7_kv_kv-beml-nagar-kolar_04122023-000000-1_HI-SW-PB-301_2.wav,वे,वे,c,8.64,9.15,w ee,w ee,0.0,* w ee *,w ee,432.0,458.0,26.0,-0.2232190817594528,-0.3565960228443146,-0.0137152317911386,-0.6874189376831055,-7.751377105712891,-0.2981298863887787,2.100401252391748e-05,1.0849688053131104,0.0417295694351196,0.5529246926307678,32.90455627441406,1.2655599117279053,0.9150850176811218,25.863283157348636,0.994741678237915,0.7494720220565796,21.925411224365234,0.8432850241661072,0.0043539395555853,1.4400408267974854,0.0553861856460571,0.905099093914032,24.69944953918457,0.9499788284301758,0.0767533332109451,7.929902076721191,0.3049962222576141,0.6489970684051514,20.25780296325684,0.7791462540626526,0.2258949428796768,10.78786277770996,0.4149177968502044,0.0,0.0,2.0,2.0,0.2670172112053638,0
/home/daplab/30006664/kv_allindia_dec2023/audios/ds_3-c-7_kv_kv-beml-nagar-kolar_04122023-000000-1_HI-SW-PB-301_2.wav,पढ़ती,पढ़ती,c,9.15,10.02,p aa Dh aa t II,p aa Dh aa t II,0.0,p aa Dh aa t II *,p aa Dh aa t II,457.0,501.0,44.0,-0.3387965559959411,-1.0852211713790894,-0.0246641170233488,-1.411075472831726,-16.590700149536133,-0.3770613670349121,1.673435872362461e-05,3.083411693572998,0.0700775384902954,0.5082424879074097,61.69632339477539,1.4021891355514526,0.8729451298713684,43.5879020690918,0.9906341433525084,0.5489118099212646,36.01298141479492,0.8184768557548523,5.6064422096824273e-05,2.6953489780426025,0.0612579323351383,0.757114052772522,41.1502685546875,0.9352333545684814,0.0014013861073181,13.013712882995604,0.2957662045955658,0.4180672168731689,33.103126525878906,0.7523437738418579,0.0775801688432693,17.51342010498047,0.3980322778224945,0.0,0.0,6.0,6.0,0.2670172112053638,0
/home/daplab/30006664/kv_allindia_dec2023/audios/ds_3-c-7_kv_kv-beml-nagar-kolar_04122023-000000-1_HI-SW-PB-301_2.wav,भी,भी,c,10.05,10.47,bh II,bh II,0.0,bh II *,bh II,502.0,524.0,22.0,-0.3085043430328369,-0.3572470545768738,-0.0162385031580925,-0.7389369010925293,-6.426235675811768,-0.2921016216278076,1.7854707039077766e-05,0.8502907156944275,0.0386495776474475,0.5300034880638123,27.95184326171875,1.270538330078125,0.8838722109794617,21.86485481262207,0.9938570261001588,0.6741921901702881,18.444129943847656,0.8383695483207703,0.000849969103001,1.2330734729766846,0.0560487955808639,0.8722581267356873,20.883441925048828,0.9492473602294922,0.0315703451633453,6.861047744750977,0.3118658065795898,0.581900417804718,17.14362144470215,0.7792555093765259,0.1676989048719406,9.217342376708984,0.4189701080322265,0.0,0.0,2.0,2.0,0.2670172112053638,0
/home/daplab/30006664/kv_allindia_dec2023/audios/ds_3-c-7_kv_kv-beml-nagar-kolar_04122023-000000-1_HI-SW-PB-301_2.wav,नही,नही,c,10.47,11.07,n aa hh II,n aa hh II q,1.0,n aa hh II q *,n aa hh II q,523.0,554.0,31.0,-0.3211597204208374,-1.3393291234970093,-0.043204165995121,-1.1668304204940796,-11.326013565063477,-0.3653552830219269,3.6451434425544e-05,3.487640857696533,0.1125045418739318,0.5098457336425781,40.86223220825195,1.3181365728378296,0.8792970776557922,30.49074363708496,0.9835723638534546,0.6476350426673889,25.84164047241211,0.8336012959480286,0.0004776540154125,2.000138998031616,0.0645206123590469,0.823600172996521,29.20957374572754,0.942244291305542,0.0084652984514832,9.20367431640625,0.2968927323818207,0.5024956464767456,23.655391693115234,0.7630771398544312,0.1165466830134391,12.535171508789062,0.4043603837490082,1.4172657424106416,1.0,4.0,5.0,0.1414624728823706,0
/home/daplab/30006664/kv_allindia_dec2023/audios/ds_3-c-7_kv_kv-beml-nagar-kolar_04122023-000000-1_HI-SW-PB-301_2.wav,थी,ती,s,11.1,11.58,th II,th II q,1.0,th II q *,th II q,555.0,579.0,24.0,-0.5664422512054443,-1.788707971572876,-0.0745294988155365,-0.961557686328888,-10.017117500305176,-0.4173798859119415,1.1488227755762637e-05,3.3680522441864014,0.1403355151414871,0.4941138327121734,33.565547943115234,1.3985644578933716,0.7934225797653198,23.3351993560791,0.9722999930381776,0.6079913377761841,19.689870834350582,0.8204112648963928,0.0002020637184614,1.507878065109253,0.0628282502293586,0.833329975605011,22.439525604248047,0.9349802136421204,0.0110140815377235,6.835211753845215,0.2848004996776581,0.516905665397644,17.937292098999023,0.747387170791626,0.1246432960033416,9.366857528686523,0.3902857303619385,1.4172657424106416,1.0,2.0,3.0,0.1414624728823706,0
/home/daplab/30006664/kv_allindia_dec2023/audios/ds_3-c-7_kv_kv-beml-nagar-kolar_04122023-000000-1_HI-SW-PB-301_2.wav,वे,वे,c,11.82,12.18,w ee,w ee,0.0,w ee *,w ee,591.0,609.0,18.0,-0.0100122764706611,-0.0263938959687948,-0.001466327579692,-0.5769315361976624,-4.645272254943848,-0.2580706775188446,4.056101533933543e-05,0.1708589792251587,0.0094921654090285,0.5892002582550049,21.736129760742188,1.207562804222107,0.9960889220237732,17.98968505859375,0.9994269609451294,0.7176052331924438,15.259608268737791,0.847756028175354,0.0021804778371006,1.0195814371109009,0.0566434115171432,0.8989157676696777,17.168701171875,0.9538167119026184,0.0649313777685165,5.924176692962647,0.329120934009552,0.635266900062561,14.243407249450684,0.7913004159927368,0.2126568257808685,7.803731918334961,0.4335406720638275,0.0,0.0,2.0,2.0,0.2670172112053638,0
/home/daplab/30006664/kv_allindia_dec2023/audios/ds_3-c-7_kv_kv-beml-nagar-kolar_04122023-000000-1_HI-SW-PB-301_2.wav,बच्चों,बच्चों,c,12.18,12.99,b aa c c oo q,b aa c oo q,1.0,b aa c c oo q *,b aa c c oo q,609.0,650.0,41.0,-0.3458985686302185,-0.9867485761642456,-0.0240670386701822,-0.9381104111671448,-14.374980926513672,-0.3506093025207519,1.4701293366670145e-05,2.9438934326171875,0.0718022808432579,0.5005577802658081,55.115943908691406,1.34429132938385,0.8703951239585876,40.6227912902832,0.9907997846603394,0.7241979241371155,34.14616394042969,0.8328332901000977,0.0025158540811389,2.208052396774292,0.0538549348711967,0.876065194606781,38.67517852783203,0.9432970285415648,0.0349949188530445,11.606882095336914,0.2830946743488312,0.589009165763855,31.248430252075195,0.7621568441390991,0.1731380522251129,16.19719696044922,0.3950535953044891,0.0,0.0,6.0,6.0,0.2670172112053638,0
/home/daplab/30006664/kv_allindia_dec2023/audios/ds_3-c-7_kv_kv-beml-nagar-kolar_04122023-000000-1_HI-SW-PB-301_2.wav,से,से,c,13.05,13.44,s ee,s ee,0.0,s ee *,s ee,652.0,672.0,20.0,-0.0714739188551902,-0.0904440134763717,-0.0045222006738185,-0.5658183097839355,-5.2155046463012695,-0.2607752382755279,2.897581725846976e-05,0.3834139704704284,0.0191706977784633,0.5742905139923096,23.754295349121094,1.1877148151397705,0.9722930788993835,19.96487808227539,0.9982439279556274,0.7451916933059692,16.99334144592285,0.8496670722961426,0.0039677373133599,1.2802009582519531,0.0640100464224815,0.910006046295166,19.07784080505371,0.9538920521736144,0.0876484364271164,6.809515953063965,0.3404757976531982,0.6603187918663025,15.867891311645508,0.7933945655822754,0.2373823076486587,8.829543113708496,0.4414771497249603,0.0,0.0,2.0,2.0,0.2670172112053638,0
/home/daplab/30006664/kv_allindia_dec2023/audios/ds_3-c-7_kv_kv-beml-nagar-kolar_04122023-000000-1_HI-SW-PB-301_2.wav,तो,तो,c,13.44,13.98,t oo,t oo,0.0,t oo *,t oo,672.0,699.0,27.0,-0.0449606105685234,-0.0614730268716812,-0.0022767786867916,-0.6270028352737427,-5.917562961578369,-0.2191690057516098,1.3585328815679532e-05,0.3067337274551391,0.0113605083897709,0.4931948184967041,28.547664642333984,1.0573209524154663,0.9825133085250854,26.976058959960938,0.9991133213043212,0.7657647132873535,23.34529685974121,0.8646406531333923,0.0062006046064198,2.193406343460083,0.0812372714281082,0.9088701009750366,25.923362731933597,0.9601245522499084,0.084996186196804,10.463398933410645,0.3875333070755005,0.6576628088951111,21.985225677490234,0.814267635345459,0.2346396893262863,12.930512428283691,0.4789078533649444,0.0,0.0,2.0,2.0,0.2670172112053638,0
/home/daplab/30006664/kv_allindia_dec2023/audios/ds_3-c-7_kv_kv-beml-nagar-kolar_04122023-000000-1_HI-SW-PB-301_2.wav,बड़ी,बड़ी,c,13.98,14.61,b aa D II,b aa D II,0.0,b aa D II *,b aa D II,699.0,731.0,32.0,-0.0617575347423553,-0.1665645539760589,-0.0052051423117518,-0.7339560985565186,-7.835193634033203,-0.2448498010635376,1.4462273611570708e-05,0.7806760668754578,0.024396127089858,0.5082622170448303,34.58910369873047,1.0809094905853271,0.9760306477546692,31.93514060974121,0.9979731440544128,0.7004722356796265,27.53291130065918,0.8604034781455994,0.0015034223906695,2.915258884429932,0.0911018401384353,0.8790897727012634,30.619518280029297,0.9568599462509156,0.0379785113036632,12.470279693603516,0.3896962404251098,0.5947691202163696,25.86012077331543,0.8081287741661072,0.1776622682809829,15.319878578186035,0.4787462055683136,0.0,0.0,4.0,4.0,0.2670172112053638,0
/home/daplab/30006664/kv_allindia_dec2023/audios/ds_3-c-7_kv_kv-beml-nagar-kolar_04122023-000000-1_HI-SW-PB-301_2.wav,थी,ती,s,14.64,15.06,th II,th II,0.0,th II *,th II,732.0,753.0,21.0,-0.5840388536453247,-1.153847098350525,-0.0549451000988483,-0.9194276928901672,-7.8850297927856445,-0.3754776120185852,1.2338960004854016e-05,2.236809253692627,0.1065147295594215,0.5167368650436401,28.345008850097656,1.3497623205184937,0.7874619960784912,20.569868087768555,0.9795175194740297,0.6168961524963379,17.35858917236328,0.8265994787216187,0.0002451385662425,1.3169950246810913,0.062714047729969,0.8359042406082153,19.73580741882324,0.9398003816604614,0.0118083972483873,6.261170387268066,0.2981509566307068,0.5208268761634827,15.934846878051758,0.7588022351264954,0.1269301027059555,8.460028648376465,0.4028584957122803,0.0,0.0,2.0,2.0,0.2670172112053638,0
/home/daplab/30006664/kv_allindia_dec2023/audios/ds_3-c-7_kv_kv-beml-nagar-kolar_04122023-000000-1_HI-SW-PB-301_2.wav,लेकिन,लेकिन,c,15.3,16.11,l ee k ii n,l ee k ii n,0.0,l ee k ii n *,l ee k ii n,765.0,806.0,41.0,-0.6249261498451233,-1.0588455200195312,-0.0258255004882812,-0.9637978672981262,-10.115686416625977,-0.2467240542173385,1.7423857570975088e-05,2.0970053672790527,0.0511464737355709,0.5143795013427734,42.7186279296875,1.0419178009033203,0.7737129330635071,40.60647964477539,0.9904019236564636,0.7425591945648193,35.46382522583008,0.8649713397026062,0.0037474217824637,3.9766921997070312,0.0969924926757812,0.8803064823150635,39.27668762207031,0.95796799659729,0.0392493046820163,16.56458282470703,0.4040142297744751,0.5971150398254395,33.32897186279297,0.8129017353057861,0.1795356571674347,20.0639591217041,0.4893648624420166,0.0,0.0,5.0,5.0,0.2670172112053638,0
/home/daplab/30006664/kv_allindia_dec2023/audios/ds_3-c-7_kv_kv-beml-nagar-kolar_04122023-000000-1_HI-SW-PB-301_2.wav,टीचर,टीचर,c,16.11,16.86,T II c aa r,T II c aa r,0.0,T II c aa r *,T II c aa r,805.0,843.0,38.0,-0.2809157967567444,-0.4835714101791382,-0.0127255637198686,-0.8813464045524597,-9.795873641967772,-0.2577861547470093,1.51164858834818e-05,1.2969990968704224,0.0341315567493438,0.5150374174118042,42.55734634399414,1.1199301481246948,0.8938963413238525,37.81572341918945,0.995150625705719,0.7117483615875244,32.529991149902344,0.8560523986816406,0.0019202310359105,3.274178266525269,0.0861625894904136,0.8694321513175964,36.29133987426758,0.9550352692604064,0.0292468778789043,14.317200660705566,0.3767684400081634,0.5767217874526978,30.48663711547852,0.8022799491882324,0.1638346314430236,17.796537399291992,0.4683299362659454,0.0,0.0,5.0,5.0,0.2670172112053638,0
/home/daplab/30006664/kv_allindia_dec2023/audios/ds_3-c-7_kv_kv-beml-nagar-kolar_04122023-000000-1_HI-SW-PB-301_2.wav,से,से,c,16.86,17.25,s ee,s ee,0.0,s ee *,s ee,843.0,863.0,20.0,-0.2800206542015075,-0.4535435140132904,-0.0226771757006645,-0.7626832723617554,-5.246356964111328,-0.2623178362846374,1.5660205463063903e-05,1.1249088048934937,0.0562454387545585,0.508358359336853,22.011531829833984,1.100576639175415,0.8942228555679321,19.827356338500977,0.9913678169250488,0.7428687810897827,17.17786979675293,0.8588935136795044,0.0037726841401308,1.6772207021713257,0.0838610380887985,0.8909544944763184,19.113914489746094,0.9556957483291626,0.0523510612547397,7.51390266418457,0.375695139169693,0.6183975338935852,16.066017150878906,0.8033008575439453,0.1973748207092285,9.359081268310549,0.4679540693759918,0.0,0.0,2.0,2.0,0.2670172112053638,0
/home/daplab/30006664/kv_allindia_dec2023/audios/ds_3-c-7_kv_kv-beml-nagar-kolar_04122023-000000-1_HI-SW-PB-301_2.wav,छोटी,छोटी,c,17.25,18.0,ch oo T II,ch oo T II,0.0,ch oo T II *,ch oo T II,862.0,900.0,38.0,-0.6834051012992859,-1.4141722917556765,-0.0372150614857673,-0.9892540574073792,-9.955489158630373,-0.2619865536689758,1.860306474554818e-05,2.4470484256744385,0.0643960088491439,0.5205861330032349,40.97612380981445,1.078319072723389,0.7542909979820251,37.47625732421875,0.9862173199653624,0.7380301356315613,32.6908073425293,0.8602843880653381,0.0033966270275413,3.275202989578247,0.0861895531415939,0.8851402997970581,36.33690643310547,0.9562343955039978,0.0447321608662605,14.650497436523438,0.3855394124984741,0.6066052317619324,30.63648796081543,0.8062233924865723,0.1872994601726532,18.04654693603516,0.4749091267585754,0.0,0.0,4.0,4.0,0.2670172112053638,0
/home/daplab/30006664/kv_allindia_dec2023/audios/ds_3-c-7_kv_kv-beml-nagar-kolar_04122023-000000-1_HI-SW-PB-301_2.wav,ही,ही,c,18.0,18.3,hh II,hh II,0.0,hh II *,hh II,900.0,915.0,15.0,-0.1223350241780281,-0.2411863654851913,-0.0160790905356407,-0.8967504501342773,-5.5710039138793945,-0.3714002668857574,9.838358528213575e-05,0.9536324739456176,0.0635754987597465,0.6562528014183044,21.62045669555664,1.44136381149292,0.952876091003418,14.906558990478516,0.9937705993652344,0.6958620548248291,12.297358512878418,0.8198239207267761,0.001360293244943,0.616104006767273,0.0410736016929149,0.8631461262702942,14.08013916015625,0.9386759400367736,0.0246734954416751,3.77215838432312,0.2514772117137909,0.5654884576797485,11.215617179870604,0.7477077841758728,0.155727669596672,5.539036750793457,0.3692691028118133,0.0,0.0,2.0,2.0,0.2670172112053638,0
/home/daplab/30006664/kv_allindia_dec2023/audios/ds_3-c-7_kv_kv-beml-nagar-kolar_04122023-000000-1_HI-SW-PB-301_2.wav,थी,ती,s,18.3,18.69,th II,th II,0.0,th II *,th II,915.0,935.0,20.0,-0.6438237428665161,-1.9349406957626345,-0.0967470332980156,-0.9029465913772584,-8.771998405456543,-0.4385999143123626,1.181087463919539e-05,3.054887294769287,0.1527443677186966,0.493771493434906,28.983964920043945,1.4491982460021973,0.7674055099487305,19.28819465637207,0.9644097089767456,0.6203740835189819,16.294387817382812,0.8147193789482117,0.0002643567277118,1.1168681383132937,0.0558434054255485,0.8402514457702637,18.660385131835938,0.9330192804336548,0.0132819646969437,5.285158634185791,0.264257937669754,0.5275574326515198,14.788557052612305,0.7394278645515442,0.1309415400028228,7.494896411895752,0.3747448325157165,0.0,0.0,2.0,2.0,0.2670172112053638,0
/home/daplab/30006664/kv_allindia_dec2023/audios/ds_3-c-7_kv_kv-beml-nagar-kolar_04122023-000000-1_HI-SW-PB-301_2.wav,दुबली,दुबली,c,19.11,19.89,d uu b aa l II,d uu b aa l II,0.0,d uu b aa l II *,d uu b aa l II,955.0,995.0,40.0,-0.5671464800834656,-0.9594088196754456,-0.0239852201193571,-0.9442735314369202,-12.814468383789062,-0.3203617036342621,1.8408032701699995e-05,2.1388659477233887,0.0534716472029686,0.5111694931983948,51.674049377441406,1.291851282119751,0.7931835651397705,39.64140701293945,0.9910351634025574,0.7138822674751282,33.49230194091797,0.8373075723648071,0.0020112432539463,2.467803478240967,0.0616950877010822,0.8897409439086914,37.85764694213867,0.9464411735534668,0.050660353153944,12.47492218017578,0.31187304854393,0.6159007549285889,30.93985366821289,0.7734963297843933,0.195200964808464,16.675199508666992,0.4168799817562103,0.0,0.0,6.0,6.0,0.2670172112053638,0
/home/daplab/30006664/kv_allindia_dec2023/audios/ds_3-c-7_kv_kv-beml-nagar-kolar_04122023-000000-1_HI-SW-PB-301_2.wav,पतली,पतली,c,19.89,20.64,p aa t aa l II,p aa T t aa l II,1.0,p aa T t aa l II *,p aa T t aa l II,994.0,1032.0,38.0,-0.7147966027259827,-1.7129731178283691,-0.0450782403349876,-1.5834083557128906,-15.323501586914062,-0.4032500386238098,1.861791315604933e-05,3.7100579738616943,0.0976331010460853,0.5172064304351807,55.98360061645508,1.4732526540756226,0.7439817786216736,37.37164306640625,0.9834643006324768,0.5850028395652771,30.908451080322266,0.8133803009986877,0.0001226961612701,1.749888896942139,0.0460497066378593,0.75672847032547,35.44392013549805,0.9327347278594972,0.0013868465321138,9.88478660583496,0.2601259648799896,0.417635977268219,28.15363883972168,0.7408852577209473,0.0774136036634445,14.129291534423828,0.3718234598636627,5.997639793372533,1.0,6.0,7.0,0.9221900096694535,1
/home/daplab/30006664/kv_allindia_dec2023/audios/ds_3-c-7_kv_kv-beml-nagar-kolar_04122023-000000-1_HI-SW-PB-301_2.wav,सी,सी,c,20.64,21.39,s II,s II,0.0,* s II *,s II,1032.0,1070.0,38.0,-0.2000767141580581,-0.4149190783500671,-0.0109189227223396,-0.9133321046829224,-14.152955055236816,-0.3724461793899536,1.7109392501879483e-05,1.3546876907348633,0.0356496758759021,0.5258420705795288,57.5833854675293,1.5153522491455078,0.9236699938774108,37.84062957763672,0.9958060383796692,0.6826800107955933,30.733642578125,0.8087800741195679,0.0010218727402389,2.051589012145996,0.0539891831576824,0.8582057356834412,35.55192565917969,0.9355769753456116,0.0215869005769491,9.785279273986816,0.2575073540210724,0.5569229125976562,28.206602096557617,0.7422789931297302,0.1497907638549804,14.166396141052246,0.3727999031543731,0.0,0.0,2.0,2.0,0.2670172112053638,0
/home/daplab/30006664/kv_allindia_dec2023/audios/ds_3-c-7_kv_kv-beml-nagar-kolar_04122023-000000-1_HI-SW-PB-301_2.wav,चमकीली,चमकीली,c,21.69,23.07,c aa m aa k II l II,c aa m aa k II l II,0.0,c aa m aa k II l II *,c aa m aa k II l II,1084.0,1154.0,70.0,-0.6577743887901306,-1.26755690574646,-0.0181079562753438,-1.11066472530365,-22.90060043334961,-0.3271514475345611,3.7994719605194405e-05,3.082208633422852,0.0440315529704093,0.6031261086463928,93.28827667236328,1.332689642906189,0.7627684473991394,69.52711486816406,0.993244469165802,0.5824552774429321,58.0751953125,0.8296456336975098,0.0001160971442004,3.840334892272949,0.0548619255423545,0.8024992346763611,66.01209259033203,0.9430298805236816,0.0047835074365139,21.36210250854492,0.3051728904247284,0.4732689261436462,53.72602844238281,0.767514705657959,0.1015161797404289,28.63021850585937,0.4090031087398529,0.0,0.0,8.0,8.0,0.2670172112053638,0
/home/daplab/30006664/kv_allindia_dec2023/audios/ds_3-c-7_kv_kv-beml-nagar-kolar_04122023-000000-1_HI-SW-PB-301_2.wav,आंखें,आंके,s,23.1,23.94,<UNK>,AA q k ee q,4.80057146119358,AA q k ee q *,AA q k ee q,1155.0,1197.0,42.0,-0.3075614869594574,-1.6826454401016235,-0.0400629863142967,-0.9144330024719238,-16.229887008666992,-0.3864258825778961,1.2914790204376914e-05,4.468166351318359,0.1063849106431007,0.4810771346092224,57.69792938232422,1.373760223388672,0.8842136263847351,41.35860824584961,0.984728753566742,0.6343226432800293,34.67504119873047,0.8255962133407593,0.00035780746839,2.462085962295532,0.0586210936307907,0.8477120399475098,39.39485931396485,0.9379728436470032,0.016252102330327,12.097908973693848,0.2880454659461975,0.5394412279129028,31.65363311767578,0.7536579370498657,0.1382987797260284,16.546268463134766,0.3939587771892547,,,1.0,5.0,0.9210397588221279,1
/home/daplab/30006664/kv_allindia_dec2023/audios/ds_3-c-7_kv_kv-beml-nagar-kolar_04122023-000000-1_HI-SW-PB-301_2.wav,चेहरे,छेहरे,s,23.94,24.72,c ee hh aa r ee,c ee hh aa r ee,0.0,c ee hh aa r ee *,c ee hh aa r ee,1197.0,1236.0,39.0,-0.4818576872348785,-2.330181837081909,-0.059748250991106,-1.406435489654541,-18.59467887878418,-0.4767866432666778,2.3874321414041333e-05,5.99117374420166,0.1536198407411575,0.5648627877235413,59.82259368896485,1.5339126586914062,0.8224431276321411,38.12064743041992,0.977452516555786,0.5317978858947754,31.059648513793945,0.7964012622833252,3.86718129448127e-05,1.9089114665985107,0.0489464476704597,0.7500241994857788,35.86090469360352,0.9195103645324708,0.001156820799224,10.30685806274414,0.2642784118652344,0.4102271795272827,28.141117095947266,0.7215670943260193,0.0745968744158744,14.220956802368164,0.3646399080753326,0.0,0.0,6.0,6.0,0.2670172112053638,0
/home/daplab/30006664/kv_allindia_dec2023/audios/ds_3-c-7_kv_kv-beml-nagar-kolar_04122023-000000-1_HI-SW-PB-301_2.wav,पर,पर,c,24.72,25.32,p aa r,p aa r,0.0,p aa r *,p aa r,1236.0,1266.0,30.0,-0.4291866421699524,-1.2456614971160889,-0.0415220484137535,-0.9393041729927064,-7.589486122131348,-0.252982884645462,1.115156373998616e-05,2.2682032585144043,0.0756067782640457,0.4770808815956116,30.089853286743164,1.0029951333999634,0.840826690196991,29.53413200378418,0.984471082687378,0.7239682078361511,26.04387664794922,0.8681291937828064,0.0025033429265022,3.1892306804656982,0.1063076928257942,0.88091641664505,28.744503021240234,0.9581500887870787,0.0399022325873374,12.66958999633789,0.4223196804523468,0.5982974767684937,24.50052261352539,0.8166840672492981,0.1804866194725036,15.069514274597168,0.5023171305656433,0.0,0.0,3.0,3.0,0.2670172112053638,0
/home/daplab/30006664/kv_allindia_dec2023/audios/ds_3-c-7_kv_kv-beml-nagar-kolar_04122023-000000-1_HI-SW-PB-301_2.wav,हल्की,हल्की,c,25.53,26.31,hh aa l k II,hh aa l k II,0.0,hh aa l k II *,hh aa l k II,1276.0,1316.0,40.0,-0.3437184393405914,-0.6313472390174866,-0.0157836806029081,-0.8653489351272583,-10.57508373260498,-0.26437708735466,1.6720161511329934e-05,1.630285143852234,0.0407571271061897,0.5153592228889465,45.3845100402832,1.134612798690796,0.8711774349212646,39.76019287109375,0.9940048456192015,0.7482432126998901,34.20029830932617,0.8550074696540833,0.0042393747717142,3.2509164810180664,0.0812729150056839,0.8886076807975769,38.18171691894531,0.9545429348945618,0.0491308905184268,14.672821998596191,0.3668205440044403,0.61358642578125,31.97455596923828,0.799363911151886,0.1932056099176406,18.44318580627441,0.4610796570777893,0.0,0.0,5.0,5.0,0.2670172112053638,0
/home/daplab/30006664/kv_allindia_dec2023/audios/ds_3-c-7_kv_kv-beml-nagar-kolar_04122023-000000-1_HI-SW-PB-301_2.wav,सी,सी,c,26.31,26.85,s II,s II,0.0,* s II *,s II,1315.0,1343.0,28.0,-0.0360107235610485,-0.0848077833652496,-0.0030288493726402,-0.7044147849082947,-9.3352632522583,-0.3334022462368011,1.6948170014075004e-05,0.4826301038265228,0.0172367896884679,0.5225751996040344,39.216426849365234,1.400586724281311,0.9859784841537476,27.96691131591797,0.9988182783126832,0.6716225147247314,22.959209442138672,0.8199717402458191,0.0008038674131967,1.7791866064071655,0.0635423809289932,0.8743808269500732,26.335657119750977,0.9405592083930968,0.0334361679852008,8.423480033874512,0.3008385598659515,0.585844874382019,21.29146194458008,0.7604093551635742,0.1706974953413009,11.342759132385254,0.4050985276699066,0.0,0.0,2.0,2.0,0.2670172112053638,0
/home/daplab/30006664/kv_allindia_dec2023/audios/ds_3-c-7_kv_kv-beml-nagar-kolar_04122023-000000-1_HI-SW-PB-301_2.wav,मुस्कान,मुस्कान,c,27.75,28.83,m uu s k AA n,m uu s k AA n,0.0,m uu s k AA n *,m uu s k AA n,1387.0,1442.0,55.0,-0.3948774337768554,-1.5737788677215576,-0.0286141615360975,-1.019914984703064,-16.924402236938477,-0.3077163994312286,2.077523822663352e-05,3.972624063491821,0.0722295269370079,0.5291740894317627,65.18782043457031,1.1852331161499023,0.8529325127601624,54.40220642089844,0.9891310334205629,0.6791834831237793,46.57542419433594,0.846825897693634,0.000947205000557,4.502614498138428,0.0818657204508781,0.8530935049057007,52.16353225708008,0.9484278559684752,0.0187988653779029,19.87601661682129,0.3613821268081665,0.5482895970344543,43.30060195922852,0.7872836589813232,0.1440130621194839,24.862707138061523,0.4520492255687713,0.0,0.0,6.0,6.0,0.2670172112053638,0
/home/daplab/30006664/kv_allindia_dec2023/audios/ds_3-c-7_kv_kv-beml-nagar-kolar_04122023-000000-1_HI-SW-PB-301_2.wav,दीदी,दादी,s,28.83,29.64,d II d II,d AA d II,2.0,d AA d II *,d AA d II,1441.0,1482.0,41.0,-0.6553442478179932,-1.0245003700256348,-0.0249878130853176,-1.2330981492996216,-16.216712951660156,-0.3955295979976654,1.6854335626703687e-05,2.221879243850708,0.0541921779513359,0.5401290059089661,62.17208099365234,1.5163922309875488,0.76357501745224,40.62134552001953,0.9907644987106324,0.636994481086731,33.147274017333984,0.8084700703620911,0.0003791669441852,1.7333918809890747,0.0422778502106666,0.8144116997718811,38.24397277832031,0.932779848575592,0.0066022942773997,10.219401359558104,0.2492536902427673,0.4894465208053589,30.23229217529297,0.7373729944229126,0.1096141263842582,14.909316062927246,0.3636418581008911,4.789807981004215,1.0,4.0,4.0,0.94087951443971,1
/home/daplab/30006664/kv_allindia_dec2023/audios/ds_3-c-7_kv_kv-beml-nagar-kolar_04122023-000000-1_HI-SW-PB-301_2.wav,रोज़,रोज़,c,29.64,30.15,r oo j,r oo j,0.0,r oo j *,r oo j,1482.0,1508.0,26.0,-0.4724624454975128,-1.6865739822387695,-0.064868226647377,-1.2182561159133911,-9.799012184143066,-0.3768850862979889,4.592970799421892e-05,3.167555093765259,0.1218290403485298,0.5422958731651306,34.393306732177734,1.322819471359253,0.8257045149803162,25.37141990661621,0.9758238196372986,0.64369797706604,21.5830078125,0.8301156759262085,0.0004385386127978,1.710399508476257,0.0657845959067344,0.8150871396064758,24.436050415039062,0.9398480653762816,0.0067240400239825,8.110807418823242,0.311954140663147,0.49038827419281,19.8143367767334,0.7620898485183716,0.1101021766662597,10.705232620239258,0.411739706993103,0.0,0.0,3.0,3.0,0.2670172112053638,0
/home/daplab/30006664/kv_allindia_dec2023/audios/ds_3-c-7_kv_kv-beml-nagar-kolar_04122023-000000-1_HI-SW-PB-301_2.wav,स्कूल,स्कूल,c,30.36,30.9,s k UU l,k UU l,1.0,k UU l *,k UU l,1518.0,1545.0,27.0,-0.0590923838317394,-0.1233846992254257,-0.0045698038302361,-0.7269679307937622,-6.682119369506836,-0.2474859058856964,2.1670715796062723e-05,0.5760477781295776,0.0213351026177406,0.6123291254043579,30.03304672241211,1.1123350858688354,0.97705739736557,26.95196533203125,0.998220920562744,0.6773557066917419,23.08353805541992,0.8549458384513855,0.0009103696793317,2.1588852405548096,0.0799587145447731,0.8739141225814819,25.799240112304688,0.9555274248123168,0.033016700297594,10.213634490966797,0.378282755613327,0.5849735736846924,21.697185516357425,0.80359947681427,0.1700309365987777,12.66450309753418,0.4690556824207306,3.611656548415824,1.0,4.0,3.0,0.6498185356809806,0
/home/daplab/30006664/kv_allindia_dec2023/audios/ds_3-c-7_kv_kv-beml-nagar-kolar_04122023-000000-1_HI-SW-PB-301_2.wav,आने,आने,c,30.96,31.68,AA n ee,AA n ee,0.0,AA n ee *,AA n ee,1548.0,1584.0,36.0,-0.4719433784484863,-0.7612416744232178,-0.0211456026881933,-0.8021945953369141,-7.725890159606934,-0.2146080583333969,1.057445115293376e-05,1.3949766159057615,0.0387493520975112,0.4911931455135345,34.893585205078125,0.9692662358283995,0.825884997844696,35.71591567993164,0.9921087622642516,0.7423820495605469,31.487030029296875,0.8746397495269775,0.0037330433260649,3.513540506362915,0.0975983440876007,0.8982899188995361,34.66245651245117,0.962846040725708,0.0638413652777671,15.138290405273438,0.4205080568790436,0.633908748626709,29.721160888671875,0.825587809085846,0.2113872170448303,18.135751724243164,0.5037708878517151,0.0,0.0,3.0,3.0,0.2670172112053638,0
/home/daplab/30006664/kv_allindia_dec2023/audios/ds_3-c-7_kv_kv-beml-nagar-kolar_04122023-000000-1_HI-SW-PB-301_2.wav,लगी,लगी,c,31.68,32.34,l aa g II,l aa g II q,1.0,l aa g II q *,l aa g II q,1584.0,1618.0,34.0,-0.6560272574424744,-1.9485762119293213,-0.0573110654950141,-0.9876345992088318,-12.001449584960938,-0.3529838025569916,2.6398136469651945e-05,3.2743985652923584,0.0963058397173881,0.5130271911621094,43.844120025634766,1.2895328998565674,0.7633482813835144,33.28327560424805,0.9789198637008668,0.6822202205657959,28.506969451904297,0.8384402990341187,0.0010117284255102,2.221015691757202,0.065323993563652,0.8499970436096191,32.122798919677734,0.9447882175445556,0.0172883886843919,10.427922248840332,0.3067035973072052,0.5431691408157349,26.16596031188965,0.7695870399475098,0.1406811475753784,14.028348922729492,0.4125984907150268,1.4172657424106416,1.0,4.0,5.0,0.1414624728823706,0
/home/daplab/30006664/kv_allindia_dec2023/audios/ds_3-c-7_kv_kv-beml-nagar-kolar_04122023-000000-1_HI-SW-PB-301_2.wav,और,और,c,32.37,32.88,OO r,OO r,0.0,OO r *,OO r,1618.0,1644.0,26.0,-0.4631101489067077,-0.6210432052612305,-0.0238862764090299,-0.8897584080696106,-7.476729393005371,-0.2875665128231048,1.1827957678178793e-05,1.3227810859680176,0.0508761964738369,0.4771097302436828,31.479352951049805,1.2107443809509275,0.8289586901664734,25.767608642578125,0.9910618662834167,0.7289133071899414,21.960792541503903,0.8446458578109741,0.0027869301848113,1.6922736167907717,0.0650874450802803,0.8923892974853516,24.72037124633789,0.9507834911346436,0.054422877728939,8.725223541259766,0.3355855345726013,0.6213741302490234,20.451757431030277,0.7866060733795166,0.1999955624341964,11.338040351867676,0.4360784888267517,0.0,0.0,2.0,2.0,0.2670172112053638,0
/home/daplab/30006664/kv_allindia_dec2023/audios/ds_3-c-7_kv_kv-beml-nagar-kolar_04122023-000000-1_HI-SW-PB-301_2.wav,बच्चों,बच्चों,c,32.88,33.87,b aa c c oo q,b aa c oo q r,2.0,b aa c c oo q r *,b aa c c oo q r,1644.0,1694.0,50.0,-0.6839037537574768,-2.8595423698425293,-0.0571908466517925,-1.2887269258499146,-17.700510025024414,-0.3540101945400238,1.7696233044262044e-05,4.7640533447265625,0.0952810645103454,0.5090835094451904,64.92607879638672,1.2985215187072754,0.7541265487670898,48.950931549072266,0.9790186285972596,0.5807207226753235,41.73390197753906,0.834678053855896,0.0001118081781896,3.00896430015564,0.0601792857050895,0.7876505851745605,47.15202331542969,0.9430404901504515,0.0032011319417506,15.462642669677734,0.3092528581619262,0.4541638493537903,38.3917236328125,0.767834484577179,0.092615932226181,20.61779022216797,0.4123558104038238,3.418658123515394,1.0,6.0,7.0,0.6498185356809806,0
/home/daplab/30006664/kv_allindia_dec2023/audios/ds_3-c-7_kv_kv-beml-nagar-kolar_04122023-000000-1_HI-SW-PB-301_2.wav,की,की,c,33.99,34.47,k II,k II,0.0,k II *,k II,1699.0,1724.0,25.0,-0.2058539986610412,-0.3767726421356201,-0.0150709059089422,-0.7989731431007385,-7.1952714920043945,-0.2878108620643616,2.047741509159096e-05,1.16808819770813,0.0467235296964645,0.5318315625190735,30.75777053833008,1.2303107976913452,0.9215222597122192,24.855152130126957,0.9942060708999634,0.7423730492591858,21.104406356811523,0.8441762328147888,0.0037323136348277,1.505710482597351,0.0602284185588359,0.8923032283782959,23.765424728393555,0.950617015361786,0.0542963445186615,8.132036209106445,0.3252814412117004,0.6211948990821838,19.60621452331543,0.7842485904693604,0.1998368203639984,10.714969635009766,0.4285987913608551,0.0,0.0,2.0,2.0,0.2670172112053638,0
/home/daplab/30006664/kv_allindia_dec2023/audios/ds_3-c-7_kv_kv-beml-nagar-kolar_04122023-000000-1_HI-SW-PB-301_2.wav,दोस्त,दोस्त,c,34.77,35.37,d oo s t,d oo s t,0.0,d oo s t *,d oo s t,1738.0,1769.0,31.0,-0.4060386121273041,-1.3254700899124146,-0.0427571013569831,-0.938709020614624,-10.194757461547852,-0.3288631439208984,2.1012418073951267e-05,3.0449469089508057,0.0982240960001945,0.5412411093711853,37.452144622802734,1.2081336975097656,0.8489829301834106,30.49837875366211,0.9838186502456664,0.7385729551315308,26.24685287475586,0.8466726541519165,0.0034368766937404,2.4640777111053467,0.0794863775372505,0.8813153505325317,29.372556686401367,0.9475018382072448,0.040335152298212,10.706293106079102,0.3453643023967743,0.599073052406311,24.235057830810547,0.7817760705947876,0.1811129748821258,13.673583984375,0.4410833418369293,0.0,0.0,4.0,4.0,0.2670172112053638,0
/home/daplab/30006664/kv_allindia_dec2023/audios/ds_3-c-7_kv_kv-beml-nagar-kolar_04122023-000000-1_HI-SW-PB-301_2.wav,बन,बन,c,35.37,35.76,b aa n,b aa n,0.0,b aa n *,b aa n,1768.0,1788.0,20.0,-0.6473745107650757,-1.9501187801361084,-0.0975059419870376,-1.2501164674758911,-7.924373626708984,-0.3962186872959137,1.746671478031203e-05,3.805701971054077,0.1902851015329361,0.4752862155437469,24.577896118164062,1.228894829750061,0.7662237286567688,19.276594161987305,0.9638296961784364,0.6500178575515747,16.855365753173828,0.8427683115005493,0.0005030024331063,1.7787532806396484,0.0889376625418663,0.8165068030357361,18.81600379943848,0.9408001899719238,0.0069872825406491,6.87718391418457,0.3438591957092285,0.4923763871192932,15.408592224121094,0.7704296112060547,0.111138716340065,8.718135833740234,0.4359067976474762,0.0,0.0,3.0,3.0,0.2670172112053638,0
/home/daplab/30006664/kv_allindia_dec2023/audios/ds_3-c-7_kv_kv-beml-nagar-kolar_04122023-000000-1_HI-SW-PB-301_2.wav,गईं,कर,s,35.76,36.21,g II q,k aa r,6.0,k aa r *,k aa r,1787.0,1811.0,24.0,-0.3013589084148407,-0.3411945104598999,-0.0142164379358291,-0.7554548382759094,-5.818885803222656,-0.2424535751342773,1.0426460903545376e-05,0.8210084438323975,0.0342086851596832,0.4637149274349212,25.063329696655277,1.044305443763733,0.8864619135856628,23.87090301513672,0.9946209788322448,0.7353647947311401,20.748435974121094,0.8645181655883789,0.0032057384960353,2.556368589401245,0.1065153554081916,0.8997038006782532,22.99063873291016,0.9579432606697084,0.0663304552435875,9.857831954956056,0.4107429981231689,0.6369850635528564,19.532581329345703,0.8138575553894043,0.2142731547355651,11.880023956298828,0.4950009882450104,17.247026140869963,3.0,3.0,3.0,0.9443424764050428,1
/home/daplab/30006664/kv_allindia_dec2023/audios/ds_3-c-7_kv_kv-beml-nagar-kolar_04122023-000000-1_HI-SW-PB-301_2.wav,और,और,c,36.21,36.63,OO r,OO r,0.0,OO r *,OO r,1810.0,1832.0,22.0,-0.0440596230328083,-0.1146082505583763,-0.0052094659768044,-0.7808389067649841,-7.451498031616211,-0.3387044668197632,1.0426460903545376e-05,0.598516583442688,0.0272052995860576,0.4971724152565002,30.936260223388672,1.4061936140060425,0.982861876487732,21.95531272888184,0.9979687333106996,0.6885286569595337,18.053356170654297,0.8206071257591248,0.0011601608712226,1.208737015724182,0.0549425929784774,0.8720492124557495,20.692893981933597,0.9405860900878906,0.0313924439251422,6.279269218444824,0.2854213416576385,0.581514835357666,16.67022705078125,0.7577375769615173,0.1674083322286605,8.679754257202148,0.3945342898368835,0.0,0.0,2.0,2.0,0.2670172112053638,0
/home/daplab/30006664/kv_allindia_dec2023/audios/ds_3-c-7_kv_kv-beml-nagar-kolar_04122023-000000-1_HI-SW-PB-301_2.wav,टीचर,टीचर,c,36.66,37.41,T II c aa r,T II c aa r,0.0,T II c aa r *,T II c aa r,1832.0,1871.0,39.0,-0.1317145973443985,-0.3968363106250763,-0.0101752895861864,-0.7373993396759033,-10.233221054077148,-0.2623902857303619,1.4096119230089244e-05,1.3596035242080688,0.0348616279661655,0.4933108985424042,43.61452102661133,1.1183210611343384,0.94932222366333,38.84683227539063,0.9960726499557496,0.7075443863868713,33.38951873779297,0.8561415076255798,0.0017528027528896,3.548354148864746,0.0909834429621696,0.884453535079956,37.2262077331543,0.9545181393623352,0.0439087972044944,14.839468002319336,0.3804991841316223,0.605239987373352,31.270557403564453,0.8018091917037964,0.186163991689682,18.367191314697266,0.4709536135196686,0.0,0.0,5.0,5.0,0.2670172112053638,0
/home/daplab/30006664/kv_allindia_dec2023/audios/ds_3-c-7_kv_kv-beml-nagar-kolar_04122023-000000-1_HI-SW-PB-301_2.wav,की,की,c,37.41,37.71,k II,k II,0.0,k II *,k II,1870.0,1886.0,16.0,-0.3415806591510772,-0.6647382974624634,-0.0415461435914039,-0.8755105137825012,-5.310977458953857,-0.3319360911846161,1.2560215509438422e-05,1.4951882362365725,0.0934492647647857,0.4933108985424042,19.984106063842773,1.2490066289901731,0.8719450235366821,15.748510360717772,0.9842818975448608,0.7084382176399231,13.448684692382812,0.8405427932739258,0.0017871332820504,1.1648117303848269,0.0728007331490516,0.888260006904602,15.14156436920166,0.9463477730751038,0.0486709997057914,5.262711524963379,0.3289194703102112,0.6128796339035034,12.42420768737793,0.7765129804611206,0.1925999969244003,6.863452911376953,0.4289658069610595,0.0,0.0,2.0,2.0,0.2670172112053638,0
/home/daplab/30006664/kv_allindia_dec2023/audios/ds_3-c-7_kv_kv-beml-nagar-kolar_04122023-000000-1_HI-SW-PB-301_2.wav,भी,बी,s,37.74,38.19,bh II,b II,2.0,b II,b II,1887.0,1910.0,23.0,-0.6046362519264221,-2.8087732791900635,-0.1221205741167068,-1.689633011817932,-14.89369297027588,-0.6475518941879272,1.8895789253292605e-05,5.198073863983154,0.2260032147169113,0.5260554552078247,43.95305633544922,1.9110023975372317,0.7805181741714478,21.962120056152344,0.9548748135566713,0.4655659198760986,16.998804092407227,0.7390784621238708,9.18699151952751e-06,0.7300007343292236,0.0317391641438007,0.6887394189834595,20.45978164672852,0.8895557522773743,0.0002204383927164,4.066516876220703,0.1768050789833068,0.3493079543113708,15.092775344848633,0.6562076210975647,0.0543968193233013,6.594450950622559,0.2867152690887451,3.557852858991127,1.0,2.0,2.0,0.6498185356809806,0
/home/daplab/30006664/kv_allindia_dec2023/audios/dh_3-a-24_kv_kv-malkapuram_04122023-000000-1_HI-KV-001_1.wav,एक,<eps>,d,,,ee k,,,,,,,,,,,,,,,,,,,,,,,,,,,,,,,,,,,,,,,,,,,,,0.9210397588221279,1
/home/daplab/30006664/kv_allindia_dec2023/audios/dh_3-a-24_kv_kv-malkapuram_04122023-000000-1_HI-KV-001_1.wav,राजा,र,s,0.99,1.11,r AA j AA,j aa,4.0,j aa,j aa,49.0,56.0,7.0,-0.4757344424724579,-0.924430251121521,-0.1320614665746688,-1.8058130741119385,-5.677712440490723,-0.8111017942428589,0.0008697763551026,2.116771697998047,0.3023959696292877,1.2584507465362549,15.512600898742676,2.216085910797119,0.8245677947998047,6.657622337341309,0.9510889053344728,0.4065117239952087,4.822016716003418,0.6888595223426819,2.55015584116336e-06,0.0674182623624801,0.009631180204451,0.638848066329956,5.984088897705078,0.8548698425292969,5.716905070585199e-05,0.7377873063087463,0.1053981855511665,0.3069287538528442,4.1665520668029785,0.5952216982841492,0.0430280826985836,1.533491134643555,0.219070166349411,13.247228491298184,3.0,4.0,2.0,0.8765253602955827,1
/home/daplab/30006664/kv_allindia_dec2023/audios/dh_3-a-24_kv_kv-malkapuram_04122023-000000-1_HI-KV-001_1.wav,था,था,c,1.2,1.44,th AA,th AA,0.0,th AA *,th AA,60.0,72.0,12.0,-0.1874246895313263,-0.2436355948448181,-0.0203029662370681,-0.9138560891151428,-5.390277862548828,-0.4491898119449615,5.764640445704572e-05,0.774899959564209,0.0645749941468238,0.68742835521698,20.336883544921875,1.6947402954101562,0.9283846020698548,11.906454086303713,0.992204487323761,0.6117425560951233,9.420169830322266,0.7850141525268555,0.0002192005340475,0.331802487373352,0.0276502072811126,0.8357722759246826,11.082856178283691,0.9235713481903076,0.0117663098499178,2.3512370586395264,0.1959364265203476,0.5206246376037598,8.512726783752441,0.7093939185142517,0.1268112808465957,3.8416748046875,0.3201395571231842,0.0,0.0,2.0,2.0,0.2670172112053638,0
/home/daplab/30006664/kv_allindia_dec2023/audios/dh_3-a-24_kv_kv-malkapuram_04122023-000000-1_HI-KV-001_1.wav,उसका,उसका,c,1.44,1.92,uu s aa k AA,uu s aa k AA,0.0,* uu s aa k AA *,uu s aa k AA,72.0,96.0,24.0,-0.1070265546441078,-0.267814964056015,-0.0111589571461081,-0.6213502287864685,-7.381482124328613,-0.3075617551803589,2.0374231098685414e-05,0.9737310409545898,0.0405721254646778,0.5017690658569336,31.060884475708008,1.294203519821167,0.9586943984031676,23.89632797241211,0.995680332183838,0.7452839612960815,20.109283447265625,0.8378868103027344,0.0039756861515343,1.4364726543426514,0.0598530285060405,0.9060681462287904,22.753326416015625,0.9480552673339844,0.0787919014692306,7.254616260528564,0.302275687456131,0.6512021422386169,18.59120750427246,0.7746336460113525,0.2280908226966858,9.89351749420166,0.4122298955917358,0.0,0.0,5.0,5.0,0.2670172112053638,0
/home/daplab/30006664/kv_allindia_dec2023/audios/dh_3-a-24_kv_kv-malkapuram_04122023-000000-1_HI-KV-001_1.wav,एक,एक,c,1.92,2.16,ee k,ee k,0.0,* ee k *,ee k,96.0,108.0,12.0,-0.2741745412349701,-0.6270381808280945,-0.0522531829774379,-0.813839852809906,-4.549752712249756,-0.3791460692882538,8.418939978582785e-05,1.5385688543319702,0.1282140761613845,0.6178398728370667,15.980493545532228,1.3317078351974487,0.8963563442230225,11.761277198791504,0.9801064133644104,0.7689335942268372,10.042926788330078,0.8369105458259583,0.0066420109942555,0.68822181224823,0.057351816445589,0.8962353467941284,11.31002140045166,0.9425017833709716,0.0603899993002414,3.37367582321167,0.2811396420001983,0.629489541053772,9.119181632995604,0.7599318027496338,0.2073043435811996,4.7203688621521,0.3933640718460083,0.0,0.0,2.0,2.0,0.2670172112053638,0
/home/daplab/30006664/kv_allindia_dec2023/audios/dh_3-a-24_kv_kv-malkapuram_04122023-000000-1_HI-KV-001_1.wav,बडा,बडा,c,2.16,2.67,b aa D AA,b aa D AA,0.0,* b aa D AA *,b aa D AA,108.0,134.0,26.0,-0.295047402381897,-0.4700646698474884,-0.0180794112384319,-0.8440364003181458,-6.925512313842773,-0.2663658559322357,1.510747733846074e-05,1.270116925239563,0.0488506518304348,0.5065513849258423,28.59950828552246,1.0999810695648191,0.8887531161308289,25.82087516784668,0.9931105971336364,0.704301655292511,22.32427215576172,0.8586258292198181,0.0016336975386366,2.394975185394287,0.092114433646202,0.8687139749526978,24.829086303710938,0.9549648761749268,0.0286841411143541,9.940933227539062,0.382343590259552,0.5754185914993286,20.8796329498291,0.8030627965927124,0.1628750115633011,12.293617248535156,0.4728314280509949,0.0,0.0,4.0,4.0,0.2670172112053638,0
/home/daplab/30006664/kv_allindia_dec2023/audios/dh_3-a-24_kv_kv-malkapuram_04122023-000000-1_HI-KV-001_1.wav,सा,सा,c,2.67,2.97,s AA,s AA,0.0,* s AA *,s AA,133.0,149.0,16.0,-0.3910920917987823,-0.4443100690841675,-0.0277693793177604,-0.7464787364006042,-4.716831207275391,-0.2948019504547119,1.433621218893677e-05,0.9172489643096924,0.0573280602693557,0.4830369353294372,19.29196548461914,1.2057478427886963,0.8542744517326355,15.833500862121582,0.9895938038825988,0.7454499006271362,13.569416046142578,0.8480885028839111,0.0039900266565382,1.1261491775512695,0.0703843235969543,0.9121597409248352,15.223674774169922,0.95147967338562,0.0929064899682998,5.3108015060424805,0.331925094127655,0.6654144525527954,12.589609146118164,0.7868505716323853,0.2427282333374023,6.961860656738281,0.4351162910461426,0.0,0.0,2.0,2.0,0.2670172112053638,0
/home/daplab/30006664/kv_allindia_dec2023/audios/dh_3-a-24_kv_kv-malkapuram_04122023-000000-1_HI-KV-001_1.wav,राज्य,राज्य,c,2.97,3.48,r AA j y,r AA j y,0.0,* r AA j y *,r AA j y,148.0,174.0,26.0,-0.5865240097045898,-1.486824870109558,-0.0571855716407299,-0.9076367020606996,-9.957477569580078,-0.3829798996448517,2.0614874301827516e-05,2.847992181777954,0.109538160264492,0.5517768263816833,36.1833381652832,1.3916668891906738,0.7866223454475403,25.44719696044922,0.9787383675575256,0.6860390901565552,21.453807830810547,0.8251464366912842,0.0010991449235007,1.2705713510513306,0.0488681271672248,0.8564206957817078,24.43324851989746,0.9397403001785278,0.0205693133175373,6.943836212158203,0.2670706212520599,0.5538824796676636,19.56443977355957,0.7524784803390503,0.1477327495813369,9.92006492614746,0.3815409541130066,0.0,0.0,4.0,4.0,0.2670172112053638,0
/home/daplab/30006664/kv_allindia_dec2023/audios/dh_3-a-24_kv_kv-malkapuram_04122023-000000-1_HI-KV-001_1.wav,था,था,c,3.48,3.78,th AA,th AA,0.0,th AA *,th AA,174.0,189.0,15.0,-0.1618886291980743,-0.2007303088903427,-0.013382020406425,-0.7160677313804626,-4.6316986083984375,-0.3087798953056335,1.3896012205805164e-05,0.6509779095649719,0.0433985255658626,0.4750663936138153,19.13543510437012,1.2756956815719604,0.9379456043243408,14.922775268554688,0.9948517084121704,0.7129193544387817,12.54987907409668,0.8366585969924927,0.0019696524832397,1.1113076210021973,0.0740871727466583,0.8983488082885742,14.207982063293455,0.9471988081932068,0.0639431476593017,4.876673698425293,0.3251115679740906,0.6340363025665283,11.656962394714355,0.7771308422088623,0.2115061730146408,6.415353775024414,0.4276902377605438,0.0,0.0,2.0,2.0,0.2670172112053638,0
/home/daplab/30006664/kv_allindia_dec2023/audios/dh_3-a-24_kv_kv-malkapuram_04122023-000000-1_HI-KV-001_1.wav,एक,एक,c,7.56,7.95,ee k,ee k,0.0,ee k *,ee k,378.0,398.0,20.0,-0.3895388543605804,-0.4325416684150696,-0.0216270834207534,-0.8216830492019653,-4.377525806427002,-0.2188762873411178,2.394383409409784e-05,0.8563850522041321,0.0428192541003227,0.5190525650978088,19.00900650024414,0.9504503011703492,0.8548254370689392,19.83804702758789,0.9919023513793944,0.775936484336853,17.543304443359375,0.8771651983261108,0.0077321254648268,2.212820053100586,0.1106410026550293,0.9047804474830629,19.25318145751953,0.9626590609550476,0.0760945230722427,8.71489143371582,0.4357445836067199,0.6482751965522766,16.5555419921875,0.827777087688446,0.225180298089981,10.30189323425293,0.5150946378707886,0.0,0.0,2.0,2.0,0.2670172112053638,0
/home/daplab/30006664/kv_allindia_dec2023/audios/dh_3-a-24_kv_kv-malkapuram_04122023-000000-1_HI-KV-001_1.wav,दिन,दिन,c,7.95,8.4,d ii n,d ii n,0.0,* d ii n *,d ii n,397.0,420.0,23.0,-0.0640696138143539,-0.1715642064809799,-0.0074593131430447,-0.721254825592041,-6.365026950836182,-0.2767403125762939,1.757153768267017e-05,0.7292725443840027,0.0317075029015541,0.5023385286331177,27.31258201599121,1.1875035762786863,0.975140392780304,22.93328857421875,0.99709951877594,0.7501510381698608,19.5368595123291,0.849428653717041,0.0044185728766024,1.8329782485961916,0.0796947032213211,0.8932292461395264,21.905067443847656,0.9523942470550536,0.0556735880672931,8.014211654663086,0.3484439849853515,0.6231293678283691,18.207538604736328,0.7916321158409119,0.2015559077262878,10.294685363769531,0.4475950300693512,0.0,0.0,3.0,3.0,0.2670172112053638,0
/home/daplab/30006664/kv_allindia_dec2023/audios/dh_3-a-24_kv_kv-malkapuram_04122023-000000-1_HI-KV-001_1.wav,उसे,उसे,c,9.36,9.84,uu s ee,uu s ee,0.0,uu s ee *,uu s ee,467.0,492.0,25.0,-0.4468238055706024,-0.5036118030548096,-0.0201444718986749,-0.9770675897598268,-6.438830375671387,-0.257553219795227,1.937063825607765e-05,0.9381731152534484,0.0375269241631031,0.499923437833786,28.05079460144043,1.122031807899475,0.8346439003944397,24.81252670288086,0.9925010800361632,0.7179779410362244,21.411449432373047,0.8564579486846924,0.0021981874015182,2.078691244125366,0.0831476524472236,0.8723417520523071,23.88624382019043,0.9554497599601746,0.0316418260335922,9.315601348876951,0.3726240396499634,0.5820549726486206,20.06023406982422,0.8024093508720398,0.1678154319524765,11.63910961151123,0.4655643701553345,0.0,0.0,3.0,3.0,0.2670172112053638,0
/home/daplab/30006664/kv_allindia_dec2023/audios/dh_3-a-24_kv_kv-malkapuram_04122023-000000-1_HI-KV-001_1.wav,देश,देश,c,10.05,10.59,d ee sh,d ee sh,0.0,d ee sh *,d ee sh,502.0,530.0,28.0,-0.0240633282810449,-0.0598546005785465,-0.0021376642398536,-0.7293134927749634,-5.601160526275635,-0.2000414431095123,1.354443247691961e-05,0.3244767189025879,0.0115884542465209,0.4916934072971344,26.696945190429688,0.953462302684784,0.990616500377655,27.97664451599121,0.9991658926010132,0.6858434081077576,24.485126495361328,0.8744688034057617,0.0010944865643978,3.035281181335449,0.1084029003977775,0.8762277364730835,26.9655876159668,0.9630566835403442,0.0351491346955299,12.33427619934082,0.4405098557472229,0.5893161296844482,23.230297088623047,0.8296534419059753,0.1733765304088592,14.510684967041016,0.5182387232780457,0.0,0.0,3.0,3.0,0.2670172112053638,0
/home/daplab/30006664/kv_allindia_dec2023/audios/dh_3-a-24_kv_kv-malkapuram_04122023-000000-1_HI-KV-001_1.wav,घूमने,घूमने,c,10.59,11.16,gh UU m aa n ee,gh UU m aa n ee,0.0,gh UU m aa n ee *,gh UU m aa n ee,529.0,558.0,29.0,-0.401521623134613,-1.0335853099822998,-0.0356408730149269,-0.997758150100708,-10.905102729797363,-0.3760380148887634,2.163133649446536e-05,2.566969394683838,0.0885161831974983,0.5235620141029358,39.97704315185547,1.3785187005996704,0.8505800366401672,28.608495712280277,0.986499845981598,0.7003541588783264,23.97031784057617,0.8265627026557922,0.0014995747478678,1.7831127643585205,0.0614866465330123,0.8639342784881592,27.24948501586914,0.9396374225616456,0.0252051725983619,8.273789405822754,0.2853030860424042,0.5668759346008301,21.90978240966797,0.7555097341537476,0.1567090004682541,11.429852485656738,0.3941328525543213,0.0,0.0,6.0,6.0,0.2670172112053638,0
/home/daplab/30006664/kv_allindia_dec2023/audios/dh_3-a-24_kv_kv-malkapuram_04122023-000000-1_HI-KV-001_1.wav,का,का,c,11.16,11.52,k AA,k AA,0.0,k AA *,k AA,558.0,576.0,18.0,-0.0473174341022968,-0.0550405792891979,-0.0030578100122511,-0.4962176084518432,-3.504406690597534,-0.1946892589330673,1.254446578968782e-05,0.2436974495649337,0.0135387470945715,0.4669999182224273,17.247142791748047,0.9581745862960817,0.981602132320404,17.97858238220215,0.9988101124763488,0.7824679613113403,15.7277193069458,0.8737621903419495,0.0089095411822199,1.901494026184082,0.1056385561823844,0.930972456932068,17.351024627685547,0.9639458060264589,0.1545465439558029,7.763544082641602,0.4313080012798309,0.7136657238006592,14.930453300476074,0.829469621181488,0.2992547154426574,9.239662170410156,0.5133145451545715,0.0,0.0,2.0,2.0,0.2670172112053638,0
/home/daplab/30006664/kv_allindia_dec2023/audios/dh_3-a-24_kv_kv-malkapuram_04122023-000000-1_HI-KV-001_1.wav,विचार,विचार,c,11.67,12.21,w ii c AA r,w ii c AA r,0.0,w ii c AA r *,w ii c AA r,583.0,611.0,28.0,-0.0405884683132171,-0.100017212331295,-0.0035720432642847,-0.5857406854629517,-6.643530368804932,-0.2372689396142959,1.531845555291511e-05,0.4858666062355041,0.0173523779958486,0.5267440676689148,30.341163635253903,1.083613038063049,0.9842050671577454,27.961021423339844,0.9986079335212708,0.7412324547767639,24.077804565429688,0.8599215745925903,0.0036410647444427,2.567589282989502,0.0916996151208877,0.9111118316650392,26.81242561340332,0.9575866460800172,0.0903098434209823,10.90288543701172,0.389388769865036,0.6629251837730408,22.65888786315918,0.8092460036277771,0.2401028126478195,13.429248809814451,0.4796160161495209,0.0,0.0,5.0,5.0,0.2670172112053638,0
/home/daplab/30006664/kv_allindia_dec2023/audios/dh_3-a-24_kv_kv-malkapuram_04122023-000000-1_HI-KV-001_1.wav,आया,आया,c,12.21,12.78,AA y AA,AA y AA,0.0,* AA y AA *,AA y AA,610.0,639.0,29.0,-0.1215709671378135,-0.255593478679657,-0.0088135683909058,-0.8644436001777649,-6.8068366050720215,-0.2347185015678405,1.1926519619009923e-05,0.9537764191627502,0.0328888408839702,0.4883244931697845,30.29250717163086,1.0445692539215088,0.953165888786316,28.9011344909668,0.9965908527374268,0.7071746587753296,25.051013946533203,0.8638280630111694,0.00173879659269,2.7371983528137207,0.0943861529231071,0.870516836643219,27.79669570922852,0.9585067629814148,0.0301177166402339,11.611444473266602,0.4003946483135223,0.5786997675895691,23.589805603027344,0.8134415745735168,0.165300965309143,14.133394241333008,0.487358421087265,0.0,0.0,3.0,3.0,0.2670172112053638,0
/home/daplab/30006664/kv_allindia_dec2023/audios/dh_3-a-24_kv_kv-malkapuram_04122023-000000-1_HI-KV-001_1.wav,और,और,c,13.05,13.44,OO r,OO r,0.0,OO r *,OO r,652.0,672.0,20.0,-0.4341197609901428,-0.7129451036453247,-0.0356472544372081,-0.9321232438087464,-5.562616348266602,-0.278130829334259,2.3033971956465397e-05,1.3294312953948977,0.0664715617895126,0.5315683484077454,22.855228424072266,1.142761468887329,0.8390945792198181,19.73345947265625,0.9866729974746704,0.7293916940689087,16.990081787109375,0.8495041131973267,0.0028160100337117,1.6628961563110352,0.0831448063254356,0.8729448914527893,19.045387268066406,0.9522693753242492,0.0321623273193836,7.461967945098877,0.3730984032154083,0.5831714272499084,15.92853832244873,0.7964268922805786,0.1686598509550094,9.270024299621582,0.4635012149810791,0.0,0.0,2.0,2.0,0.2670172112053638,0
/home/daplab/30006664/kv_allindia_dec2023/audios/dh_3-a-24_kv_kv-malkapuram_04122023-000000-1_HI-KV-001_1.wav,उसने,उसने,c,13.62,14.25,uu s aa n ee,uu s aa n ee,0.0,uu s aa n ee *,uu s aa n ee,681.0,713.0,32.0,-0.1715499758720398,-0.3307943642139435,-0.0103373238816857,-0.7419743537902832,-9.0801362991333,-0.2837542593479156,1.5456027540494688e-05,1.2171473503112793,0.0380358546972274,0.5122159123420715,37.53778839111328,1.17305588722229,0.9343211650848388,31.872316360473636,0.996009886264801,0.7231304049491882,27.18756675720215,0.8496114611625671,0.00245824130252,2.739843368530273,0.085620105266571,0.8853435516357422,30.43839836120605,0.9511999487876892,0.0449787713587284,11.643638610839844,0.3638637065887451,0.6070103645324707,25.354923248291016,0.7923413515090942,0.1876376271247863,14.614357948303224,0.4566986858844757,0.0,0.0,5.0,5.0,0.2670172112053638,0
/home/daplab/30006664/kv_allindia_dec2023/audios/dh_3-a-24_kv_kv-malkapuram_04122023-000000-1_HI-KV-001_1.wav,देश,देश,c,14.46,14.94,d ee sh,d ee sh,0.0,d ee sh *,d ee sh,723.0,747.0,24.0,-0.2708430588245392,-0.5138325095176697,-0.0214096885174512,-0.8440901637077332,-6.713469982147217,-0.2797279059886932,1.273111774935387e-05,1.4158157110214231,0.0589923225343227,0.4807688891887665,26.57635307312012,1.107348084449768,0.8975735306739807,23.803794860839844,0.9918248057365416,0.6551249027252197,20.57428359985352,0.8572618365287781,0.000561955908779,2.2538177967071533,0.0939090773463249,0.85555100440979,22.873279571533203,0.9530532956123352,0.0200910419225692,9.279507637023926,0.3866461515426636,0.5524113178253174,19.21127700805664,0.8004698753356934,0.1467460691928863,11.36971378326416,0.4737380743026733,0.0,0.0,3.0,3.0,0.2670172112053638,0
/home/daplab/30006664/kv_allindia_dec2023/audios/dh_3-a-24_kv_kv-malkapuram_04122023-000000-1_HI-KV-001_1.wav,भ्रमन,भ्रमन,c,15.21,16.02,<UNK>,b r aa m aa N,7.0,b r aa m aa N *,b r aa m aa N,760.0,801.0,41.0,-0.4564010500907898,-1.3965436220169067,-0.0340620391070842,-0.9891465902328492,-16.446321487426758,-0.4011297821998596,1.743768916639965e-05,3.91542649269104,0.0954982042312622,0.504888117313385,57.903564453125,1.412282109260559,0.8312979340553284,40.46957778930664,0.9870628714561462,0.6236464381217957,33.54909133911133,0.8182705044746399,0.0002838119980879,2.504905462265014,0.061095256358385,0.8354998230934143,38.2888069152832,0.9338733553886414,0.0116799222305417,11.895368576049805,0.2901309430599212,0.5202077627182007,30.632946014404297,0.7471449971199036,0.1265666037797927,16.082687377929688,0.3922606706619262,,,1.0,6.0,0.9210397588221279,1
/home/daplab/30006664/kv_allindia_dec2023/audios/dh_3-a-24_kv_kv-malkapuram_04122023-000000-1_HI-KV-001_1.wav,की,की,c,16.41,16.77,k II,k ii,2.0,k ii *,k ii,820.0,839.0,19.0,-0.0548236072063446,-0.095680683851242,-0.0050358255393803,-0.7047961354255676,-6.448202133178711,-0.339379072189331,2.493601823516656e-05,0.4504949450492859,0.0237102601677179,0.5097784996032715,26.955385208129883,1.4187045097351074,0.9787034392356871,18.962764739990234,0.99804025888443,0.7080329060554504,15.61206340789795,0.8216875195503235,0.001771483104676,1.149075627326965,0.0604776628315448,0.8883320093154907,17.880578994750977,0.9410831332206726,0.0487659201025962,5.393007278442383,0.2838424742221832,0.6130259037017822,14.39710807800293,0.7577425241470337,0.1927252113819122,7.499608993530273,0.3947162628173828,6.083181528056269,1.0,2.0,2.0,0.9335682344220064,1
/home/daplab/30006664/kv_allindia_dec2023/audios/dh_3-a-24_kv_kv-malkapuram_04122023-000000-1_HI-KV-001_1.wav,योजना,योजना,c,16.98,17.7,y oo j aa n AA,y oo j aa n AA,0.0,y oo j aa n AA *,y oo j aa n AA,849.0,885.0,36.0,-0.6014052033424377,-1.1033998727798462,-0.0306499972939491,-0.8920828104019165,-9.827913284301758,-0.2729975879192352,1.638430512684863e-05,1.955901026725769,0.0543305836617946,0.4970543980598449,40.562767028808594,1.1267435550689695,0.781605064868927,35.59171295166016,0.9886586666107178,0.7604557275772095,30.85777473449707,0.8571603894233704,0.0055258506909012,2.881587028503418,0.0800440832972526,0.9046087861061096,34.37723159790039,0.9549230933189392,0.075742021203041,13.055342674255373,0.3626483976840973,0.6478870511054993,28.774015426635746,0.799278199672699,0.2247969061136245,16.50815200805664,0.4585597813129425,0.0,0.0,6.0,6.0,0.2670172112053638,0
/home/daplab/30006664/kv_allindia_dec2023/audios/dh_3-a-24_kv_kv-malkapuram_04122023-000000-1_HI-KV-001_1.wav,बनाई,बनाई,c,17.7,18.42,b aa n AA II,b aa n AA II,0.0,b aa n AA II *,b aa n AA II,885.0,922.0,37.0,-0.4300295710563659,-1.1848094463348389,-0.032021876424551,-0.9189689755439758,-11.391682624816896,-0.3078833222389221,2.52783593168715e-05,2.919977903366089,0.0789183229207992,0.4892676472663879,43.84758758544922,1.185069918632507,0.8405305743217468,36.55115509033203,0.9878690838813782,0.7241060733795166,31.486228942871094,0.8509791493415833,0.0025108421687036,2.960044860839844,0.0800012126564979,0.8689007759094238,35.16590118408203,0.9504297375679016,0.0288294982165098,12.765594482421877,0.3450160622596741,0.5757571458816528,29.134611129760746,0.7874219417572021,0.1631238162517547,16.40317153930664,0.4433289468288421,0.0,0.0,5.0,5.0,0.2670172112053638,0
/home/daplab/30006664/kv_allindia_dec2023/audios/dh_3-a-24_kv_kv-malkapuram_04122023-000000-1_HI-KV-001_1.wav,और,और,c,18.45,18.81,OO r,OO r,0.0,OO r *,OO r,922.0,941.0,19.0,-0.4037927687168121,-0.7052614092826843,-0.0371190197765827,-0.9058207273483276,-4.911612510681152,-0.2585059106349945,1.5629118934157304e-05,1.2784610986709597,0.0672874227166175,0.4725744128227234,20.25799560546875,1.0662102699279783,0.8497766852378845,18.736026763916016,0.9861066937446594,0.7253897786140442,16.338340759277344,0.8599126935005188,0.0025817733258008,1.7498347759246826,0.0920965671539306,0.8785651326179504,18.16694450378418,0.956155002117157,0.0374432951211929,7.5214619636535645,0.3958664238452911,0.5937625765800476,15.3540620803833,0.8081085085868835,0.1768640428781509,9.16197681427002,0.4822092950344085,0.0,0.0,2.0,2.0,0.2670172112053638,0
/home/daplab/30006664/kv_allindia_dec2023/audios/dh_3-a-24_kv_kv-malkapuram_04122023-000000-1_HI-KV-001_1.wav,घूमने,घूमने,c,18.81,19.35,gh UU m aa n ee,gh UU m aa n ee,0.0,gh UU m aa n ee *,gh UU m aa n ee,940.0,968.0,28.0,-0.3891167342662811,-0.9611755609512328,-0.0343276970088481,-1.1306440830230713,-10.662558555603027,-0.3808056712150574,1.7666099665802903e-05,2.414323329925537,0.0862258300185203,0.4918195307254791,38.96652221679688,1.391661524772644,0.8549752235412598,27.63574981689453,0.986991047859192,0.6470507383346558,23.03812789916992,0.822790265083313,0.0004716355470009,1.7075293064117432,0.0609831884503364,0.8322018384933472,26.25219345092773,0.9375783205032348,0.0106830354779958,8.121577262878418,0.2900563180446625,0.5152019262313843,21.09029769897461,0.7532249093055725,0.1236610263586044,11.06757640838623,0.3952705860137939,0.0,0.0,6.0,6.0,0.2670172112053638,0
/home/daplab/30006664/kv_allindia_dec2023/audios/dh_3-a-24_kv_kv-malkapuram_04122023-000000-1_HI-KV-001_1.wav,निकल,निकल,c,19.35,20.01,n ii k aa l,n ii k aa l,0.0,* n ii k aa l *,n ii k aa l,967.0,1001.0,34.0,-0.4495912194252014,-0.9011720418930054,-0.026505060493946,-0.9507246613502502,-10.3345947265625,-0.3039586544036865,2.1390373149188235e-05,2.151893138885498,0.0632909759879112,0.512248158454895,41.09069442749024,1.2085498571395874,0.8336762189865112,33.65953063964844,0.9899861812591552,0.7284324169158936,28.83230972290039,0.8480091094970703,0.0027579942252486,2.6135144233703613,0.0768680721521377,0.8793867230415344,32.303253173828125,0.9500956535339355,0.0382847860455513,11.55261516571045,0.3397828042507171,0.5953400731086731,26.713258743286133,0.7856841087341309,0.178116574883461,14.943443298339844,0.4395130276679992,0.0,0.0,5.0,5.0,0.2670172112053638,0
/home/daplab/30006664/kv_allindia_dec2023/audios/dh_3-a-24_kv_kv-malkapuram_04122023-000000-1_HI-KV-001_1.wav,पडा,पडा,c,20.01,20.55,<UNK>,p aa D AA,4.74172893616739,p aa D AA *,p aa D AA,1000.0,1028.0,28.0,-0.5924748182296753,-0.8695480227470398,-0.0310552865266799,-0.827736496925354,-7.197324752807617,-0.2570473253726959,1.1073294444940984e-05,1.474975347518921,0.0526776909828186,0.4792696535587311,29.84112930297852,1.0657546520233154,0.7846136093139648,27.678691864013672,0.9885247349739076,0.7198790311813354,24.1393985748291,0.8621214032173157,0.0022907725069671,2.7116289138793945,0.0968438908457756,0.8959969878196716,26.792224884033203,0.9568651914596558,0.06000192835927,11.08289909362793,0.3958178162574768,0.6289807558059692,22.65483283996582,0.8091011643409729,0.2068389952182769,13.535992622375488,0.4834282994270324,,,1.0,4.0,0.9210397588221279,1
/home/daplab/30006664/kv_allindia_dec2023/audios/dh_3-a-24_kv_kv-malkapuram_04122023-000000-1_HI-KV-001_1.wav,जब,जब,c,20.94,21.36,j aa b,j aa b,0.0,j aa b *,j aa b,1047.0,1068.0,21.0,-0.314348429441452,-0.3955441415309906,-0.0188354346901178,-1.04694926738739,-5.914156436920166,-0.2816264927387237,1.4087651834415738e-05,0.9783539175987244,0.0465882830321788,0.5086749792098999,24.51289749145508,1.1672807931900024,0.8817577362060547,20.8502197265625,0.9928675889968872,0.6942412853240967,17.86505889892578,0.8507170677185059,0.0013132799649611,1.7370144128799438,0.0827149748802185,0.8509900569915771,19.987552642822266,0.9517882466316224,0.0177590604871511,7.590218067169189,0.3614389598369598,0.5448024272918701,16.662187576293945,0.7934374809265137,0.1417364180088043,9.572123527526855,0.4558154046535492,0.0,0.0,3.0,3.0,0.2670172112053638,0
/home/daplab/30006664/kv_allindia_dec2023/audios/dh_3-a-24_kv_kv-malkapuram_04122023-000000-1_HI-KV-001_1.wav,वह,वह,c,21.36,21.75,w aa hh,w aa hh,0.0,w aa hh *,w aa hh,1068.0,1088.0,20.0,-0.6614513993263245,-0.9428634643554688,-0.0471431724727153,-0.8506098389625549,-6.538976669311523,-0.3269488215446472,3.8940801459830254e-05,1.4868688583374023,0.0743434429168701,0.5456745028495789,25.21739387512207,1.2608697414398191,0.7615488171577454,19.65416717529297,0.9827083349227904,0.7641216516494751,16.86363410949707,0.8431817293167114,0.0059834108687937,1.2869901657104492,0.0643495097756385,0.9054216146469116,18.965368270874023,0.9482684135437012,0.0774258747696876,6.220563411712647,0.3110281825065613,0.6497293710708618,15.535162925720217,0.7767581343650818,0.2266219407320022,8.3611478805542,0.418057382106781,0.0,0.0,3.0,3.0,0.2670172112053638,0
/home/daplab/30006664/kv_allindia_dec2023/audios/dh_3-a-24_kv_kv-malkapuram_04122023-000000-1_HI-KV-001_1.wav,यात्रा,यात्रा,c,21.75,22.38,y AA t r AA,y AA t r AA,0.0,* y AA t r AA *,y AA t r AA,1087.0,1119.0,32.0,-0.1239013820886612,-0.1901334375143051,-0.005941669922322,-0.6914026737213135,-8.229464530944824,-0.2571707665920257,2.802804192469921e-05,0.7409483194351196,0.0231546349823474,0.5592086315155029,37.16083908081055,1.1612762212753296,0.9522820711135864,31.92642593383789,0.997700810432434,0.7564005851745605,27.27841186523437,0.8524503707885742,0.0050603635609149,2.263300657272339,0.0707281455397605,0.903026282787323,30.55527114868164,0.9548522233963012,0.0725680366158485,11.180984497070312,0.3494057655334472,0.644329845905304,25.4977970123291,0.7968061566352844,0.2213115394115448,14.37132740020752,0.449103981256485,0.0,0.0,5.0,5.0,0.2670172112053638,0
/home/daplab/30006664/kv_allindia_dec2023/audios/dh_3-a-24_kv_kv-malkapuram_04122023-000000-1_HI-KV-001_1.wav,से,से,c,22.38,22.65,s ee,s ee,0.0,s ee *,s ee,1119.0,1133.0,14.0,-0.0333145633339881,-0.0835055634379386,-0.0059646829031407,-0.4630935788154602,-3.861040830612183,-0.2757886350154876,1.4019694390299264e-05,0.413579523563385,0.0295413937419652,0.483364462852478,16.57195472717285,1.183711051940918,0.987023949623108,13.967434883117676,0.9976739287376404,0.7472923398017883,11.92567539215088,0.8518339395523071,0.004152791108936,1.0472030639648438,0.0748002156615257,0.9166139960289,13.347063064575195,0.9533616304397584,0.1048033460974693,4.7573676109313965,0.3398119807243347,0.6762123107910156,11.086505889892578,0.7918933033943176,0.2544300258159637,6.1952104568481445,0.4425150454044342,0.0,0.0,2.0,2.0,0.2670172112053638,0
/home/daplab/30006664/kv_allindia_dec2023/audios/dh_3-a-24_kv_kv-malkapuram_04122023-000000-1_HI-KV-001_1.wav,लौट,लौट,c,22.65,23.16,l OO T,l OO T,0.0,* l OO T *,l OO T,1132.0,1158.0,26.0,-0.1459700912237167,-0.3288487195968628,-0.0126480273902416,-0.6950348615646362,-7.875500202178955,-0.3029038608074188,1.9305087334942076e-05,1.051192283630371,0.0404304713010787,0.5274070501327515,33.06361389160156,1.2716774940490725,0.9439367055892944,25.87339782714844,0.9951306581497192,0.6771626472473145,21.77487564086914,0.8374952077865601,0.0009065637132152,1.6707158088684082,0.064258299767971,0.8813431859016418,24.6379451751709,0.9476132988929749,0.0403655692934989,8.370950698852539,0.3219596445560455,0.5991272926330566,20.227251052856445,0.7779712080955505,0.1811568588018417,11.035893440246582,0.4244574308395386,0.0,0.0,3.0,3.0,0.2670172112053638,0
/home/daplab/30006664/kv_allindia_dec2023/audios/dh_3-a-24_kv_kv-malkapuram_04122023-000000-1_HI-KV-001_1.wav,कर,कर,c,23.43,23.79,k aa r,k aa r,0.0,k aa r *,k aa r,1171.0,1190.0,19.0,-0.5399920344352722,-0.7907772064208984,-0.0416198521852493,-0.8766424059867859,-5.708404541015625,-0.3004423379898071,1.8658965927897952e-05,1.4399473667144775,0.0757867023348808,0.5036270022392273,22.14268684387207,1.1654045581817627,0.8024317026138306,18.70625114440918,0.98453950881958,0.7636222839355469,16.17585563659668,0.8513607978820801,0.0059189242310822,1.6723672151565552,0.0880193263292312,0.8995578289031982,18.07627487182617,0.9513828754425048,0.066069021821022,6.832549095153809,0.359607845544815,0.6366661190986633,15.03968906402588,0.791562557220459,0.2139722406864166,8.641347885131836,0.4548077881336212,0.0,0.0,3.0,3.0,0.2670172112053638,0
/home/daplab/30006664/kv_allindia_dec2023/audios/dh_3-a-24_kv_kv-malkapuram_04122023-000000-1_HI-KV-001_1.wav,अपने,अपने,c,23.82,24.33,aa p aa n ee,aa p aa n ee,0.0,aa p aa n ee *,aa p aa n ee,1191.0,1217.0,26.0,-0.4473782181739807,-0.7841803431510925,-0.0301607828587293,-0.9765161871910096,-8.077723503112793,-0.3106816709041595,1.074993906513555e-05,1.8817683458328247,0.0723757073283195,0.4830341935157776,31.49828338623047,1.2114723920822144,0.8344499468803406,25.704082489013672,0.988618552684784,0.7346416711807251,22.04472541809082,0.8478740453720093,0.0031558258924633,1.925933837890625,0.0740743800997734,0.8758857250213623,24.692495346069336,0.9497113823890686,0.0348254330456256,8.661709785461426,0.3331426978111267,0.5886706113815308,20.377832412719727,0.7837628126144409,0.1728754043579101,11.306763648986816,0.4348755180835724,0.0,0.0,5.0,5.0,0.2670172112053638,0
/home/daplab/30006664/kv_allindia_dec2023/audios/dh_3-a-24_kv_kv-malkapuram_04122023-000000-1_HI-KV-001_1.wav,महल,महल,c,24.33,24.84,m aa hh aa l,m aa hh aa l,0.0,* m aa hh aa l *,m aa hh aa l,1216.0,1242.0,26.0,-0.4161427915096283,-1.565920352935791,-0.0602277070283889,-0.8913673162460327,-9.291704177856444,-0.3573732376098633,2.4325734557351097e-05,3.060849189758301,0.1177249699831008,0.4959567189216614,33.21691131591797,1.2775734663009644,0.8454169034957886,25.412357330322266,0.9773983359336852,0.7303847074508667,21.78549575805664,0.8379036784172058,0.0028773555532097,1.9031827449798584,0.073199339210987,0.8777620792388916,24.546432495117188,0.9440935850143432,0.0366387106478214,8.2640962600708,0.3178498446941376,0.5922281742095947,20.02237319946289,0.7700912952423096,0.1756533980369568,10.920183181762695,0.420007050037384,0.0,0.0,5.0,5.0,0.2670172112053638,0
/home/daplab/30006664/kv_allindia_dec2023/audios/dh_3-a-24_kv_kv-malkapuram_04122023-000000-1_HI-KV-001_1.wav,आया,आया,c,24.84,25.32,AA y AA,AA y AA,0.0,AA y AA *,AA y AA,1242.0,1266.0,24.0,-0.1733800023794174,-0.2624543905258178,-0.0109355999156832,-0.7771835923194885,-5.828566551208496,-0.2428569346666336,1.4324939002108296e-05,0.8441779613494873,0.0351740829646587,0.5170202851295471,26.19874763488769,1.0916144847869873,0.9336355924606324,23.89905166625977,0.9957938194274902,0.7270842790603638,20.618391036987305,0.8590996265411377,0.0026784744113683,1.9064029455184937,0.0794334560632705,0.8832326531410217,22.974027633666992,0.9572511315345764,0.0424823388457298,8.998744010925293,0.3749476671218872,0.6028269529342651,19.35282516479492,0.8063676953315735,0.1841724663972854,11.239908218383787,0.468329519033432,0.0,0.0,3.0,3.0,0.2670172112053638,0
/home/daplab/30006664/kv_allindia_dec2023/audios/dh_3-a-24_kv_kv-malkapuram_04122023-000000-1_HI-KV-001_1.wav,उसने,उसने,c,25.32,25.95,uu s aa n ee,uu s aa n ee,0.0,uu s aa n ee *,uu s aa n ee,1266.0,1298.0,32.0,-0.4551156163215637,-0.7557370066642761,-0.0236167814582586,-1.0379081964492798,-9.039695739746094,-0.2824904918670654,1.3243896319181658e-05,1.7431697845458984,0.0544740557670593,0.4775498509407043,36.75975799560547,1.148742437362671,0.831746518611908,31.7156925201416,0.991115391254425,0.6967760920524597,27.319700241088867,0.8537406325340271,0.0013875433942303,2.7318103313446045,0.0853690728545188,0.8683949112892151,30.486310958862305,0.952697217464447,0.0284376665949821,11.682515144348145,0.3650785982608795,0.5748414397239685,25.459062576293945,0.7955957055091858,0.1624515801668167,14.67893409729004,0.4587166905403137,0.0,0.0,5.0,5.0,0.2670172112053638,0
/home/daplab/30006664/kv_allindia_dec2023/audios/dh_3-a-24_kv_kv-malkapuram_04122023-000000-1_HI-KV-001_1.wav,अपने,अपने,c,26.19,26.64,aa p aa n ee,aa p aa n ee,0.0,aa p aa n ee *,aa p aa n ee,1309.0,1332.0,23.0,-0.5902374982833862,-0.6762972474098206,-0.0294042285531759,-1.032223343849182,-6.292135715484619,-0.273571103811264,2.6074476409121417e-05,1.0858497619628906,0.0472108609974384,0.5240398049354553,26.20907211303711,1.1395248174667358,0.7853685021400452,22.751909255981445,0.9892134666442872,0.7342811822891235,19.68255424499512,0.8557632565498352,0.0031312329228967,1.846873760223389,0.0802988559007644,0.8748177289962769,21.95099449157715,0.954391062259674,0.0338336676359176,8.304123878479004,0.3610488772392273,0.5866626501083374,18.356935501098636,0.7981276512145996,0.171325221657753,10.51535415649414,0.4571893215179443,0.0,0.0,5.0,5.0,0.2670172112053638,0
/home/daplab/30006664/kv_allindia_dec2023/audios/dh_3-a-24_kv_kv-malkapuram_04122023-000000-1_HI-KV-001_1.wav,मंत्रियों,मंत्रियों,c,26.64,27.36,m aa q t r ii y oo q,m aa q t r ii y oo q,0.0,* m aa q t r ii y oo q *,m aa q t r ii y oo q,1332.0,1368.0,36.0,-0.1028693243861198,-0.3669379353523254,-0.0101927202194929,-0.7003988027572632,-12.524154663085938,-0.3478931784629822,2.113292612193618e-05,1.56852388381958,0.0435701087117195,0.5237134695053101,50.448089599609375,1.401335835456848,0.9602782130241394,35.85745620727539,0.9960404634475708,0.7411923408508301,29.746387481689453,0.8262885212898254,0.003637897549197,1.7144668102264404,0.0476240776479244,0.8978285789489746,33.92179107666016,0.9422719478607178,0.0630496442317962,9.504465103149414,0.2640129327774048,0.6329113245010376,27.22891616821289,0.756358802318573,0.2104592472314834,13.733588218688965,0.381488561630249,0.0,0.0,9.0,9.0,0.2670172112053638,0
/home/daplab/30006664/kv_allindia_dec2023/audios/dh_3-a-24_kv_kv-malkapuram_04122023-000000-1_HI-KV-001_1.wav,से,से,c,27.36,27.75,s ee,s ee,0.0,s ee *,s ee,1368.0,1388.0,20.0,-0.0445273406803607,-0.0672245621681213,-0.0033612281549721,-0.4920735657215118,-3.967540740966797,-0.1983770430088043,1.4391304830496663e-05,0.3035758733749389,0.0151787940412759,0.489531397819519,19.164255142211918,0.9582127332687378,0.9826808571815492,19.97382164001465,0.9986910820007324,0.7358417510986328,17.498838424682617,0.8749419450759888,0.0032390924170613,2.0650670528411865,0.103253349661827,0.9114465713500975,19.275020599365234,0.9637510180473328,0.0911313220858573,8.617011070251465,0.4308505654335022,0.6637183427810669,16.582015991210938,0.8291007876396179,0.2409364283084869,10.24380111694336,0.512190043926239,0.0,0.0,2.0,2.0,0.2670172112053638,0
/home/daplab/30006664/kv_allindia_dec2023/audios/dh_3-a-24_kv_kv-malkapuram_04122023-000000-1_HI-KV-001_1.wav,पैरों,पैरों,c,27.75,28.38,p ee r oo q,p ee r oo q,0.0,p ee r oo q *,p ee r oo q,1387.0,1419.0,32.0,-0.5716660618782043,-1.362545371055603,-0.0425795428454875,-1.0249735116958618,-9.422812461853027,-0.2944628894329071,1.542213612992782e-05,2.3679463863372803,0.07399832457304,0.5223581194877625,37.21871566772461,1.163084864616394,0.7916503548622131,31.49548721313477,0.9842339754104614,0.7112393379211426,27.24882125854492,0.8515256643295288,0.0018991370452567,2.4563426971435547,0.076760709285736,0.8593176007270813,30.456863403320312,0.9517769813537598,0.0222460534423589,11.353636741638184,0.3548011481761932,0.5588312149047852,25.34837532043457,0.7921367287635803,0.1510955542325973,14.406864166259766,0.4502145051956177,0.0,0.0,5.0,5.0,0.2670172112053638,0
/home/daplab/30006664/kv_allindia_dec2023/audios/dh_3-a-24_kv_kv-malkapuram_04122023-000000-1_HI-KV-001_1.wav,में,में,c,28.38,28.71,m ee q,m ee q,0.0,m ee q *,m ee q,1419.0,1436.0,17.0,-0.1379586607217788,-0.3281806707382202,-0.0193047448992729,-0.6940646767616272,-5.450540542602539,-0.3206200301647186,1.584836354595609e-05,1.1642184257507324,0.0684834346175193,0.5029573440551758,21.282751083374023,1.2519265413284302,0.9469608664512634,16.8730411529541,0.9925318360328674,0.724997341632843,14.333159446716309,0.8431270122528076,0.0025598783977329,1.1667065620422363,0.0686298012733459,0.9054083824157716,16.11847686767578,0.9481456875801086,0.0773981139063835,5.346766471862793,0.3145156800746918,0.6496992111206055,13.20979118347168,0.7770465612411499,0.2265920042991638,7.1548380851745605,0.4208728373050689,0.0,0.0,3.0,3.0,0.2670172112053638,0
/home/daplab/30006664/kv_allindia_dec2023/audios/dh_3-a-24_kv_kv-malkapuram_04122023-000000-1_HI-KV-001_1.wav,दर्द,दर्द,c,29.1,29.61,d aa r d,d aa r d,0.0,d aa r d *,d aa r d,1455.0,1481.0,26.0,-0.5451624393463135,-0.914208173751831,-0.0351618528366088,-1.0487253665924072,-7.45753288269043,-0.2868281900882721,1.5934270777506754e-05,1.667446255683899,0.0641325488686561,0.5132497549057007,29.93814468383789,1.1514670848846436,0.8006659150123596,25.65985107421875,0.9869173765182496,0.7248207926750183,22.183513641357425,0.8532120585441589,0.0025500915944576,2.1432690620422363,0.0824334248900413,0.8682286739349365,24.760875701904297,0.952341377735138,0.0283100679516792,9.491323471069336,0.3650509119033813,0.5745410919189453,20.66988182067871,0.7949954271316528,0.1622316539287567,11.907867431640623,0.4579949080944061,0.0,0.0,4.0,4.0,0.2670172112053638,0
/home/daplab/30006664/kv_allindia_dec2023/audios/dh_3-a-24_kv_kv-malkapuram_04122023-000000-1_HI-KV-001_1.wav,होने,होने,c,29.61,30.21,hh oo n ee,hh oo n ee,0.0,* hh oo n ee *,hh oo n ee,1480.0,1511.0,31.0,-0.194148764014244,-0.2600615620613098,-0.008389082737267,-0.6455455422401428,-7.488981246948242,-0.2415800392627716,2.3039776351652108e-05,0.8467661738395691,0.0273150373250246,0.4833282232284546,33.2974739074707,1.074112057685852,0.9258770942687988,30.90013885498047,0.996778666973114,0.7456744909286499,26.747106552124023,0.8628098964691162,0.0040095262229442,2.8841121196746826,0.093035876750946,0.9025425910949708,29.69852066040039,0.9580168128013612,0.0716247111558914,12.020647048950195,0.3877628147602081,0.6432502269744873,25.106613159179688,0.8098907470703125,0.220263734459877,14.836216926574709,0.478587657213211,0.0,0.0,4.0,4.0,0.2670172112053638,0
/home/daplab/30006664/kv_allindia_dec2023/audios/dh_3-a-24_kv_kv-malkapuram_04122023-000000-1_HI-KV-001_1.wav,की,की,c,30.21,30.51,k II,k II,0.0,k II *,k II,1510.0,1526.0,16.0,-0.0514794774353504,-0.0766556486487388,-0.0047909780405461,-0.6609213352203369,-4.22630500793457,-0.2641440629959106,1.61722709890455e-05,0.363730639219284,0.0227331649512052,0.4799914360046386,18.664684295654297,1.1665427684783936,0.9799941182136536,15.970157623291016,0.9981348514556884,0.7101540565490723,13.61741542816162,0.8510884642601013,0.001854931237176,1.2905796766281128,0.080661229789257,0.8895111083984375,15.258338928222656,0.953646183013916,0.0503463745117187,5.713237762451172,0.3570773601531982,0.6154301166534424,12.733318328857422,0.7958323955535889,0.1947936564683914,7.268233299255371,0.4542645812034607,0.0,0.0,2.0,2.0,0.2670172112053638,0
/home/daplab/30006664/kv_allindia_dec2023/audios/dh_3-a-24_kv_kv-malkapuram_04122023-000000-1_HI-KV-001_1.wav,शिकायत,शिकायत,c,30.66,31.47,sh ii k AA y aa t,sh ii k AA y aa t,0.0,sh ii k AA y aa t *,sh ii k AA y aa t,1533.0,1574.0,41.0,-0.3203888535499573,-0.4662225842475891,-0.0113712828606367,-0.9819640517234802,-10.975553512573242,-0.2676964402198791,1.4720158105774315e-05,1.318275809288025,0.0321530699729919,0.5068467259407043,46.76522064208984,1.1406151056289673,0.8795753717422485,40.822853088378906,0.9956793189048768,0.7042754888534546,35.00030517578125,0.8536660075187683,0.0016327715711668,3.491816282272339,0.0851662531495094,0.8628053665161133,39.09487915039063,0.95353364944458,0.0244471244513988,15.222678184509276,0.3712848424911499,0.5648905038833618,32.73502349853516,0.7984151840209961,0.1553064286708831,19.006406784057617,0.4635708928108215,0.0,0.0,7.0,7.0,0.2670172112053638,0
/home/daplab/30006664/kv_allindia_dec2023/audios/dh_3-a-24_kv_kv-malkapuram_04122023-000000-1_HI-KV-001_1.wav,की,की,c,31.5,31.89,k II,k ee,2.0,k ee *,k ee,1575.0,1595.0,20.0,-0.5939396023750305,-1.0892077684402466,-0.0544603876769542,-1.215302586555481,-7.040024280548096,-0.3520012199878692,1.3779697837890126e-05,2.097155332565308,0.1048577651381492,0.4714729785919189,25.611228942871094,1.280561447143555,0.7841198444366455,19.59673309326172,0.979836642742157,0.6521140336990356,16.70069122314453,0.8350345492362976,0.0005264123319648,1.5197893381118774,0.0759894698858261,0.8309910893440247,18.84512710571289,0.9422563314437866,0.0103388167917728,6.612558841705322,0.3306279480457306,0.5133832693099976,15.414172172546388,0.7707086205482483,0.1226200088858604,8.545681953430176,0.4272840917110443,4.547668187662332,1.0,2.0,2.0,0.9342651191079336,1
/home/daplab/30006664/kv_allindia_dec2023/audios/dh_3-a-24_kv_kv-malkapuram_04122023-000000-1_HI-KV-001_1.wav,राजा,राजा,c,33.66,34.17,r AA j AA,r AA j AA,0.0,r AA j AA *,r AA j AA,1682.0,1709.0,27.0,-0.5609776973724365,-1.0960378646850586,-0.04059399664402,-0.87845778465271,-7.441546440124512,-0.2756128311157226,1.599873576196842e-05,1.9288148880004885,0.0714375898241996,0.4976292252540588,29.625946044921875,1.0972572565078735,0.7952789664268494,26.593212127685547,0.9849337935447692,0.7408000230789185,23.19442176818848,0.8590526580810547,0.0036070544738322,2.4411773681640625,0.0904139801859855,0.8971933126449585,25.7865047454834,0.9550557136535645,0.0619753822684288,10.244756698608398,0.3794354200363159,0.6315426230430603,21.668798446655277,0.8025481104850769,0.2091920226812362,12.709754943847656,0.4707316756248474,0.0,0.0,4.0,4.0,0.2670172112053638,0
/home/daplab/30006664/kv_allindia_dec2023/audios/dh_3-a-24_kv_kv-malkapuram_04122023-000000-1_HI-KV-001_1.wav,का,का,c,34.17,34.41,k AA,k AA,0.0,* k AA *,k AA,1708.0,1721.0,13.0,-0.3650332391262054,-0.608405590057373,-0.0468004308640956,-0.809091329574585,-4.231215000152588,-0.3254780769348144,2.011596734519117e-05,1.3920279741287231,0.1070790737867355,0.4698623418807983,15.741734504699709,1.2109026908874512,0.8635474443435669,12.76964282989502,0.9822801947593688,0.7712854146957397,11.03935432434082,0.8491811156272888,0.0069898013025522,0.922743022441864,0.0709802359342575,0.9030941128730774,12.348264694213867,0.949866533279419,0.0727013647556305,4.151577472686768,0.3193521201610565,0.6444815397262573,10.157831192016602,0.7813716530799866,0.2214591801166534,5.532779216766357,0.4255984127521515,0.0,0.0,2.0,2.0,0.2670172112053638,0
/home/daplab/30006664/kv_allindia_dec2023/audios/dh_3-a-24_kv_kv-malkapuram_04122023-000000-1_HI-KV-001_1.wav,कहना,कहना,c,34.41,35.07,k aa hh aa n AA,k aa hh aa n AA,0.0,k aa hh aa n AA *,k aa hh aa n AA,1720.0,1754.0,34.0,-0.692807137966156,-0.9129600524902344,-0.0268517658114433,-0.9666498303413392,-9.37022590637207,-0.2755948901176452,1.2987794434593525e-05,1.6193780899047852,0.0476287677884101,0.4701019823551178,38.71849060058594,1.1387791633605957,0.7511947154998779,33.665794372558594,0.990170419216156,0.735957145690918,29.078514099121094,0.8552504181861877,0.0032472144812345,2.873661756515503,0.0845194607973098,0.8818758130073547,32.43631362915039,0.9540092349052428,0.0409513413906097,12.354588508605955,0.3633702397346496,0.6001659631729126,27.12240219116211,0.7977176904678345,0.1819988638162613,15.600099563598633,0.4588264524936676,0.0,0.0,6.0,6.0,0.2670172112053638,0
/home/daplab/30006664/kv_allindia_dec2023/audios/dh_3-a-24_kv_kv-malkapuram_04122023-000000-1_HI-KV-001_1.wav,था,था,c,35.52,35.91,th AA,th AA,0.0,th AA *,th AA,1776.0,1796.0,20.0,-0.0481810830533504,-0.0746475607156753,-0.003732378128916,-0.6152480840682983,-4.371764659881592,-0.2185882329940796,1.822834383347072e-05,0.3541754782199859,0.0177087746560573,0.4714011549949646,20.210023880004883,1.0105011463165283,0.9812682271003724,19.970928192138672,0.9985464215278624,0.6978795528411865,17.366052627563477,0.8683026432991028,0.0014211701927706,1.9544509649276731,0.0977225452661514,0.8909446001052856,19.21357727050781,0.9606788754463196,0.0523370094597339,8.276180267333984,0.4138090014457702,0.6183770298957825,16.401165008544922,0.8200582265853882,0.1973568797111511,9.95779037475586,0.4978895187377929,0.0,0.0,2.0,2.0,0.2670172112053638,0
/home/daplab/30006664/kv_allindia_dec2023/audios/dh_3-a-24_kv_kv-malkapuram_04122023-000000-1_HI-KV-001_1.wav,कि,कि,c,35.91,36.3,k ii,k ii,0.0,k ii *,k ii,1795.0,1815.0,20.0,-0.1364432424306869,-0.154409110546112,-0.0077204555273056,-0.641096293926239,-5.97476053237915,-0.298738032579422,1.3801829481963068e-05,0.5201987624168396,0.0260099377483129,0.4625182449817657,25.487808227539062,1.274390459060669,0.9475336670875548,19.940509796142575,0.9970254898071288,0.714256227016449,16.767135620117188,0.8383567929267883,0.0020276315044611,1.5880237817764282,0.0794011875987052,0.8947041630744934,18.958589553833008,0.9479295015335084,0.0579397715628147,6.661431312561035,0.3330715596675873,0.6262345314025879,15.60009479522705,0.7800047397613525,0.2043437659740448,8.68509578704834,0.4342547953128814,0.0,0.0,2.0,2.0,0.2670172112053638,0
/home/daplab/30006664/kv_allindia_dec2023/audios/dh_3-a-24_kv_kv-malkapuram_04122023-000000-1_HI-KV-001_1.wav,मार्ग,मार्ग,c,36.63,37.26,m AA r g,m AA r g,0.0,m AA r g *,m AA r g,1831.0,1863.0,32.0,-0.0741537660360336,-0.1055575907230377,-0.0032986747100949,-0.6663017272949219,-7.261300086975098,-0.2269156277179718,2.2608553990721703e-05,0.4763791263103485,0.0148868476971983,0.5621897578239441,33.80524826049805,1.056414008140564,0.9712638854980468,31.958988189697266,0.9987183809280396,0.7200090885162354,27.57396697998047,0.8616864681243896,0.0022972458973526,2.91327166557312,0.09103973954916,0.8901554942131042,30.672513961791992,0.9585160613059998,0.0512317046523094,12.82789707183838,0.4008717834949493,0.6167515516281128,26.03065490722656,0.8134579658508301,0.1959392428398132,15.59616470336914,0.4873801469802856,0.0,0.0,4.0,4.0,0.2670172112053638,0
/home/daplab/30006664/kv_allindia_dec2023/audios/dh_3-a-24_kv_kv-malkapuram_04122023-000000-1_HI-KV-001_1.wav,में,में,c,37.26,37.68,m ee q,m ee q,0.0,* m ee q *,m ee q,1862.0,1884.0,22.0,-0.3363882601261139,-0.5445598363876343,-0.0247527193278074,-0.7028253078460693,-6.335256099700928,-0.2879661917686462,1.2873028026660904e-05,1.3659799098968506,0.0620899945497512,0.4861005544662475,25.55843162536621,1.161746859550476,0.873810887336731,21.79329490661621,0.9906043410301208,0.7267262935638428,18.759910583496094,0.8527231812477112,0.0026577520184218,1.772444248199463,0.0805656462907791,0.9043561816215516,20.963048934936523,0.9528658390045166,0.0752262324094772,7.695587635040283,0.3497994244098663,0.6473166346549988,17.439661026000977,0.7927118539810181,0.2242346107959747,9.87741756439209,0.448973536491394,0.0,0.0,3.0,3.0,0.2670172112053638,0
/home/daplab/30006664/kv_allindia_dec2023/audios/dh_3-a-24_kv_kv-malkapuram_04122023-000000-1_HI-KV-001_1.wav,जो,जो,c,38.07,38.55,j oo,j oo,0.0,j oo *,j oo,1903.0,1928.0,25.0,-0.192638024687767,-0.3072684705257416,-0.0122907385230064,-0.8269291520118713,-8.605539321899414,-0.3442215621471405,1.5695361071266234e-05,1.0129393339157104,0.0405175723135471,0.5151085257530212,34.73150634765625,1.3892602920532229,0.9264400601387024,24.881839752197266,0.9952735900878906,0.6729660630226135,20.564626693725582,0.8225850462913513,0.0008276510052382,1.7335680723190308,0.0693427249789238,0.8640072345733643,23.50894927978516,0.9403579831123352,0.0252549797296524,7.580819129943848,0.3032327592372894,0.5670046806335449,19.007080078125,0.7602832317352295,0.1568003594875335,10.186903953552246,0.4074761569499969,0.0,0.0,2.0,2.0,0.2670172112053638,0
/home/daplab/30006664/kv_allindia_dec2023/audios/dh_3-a-24_kv_kv-malkapuram_04122023-000000-1_HI-KV-001_1.wav,कंकड,कंकड,c,39.15,39.81,<UNK>,k aa q k aa D,5.80136789320264,k aa q k aa D *,k aa q k aa D,1957.0,1991.0,34.0,-0.3710309565067291,-0.7793605923652649,-0.0229223705828189,-1.4238752126693726,-11.090452194213867,-0.3261897563934326,1.46686970765586e-05,2.255537271499634,0.0663393288850784,0.5002124309539795,42.41132736206055,1.247391939163208,0.8614078164100647,33.703514099121094,0.9912798404693604,0.5344380736351013,28.502695083618164,0.8383145332336426,4.095219628652558e-05,2.6663241386413574,0.0784212946891784,0.7532631158828735,32.11079025268555,0.9444350004196168,0.0012627495452761,11.647467613220217,0.3425725698471069,0.4137855768203735,26.43254852294922,0.7774279117584229,0.0759390816092491,14.86652374267578,0.4372507035732269,,,1.0,6.0,0.9210397588221279,1
/home/daplab/30006664/kv_allindia_dec2023/audios/dh_3-a-24_kv_kv-malkapuram_04122023-000000-1_HI-KV-001_1.wav,पत्थर,पत्थर,c,40.14,40.86,p aa t th aa r,p aa t th aa r,0.0,p aa t th aa r *,p aa t th aa r,2007.0,2043.0,36.0,-0.2084075808525085,-0.718036413192749,-0.0199454557150602,-0.8885602355003357,-12.701202392578123,-0.352811187505722,1.635442276892718e-05,2.372135162353516,0.065892644226551,0.5083354115486145,47.583797454833984,1.3217720985412598,0.9205738306045532,35.723785400390625,0.9923273921012878,0.6746132373809814,29.937997817993164,0.8316110372543335,0.0008577714324928,2.7020905017852783,0.0750580728054046,0.8589996099472046,33.88743591308594,0.9413176774978638,0.0220555067062377,11.500714302062988,0.3194642961025238,0.558284342288971,27.558218002319336,0.7655060291290283,0.1507205516099929,15.080192565917969,0.4188942313194275,0.0,0.0,6.0,6.0,0.2670172112053638,0
/home/daplab/30006664/kv_allindia_dec2023/audios/dh_3-a-24_kv_kv-malkapuram_04122023-000000-1_HI-KV-001_1.wav,थे,थे,c,42.69,43.05,th ee,th ee,0.0,th ee *,th ee,2134.0,2153.0,19.0,-0.2346110343933105,-0.5427334904670715,-0.0285649206489324,-0.8212380409240723,-6.21382999420166,-0.3270436823368072,1.3954385394754354e-05,1.4292008876800537,0.0752210989594459,0.5040252804756165,24.18622398376465,1.2729591131210327,0.9108771681785583,18.792516708374023,0.9890798330307008,0.6583887338638306,15.94163703918457,0.8390335440635681,0.000603201566264,1.3230836391448977,0.0696359798312187,0.8635350465774536,17.97792625427246,0.9462066292762756,0.0249344184994697,6.052209377288818,0.3185373246669769,0.5661723613739014,14.717201232910156,0.7745895385742188,0.1562106758356094,8.017847061157227,0.4219919443130493,0.0,0.0,2.0,2.0,0.2670172112053638,0
/home/daplab/30006664/kv_allindia_dec2023/audios/dh_3-a-24_kv_kv-malkapuram_04122023-000000-1_HI-KV-001_1.wav,वे,वे,c,43.29,43.68,w ee,w ee,0.0,w ee *,w ee,2164.0,2184.0,20.0,-0.1132273599505424,-0.2601761221885681,-0.0130088059231638,-0.8651831150054932,-6.576183319091797,-0.3288091719150543,2.417472933302633e-05,1.0729141235351562,0.0536457076668739,0.5743000507354736,26.02826690673828,1.3014132976531982,0.9563350081443788,19.899145126342773,0.9949572682380676,0.6939379572868347,16.7537841796875,0.837689220905304,0.0013046627864241,1.1796737909317017,0.0589836910367012,0.8705800771713257,18.910362243652344,0.9455181360244752,0.0301693249493837,6.028141975402832,0.3014070987701416,0.5788155794143677,15.403810501098633,0.7701905369758606,0.1653871536254882,8.184521675109863,0.4092260897159576,0.0,0.0,2.0,2.0,0.2670172112053638,0
/home/daplab/30006664/kv_allindia_dec2023/audios/dh_3-a-24_kv_kv-malkapuram_04122023-000000-1_HI-KV-001_1.wav,मेरे,मेरे,c,43.68,44.25,m ee r ee,m ee r ee,0.0,m ee r ee *,m ee r ee,2184.0,2213.0,29.0,-0.3018687069416046,-0.6665940880775452,-0.022986002266407,-0.7906333804130554,-7.3381028175354,-0.2530380189418793,2.2053171051084064e-05,1.6273170709609983,0.0561143830418586,0.5103499293327332,30.383708953857425,1.047714114189148,0.8862770199775696,28.74638938903809,0.9912548065185548,0.7337610125541687,25.127412796020508,0.8664625287055969,0.003096088534221,2.8442859649658203,0.0980788245797157,0.904135763645172,27.78135108947754,0.9579776525497437,0.074779026210308,11.520668029785156,0.3972644209861755,0.6468197107315063,23.5345401763916,0.8115358948707581,0.2237458229064941,14.064905166625977,0.4849967360496521,0.0,0.0,4.0,4.0,0.2670172112053638,0
/home/daplab/30006664/kv_allindia_dec2023/audios/dh_3-a-24_kv_kv-malkapuram_04122023-000000-1_HI-KV-001_1.wav,पैरों,पैरों,c,44.25,44.88,p ee r oo q,p ee r oo q,0.0,p ee r oo q *,p ee r oo q,2212.0,2244.0,32.0,-0.0434293895959854,-0.2098174393177032,-0.0065567949786782,-0.6339864730834961,-8.874654769897461,-0.2773329615592956,1.578671253810171e-05,1.0032494068145752,0.0313515439629554,0.5110442638397217,37.894927978515625,1.1842164993286133,0.9831055998802184,31.91823005676269,0.9974446892738342,0.736436665058136,27.2436466217041,0.8513639569282532,0.0032811814453452,2.26093864440918,0.0706543326377868,0.9050299525260924,30.491544723510746,0.9528607726097108,0.0766099095344543,10.905370712280272,0.3407928347587585,0.6488403081893921,25.322221755981445,0.7913194298744202,0.2257395684719085,14.13227653503418,0.4416336417198181,0.0,0.0,5.0,5.0,0.2670172112053638,0
/home/daplab/30006664/kv_allindia_dec2023/audios/dh_3-a-24_kv_kv-malkapuram_04122023-000000-1_HI-KV-001_1.wav,में,में,c,44.88,45.21,m ee q,m ee q,0.0,m ee q *,m ee q,2244.0,2261.0,17.0,-0.0609954819083213,-0.0728542953729629,-0.0042855469509959,-0.541115403175354,-4.219324588775635,-0.2481955587863922,1.3788612704956904e-05,0.3150278925895691,0.0185310523957014,0.5002769827842712,19.202381134033203,1.129551887512207,0.976324200630188,16.97168731689453,0.998334527015686,0.722615122795105,14.535077095031738,0.8550045490264893,0.0024309079162776,1.3698623180389404,0.0805801376700401,0.9039831757545472,16.250957489013672,0.9559386968612672,0.0744710639119148,6.248072624206543,0.3675336837768554,0.6464762687683105,13.637816429138184,0.8022245168685913,0.2234085351228714,7.861666202545166,0.4624509513378143,0.0,0.0,3.0,3.0,0.2670172112053638,0
/home/daplab/30006664/kv_allindia_dec2023/audios/dh_3-a-24_kv_kv-malkapuram_04122023-000000-1_HI-KV-001_1.wav,चुभ,चुभ,c,45.45,45.72,c uu bh,c uu bh,0.0,c uu bh *,c uu bh,2272.0,2286.0,14.0,-1.1841436624526978,-1.44520902633667,-0.1032292172312736,-2.2446956634521484,-7.092652320861816,-0.5066180229187012,3.503483458189294e-05,2.790693044662476,0.1993352174758911,0.642275869846344,21.19577407836914,1.5139838457107544,0.5991143584251404,13.498285293579102,0.9641632437705994,0.3795039057731628,11.062186241149902,0.7901561856269836,1.418989427293127e-06,0.8441432118415833,0.0602959431707859,0.5704451203346252,12.748126983642578,0.9105805158615112,8.985820386442356e-06,4.009527206420898,0.2863948047161102,0.256524920463562,10.08316421508789,0.720225989818573,0.0318312980234622,5.32306432723999,0.380218893289566,0.0,0.0,3.0,3.0,0.2670172112053638,0
/home/daplab/30006664/kv_allindia_dec2023/audios/dh_3-a-24_kv_kv-malkapuram_04122023-000000-1_HI-KV-001_1.wav,गए,गए,c,45.72,46.17,g ee,g ee,0.0,* g ee *,g ee,2286.0,2309.0,23.0,-0.322952389717102,-0.9937728643417358,-0.0432075150310993,-0.9896578192710876,-8.36349105834961,-0.3636300563812256,3.672360980999656e-05,2.420403480529785,0.1052349358797073,0.4820102453231811,30.301795959472656,1.317469358444214,0.8786501288414001,22.622713088989254,0.9835962057113647,0.723569393157959,19.223041534423828,0.8357844352722168,0.0024817734956741,1.406397581100464,0.0611477196216583,0.8674228191375732,21.676868438720703,0.942472517490387,0.0276995990425348,6.861339569091797,0.2983191013336181,0.5730888843536377,17.570209503173828,0.7639221549034119,0.1611720770597458,9.300339698791504,0.4043625891208648,0.0,0.0,2.0,2.0,0.2670172112053638,0
/home/daplab/30006664/kv_allindia_dec2023/audios/dh_3-a-24_kv_kv-malkapuram_04122023-000000-1_HI-KV-001_1.wav,और,और,c,46.17,46.59,OO r,OO r,0.0,OO r *,OO r,2308.0,2330.0,22.0,-0.1353134959936142,-0.2979862689971924,-0.0135448304936289,-0.6361724734306335,-5.336255073547363,-0.2425570487976074,1.3690442756342236e-05,0.9876197576522828,0.0448918081820011,0.4767824113368988,22.99323272705078,1.045146942138672,0.9479607343673706,21.884906768798828,0.994768500328064,0.7151784896850586,18.97796440124512,0.8626347184181213,0.0020686208736151,2.1715099811553955,0.0987050011754036,0.901352047920227,21.069419860839844,0.9577009081840516,0.0693548470735549,8.908293724060059,0.4049224555492401,0.6406081318855286,17.87213134765625,0.8123695850372314,0.2177187651395797,10.786514282226562,0.4902960956096649,0.0,0.0,2.0,2.0,0.2670172112053638,0
/home/daplab/30006664/kv_allindia_dec2023/audios/dh_3-a-24_kv_kv-malkapuram_04122023-000000-1_HI-KV-001_1.wav,इसके,इसके,c,47.01,47.7,ii s aa k ee,ii s aa k ee,0.0,ii s aa k ee *,ii s aa k ee,2350.0,2385.0,35.0,-0.1342229843139648,-0.3352694511413574,-0.0095791267231106,-0.8238741159439087,-9.524721145629885,-0.2721349000930786,1.6721674910513684e-05,1.2926983833312988,0.0369342379271984,0.4897218644618988,39.671085357666016,1.1334595680236816,0.9483732581138612,34.87021255493164,0.9962918162345886,0.7062720656394958,29.944822311401367,0.8555663228034973,0.0017050685128197,3.1171016693115234,0.0890600457787513,0.8787662386894226,33.36726379394531,0.9533503651618958,0.0376475527882576,13.11984157562256,0.3748526275157928,0.5941480398178101,27.9525203704834,0.7986434102058411,0.1771693527698516,16.30789566040039,0.4659398794174194,0.0,0.0,5.0,5.0,0.2670172112053638,0
/home/daplab/30006664/kv_allindia_dec2023/audios/dh_3-a-24_kv_kv-malkapuram_04122023-000000-1_HI-KV-001_1.wav,लिए,लिए,c,47.7,48.27,l ii ee,l ii ee,0.0,* l ii ee *,l ii ee,2385.0,2414.0,29.0,-0.6773783564567566,-0.9398080706596376,-0.0324071757495403,-0.8494972586631775,-7.208347320556641,-0.2485637068748474,1.4762314094696194e-05,1.513941764831543,0.0522048883140087,0.505901038646698,30.56476211547852,1.0539573431015017,0.7562793493270874,28.655162811279297,0.988109052181244,0.7660948038101196,25.08726692199707,0.8650781512260437,0.0062451818957924,2.595628499984741,0.0895044282078743,0.9063112139701844,27.79819679260254,0.9585584998130798,0.079311728477478,11.303516387939451,0.3897764384746551,0.6517575979232788,23.52925682067871,0.8113536834716797,0.2286471277475357,13.922298431396484,0.4800792634487152,0.0,0.0,3.0,3.0,0.2670172112053638,0
/home/daplab/30006664/kv_allindia_dec2023/audios/dh_3-a-24_kv_kv-malkapuram_04122023-000000-1_HI-KV-001_1.wav,कुछ,कुछ,c,48.45,48.87,k uu ch,k uu ch,0.0,k uu ch *,k uu ch,2422.0,2444.0,22.0,-0.3110383152961731,-0.3833892941474914,-0.0174267869442701,-1.004593849182129,-6.479152679443359,-0.2945069372653961,2.243137532786932e-05,0.950317919254303,0.0431962683796882,0.5091203451156616,27.14808654785156,1.2340039014816284,0.882955014705658,21.85476875305176,0.9933986067771912,0.669387698173523,18.488168716430664,0.840371310710907,0.000765812350437,1.5810730457305908,0.0718669593334198,0.8518515825271606,20.874853134155277,0.9488569498062134,0.0181778110563755,7.437819004058838,0.3380826711654663,0.5462262630462646,17.238365173339844,0.7835620641708374,0.1426620632410049,9.611688613891602,0.4368949234485626,0.0,0.0,3.0,3.0,0.2670172112053638,0
/home/daplab/30006664/kv_allindia_dec2023/audios/dh_3-a-24_kv_kv-malkapuram_04122023-000000-1_HI-KV-001_1.wav,इंतजाम,इंतजाम,c,48.93,49.83,ii q t aa j AA m,ii q t aa j AA m,0.0,ii q t aa j AA m *,ii q t aa j AA m,2446.0,2492.0,46.0,-0.5945356488227844,-1.31436026096344,-0.0285730492323637,-0.9875199794769288,-12.925535202026367,-0.2809898853302002,1.7642385500948876e-05,2.4300010204315186,0.0528261102735996,0.4996832907199859,52.243953704833984,1.1357381343841553,0.7839189171791077,45.51385116577149,0.9894315600395204,0.7041763067245483,39.284645080566406,0.8540140390396118,0.001629258506,4.109302043914795,0.0893326550722122,0.8780416250228882,43.829219818115234,0.9528091549873352,0.0369167774915695,17.218137741088867,0.3743073344230652,0.5927613973617554,36.68535614013672,0.7975077629089355,0.1760732680559158,21.40289688110352,0.4652803540229797,0.0,0.0,7.0,7.0,0.2670172112053638,0
/home/daplab/30006664/kv_allindia_dec2023/audios/dh_3-a-24_kv_kv-malkapuram_04122023-000000-1_HI-KV-001_1.wav,करना,करना,c,49.83,50.31,k aa r aa n AA,k aa r aa n AA,0.0,k aa r aa n AA *,k aa r aa n AA,2491.0,2516.0,25.0,-0.3955020904541015,-0.8747540712356567,-0.0349901616573333,-0.85789555311203,-8.226853370666504,-0.3290741443634033,1.576461727381684e-05,1.9441139698028564,0.077764555811882,0.4646551311016083,32.115211486816406,1.2846084833145142,0.8527110815048218,24.66973114013672,0.9867892265319824,0.7454432845115662,20.973709106445312,0.8389483690261841,0.0039894557558,1.6058744192123413,0.0642349794507026,0.8947605490684509,23.67254638671875,0.9469018578529358,0.0580282323062419,7.610459327697754,0.3044183850288391,0.6263538599014282,19.31968879699707,0.7727875709533691,0.2044515907764434,10.332505226135254,0.4133002161979675,0.0,0.0,6.0,6.0,0.2670172112053638,0
/home/daplab/30006664/kv_allindia_dec2023/audios/dh_3-a-24_kv_kv-malkapuram_04122023-000000-1_HI-KV-001_1.wav,चाहिए,चाहिए,c,50.31,51.06,c AA hh ii ee,c AA hh ii ee,0.0,* c AA hh ii ee,c AA hh ii ee,2515.0,2553.0,38.0,-0.5196422934532166,-1.2091611623764038,-0.0318200290203094,-1.2630887031555176,-11.420549392700195,-0.3005407750606537,2.369744652241934e-05,2.4957118034362797,0.0656766295433044,0.5307250022888184,45.27473831176758,1.191440463066101,0.8094035387039185,37.548946380615234,0.9881301522254944,0.6486446857452393,32.236656188964844,0.8483330607414246,0.0004882345383521,2.746861219406128,0.0722858235239982,0.8187179565429688,36.10400390625,0.950105369091034,0.0074179787188768,13.084500312805176,0.3443289697170257,0.4954973459243774,29.922592163085938,0.7874366641044617,0.1127828806638717,16.797422409057617,0.442037433385849,0.0,0.0,5.0,5.0,0.2670172112053638,0
/home/daplab/30006664/kv_allindia_dec2023/audios/ay_3-c-6_kv_kv-afs-bareilly_04122023-000000-1_HI-KV-001_2.wav,कुछ,कुछ,c,0.99,1.29,k uu ch,k uu ch,0.0,k uu ch *,k uu ch,49.0,65.0,16.0,-0.6010821461677551,-0.8506415486335754,-0.0531650967895984,-1.00587260723114,-5.728294849395752,-0.3580184280872345,5.451938341138885e-05,1.4438637495040894,0.0902414843440055,0.6218156218528748,21.436906814575195,1.3398066759109497,0.7817138433456421,15.685901641845703,0.9803688526153564,0.6919644474983215,13.24205207824707,0.8276282548904419,0.0012499679578468,1.001893401145935,0.0626183375716209,0.8777063488960266,15.067923545837402,0.9417452216148376,0.0365835092961788,4.852442264556885,0.3032776415348053,0.592121958732605,12.210687637329102,0.7631679773330688,0.175569862127304,6.514865875244141,0.4071791172027588,0.0,0.0,3.0,3.0,0.2670172112053638,0
/home/daplab/30006664/kv_allindia_dec2023/audios/ay_3-c-6_kv_kv-afs-bareilly_04122023-000000-1_HI-KV-001_2.wav,देर,देर,c,1.29,1.59,d ee r,d ee r,0.0,d ee r *,d ee r,64.0,80.0,16.0,-0.6596759557723999,-1.1771551370620728,-0.0735721960663795,-0.9563475251197816,-5.112480163574219,-0.3195300102233886,2.642025901877787e-05,1.591158747673035,0.0994474217295646,0.5650311708450317,18.886451721191406,1.180403232574463,0.7621375322341919,15.570009231567385,0.9731255769729614,0.7340625524520874,13.602314949035645,0.8501446843147278,0.003116414649412,1.3009506464004517,0.0813094154000282,0.8965104222297668,15.206854820251465,0.9504284262657166,0.0608410835266113,5.595481872558594,0.3497176170349121,0.6300778388977051,12.60963535308838,0.7881022095680237,0.207843616604805,7.144515037536621,0.4465321898460388,0.0,0.0,3.0,3.0,0.2670172112053638,0
/home/daplab/30006664/kv_allindia_dec2023/audios/ay_3-c-6_kv_kv-afs-bareilly_04122023-000000-1_HI-KV-001_2.wav,विचार,विचार,c,1.59,2.13,w ii c AA r,w ii c AA r,0.0,* w ii c AA r *,w ii c AA r,79.0,107.0,28.0,-0.5910341143608093,-1.042327880859375,-0.0372259952127933,-0.8950004577636719,-7.929653644561768,-0.2832019031047821,1.2884145689895377e-05,1.7795345783233645,0.0635548084974289,0.4728954434394836,32.37661361694336,1.156307578086853,0.7850996255874634,27.613513946533203,0.9861969351768494,0.7418999671936035,23.848772048950195,0.8517418503761292,0.003694194369018,2.4079012870788574,0.0859964713454246,0.9019185304641724,26.685726165771484,0.9530616402626038,0.0704257488250732,10.091983795166016,0.3604280054569244,0.6418626308441162,22.261669158935547,0.7950596213340759,0.2189236879348755,12.787529945373535,0.4566974937915802,0.0,0.0,5.0,5.0,0.2670172112053638,0
/home/daplab/30006664/kv_allindia_dec2023/audios/ay_3-c-6_kv_kv-afs-bareilly_04122023-000000-1_HI-KV-001_2.wav,करने,करने,c,2.13,2.58,k aa r aa n ee,k aa r aa n ee,0.0,k aa r aa n ee *,k aa r aa n ee,106.0,129.0,23.0,-0.6771753430366516,-1.8356893062591555,-0.079812578856945,-0.9258450269699096,-8.973986625671387,-0.3901733458042145,1.639473339309916e-05,2.9845075607299805,0.129761204123497,0.4716855585575104,30.974136352539062,1.3467016220092771,0.7563465237617493,22.32558250427246,0.9706774950027466,0.746637225151062,19.151275634765625,0.8326641321182251,0.0040941750630736,1.465042233467102,0.0636974871158599,0.8911510109901428,21.648868560791016,0.9412551522254944,0.0526300892233848,6.561829090118408,0.2852969169616699,0.6188036203384399,17.44042205810547,0.7582792043685913,0.1977304816246032,9.106415748596191,0.3959311246871948,0.0,0.0,6.0,6.0,0.2670172112053638,0
/home/daplab/30006664/kv_allindia_dec2023/audios/ay_3-c-6_kv_kv-afs-bareilly_04122023-000000-1_HI-KV-001_2.wav,के,के,c,2.58,2.88,k ee,k ee,0.0,k ee *,k ee,129.0,144.0,15.0,-0.0466132648289203,-0.0967428535223007,-0.0064495233818888,-0.5040342807769775,-3.5065231323242188,-0.2337682098150253,1.551634159113746e-05,0.4309596121311188,0.0287306401878595,0.475991278886795,15.512370109558104,1.0341579914093018,0.9818742871284484,14.962328910827637,0.9974886178970336,0.7900769710540771,13.025917053222656,0.8683944940567017,0.0105091240257024,1.4778984785079956,0.0985265672206878,0.922357439994812,14.397595405578612,0.9598397016525269,0.1224192827939987,5.9779791831970215,0.3985319435596466,0.6906833052635193,12.230095863342283,0.8153397440910339,0.2709426283836365,7.32046365737915,0.4880309104919433,0.0,0.0,2.0,2.0,0.2670172112053638,0
/home/daplab/30006664/kv_allindia_dec2023/audios/ay_3-c-6_kv_kv-afs-bareilly_04122023-000000-1_HI-KV-001_2.wav,बाद,बाद,c,2.88,3.27,b AA d,b AA d,0.0,b AA d *,b AA d,144.0,164.0,20.0,-0.1157707795500755,-0.218037411570549,-0.0109018702059984,-0.6304298043251038,-5.261144638061523,-0.2630572319030761,2.2180171072250232e-05,0.7448936104774475,0.0372446812689304,0.4717164933681488,22.745758056640625,1.1372878551483154,0.9553682208061218,19.91573143005371,0.9957865476608276,0.730664849281311,17.079017639160156,0.8539508581161499,0.0028948965482413,1.6943070888519287,0.0847153514623642,0.8995476365089417,19.08946228027344,0.9544731378555298,0.0660508573055267,7.356237888336182,0.3678118884563446,0.6366438865661621,15.984752655029297,0.7992376089096069,0.2139513045549392,9.24526023864746,0.4622630178928375,0.0,0.0,3.0,3.0,0.2670172112053638,0
/home/daplab/30006664/kv_allindia_dec2023/audios/ay_3-c-6_kv_kv-afs-bareilly_04122023-000000-1_HI-KV-001_2.wav,उसने,उसने,c,3.3,3.9,uu s aa n ee,uu s aa n ee,0.0,uu s aa n ee *,uu s aa n ee,165.0,195.0,30.0,-0.5543493628501892,-1.0890157222747805,-0.0363005250692367,-0.9107182025909424,-9.243906021118164,-0.3081302046775818,9.977407898986712e-06,1.91095769405365,0.0636985898017883,0.4672891497611999,36.1500244140625,1.2050007581710815,0.7975340485572815,29.59703063964844,0.9865676760673524,0.6987560987472534,25.36066055297852,0.8453553318977356,0.0014484610874205,2.46586275100708,0.0821954235434532,0.8891454935073853,28.471059799194336,0.949035346508026,0.0498509220778942,10.55738639831543,0.3519128859043121,0.6146827936172485,23.57710838317871,0.7859036326408386,0.1941484957933426,13.40759563446045,0.4469198584556579,0.0,0.0,5.0,5.0,0.2670172112053638,0
/home/daplab/30006664/kv_allindia_dec2023/audios/ay_3-c-6_kv_kv-afs-bareilly_04122023-000000-1_HI-KV-001_2.wav,अपने,अपने,c,4.23,4.86,aa p aa n ee,aa p aa n ee,0.0,aa p aa n ee *,aa p aa n ee,211.0,243.0,32.0,-0.6904897093772888,-1.5573265552520752,-0.0486664548516273,-1.1226791143417358,-9.388079643249512,-0.2933774888515472,1.192685704154428e-05,2.573336362838745,0.0804167613387107,0.5026184916496277,36.7821044921875,1.1494407653808594,0.7519572377204895,31.42691421508789,0.9820910692214966,0.7094906568527222,27.30080795288086,0.8531502485275269,0.0018284185789525,2.5400843620300293,0.0793776363134384,0.8473115563392639,30.46893310546875,0.9521541595458984,0.0160769969224929,11.556282043457031,0.3611338138580322,0.5387922525405884,25.41263198852539,0.7941447496414185,0.1378877013921737,14.558914184570312,0.4549660682678222,0.0,0.0,5.0,5.0,0.2670172112053638,0
/home/daplab/30006664/kv_allindia_dec2023/audios/ay_3-c-6_kv_kv-afs-bareilly_04122023-000000-1_HI-KV-001_2.wav,सैनिकों,सैनिक_में,s,5.64,6.75,s ee n ii k oo q,s ee n ii k m ee q,2.0,s ee n ii k * m ee q *,s ee n ii k m ee q,282.0,338.0,56.0,-0.605782687664032,-2.04951286315918,-0.0365984439849853,-1.1753865480422974,-17.133255004882812,-0.3059509694576263,1.367372169625014e-05,3.693939924240112,0.0659632161259651,0.5124121904373169,67.00492858886719,1.1965166330337524,0.7801327109336853,55.24333572387695,0.986488163471222,0.6872233152389526,47.47106552124024,0.8476976156234741,0.0011277575977146,4.360543251037598,0.0778668448328971,0.8453396558761597,53.181251525878906,0.9496651887893676,0.015241882763803,19.51345443725586,0.3484545350074768,0.5356152057647705,44.066932678222656,0.7869095206260681,0.1358910948038101,24.897216796875,0.4445931613445282,8.382544879985844,2.0,7.0,8.0,0.95062980953021,1
/home/daplab/30006664/kv_allindia_dec2023/audios/ay_3-c-6_kv_kv-afs-bareilly_04122023-000000-1_HI-KV-001_2.wav,व,<eps>,d,,,w,,4.0,,,,,,,,,,,,,,,,,,,,,,,,,,,,,,,,,,,,,,,,,,,0.9210397588221279,1
/home/daplab/30006664/kv_allindia_dec2023/audios/ay_3-c-6_kv_kv-afs-bareilly_04122023-000000-1_HI-KV-001_2.wav,मंत्रियों,मंत्रियों,c,7.11,8.01,m aa q t r ii y oo q,m aa q t r ii y oo q,0.0,m aa q t r ii y oo q *,m aa q t r ii y oo q,355.0,401.0,46.0,-1.0607982873916626,-2.598376512527466,-0.0564864464104175,-1.469382643699646,-15.918902397155762,-0.3460631072521209,1.301816610066453e-05,4.876283645629883,0.1060061678290367,0.511256754398346,57.30921936035156,1.2458525896072388,0.6355547904968262,45.05271530151367,0.9794068336486816,0.6590980291366577,38.688018798828125,0.8410438895225525,0.0006125580403022,3.5154852867126465,0.076423592865467,0.8180408477783203,43.47352600097656,0.9450766444206238,0.0072833355516195,15.25754451751709,0.3316857516765594,0.4945384263992309,35.66053771972656,0.7752290964126587,0.1122754886746406,19.79760360717773,0.4303826987743377,0.0,0.0,9.0,9.0,0.2670172112053638,0
/home/daplab/30006664/kv_allindia_dec2023/audios/ay_3-c-6_kv_kv-afs-bareilly_04122023-000000-1_HI-KV-001_2.wav,को,को,c,8.46,8.82,k oo,k oo,0.0,k oo *,k oo,423.0,441.0,18.0,-0.3303618431091308,-0.3383307456970215,-0.0187961533665657,-0.8057382702827454,-4.235549449920654,-0.2353083044290542,1.4061282854527237e-05,0.6606853008270264,0.0367047376930713,0.4719153642654419,18.863544464111328,1.047974705696106,0.8759793639183044,17.872861862182617,0.9929367899894714,0.7374106049537659,15.544977188110352,0.8636098504066467,0.0033512667287141,1.7085559368133545,0.0949197709560394,0.9022228717803956,17.256311416625977,0.958683967590332,0.0710080116987228,7.241835594177246,0.4023241996765136,0.6425386667251587,14.650575637817385,0.8139208555221558,0.2195756137371063,8.798791885375977,0.4888217747211456,0.0,0.0,2.0,2.0,0.2670172112053638,0
/home/daplab/30006664/kv_allindia_dec2023/audios/ay_3-c-6_kv_kv-afs-bareilly_04122023-000000-1_HI-KV-001_2.wav,आदेश,आदेश,c,8.85,9.57,AA d ee sh,AA d ee sh,0.0,AA d ee sh *,AA d ee sh,442.0,479.0,37.0,-0.0235511343926191,-0.057698518037796,-0.0015594194410368,-0.8174501657485962,-7.769482612609863,-0.2099860161542892,1.0560130249359643e-05,0.3467976152896881,0.0093729086220264,0.4740464091300964,37.01063537597656,1.000287413597107,0.9908156991004944,36.97747039794922,0.9993910789489746,0.6674870252609253,32.14484405517578,0.8687795400619507,0.0007348692743107,3.7590394020080566,0.1015956625342369,0.8619334697723389,35.5618896484375,0.9611321687698364,0.0238772723823785,15.678335189819336,0.4237387776374817,0.5633652210235596,30.446687698364254,0.8228834271430969,0.1542365998029709,18.691076278686523,0.5051642060279846,0.0,0.0,4.0,4.0,0.2670172112053638,0
/home/daplab/30006664/kv_allindia_dec2023/audios/ay_3-c-6_kv_kv-afs-bareilly_04122023-000000-1_HI-KV-001_2.wav,दिया,दिया,c,10.08,10.62,d ii y AA,d ii y AA,0.0,d ii y AA *,d ii y AA,504.0,531.0,27.0,-0.5377264618873596,-1.1217106580734253,-0.0415448397397995,-1.1577140092849731,-8.159228324890137,-0.3021936416625976,1.544912447570823e-05,2.562824010848999,0.0949194058775901,0.4860739111900329,31.1771183013916,1.1547080278396606,0.8032060861587524,26.57958030700684,0.984428882598877,0.7125954627990723,23.01114654541016,0.8522647023200989,0.0019558579660952,2.17959976196289,0.0807259157299995,0.85187828540802,25.67954635620117,0.9510943293571472,0.0181909389793872,9.65097713470459,0.3574436008930206,0.5462704300880432,21.364330291748047,0.7912715077400208,0.1426908820867538,12.206972122192385,0.452110081911087,0.0,0.0,4.0,4.0,0.2670172112053638,0
/home/daplab/30006664/kv_allindia_dec2023/audios/ay_3-c-6_kv_kv-afs-bareilly_04122023-000000-1_HI-KV-001_2.wav,कि,कि,c,10.65,10.95,k ii,k ii,0.0,k ii *,k ii,532.0,548.0,16.0,-0.4192259013652801,-0.4385831654071808,-0.0274114478379488,-0.9270895719528198,-5.598989963531494,-0.3499368727207184,1.453199547540862e-05,0.8012372255325317,0.0500773265957832,0.4737891554832458,22.47389411926269,1.4046183824539185,0.8443304896354675,15.836761474609377,0.989797592163086,0.6935448050498962,13.18244171142578,0.8239026069641113,0.0012935786508023,0.9323108196258544,0.0582694262266159,0.8831310868263245,15.06020164489746,0.9412626028060912,0.0423658266663551,4.502569198608398,0.2814105749130249,0.6026270985603333,12.125327110290527,0.757832944393158,0.18400838971138,6.287922859191895,0.3929951786994934,0.0,0.0,2.0,2.0,0.2670172112053638,0
/home/daplab/30006664/kv_allindia_dec2023/audios/ay_3-c-6_kv_kv-afs-bareilly_04122023-000000-1_HI-KV-001_2.wav,देश,देस,s,10.95,11.46,d ee sh,d ee sh,0.0,d ee sh *,d ee sh,547.0,573.0,26.0,-0.2639618813991546,-0.2957723140716553,-0.0113758584484457,-1.0034950971603394,-5.81723690032959,-0.2237398773431778,1.4815792383160442e-05,0.7633000612258911,0.0293576940894126,0.4730427265167236,25.98757553100586,0.9995221495628356,0.9000908136367798,25.887672424316406,0.99567973613739,0.6846144795417786,22.57212829589844,0.868158757686615,0.0010656844824552,2.7442777156829834,0.1055491417646408,0.8529205918312073,24.950672149658203,0.9596412181854248,0.0187111441045999,11.13113021850586,0.4281204044818878,0.5480015277862549,21.34819984436035,0.8210846185684204,0.1438237577676773,13.185625076293944,0.5071394443511963,0.0,0.0,3.0,3.0,0.2670172112053638,0
/home/daplab/30006664/kv_allindia_dec2023/audios/ay_3-c-6_kv_kv-afs-bareilly_04122023-000000-1_HI-KV-001_2.wav,की,की,c,11.46,11.91,k II,k II,0.0,k II *,k II,573.0,596.0,23.0,-0.0062903901562094,-0.0097841527312994,-0.0004253979423083,-0.5912309288978577,-4.575368404388428,-0.1989290565252304,1.3226329429016914e-05,0.0771055221557617,0.003352414118126,0.4685527086257934,23.13420295715332,1.005834937095642,0.9975416660308838,22.996173858642575,0.999833643436432,0.7249627709388733,19.940977096557617,0.8669990301132202,0.0025579601060599,2.147423028945923,0.0933662205934524,0.90089750289917,22.12195205688477,0.9618239998817444,0.0685072690248489,9.649818420410156,0.4195573329925537,0.639604926109314,18.93999671936035,0.823478102684021,0.2167596369981765,11.54662799835205,0.5020273327827454,0.0,0.0,2.0,2.0,0.2670172112053638,0
/home/daplab/30006664/kv_allindia_dec2023/audios/ay_3-c-6_kv_kv-afs-bareilly_04122023-000000-1_HI-KV-001_2.wav,संपूर्न,संपूर्न,c,13.26,14.07,<UNK>,s aa q p UU r N,7.74172893616739,s aa q p UU r N *,s aa q p UU r N,663.0,704.0,41.0,-0.5232930183410645,-1.7670154571533203,-0.0430979393422603,-1.212455153465271,-17.496923446655273,-0.4267542362213135,1.470463666919386e-05,4.601570129394531,0.1122334152460098,0.5230956673622131,60.9306755065918,1.4861140251159668,0.8081501126289368,40.33152770996094,0.9836958050727844,0.6153441667556763,33.14042663574219,0.8083031177520752,0.0002370202273596,2.239492177963257,0.054621759802103,0.8027940392494202,38.12975311279297,0.9299939870834352,0.0048218085430562,10.926344871520996,0.2664962112903595,0.473659873008728,30.142784118652344,0.7351898550987244,0.1017056107521057,15.307251930236816,0.3733476102352142,,,1.0,7.0,0.9210397588221279,1
/home/daplab/30006664/kv_allindia_dec2023/audios/ay_3-c-6_kv_kv-afs-bareilly_04122023-000000-1_HI-KV-001_2.wav,सडकें,सडकें,c,14.52,15.84,s aa D aa k ee q,s aa D aa k ee q,0.0,s aa D aa k ee q *,s aa D aa k ee q,726.0,792.0,66.0,-0.6172951459884644,-2.030224084854126,-0.0307609718292951,-0.9608871340751648,-22.52035140991211,-0.3412174582481384,1.2325642273935957e-05,3.7854604721069336,0.0573554635047912,0.4971432387828827,89.01161193847656,1.3486608266830444,0.7762683033943176,65.24837493896484,0.9886117577552797,0.6219980716705322,54.71714782714844,0.829047679901123,0.0002738393377512,3.830540418624878,0.0580384917557239,0.831210196018219,62.21025085449219,0.9425795674324036,0.0104002729058265,19.689462661743164,0.2983251810073852,0.51371169090271,50.45491027832031,0.7644683122634888,0.122807390987873,26.707355499267575,0.4046568870544433,0.0,0.0,7.0,7.0,0.2670172112053638,0
/home/daplab/30006664/kv_allindia_dec2023/audios/ay_3-c-6_kv_kv-afs-bareilly_04122023-000000-1_HI-KV-001_2.wav,चमडे,चमडे,c,17.25,17.88,c aa m aa D ee,c aa m aa D ee,0.0,c aa m aa D ee *,c aa m aa D ee,862.0,894.0,32.0,-0.5769520998001099,-0.9669581651687622,-0.0302174426615238,-1.0147444009780884,-12.265491485595703,-0.3832966089248657,1.1940683180000631e-05,2.2352986335754395,0.0698530822992324,0.4979128241539001,45.139930725097656,1.4106228351593018,0.7898592948913574,31.639057159423828,0.9887205362319946,0.6175891160964966,26.137432098388672,0.816794753074646,0.0002488531754352,1.9879950284957888,0.0621248446404933,0.8285181522369385,29.918325424194336,0.934947669506073,0.0096698319539427,9.52928066253662,0.2977900207042694,0.5096999406814575,24.02688789367676,0.7508402466773987,0.1205350831151008,12.741724014282228,0.3981788754463196,0.0,0.0,6.0,6.0,0.2670172112053638,0
/home/daplab/30006664/kv_allindia_dec2023/audios/ay_3-c-6_kv_kv-afs-bareilly_04122023-000000-1_HI-KV-001_2.wav,से,से,c,18.18,18.54,s ee,s ee,0.0,s ee *,s ee,909.0,927.0,18.0,-0.1061410084366798,-0.1698642969131469,-0.0094369053840637,-0.6284171938896179,-5.173438549041748,-0.2874132394790649,2.6995625376002863e-05,0.6338126063346863,0.0352118127048015,0.5737154483795166,22.32504272460937,1.2402801513671875,0.959031581878662,17.934213638305664,0.9963452219963074,0.7267930507659912,15.190797805786133,0.8439332246780396,0.0026616060640662,1.0856887102127075,0.0603160411119461,0.9051374197006226,17.111845016479492,0.950658082962036,0.0768329054117202,5.787402153015137,0.3215223550796509,0.6490839719772339,14.102937698364258,0.7834965586662292,0.2259810715913772,7.676157474517822,0.4264532029628753,0.0,0.0,2.0,2.0,0.2670172112053638,0
/home/daplab/30006664/kv_allindia_dec2023/audios/ay_3-c-6_kv_kv-afs-bareilly_04122023-000000-1_HI-KV-001_2.wav,ढक,ढक,c,19.62,20.22,Dh aa k,Dh aa k,0.0,Dh aa k *,Dh aa k,981.0,1011.0,30.0,-0.2728789448738098,-0.4153358340263366,-0.013844528235495,-1.278806447982788,-13.982433319091797,-0.4660811126232147,1.3645297258335631e-05,1.4945452213287354,0.0498181730508804,0.5150462985038757,51.38716506958008,1.7129055261611938,0.8968295454978943,29.841293334960938,0.9947097897529602,0.5853422284126282,23.377796173095703,0.7792598605155945,0.0001236031821463,1.2711831331253052,0.0423727706074714,0.7862101793289185,27.562963485717773,0.918765425682068,0.0030788024887442,6.527088642120361,0.2175696194171905,0.4523686170578003,21.176485061645508,0.7058828473091125,0.0918146818876266,9.961347579956056,0.3320449292659759,0.0,0.0,3.0,3.0,0.2670172112053638,0
/home/daplab/30006664/kv_allindia_dec2023/audios/ay_3-c-6_kv_kv-afs-bareilly_04122023-000000-1_HI-KV-001_2.wav,दी,दी,c,20.7,21.09,d II,d II,0.0,d II *,d II,1035.0,1055.0,20.0,-0.1000604629516601,-0.2640547454357147,-0.0132027370855212,-0.9332264065742492,-5.772724151611328,-0.2886362075805664,1.5164026990532877e-05,1.0043307542800903,0.0502165369689464,0.512700617313385,23.889936447143555,1.1944968700408936,0.9613494277000428,19.89785385131836,0.994892716407776,0.6762480735778809,16.934486389160156,0.8467243313789368,0.0008887472795322,1.4151408672332764,0.070757046341896,0.8560185432434082,18.99808692932129,0.9499043226242064,0.0203467458486557,6.955026626586914,0.3477513194084167,0.5532013177871704,15.761138916015623,0.7880569696426392,0.1472751945257187,8.868783950805664,0.4434391856193542,0.0,0.0,2.0,2.0,0.2670172112053638,0
/home/daplab/30006664/kv_allindia_dec2023/audios/ay_3-c-6_kv_kv-afs-bareilly_04122023-000000-1_HI-KV-001_2.wav,जाएं,जाएं,c,21.09,21.51,j AA ee q,j AA ee q,0.0,j AA ee q *,j AA ee q,1054.0,1076.0,22.0,-0.4604690968990326,-1.19734525680542,-0.0544247850775718,-1.3253190517425537,-9.393038749694824,-0.426956295967102,1.853788671724033e-05,2.894001007080078,0.1315454989671707,0.4937878847122192,31.887834548950195,1.4494470357894895,0.8298791646957397,21.549182891845703,0.979508340358734,0.5987301468849182,17.960424423217773,0.8163829445838928,0.000165274264873,1.173966407775879,0.0533621087670326,0.7870955467224121,20.507265090942383,0.9321483969688416,0.0031534302979707,5.803961277008057,0.2638164162635803,0.4534709453582763,16.26824378967285,0.7394656538963318,0.0923059731721878,8.21922492980957,0.3736011385917663,0.0,0.0,4.0,4.0,0.2670172112053638,0
/home/daplab/30006664/kv_allindia_dec2023/audios/ay_3-c-6_kv_kv-afs-bareilly_04122023-000000-1_HI-KV-001_2.wav,राजा,राजा,c,21.51,22.02,r AA j AA,r AA j AA,0.0,r AA j AA *,r AA j AA,1075.0,1101.0,26.0,-0.6887058019638062,-1.4021894931793213,-0.05393036454916,-0.9280564188957214,-8.446020126342773,-0.3248469233512878,1.9949675333919004e-05,2.515780210494995,0.0967607796192169,0.5218145847320557,31.72994041442871,1.2203823328018188,0.7525444626808167,25.48074722290039,0.980028748512268,0.7267715930938721,21.961185455322266,0.8446609973907471,0.0026603639125823,1.886178731918335,0.0725453346967697,0.8749381303787231,24.66070938110352,0.9484888315200806,0.0339441001415252,8.616056442260742,0.3313867747783661,0.5868885517120361,20.30605125427246,0.7810019850730896,0.1714989691972732,11.24410343170166,0.432465523481369,0.0,0.0,4.0,4.0,0.2670172112053638,0
/home/daplab/30006664/kv_allindia_dec2023/audios/ay_3-c-6_kv_kv-afs-bareilly_04122023-000000-1_HI-KV-001_2.wav,का,के,s,22.02,22.35,k AA,k ee,2.0,k ee *,k ee,1101.0,1118.0,17.0,-0.1575274020433426,-0.2955153882503509,-0.0173832587897777,-0.8184453845024109,-5.786757946014404,-0.3403975367546081,1.4813006600888912e-05,0.964244306087494,0.0567202530801296,0.4702838957309723,22.68239402770996,1.3342584371566772,0.9395846128463744,16.88617706298828,0.9933045506477356,0.6675510406494141,14.129676818847656,0.8311574459075928,0.0007358907605521,1.2281067371368408,0.0722415745258331,0.8613535165786743,16.02544403076172,0.9426732063293456,0.0235055536031723,5.261904239654541,0.3095237910747528,0.5623544454574585,13.026016235351562,0.7662362456321716,0.1535313427448272,7.03220272064209,0.4136589765548706,5.296449223329603,1.0,2.0,2.0,0.9402026957305059,1
/home/daplab/30006664/kv_allindia_dec2023/audios/ay_3-c-6_kv_kv-afs-bareilly_04122023-000000-1_HI-KV-001_2.wav,ऐसा,ऐसा,c,22.35,22.98,ee s AA,ee s AA,0.0,ee s AA *,ee s AA,1117.0,1149.0,32.0,-0.2358268797397613,-0.4075771868228912,-0.0127367870882153,-0.8176632523536682,-7.846378803253174,-0.2451993376016616,1.4391588592843618e-05,1.1689143180847168,0.0365285724401474,0.4792807996273041,34.484619140625,1.0776443481445312,0.910428822040558,31.843894958496094,0.9951217174530028,0.7137200832366943,27.525171279907227,0.8601616024971008,0.002004177076742,2.855045318603516,0.0892201662063598,0.890372097492218,30.618114471435547,0.9568160772323608,0.0515327230095863,12.547712326049805,0.3921160101890564,0.6171969175338745,25.875980377197266,0.8086243867874146,0.1963267028331756,15.35085105895996,0.4797140955924988,0.0,0.0,3.0,3.0,0.2670172112053638,0
/home/daplab/30006664/kv_allindia_dec2023/audios/ay_3-c-6_kv_kv-afs-bareilly_04122023-000000-1_HI-KV-001_2.wav,आदेश,आदेश,c,24.48,25.17,AA d ee sh,AA d ee sh,0.0,AA d ee sh *,AA d ee sh,1224.0,1259.0,35.0,-0.3744118809700012,-0.4971159100532532,-0.0142033118754625,-1.046083927154541,-8.89327335357666,-0.2540935277938843,1.8454740711604245e-05,1.2238972187042236,0.0349684916436672,0.5000236630439758,38.48119354248047,1.099462628364563,0.8602031469345093,34.8124885559082,0.9946425557136536,0.6838431358337402,30.015968322753903,0.8575990796089172,0.001047994592227,3.0440831184387207,0.0869738012552261,0.8537725210189819,33.43268966674805,0.9552196860313416,0.0191473681479692,13.527786254882812,0.3865081667900085,0.5494232773780823,28.17367172241211,0.8049620389938354,0.1447602212429046,16.607885360717773,0.4745109975337982,0.0,0.0,4.0,4.0,0.2670172112053638,0
/home/daplab/30006664/kv_allindia_dec2023/audios/ay_3-c-6_kv_kv-afs-bareilly_04122023-000000-1_HI-KV-001_2.wav,सुनकर,शुनकर,s,25.17,25.83,s uu n aa k aa r,s uu n aa k aa r,0.0,s uu n aa k aa r *,s uu n aa k aa r,1258.0,1292.0,34.0,-0.3300061225891113,-0.9101020097732544,-0.0267677064985036,-1.085411548614502,-10.923669815063477,-0.3212844133377075,1.2612737918971106e-05,2.52871322631836,0.0743739157915115,0.473792552947998,41.634803771972656,1.224553108215332,0.8761075139045715,33.65317153930664,0.98979914188385,0.6719536781311035,28.677520751953125,0.843456506729126,0.0008096655365079,2.886561632156372,0.0848988741636276,0.8360534310340881,32.1991081237793,0.9470325708389282,0.0118561517447233,11.773591995239258,0.3462821245193481,0.5210556387901306,26.562318801879883,0.781244695186615,0.1270646005868911,15.036182403564451,0.4422406554222107,0.0,0.0,7.0,7.0,0.2670172112053638,0
/home/daplab/30006664/kv_allindia_dec2023/audios/ay_3-c-6_kv_kv-afs-bareilly_04122023-000000-1_HI-KV-001_2.wav,सब,सब,c,26.22,26.58,s aa b,s aa b,0.0,s aa b *,s aa b,1311.0,1329.0,18.0,-0.6563654541969299,-0.6923245191574097,-0.0384624749422073,-1.0757254362106323,-5.549589157104492,-0.3083105087280273,2.644817868713289e-05,0.9246347546577454,0.051368597894907,0.5828902125358582,22.279109954833984,1.2377283573150637,0.7632360458374023,17.749189376831055,0.9860661029815674,0.72318434715271,15.167108535766602,0.8426171541213989,0.0024611183907836,1.2995340824127195,0.0721963346004486,0.8694735765457153,17.073625564575195,0.9485347270965576,0.0292796343564987,6.07744836807251,0.3376360237598419,0.5767970085144043,14.08563232421875,0.7825351357460022,0.1638902127742767,7.853303909301758,0.436294674873352,0.0,0.0,3.0,3.0,0.2670172112053638,0
/home/daplab/30006664/kv_allindia_dec2023/audios/ay_3-c-6_kv_kv-afs-bareilly_04122023-000000-1_HI-KV-001_2.wav,सकते,सकते,c,26.58,27.3,s aa k aa t ee,s aa k aa t ee,0.0,* s aa k aa t ee *,s aa k aa t ee,1329.0,1365.0,36.0,-0.4426377117633819,-0.654938280582428,-0.0181927308440208,-1.056997776031494,-11.950033187866213,-0.3319453597068786,1.6991165466606617e-05,1.713874101638794,0.0476076155900955,0.4936196208000183,46.99446868896485,1.3054019212722778,0.8361088633537292,35.75356674194336,0.9931546449661256,0.6697933673858643,30.04795265197754,0.8346653580665588,0.000772583822254,2.564800262451172,0.0712444484233856,0.8627780675888062,33.983211517333984,0.9439780712127686,0.0244290567934513,11.533594131469728,0.3203776180744171,0.5648425817489624,27.75114250183105,0.7708650827407837,0.1552726924419403,15.157153129577637,0.421032041311264,0.0,0.0,6.0,6.0,0.2670172112053638,0
/home/daplab/30006664/kv_allindia_dec2023/audios/ay_3-c-6_kv_kv-afs-bareilly_04122023-000000-1_HI-KV-001_2.wav,में,में,c,27.75,28.17,m ee q,m ee q,0.0,m ee q *,m ee q,1387.0,1409.0,22.0,-0.2141985595226287,-0.3717547655105591,-0.0168979447335004,-0.6938878297805786,-6.634597301483154,-0.3015725910663605,3.822738290182315e-05,1.2167640924453735,0.0553074590861797,0.6086170673370361,26.42381477355957,1.201082468032837,0.9184253215789796,21.85707664489746,0.9935035109519958,0.7049914598464966,18.665945053100582,0.8484520316123962,0.0016583368415012,1.6147260665893557,0.0733966380357742,0.8844259977340698,20.90581321716309,0.9502642154693604,0.0438761338591575,7.458003997802734,0.3390001952648163,0.6051853895187378,17.290119171142578,0.7859144806861877,0.1861187368631363,9.64617919921875,0.4384627044200897,0.0,0.0,3.0,3.0,0.2670172112053638,0
/home/daplab/30006664/kv_allindia_dec2023/audios/ay_3-c-6_kv_kv-afs-bareilly_04122023-000000-1_HI-KV-001_2.wav,आ,आ,c,28.89,29.25,AA,AA,0.0,AA *,AA,1444.0,1463.0,19.0,-0.488371878862381,-0.9351760149002076,-0.0492197908461093,-0.9350903034210204,-5.708433151245117,-0.3004438579082489,3.997029853053391e-05,1.4487162828445437,0.0762482285499572,0.5886206030845642,22.987586975097656,1.2098729610443115,0.820186197757721,18.654029846191406,0.9817910194396972,0.736326277256012,16.068588256835938,0.8457151651382446,0.0032733303960412,1.1385351419448853,0.0599229037761688,0.8855470418930054,18.06254768371582,0.9506604075431824,0.045227013528347,6.272964477539063,0.3301560282707214,0.6074163913726807,14.923635482788086,0.785454511642456,0.1879771500825882,8.20104694366455,0.4316340386867523,0.0,0.0,1.0,1.0,0.2670172112053638,0
/home/daplab/30006664/kv_allindia_dec2023/audios/ay_3-c-6_kv_kv-afs-bareilly_04122023-000000-1_HI-KV-001_2.wav,गए,गए,c,29.28,29.7,g ee,g ee,0.0,g ee *,g ee,1464.0,1485.0,21.0,-0.0663673058152198,-0.2030905932188034,-0.0096709802746772,-0.6966878771781921,-6.601076126098633,-0.3143369555473327,1.330795385001693e-05,0.9040589332580566,0.0430504269897937,0.4979337751865387,26.304222106933597,1.2525819540023804,0.9742562770843506,20.921009063720703,0.9962385296821594,0.7196698188781738,17.681903839111328,0.8419954180717468,0.0022803947795182,1.5722061395645142,0.0748669579625129,0.8883997201919556,19.890056610107425,0.9471455812454224,0.0488553047180175,6.981344699859619,0.3324449956417084,0.6131634712219238,16.352523803710938,0.7786915898323059,0.1928430050611496,9.068940162658691,0.4318543076515198,0.0,0.0,2.0,2.0,0.2670172112053638,0
/home/daplab/30006664/kv_allindia_dec2023/audios/ay_3-c-6_kv_kv-afs-bareilly_04122023-000000-1_HI-KV-001_2.wav,लेकिन,लेकिन,c,29.94,30.54,l ee k ii n,l ee k ii n,0.0,l ee k ii n *,l ee k ii n,1497.0,1527.0,30.0,-0.4742947220802307,-0.6842353343963623,-0.0228078439831733,-1.1376378536224363,-7.589017868041992,-0.2529672682285309,1.7080019460991025e-05,1.500701069831848,0.0500233694911003,0.5023759603500366,32.18899154663086,1.0729663372039795,0.825067937374115,29.74391746520996,0.9914638996124268,0.7008361220359802,25.80099868774414,0.8600332736968994,0.0015153409913182,2.8921689987182617,0.0964056327939033,0.8476440906524658,28.68027877807617,0.9560092687606812,0.0162222776561975,11.953978538513184,0.3984659612178802,0.5393310785293579,24.253250122070312,0.808441698551178,0.1382289379835128,14.527853965759276,0.4842618107795715,0.0,0.0,5.0,5.0,0.2670172112053638,0
/home/daplab/30006664/kv_allindia_dec2023/audios/ay_3-c-6_kv_kv-afs-bareilly_04122023-000000-1_HI-KV-001_2.wav,किसी,किसी,c,30.54,31.02,k ii s II,k ii s II,0.0,k ii s II *,k ii s II,1527.0,1551.0,24.0,-0.3472310602664947,-0.4417192339897156,-0.0184049680829048,-0.8159077763557434,-6.143397331237793,-0.2559748888015747,1.6327072444255464e-05,1.0379316806793213,0.0432471521198749,0.4999105632305145,26.42436408996582,1.1010152101516724,0.8699172139167786,23.8331298828125,0.993047058582306,0.7567300200462341,20.60804748535156,0.8586686253547668,0.0050966683775186,2.106350898742676,0.0877646207809448,0.9012010097503662,22.946407318115234,0.9561002850532532,0.0690720751881599,9.106900215148926,0.3794541656970978,0.6402745246887207,19.31009864807129,0.8045874238014221,0.217399314045906,11.311872482299805,0.4713280200958252,0.0,0.0,4.0,4.0,0.2670172112053638,0
/home/daplab/30006664/kv_allindia_dec2023/audios/ay_3-c-6_kv_kv-afs-bareilly_04122023-000000-1_HI-KV-001_2.wav,ने,ने,c,31.02,31.32,n ee,n ee,0.0,n ee *,n ee,1551.0,1566.0,15.0,-0.1367712914943695,-0.1737667322158813,-0.0115844486281275,-1.0704951286315918,-4.493244171142578,-0.2995496094226837,2.9532151529565454e-05,0.6460132002830505,0.0430675484240055,0.5279363393783569,18.135717391967773,1.209047794342041,0.9474096298217772,14.932958602905272,0.9955305457115172,0.6116982698440552,12.680941581726074,0.845396101474762,0.0002189901279052,1.0950870513916016,0.0730058029294014,0.8198438882827759,14.229069709777832,0.9486046433448792,0.0076473839581012,5.152453899383545,0.3434969186782837,0.4970980286598205,11.77991008758545,0.7853273153305054,0.113634318113327,6.6029462814331055,0.4401964247226715,0.0,0.0,2.0,2.0,0.2670172112053638,0
/home/daplab/30006664/kv_allindia_dec2023/audios/ay_3-c-6_kv_kv-afs-bareilly_04122023-000000-1_HI-KV-001_2.wav,भी,भी,c,31.32,31.59,bh II,bh II,0.0,bh II *,bh II,1566.0,1580.0,14.0,-0.0411436222493648,-0.0509716346859931,-0.0036408309824764,-0.6203302145004272,-3.909493207931519,-0.2792495191097259,4.774996705236845e-05,0.246897205710411,0.0176355149596929,0.5134184956550598,17.796348571777344,1.2711677551269531,0.9839902520179749,13.980148315429688,0.9985820055007936,0.7293578386306763,11.734774589538574,0.838198184967041,0.0028139415662735,0.7372934818267822,0.0526638217270374,0.9063084721565248,13.302127838134766,0.9501519799232484,0.0793058276176452,4.353240489959717,0.3109457492828369,0.6517512798309326,10.929397583007812,0.780671238899231,0.2286408394575119,5.860479354858398,0.4186056554317474,0.0,0.0,2.0,2.0,0.2670172112053638,0
/home/daplab/30006664/kv_allindia_dec2023/audios/ay_3-c-6_kv_kv-afs-bareilly_04122023-000000-1_HI-KV-001_2.wav,मना,मना,c,31.59,32.04,m aa n AA,m aa n AA,0.0,* m aa n AA *,m aa n AA,1579.0,1602.0,23.0,-0.2431116998195648,-0.8142600655555725,-0.0354026108980178,-1.0924057960510254,-10.986003875732422,-0.4776523411273956,7.217363599920645e-05,2.413891315460205,0.104951798915863,0.6278948783874512,38.02483367919922,1.6532536745071411,0.9077450633049012,22.68794631958008,0.9864324331283568,0.6321048736572266,18.126264572143555,0.7880984544754028,0.0003409953205846,0.96394681930542,0.0419107303023338,0.8263024687767029,21.17740821838379,0.9207568764686584,0.00910728238523,5.098188400268555,0.2216603606939315,0.5064345002174377,16.32335090637207,0.7097108960151672,0.1187127903103828,7.708992004394531,0.3351735770702362,0.0,0.0,4.0,4.0,0.2670172112053638,0
/home/daplab/30006664/kv_allindia_dec2023/audios/ay_3-c-6_kv_kv-afs-bareilly_04122023-000000-1_HI-KV-001_2.wav,करने,करने,c,32.46,33.06,k aa r aa n ee,k aa r aa n ee,0.0,k aa r aa n ee *,k aa r aa n ee,1623.0,1653.0,30.0,-0.3149303793907165,-0.7409275770187378,-0.0246975850313901,-0.9967491030693054,-10.016016960144045,-0.3338672220706939,2.9779293981846425e-05,2.07116961479187,0.069038987159729,0.5197926759719849,38.635135650634766,1.2878378629684448,0.881547212600708,29.71783828735352,0.9905946254730223,0.689042329788208,25.13344383239746,0.8377814888954163,0.0011731644626706,2.0466578006744385,0.0682219266891479,0.8638402223587036,28.354211807250977,0.9451404213905334,0.0251411404460668,9.444543838500977,0.3148181140422821,0.5667100548744202,23.15344619750977,0.7717815637588501,0.1565914005041122,12.551838874816896,0.4183946251869201,0.0,0.0,6.0,6.0,0.2670172112053638,0
/home/daplab/30006664/kv_allindia_dec2023/audios/ay_3-c-6_kv_kv-afs-bareilly_04122023-000000-1_HI-KV-001_2.wav,की,की,c,33.36,33.87,k II,k,1.0,k *,k,1668.0,1694.0,26.0,-0.6875413656234741,-1.8626879453659055,-0.0716418474912643,-1.7953113317489624,-11.464006423950195,-0.4409233331680298,1.415759379597148e-05,3.3906970024108887,0.1304114162921905,0.5223520994186401,39.18639755249024,1.5071691274642944,0.7529278993606567,25.316192626953125,0.973699688911438,0.4767978191375732,20.78984260559082,0.7996093034744263,1.1722843737516088e-05,1.4648520946502686,0.0563404634594917,0.678580641746521,24.02426147460937,0.9240100383758544,0.0001674719824222,7.215739727020264,0.2775284647941589,0.3402221202850342,19.041881561279297,0.7323800325393677,0.0517913326621055,9.862725257873535,0.3793355822563171,5.276009472086881,1.0,2.0,1.0,0.9402026957305059,1
/home/daplab/30006664/kv_allindia_dec2023/audios/ay_3-c-6_kv_kv-afs-bareilly_04122023-000000-1_HI-KV-001_2.wav,हिम्मत,हिम्मत,c,34.17,34.71,hh ii m m aa t,hh ii m aa t,1.0,hh ii m m aa t *,hh ii m m aa t,1708.0,1736.0,28.0,-0.7538838982582092,-2.046813488006592,-0.0731004849076271,-1.5221418142318726,-10.726781845092772,-0.3830993473529815,3.062438918277621e-05,3.455810785293579,0.123421810567379,0.5762861371040344,37.9473991394043,1.3552643060684204,0.7312578558921814,27.25092124938965,0.9732471704483032,0.5900058746337891,23.16262626647949,0.8272366523742676,0.0001367673685308,1.5986981391906738,0.0570963621139526,0.7733164429664612,26.295473098754883,0.9391240477561952,0.0021722270175814,8.14697551727295,0.2909634113311767,0.4367226958274841,21.21083641052246,0.7575298547744751,0.0850745365023613,11.128901481628418,0.3974607586860657,0.0,0.0,6.0,6.0,0.2670172112053638,0
/home/daplab/30006664/kv_allindia_dec2023/audios/ay_3-c-6_kv_kv-afs-bareilly_04122023-000000-1_HI-KV-001_2.wav,नही,नही,c,34.71,35.13,n aa hh II,n aa hh II q,1.0,* n aa hh II q *,n aa hh II q,1735.0,1757.0,22.0,-0.1676675230264663,-0.4233760237693786,-0.0192443653941154,-1.0391353368759155,-7.843544960021973,-0.3565247654914856,3.832239235634916e-05,1.48506760597229,0.0675030723214149,0.5353415608406067,30.208297729492188,1.373104453086853,0.9357765913009644,21.837085723876957,0.9925947785377502,0.6585174202919006,18.18658447265625,0.8266629576683044,0.0006048880168236,1.262548565864563,0.0573885701596736,0.8374274969100952,20.69700050354004,0.9407727718353271,0.012305143289268,6.231858730316162,0.2832663059234619,0.5231695771217346,16.679716110229492,0.7581689357757568,0.1283138841390609,8.656517028808594,0.3934780359268188,1.4172657424106416,1.0,4.0,5.0,0.1414624728823706,0
/home/daplab/30006664/kv_allindia_dec2023/audios/ay_3-c-6_kv_kv-afs-bareilly_04122023-000000-1_HI-KV-001_2.wav,दिखाई,दिखाई,c,35.13,35.64,d ii kh AA II,d ii kh AA II,0.0,d ii kh AA II *,d ii kh AA II,1756.0,1782.0,26.0,-0.359656810760498,-0.486891508102417,-0.0187265966087579,-0.9074622988700868,-8.728690147399902,-0.3357188403606415,1.4489983186649624e-05,1.2898077964782717,0.0496079921722412,0.4890816807746887,34.68871307373047,1.334181308746338,0.8654682636260986,25.815847396850582,0.9929171800613404,0.7320953011512756,21.63612937927246,0.8321588039398193,0.0029861710499972,1.641492486000061,0.0631343275308609,0.8832624554634094,24.54181289672852,0.9439159035682678,0.0425166375935077,7.8306121826171875,0.3011773824691772,0.6028857231140137,19.930828094482425,0.7665703296661377,0.1842207312583923,10.61334228515625,0.4082054793834686,0.0,0.0,5.0,5.0,0.2670172112053638,0
/home/daplab/30006664/kv_allindia_dec2023/audios/ay_3-c-6_kv_kv-afs-bareilly_04122023-000000-1_HI-KV-001_2.wav,यह,यह,c,35.64,36.09,y aa hh,y aa hh,0.0,y aa hh *,y aa hh,1782.0,1805.0,23.0,-0.5903494954109192,-1.6574989557266235,-0.0720651745796203,-1.1609885692596436,-11.64857292175293,-0.5064597129821777,1.2532736036519054e-05,3.4691832065582275,0.1508340537548065,0.5054893493652344,38.08734130859375,1.6559714078903198,0.7853307127952576,22.37995719909668,0.9730415940284728,0.6179312467575073,18.12769317626953,0.7881605625152588,0.0002507073804736,0.962763488292694,0.0418592803180217,0.8173695802688599,21.140989303588867,0.9191734194755554,0.007152285426855,4.946268558502197,0.2150551527738571,0.4935906529426574,16.22789764404297,0.7055607438087463,0.1117759346961975,7.594853401184082,0.3302110135555267,0.0,0.0,3.0,3.0,0.2670172112053638,0
/home/daplab/30006664/kv_allindia_dec2023/audios/ay_3-c-6_kv_kv-afs-bareilly_04122023-000000-1_HI-KV-001_2.wav,तो,तो,c,36.42,36.78,t oo,t oo,0.0,t oo *,t oo,1821.0,1839.0,18.0,-0.0275848992168903,-0.06018703058362,-0.0033437239471822,-0.5896288156509399,-4.2843217849731445,-0.2380178719758987,2.401959136477672e-05,0.3293512761592865,0.018297292292118,0.5347477793693542,19.138029098510746,1.0632238388061523,0.9892480373382568,17.97650909423828,0.9986949563026428,0.7452224493026733,15.55416488647461,0.8641202449798584,0.0039703850634396,1.649968147277832,0.091664895415306,0.9033863544464112,17.248109817504883,0.958228349685669,0.0732784196734428,7.08612871170044,0.3936738073825836,0.6451358795166016,14.604848861694336,0.8113805055618286,0.2220969200134277,8.686882019042969,0.4826045632362366,0.0,0.0,2.0,2.0,0.2670172112053638,0
/home/daplab/30006664/kv_allindia_dec2023/audios/ay_3-c-6_kv_kv-afs-bareilly_04122023-000000-1_HI-KV-001_2.wav,निश्चित,निछत,s,38.19,39.09,n ii sh c ii t,n ii sh c ii t,0.0,n ii sh c ii t *,n ii sh c ii t,1909.0,1955.0,46.0,-0.5867703557014465,-1.9100286960601809,-0.0415223613381385,-1.1944859027862549,-16.09255027770996,-0.3498380482196808,1.537900789116975e-05,3.723254680633545,0.0809403210878372,0.5124119520187378,60.230751037597656,1.3093641996383667,0.7865391373634338,45.29026794433594,0.9845710396766664,0.6264839172363281,38.285003662109375,0.8322826623916626,0.0003018372517544,2.9452438354492188,0.0640270411968231,0.812802255153656,43.318660736083984,0.9417099952697754,0.0063210199587047,14.5960111618042,0.3173045814037323,0.4872135519981384,35.295169830322266,0.7672863006591797,0.1084643304347992,19.17093849182129,0.4167595207691192,0.0,0.0,6.0,6.0,0.2670172112053638,0
/home/daplab/30006664/kv_allindia_dec2023/audios/ay_3-c-6_kv_kv-afs-bareilly_04122023-000000-1_HI-KV-001_2.wav,ही,ही,c,39.51,39.84,hh II,hh II,0.0,hh II *,hh II,1975.0,1993.0,18.0,-0.4765528440475464,-1.1598752737045288,-0.0644375160336494,-0.9657843708992004,-6.079559803009033,-0.3377533257007599,4.42635064246133e-05,2.2226040363311768,0.123478002846241,0.6389405131340027,22.25448989868164,1.2363605499267578,0.8242837190628052,17.56467628479004,0.9758153557777404,0.732331395149231,15.154481887817385,0.8419156670570374,0.0030015103984624,1.159909963607788,0.064439445734024,0.878332793712616,17.044353485107422,0.9469085335731506,0.0372087135910987,5.817293643951416,0.3231829702854156,0.5933178663253784,13.980867385864258,0.7767148613929749,0.1765124201774597,7.641973972320557,0.4245541095733642,0.0,0.0,2.0,2.0,0.2670172112053638,0
/home/daplab/30006664/kv_allindia_dec2023/audios/ay_3-c-6_kv_kv-afs-bareilly_04122023-000000-1_HI-KV-001_2.wav,था,था,c,39.84,40.41,th AA,th AA,0.0,th AA *,th AA,1992.0,2021.0,29.0,-0.3823540210723877,-0.4614079594612121,-0.0159106198698282,-0.8423698544502258,-7.558703422546387,-0.2606449425220489,1.5077002899488434e-05,1.027962327003479,0.0354469753801822,0.5014975666999817,33.01234817504883,1.1383568048477173,0.8573772311210632,28.826560974121094,0.994019329547882,0.7125665545463562,24.72349739074707,0.8525344133377075,0.0019546309486031,2.230087280273437,0.0768995583057403,0.8984164595603943,27.673688888549805,0.9542651176452636,0.064060278236866,10.665781021118164,0.3677855432033539,0.634182870388031,23.17728614807129,0.7992167472839355,0.2116429358720779,13.358722686767578,0.4606456160545349,0.0,0.0,2.0,2.0,0.2670172112053638,0
/home/daplab/30006664/kv_allindia_dec2023/audios/ay_3-c-6_kv_kv-afs-bareilly_04122023-000000-1_HI-KV-001_2.wav,कि,कि,c,40.56,40.86,k ii,k ii,0.0,k ii *,k ii,2028.0,2043.0,15.0,-0.2486099600791931,-0.4353518187999725,-0.0290234554558992,-0.9139109253883362,-6.497360229492188,-0.433157354593277,1.882895958260633e-05,1.293390154838562,0.0862260088324546,0.5356133580207825,23.335596084594727,1.5557063817977903,0.9057227373123168,14.833456039428713,0.9888970851898192,0.6705254912376404,12.008769035339355,0.800584614276886,0.0007849571993574,0.8378909230232239,0.0558593943715095,0.8628342151641846,13.911113739013672,0.9274075627326964,0.024466186761856,3.853020191192627,0.2568680047988891,0.5649410486221313,10.9163179397583,0.727754533290863,0.1553419679403305,5.473423004150391,0.3648948669433594,0.0,0.0,2.0,2.0,0.2670172112053638,0
/home/daplab/30006664/kv_allindia_dec2023/audios/ay_3-c-6_kv_kv-afs-bareilly_04122023-000000-1_HI-KV-001_2.wav,इस,इस,c,40.92,41.22,ii s,ii s,0.0,ii s *,ii s,2046.0,2061.0,15.0,-0.0092982063069939,-0.0182865690439939,-0.0012191046262159,-0.5195188522338867,-3.7938385009765625,-0.2529225647449493,2.243315611849539e-05,0.1251300573348999,0.0083420034497976,0.4968277812004089,17.49545669555664,1.1663638353347778,0.9963675141334534,14.992852210998535,0.9995234608650208,0.7389500141143799,12.768310546875,0.8512207269668579,0.0034651127643883,1.2080543041229248,0.0805369541049003,0.9124240279197692,14.317056655883787,0.9544704556465148,0.093573123216629,5.42875862121582,0.3619172275066376,0.6660453081130981,11.972966194152832,0.7981977462768555,0.243397831916809,6.866543292999268,0.4577695429325104,0.0,0.0,2.0,2.0,0.2670172112053638,0
/home/daplab/30006664/kv_allindia_dec2023/audios/ay_3-c-6_kv_kv-afs-bareilly_04122023-000000-1_HI-KV-001_2.wav,काम,काम,c,41.22,41.67,k AA m,k AA m,0.0,k AA m *,k AA m,2061.0,2084.0,23.0,-0.2582878768444061,-0.3936451077461242,-0.0171150043606758,-0.7396159768104553,-5.680462837219238,-0.2469766438007354,1.4531703527609352e-05,1.0372397899627686,0.0450973808765411,0.4763167798519134,24.38505172729492,1.060219645500183,0.902169942855835,22.84981155395508,0.9934700727462769,0.760103166103363,19.868640899658203,0.863853931427002,0.005483734421432,2.183807611465454,0.0949481576681137,0.9098329544067384,22.03316879272461,0.9579638838768004,0.0872390791773796,9.026371002197266,0.3924508988857269,0.6599127054214478,18.642244338989254,0.8105323910713196,0.2369611114263534,11.089262008666992,0.4821418225765228,0.0,0.0,3.0,3.0,0.2670172112053638,0
/home/daplab/30006664/kv_allindia_dec2023/audios/ay_3-c-6_kv_kv-afs-bareilly_04122023-000000-1_HI-KV-001_2.wav,के,के,c,41.67,41.91,k ee,k ee,0.0,k ee *,k ee,2083.0,2096.0,13.0,-0.0014986294554546,-0.0040291524492204,-0.0003099348105024,-0.4066961705684662,-2.4914276599884038,-0.1916482746601104,1.416579198121326e-05,0.0345204919576644,0.0026554225478321,0.468393862247467,12.638891220092772,0.97222238779068,0.9994138479232788,12.99842357635498,0.9998787641525269,0.7745056748390198,11.35742473602295,0.8736480474472046,0.0074957301840186,1.3694902658462524,0.1053454056382179,0.9273507595062256,12.532401084899902,0.9640308618545532,0.1401236057281494,5.5716094970703125,0.4285853505134582,0.7038065195083618,10.779762268066406,0.829212486743927,0.2867835462093353,6.6466064453125,0.511277437210083,0.0,0.0,2.0,2.0,0.2670172112053638,0
/home/daplab/30006664/kv_allindia_dec2023/audios/ay_3-c-6_kv_kv-afs-bareilly_04122023-000000-1_HI-KV-001_2.wav,लिए,लिए,c,41.91,42.27,l ii ee,l ii ee,0.0,* l ii ee *,l ii ee,2095.0,2114.0,19.0,-0.4559760689735412,-0.6618784666061401,-0.0348357073962688,-0.80006343126297,-6.13421630859375,-0.3228534758090973,2.726708771660924e-05,1.428186535835266,0.075167715549469,0.549473762512207,24.13804244995117,1.2704232931137085,0.8314462900161743,18.751684188842773,0.9869307279586792,0.7604876160621643,15.991205215454102,0.8416423797607422,0.0055296779610216,1.144797682762146,0.0602525100111961,0.9084603190422058,18.01555633544922,0.9481871724128724,0.0840592235326767,5.7615461349487305,0.3032392561435699,0.6567099690437317,14.727394104003906,0.7751259803771973,0.233662948012352,7.844482421875,0.4128674864768982,0.0,0.0,3.0,3.0,0.2670172112053638,0
/home/daplab/30006664/kv_allindia_dec2023/audios/ay_3-c-6_kv_kv-afs-bareilly_04122023-000000-1_HI-KV-001_2.wav,बहुत,बहुत,c,42.3,42.72,b aa hh uu t,b aa hh uu,1.0,b aa hh uu,b aa hh uu,2115.0,2136.0,21.0,-0.1507819145917892,-0.2786424160003662,-0.0132686868309974,-0.7494036555290222,-6.577864170074463,-0.3132316172122955,1.6051955753937364e-05,1.037455677986145,0.0494026504456996,0.5095375180244446,25.87315559387207,1.2320550680160522,0.9421231746673584,20.89231300354004,0.9948720335960388,0.7375047206878662,17.707386016845703,0.8432088494300842,0.0033581228926777,1.698065996170044,0.080860286951065,0.8978680372238159,19.89920997619629,0.94758141040802,0.0631169378757476,7.201705932617188,0.3429383635520935,0.6329964399337769,16.405757904052734,0.7812265753746033,0.2105382978916168,9.23789405822754,0.4398997128009796,3.787029900461712,1.0,5.0,4.0,0.7608353675318789,0
/home/daplab/30006664/kv_allindia_dec2023/audios/ay_3-c-6_kv_kv-afs-bareilly_04122023-000000-1_HI-KV-001_2.wav,सारे,सारे,c,43.17,43.86,s AA r ee,s AA r ee,0.0,s AA r ee *,s AA r ee,2158.0,2193.0,35.0,-0.0763783305883407,-0.1530624479055404,-0.0043732128106057,-0.6853824257850647,-8.101004600524902,-0.2314572781324386,1.2400231753417756e-05,0.6697289347648621,0.0191351119428873,0.5155846476554871,37.261993408203125,1.0646283626556396,0.97040992975235,34.94049453735352,0.9982998371124268,0.7403472661972046,30.202163696289062,0.8629189729690552,0.0035717862192541,3.1323494911193848,0.0894956961274147,0.8981313705444336,33.551025390625,0.9586006999015808,0.0635682418942451,13.76755428314209,0.3933587074279785,0.6335656642913818,28.426836013793945,0.8121953010559082,0.211067646741867,16.876800537109375,0.4821943044662475,0.0,0.0,4.0,4.0,0.2670172112053638,0
/home/daplab/30006664/kv_allindia_dec2023/audios/ay_3-c-6_kv_kv-afs-bareilly_04122023-000000-1_HI-KV-001_2.wav,रुपए,रुपए,c,44.04,44.55,r uu p ee,r uu p ee,0.0,r uu p ee *,r uu p ee,2202.0,2228.0,26.0,-0.4320756494998932,-1.2005592584609983,-0.0461753569543361,-1.1383804082870483,-9.454524040222168,-0.3636355400085449,1.5794408682268113e-05,2.602386236190796,0.100091777741909,0.532039225101471,34.39303970336914,1.3228092193603516,0.8398120403289795,25.54823303222656,0.982624351978302,0.6597433090209961,21.659942626953125,0.833074688911438,0.0006211959407664,1.7114934921264648,0.0658266693353653,0.8307734131813049,24.481658935546875,0.9416022896766664,0.0102781215682625,7.951093673706055,0.3058112859725952,0.5130574107170105,19.86176109313965,0.7639138698577881,0.1224342882633209,10.642398834228516,0.4093230366706848,0.0,0.0,4.0,4.0,0.2670172112053638,0
/home/daplab/30006664/kv_allindia_dec2023/audios/ay_3-c-6_kv_kv-afs-bareilly_04122023-000000-1_HI-KV-001_2.wav,की,की,c,44.55,44.85,k II,k ii,2.0,k ii *,k ii,2227.0,2243.0,16.0,-0.1149483323097229,-0.1417850852012634,-0.0088615678250789,-0.7907785177230835,-5.007415294647217,-0.312963455915451,1.773789153958205e-05,0.5378698706626892,0.033616866916418,0.5164999961853027,20.997621536254883,1.3123513460159302,0.955680787563324,15.945207595825195,0.9965754747390748,0.7097640037536621,13.335329055786133,0.8334580659866333,0.0018392958445474,1.0832127332687378,0.0677007958292961,0.8813185095787048,15.128663063049316,0.9455414414405824,0.0403386056423187,5.054587841033936,0.3159117400646209,0.5990792512893677,12.362442016601562,0.7726526260375977,0.1811179518699646,6.71295166015625,0.4195594787597656,6.083181528056269,1.0,2.0,2.0,0.9335682344220064,1
/home/daplab/30006664/kv_allindia_dec2023/audios/ay_3-c-6_kv_kv-afs-bareilly_04122023-000000-1_HI-KV-001_2.wav,जरूरत,जरूरत,c,44.85,45.51,j aa r UU r aa t,j aa r UU r aa t,0.0,j aa r UU r aa t *,j aa r UU r aa t,2242.0,2276.0,34.0,-0.0498900674283504,-0.1561172008514404,-0.004591682460159,-0.6681997776031494,-10.559144020080566,-0.3105630576610565,1.592924672877416e-05,0.8084679841995239,0.0237784702330827,0.5032021403312683,44.58176803588867,1.3112285137176514,0.9806079268455504,33.939151763916016,0.9982103705406188,0.7296223640441895,28.38458251953125,0.8348406553268433,0.0028301405254751,2.174780368804932,0.0639641284942627,0.8993808627128601,32.18263626098633,0.9465481042861938,0.065753549337387,10.466870307922363,0.3078491389751434,0.6362799406051636,26.27277374267578,0.7727286219596863,0.21360844373703,14.108716011047363,0.4149622321128845,0.0,0.0,7.0,7.0,0.2670172112053638,0
/home/daplab/30006664/kv_allindia_dec2023/audios/ay_3-c-6_kv_kv-afs-bareilly_04122023-000000-1_HI-KV-001_2.wav,थी,थी,c,45.51,45.81,th II,th II,0.0,* th II *,th II,2275.0,2291.0,16.0,-0.7788391709327698,-1.54835844039917,-0.0967724025249481,-1.297300100326538,-7.920415878295898,-0.4950259923934936,0.0001373005798086,2.841644048690796,0.1776027530431747,0.557661771774292,25.70433616638184,1.6065210103988647,0.7231989502906799,15.430825233459473,0.964426577091217,0.6782090663909912,12.746007919311523,0.7966254949569702,0.0009273845353163,0.5776355266571045,0.036102220416069,0.8350347876548767,14.786022186279297,0.924126386642456,0.0115339159965515,3.316241979598999,0.2072651237249374,0.519497275352478,11.401386260986328,0.7125866413116455,0.1261505782604217,5.254194259643555,0.3283871412277221,0.0,0.0,2.0,2.0,0.2670172112053638,0
/home/daplab/30006664/kv_allindia_dec2023/audios/ay_3-c-6_kv_kv-afs-bareilly_04122023-000000-1_HI-KV-001_2.wav,लेकिन,लेकिन,c,45.81,46.41,l ee k ii n,l ee k ii n,0.0,* l ee k ii n *,l ee k ii n,2290.0,2321.0,31.0,-0.1258598417043686,-0.156279057264328,-0.0050412598066031,-0.6962616443634033,-7.400259017944336,-0.238718032836914,1.742060157994274e-05,0.5607786178588867,0.0180896334350109,0.5246557593345642,34.38201141357422,1.1090971231460571,0.9515395164489746,30.93965530395508,0.9980533719062804,0.7678781747817993,26.573383331298828,0.8572059273719788,0.0064916121773421,2.66115665435791,0.0858437642455101,0.9037714600563048,29.67005157470703,0.957098424434662,0.0740457475185394,11.69950008392334,0.3774032294750213,0.6460000872612,24.9914493560791,0.8061757683753967,0.2229417860507965,14.593332290649414,0.4707526564598083,0.0,0.0,5.0,5.0,0.2670172112053638,0
/home/daplab/30006664/kv_allindia_dec2023/audios/ay_3-c-6_kv_kv-afs-bareilly_04122023-000000-1_HI-KV-001_2.wav,फिर,फिर,c,46.41,46.68,ph ii r,ph ii r,0.0,ph ii r *,ph ii r,2320.0,2334.0,14.0,-0.6390834450721741,-1.423646330833435,-0.1016890257596969,-1.2242079973220823,-7.237951755523682,-0.5169965624809265,4.958308636560105e-05,2.463402271270752,0.1759573072195053,0.6429607272148132,23.384965896606445,1.6703547239303589,0.7689849138259888,13.472090721130373,0.9622921943664552,0.6572422981262207,11.053239822387695,0.7895171046257019,0.0005883799749426,0.4443066418170929,0.0317361876368522,0.8326942920684814,12.897062301635742,0.921218752861023,0.0108263054862618,2.636838436126709,0.1883455961942672,0.5159446001052856,9.841023445129396,0.7029302716255188,0.1240883395075798,4.392928600311279,0.3137806057929992,0.0,0.0,3.0,3.0,0.2670172112053638,0
/home/daplab/30006664/kv_allindia_dec2023/audios/ay_3-c-6_kv_kv-afs-bareilly_04122023-000000-1_HI-KV-001_2.wav,भी,भी,c,46.68,46.98,bh II,bh II,0.0,bh II *,bh II,2334.0,2349.0,15.0,-0.1854134649038314,-0.2058340162038803,-0.0137222679331898,-0.779045581817627,-4.498691558837891,-0.2999127805233001,3.442438173806295e-05,0.5837153792381287,0.0389143601059913,0.505394697189331,19.41493225097656,1.2943288087844849,0.9291353225708008,14.921160697937012,0.994744062423706,0.7084417343139648,12.522279739379885,0.8348186612129211,0.0017872705357149,0.8676747679710388,0.0578449852764606,0.893170177936554,14.215044021606444,0.9476696252822876,0.0555846877396106,4.646500110626221,0.3097666800022125,0.6230056285858154,11.634881973266602,0.7756587862968445,0.201445534825325,6.241622447967529,0.4161081612110138,0.0,0.0,2.0,2.0,0.2670172112053638,0
/home/daplab/30006664/kv_allindia_dec2023/audios/ay_3-c-6_kv_kv-afs-bareilly_04122023-000000-1_HI-KV-001_2.wav,किसी,किसी,c,47.4,47.88,k ii s II,k ii s II,0.0,k ii s II *,k ii s II,2370.0,2394.0,24.0,-0.09603963047266,-0.1468489617109298,-0.0061187068931758,-0.7147531509399414,-6.054062366485596,-0.2522526085376739,1.618011447135359e-05,0.6083778142929077,0.0253490749746561,0.4954057931900024,26.813364028930664,1.1172235012054443,0.9628839492797852,23.943056106567383,0.997627317905426,0.753648579120636,20.568347930908203,0.8570144772529602,0.0047670006752014,2.0468497276306152,0.0852854028344154,0.8969256281852722,22.93697929382324,0.9557074904441832,0.0615283139050006,9.001790046691895,0.3750745952129364,0.6309677362442017,19.274578094482425,0.8031074404716492,0.2086618542671203,11.226421356201172,0.4677675664424896,0.0,0.0,4.0,4.0,0.2670172112053638,0
/home/daplab/30006664/kv_allindia_dec2023/audios/ay_3-c-6_kv_kv-afs-bareilly_04122023-000000-1_HI-KV-001_2.wav,ने,ने,c,47.88,48.3,n ee,n ee,0.0,n ee *,n ee,2394.0,2415.0,21.0,-0.4955396950244903,-0.6097298264503479,-0.0290347542613744,-0.8775607347488403,-5.548556327819824,-0.2642169594764709,1.370780410070438e-05,1.1803700923919678,0.056208100169897,0.4869177341461181,22.71600341796875,1.081714391708374,0.8177071213722229,20.773250579833984,0.9892023801803588,0.7180505990982056,18.08060836791992,0.8609813451766968,0.0022016554139554,1.932000994682312,0.0920000448822975,0.9002213478088379,20.07759475708008,0.9560759663581848,0.0672655552625656,8.105710983276367,0.3859862387180328,0.6381182670593262,16.921289443969727,0.8057757019996643,0.2153454273939132,9.992409706115724,0.4758290350437164,0.0,0.0,2.0,2.0,0.2670172112053638,0
/home/daplab/30006664/kv_allindia_dec2023/audios/ay_3-c-6_kv_kv-afs-bareilly_04122023-000000-1_HI-KV-001_2.wav,कुछ,कुछ,c,48.66,48.96,k uu ch,k uu ch,0.0,k uu ch *,k uu ch,2433.0,2448.0,15.0,-0.6495611667633057,-0.9586264491081238,-0.06390842795372,-1.0255643129348757,-5.681558609008789,-0.3787705600261688,4.992483081878163e-05,1.5751043558120728,0.105006955564022,0.5998305082321167,21.037872314453125,1.4025248289108276,0.765496551990509,14.647150039672852,0.9764766693115234,0.6645684242248535,12.299567222595217,0.8199711441993713,0.0006897676503285,0.7280683517456055,0.0485378913581371,0.8507049083709717,14.080533981323242,0.9387022852897644,0.0176226049661636,4.1147871017456055,0.2743191421031952,0.5443325638771057,11.286632537841797,0.7524421811103821,0.1414321362972259,5.776101589202881,0.3850734531879425,0.0,0.0,3.0,3.0,0.2670172112053638,0
/home/daplab/30006664/kv_allindia_dec2023/audios/ay_3-c-6_kv_kv-afs-bareilly_04122023-000000-1_HI-KV-001_2.wav,नही,नही,c,48.96,49.26,n aa hh II,n aa hh II q,1.0,* n aa hh II q *,n aa hh II q,2448.0,2463.0,15.0,-0.3278777003288269,-0.6696219444274902,-0.0446414612233638,-0.9359340071678162,-6.608876705169678,-0.4405917823314667,9.474965918343514e-05,1.7430216073989868,0.1162014380097389,0.5838996171951294,23.62015151977539,1.574676752090454,0.8768742084503174,14.745251655578612,0.9830167889595032,0.6775779128074646,12.074926376342772,0.8049951195716858,0.0009147698874585,0.4852456450462341,0.0323497094213962,0.8564705848693848,13.963153839111328,0.9308769106864928,0.0205970741808414,3.0151009559631348,0.2010067254304886,0.5539669990539551,10.844408988952637,0.7229605913162231,0.147789642214775,4.954370975494385,0.3302913904190063,1.4172657424106416,1.0,4.0,5.0,0.1414624728823706,0
/home/daplab/30006664/kv_allindia_dec2023/audios/ay_3-c-6_kv_kv-afs-bareilly_04122023-000000-1_HI-KV-001_2.wav,कहा,कहा,c,49.26,49.68,k aa hh AA,k aa hh AA,0.0,k aa hh AA,k aa hh AA,2463.0,2484.0,21.0,-0.2089694440364837,-0.3468084931373596,-0.016514690592885,-0.9063562154769896,-6.235418319702148,-0.2969246804714203,1.552850881125778e-05,1.1265443563461304,0.0536449700593948,0.4808628261089325,25.152217864990234,1.19772469997406,0.9203652143478394,20.86676406860352,0.9936554431915284,0.7255567312240601,17.79393196105957,0.8473300933837891,0.0025911466218531,1.664987087249756,0.0792851001024246,0.8725902438163757,19.949180603027344,0.949961006641388,0.031855221837759,7.331614971160889,0.3491245210170746,0.5825144052505493,16.532329559326172,0.7872537970542908,0.1681624948978424,9.359615325927734,0.4456959664821625,0.0,0.0,4.0,4.0,0.2670172112053638,0
/home/daplab/30006664/kv_allindia_dec2023/audios/au_3-a-4_kv_kv-no3-bhopal_04122023-000000-1_HI-KV-002_1.wav,सालों,सालों,c,0.39,1.77,s AA l oo q,s AA l oo q,0.0,s AA l oo q *,s AA l oo q,19.0,89.0,70.0,-0.4374697804450989,-2.225857734680176,-0.0317979678511619,-1.699295997619629,-49.61935043334961,-0.7088478803634644,2.5312045181635767e-05,8.615668296813965,0.1230809763073921,0.5591926574707031,146.57131958007812,2.0938758850097656,0.8379195928573608,69.14859771728516,0.9878371357917786,0.3920498490333557,49.51943588256836,0.7074205279350281,1.8631467355589848e-06,2.6809332370758057,0.0382990464568138,0.6311948299407959,61.03285217285156,0.8718978762626648,4.647819878300652e-05,11.82498264312744,0.168928325176239,0.3008875846862793,43.71548461914063,0.624506950378418,0.0415615998208522,18.71320915222168,0.2673315703868866,0.0,0.0,5.0,5.0,0.2670172112053638,0
/home/daplab/30006664/kv_allindia_dec2023/audios/au_3-a-4_kv_kv-no3-bhopal_04122023-000000-1_HI-KV-002_1.wav,पहले,पहले,c,1.8,2.28,p aa hh aa l ee,p aa hh aa l ee,0.0,p aa hh aa l ee *,p aa hh aa l ee,90.0,114.0,24.0,-0.6367336511611938,-1.5455995798110962,-0.0643999800086021,-1.2811496257781982,-10.738865852355955,-0.4474527537822723,1.789548696251586e-05,3.202155590057373,0.1334231495857238,0.5153391361236572,36.12785339355469,1.505327224731445,0.769768476486206,23.42657470703125,0.9761072993278505,0.677340030670166,19.50880241394043,0.812866747379303,0.000910059781745,1.1650798320770264,0.048544991761446,0.8294897079467773,22.332979202270508,0.9305408000946044,0.0099273324012756,5.842852115631104,0.243452176451683,0.5111420154571533,17.549606323242188,0.7312335968017578,0.1213476732373237,8.596504211425781,0.3581876754760742,0.0,0.0,6.0,6.0,0.2670172112053638,0
/home/daplab/30006664/kv_allindia_dec2023/audios/au_3-a-4_kv_kv-no3-bhopal_04122023-000000-1_HI-KV-002_1.wav,एक,एक,c,2.28,2.61,ee k,ee k,0.0,ee k *,ee k,113.0,131.0,18.0,-0.0642947927117347,-0.2048561573028564,-0.011380897834897,-0.8119168877601624,-5.979004859924316,-0.3321669399738312,2.7502066586748697e-05,0.9280356168746948,0.051557533442974,0.5638849139213562,23.21853256225586,1.2899184226989746,0.97505384683609,17.920297622680664,0.9955720901489258,0.7128218412399292,15.071401596069336,0.8373000621795654,0.0019654894713312,1.2764629125595093,0.0709146037697792,0.878131091594696,16.998844146728516,0.944380223751068,0.0370062738656997,5.807094097137451,0.3226163387298584,0.5929324626922607,13.891751289367676,0.7717639803886414,0.1762080788612365,7.607304573059082,0.4226280450820923,0.0,0.0,2.0,2.0,0.2670172112053638,0
/home/daplab/30006664/kv_allindia_dec2023/audios/au_3-a-4_kv_kv-no3-bhopal_04122023-000000-1_HI-KV-002_1.wav,घंटाघर,घर,s,3.54,3.69,gh aa q T AA gh aa r,,6.0,,,177.0,185.0,8.0,-0.5672991275787354,-1.291791558265686,-0.1614739447832107,-1.5182586908340454,-9.465444564819336,-1.183180570602417,0.1077320128679275,2.6774284839630127,0.3346785604953766,2.50732970237732,23.53427505493164,2.941784381866455,0.7931317687034607,7.521993160247803,0.9402491450309752,0.527503252029419,4.544184684753418,0.5680230855941772,3.523049963405356e-05,0.0013026413507759,0.0001628301688469,0.7449479103088379,6.314197063446045,0.7892746329307556,0.0010083928937092,0.0445343926548957,0.0055667990818619,0.4047271609306335,3.674838781356812,0.4593548476696014,0.0725601613521575,0.777094841003418,0.0971368551254272,,,8.0,0.0,0.9210397588221279,1
/home/daplab/30006664/kv_allindia_dec2023/audios/au_3-a-4_kv_kv-no3-bhopal_04122023-000000-1_HI-KV-002_1.wav,में,में,c,4.32,4.62,m ee q,m ee q,0.0,m ee q *,m ee q,216.0,231.0,15.0,-0.5358778834342957,-1.2537587881088257,-0.0835839211940765,-1.0689350366592407,-7.876682281494141,-0.5251121520996094,6.766643491573632e-05,2.549170017242432,0.1699446737766266,0.6039125919342041,25.140756607055664,1.6760504245758057,0.8038383722305298,14.531342506408691,0.968756139278412,0.6207447648048401,11.823731422424316,0.7882487773895264,0.0002664918429218,0.5616444945335388,0.0374429672956466,0.8187263607978821,13.778851509094238,0.9185901284217834,0.0074196625500917,2.971050977706909,0.1980700641870498,0.4955092668533325,10.5079345703125,0.7005289793014526,0.1127892062067985,4.771064281463623,0.3180709481239319,0.0,0.0,3.0,3.0,0.2670172112053638,0
/home/daplab/30006664/kv_allindia_dec2023/audios/au_3-a-4_kv_kv-no3-bhopal_04122023-000000-1_HI-KV-002_1.wav,टीकू,टीकू,c,5.85,6.75,T II k UU,T II k UU,0.0,* T II k UU *,T II k UU,292.0,338.0,46.0,-0.4257121086120605,-0.8761441111564636,-0.0190466102212667,-1.1455377340316772,-13.37929916381836,-0.2908543348312378,1.69571449077921e-05,2.0638320446014404,0.0448659136891365,0.5136274695396423,54.38531494140625,1.182289481163025,0.842047929763794,45.670440673828125,0.9928356409072876,0.6061238050460815,38.9089241027832,0.8458461761474609,0.000194038322661,3.756082534790039,0.0816539674997329,0.815560519695282,43.666839599609375,0.9492791295051576,0.0068106916733086,16.802261352539062,0.3652665615081787,0.4910497665405273,36.35091400146485,0.7902372479438782,0.1104461550712585,20.95893669128418,0.4556290507316589,0.0,0.0,4.0,4.0,0.2670172112053638,0
/home/daplab/30006664/kv_allindia_dec2023/audios/au_3-a-4_kv_kv-no3-bhopal_04122023-000000-1_HI-KV-002_1.wav,चिड़िया,चिड़िया,c,6.75,7.38,c ii D ii y AA,c ii D ii y AA,0.0,* c ii D ii y AA *,c ii D ii y AA,337.0,369.0,32.0,-0.164352610707283,-0.4213695824146271,-0.013167799450457,-0.7402822375297546,-9.506832122802734,-0.2970885038375854,2.2964240997680463e-05,1.4100301265716553,0.0440634414553642,0.5497280359268188,39.50112533569336,1.2344101667404177,0.937020480632782,31.83754539489746,0.9949232935905457,0.7353130578994751,26.99858283996582,0.8437057137489319,0.0032021421939134,2.174978256225586,0.0679680705070495,0.8902192115783691,30.38821792602539,0.9496318101882936,0.0513200685381889,10.519004821777344,0.328718900680542,0.6168825626373291,25.04911422729492,0.7827848196029663,0.1960530877113342,13.79399871826172,0.4310624599456787,0.0,0.0,6.0,6.0,0.2670172112053638,0
/home/daplab/30006664/kv_allindia_dec2023/audios/au_3-a-4_kv_kv-no3-bhopal_04122023-000000-1_HI-KV-002_1.wav,अपने,अपने,c,7.38,7.95,aa p aa n ee,aa p aa n ee,0.0,aa p aa n ee *,aa p aa n ee,369.0,398.0,29.0,-0.2449973374605178,-0.6223034858703613,-0.0214587412774562,-0.7538772225379944,-8.517810821533203,-0.293717622756958,1.4437361642194446e-05,1.8200039863586424,0.0627587586641311,0.4843054413795471,33.78049087524414,1.1648445129394531,0.9070512652397156,28.76142120361328,0.9917731285095216,0.7517094016075134,24.73413848876953,0.8529013395309448,0.0045705568045377,2.450784683227539,0.0845098197460174,0.9010754823684692,27.60145378112793,0.9517742395401,0.0688378512859344,10.32465362548828,0.3560225367546081,0.6399973630905151,22.960155487060547,0.7917295098304749,0.2171343117952346,13.118548393249512,0.4523637294769287,0.0,0.0,5.0,5.0,0.2670172112053638,0
/home/daplab/30006664/kv_allindia_dec2023/audios/au_3-a-4_kv_kv-no3-bhopal_04122023-000000-1_HI-KV-002_1.wav,माता,माता,c,8.25,8.7,m AA t AA,m AA t AA,0.0,m AA t AA *,m AA t AA,412.0,435.0,23.0,-0.3725685775279999,-0.485863983631134,-0.0211245212703943,-0.8156182765960693,-5.728870391845703,-0.2490813285112381,1.3468673387251329e-05,1.06380295753479,0.0462523028254509,0.4947468340396881,24.73579406738281,1.0754692554473877,0.860859751701355,22.8169059753418,0.9920393824577332,0.7636457681655884,19.814054489135746,0.8614806532859802,0.0059219417162239,2.1192071437835693,0.0921394377946853,0.9040191173553468,22.020044326782227,0.957393229007721,0.0745434835553169,8.919367790222168,0.3877986073493957,0.646557092666626,18.59833335876465,0.808623194694519,0.2234878987073898,10.999095916748049,0.4782215654850006,0.0,0.0,4.0,4.0,0.2670172112053638,0
/home/daplab/30006664/kv_allindia_dec2023/audios/au_3-a-4_kv_kv-no3-bhopal_04122023-000000-1_HI-KV-002_1.wav,पिता,पिता,c,8.7,9.39,p ii t AA,p ii t AA,0.0,* p ii t AA *,p ii t AA,434.0,470.0,36.0,-0.5412769317626953,-0.7689244151115417,-0.0213590115308761,-0.8461893796920776,-9.456433296203612,-0.26267871260643,1.2003962183371186e-05,1.649167776107788,0.0458102151751518,0.4925970733165741,39.280391693115234,1.091122031211853,0.801992654800415,35.71354675292969,0.9920429587364196,0.7175740599632263,30.96919059753418,0.8602553009986877,0.0021790049504488,3.351790428161621,0.0931052863597869,0.8749464154243469,34.40737533569336,0.955760419368744,0.0339516922831535,13.861443519592283,0.3850401043891907,0.5869040489196777,28.98068618774414,0.8050190806388855,0.1715108901262283,17.10733413696289,0.4752037227153778,0.0,0.0,4.0,4.0,0.2670172112053638,0
/home/daplab/30006664/kv_allindia_dec2023/audios/au_3-a-4_kv_kv-no3-bhopal_04122023-000000-1_HI-KV-002_1.wav,और,और,c,9.66,10.08,OO r,OO r,0.0,OO r *,OO r,483.0,504.0,21.0,-0.4024971425533294,-0.7852946519851685,-0.0373949818313121,-0.9680405259132384,-6.953425407409668,-0.3311154842376709,3.7888294173171744e-05,1.6578048467636108,0.0789430886507034,0.5715088248252869,26.89131164550781,1.2805386781692505,0.8502349853515625,20.70443725585937,0.985925555229187,0.6900836229324341,17.507896423339844,0.8337093591690063,0.0011999778216704,1.3550440073013306,0.0645259022712707,0.8723430037498474,19.830528259277344,0.9443108439445496,0.0316429026424884,6.853074073791504,0.3263368606567383,0.5820572376251221,16.228450775146484,0.7727833986282349,0.1678172051906585,8.909628868103027,0.4242680370807647,0.0,0.0,2.0,2.0,0.2670172112053638,0
/home/daplab/30006664/kv_allindia_dec2023/audios/au_3-a-4_kv_kv-no3-bhopal_04122023-000000-1_HI-KV-002_1.wav,पांच,पांच,c,10.47,10.92,<UNK>,p AA q c,4.74464614119166,p AA q c *,p AA q c,523.0,546.0,23.0,-0.5135510563850403,-0.9316592812538148,-0.0405069254338741,-0.9286673069000244,-8.127842903137207,-0.3533844649791717,5.3267358453013e-05,1.87580406665802,0.0815567001700401,0.6499843001365662,30.792102813720703,1.338787078857422,0.8114973306655884,22.651912689208984,0.9848657846450806,0.7250605821609497,19.13807678222656,0.8320903182029724,0.0025633936747908,1.2761870622634888,0.0554863922297954,0.8723421096801758,21.69476890563965,0.943250834941864,0.0316421501338481,6.658084392547607,0.2894819378852844,0.5820556282997131,17.5548095703125,0.7632526159286499,0.1678159683942794,9.178123474121094,0.3990488350391388,,,1.0,4.0,0.9210397588221279,1
/home/daplab/30006664/kv_allindia_dec2023/audios/au_3-a-4_kv_kv-no3-bhopal_04122023-000000-1_HI-KV-002_1.wav,भाइयों,भाइयों,c,10.92,11.52,bh AA ii y oo q,bh AA ii y oo q,0.0,bh AA ii y oo q *,bh AA ii y oo q,546.0,576.0,30.0,-0.629450261592865,-2.8210601806640625,-0.0940353423357009,-1.4343175888061523,-15.71484088897705,-0.5238280296325684,1.6647867596475407e-05,5.236384391784668,0.1745461523532867,0.5279778838157654,48.90175247192383,1.6300584077835083,0.7722001671791077,28.95850372314453,0.965283453464508,0.5577509999275208,23.64574813842773,0.7881916165351868,6.791927444282919e-05,1.4515570402145386,0.0483852364122867,0.7701587677001953,27.504579544067383,0.9168193340301514,0.0019943818915635,6.935649871826172,0.2311883270740509,0.4330024123191833,21.181718826293945,0.7060573101043701,0.0835341736674308,10.200204849243164,0.3400068283081054,0.0,0.0,6.0,6.0,0.2670172112053638,0
/home/daplab/30006664/kv_allindia_dec2023/audios/au_3-a-4_kv_kv-no3-bhopal_04122023-000000-1_HI-KV-002_1.wav,के,के,c,12.03,12.33,k ee,k ee,0.0,k ee *,k ee,601.0,617.0,16.0,-0.106201983988285,-0.1665924489498138,-0.0104120280593633,-0.6140883564949036,-4.185325622558594,-0.2615828514099121,2.8696907975245267e-05,0.6119036674499512,0.0382439792156219,0.6114007830619812,18.03805923461914,1.1273787021636963,0.9590083956718444,15.935481071472168,0.9959675669670104,0.7588217258453369,13.724323272705078,0.8577702045440674,0.0053333397954702,1.269203782081604,0.0793252363801002,0.91942697763443,15.288763999938965,0.9555477499961852,0.1130894795060157,5.797303199768066,0.3623314499855041,0.6832197904586792,12.80636215209961,0.8003976345062256,0.2623045146465301,7.3409318923950195,0.4588082432746887,0.0,0.0,2.0,2.0,0.2670172112053638,0
/home/daplab/30006664/kv_allindia_dec2023/audios/au_3-a-4_kv_kv-no3-bhopal_04122023-000000-1_HI-KV-002_1.wav,साथ,साथ,c,12.33,12.87,s AA th,s AA th,0.0,* s AA th *,s AA th,616.0,644.0,28.0,-0.0038146921433508,-0.0139141660183668,-0.0004969345172867,-0.624387800693512,-5.668960094451904,-0.2024628669023513,1.827538653742522e-05,0.1090892031788826,0.0038960429374128,0.5314637422561646,28.164026260375977,1.005858063697815,0.9985087513923644,27.994558334350582,0.9998056292533876,0.7048743963241577,24.27235221862793,0.8668697476387024,0.0016541298246011,2.7596631050109863,0.0985593944787979,0.8914833068847656,26.924152374267575,0.9615768790245056,0.0531053058803081,11.804773330688477,0.4215990602970123,0.619491457939148,23.05111122131348,0.8232539892196655,0.1983342319726944,14.10940647125244,0.5039073824882507,0.0,0.0,3.0,3.0,0.2670172112053638,0
/home/daplab/30006664/kv_allindia_dec2023/audios/au_3-a-4_kv_kv-no3-bhopal_04122023-000000-1_HI-KV-002_1.wav,रहती,रहती,c,13.17,13.71,r aa hh aa t II,r aa hh aa t II,0.0,r aa hh aa t II *,r aa hh aa t II,658.0,686.0,28.0,-0.3394721150398254,-0.7118328213691711,-0.0254226010292768,-1.0778658390045166,-10.62324333190918,-0.3794015347957611,1.860997508629225e-05,2.2281088829040527,0.079575315117836,0.5057680606842041,39.2923583984375,1.4032984972000122,0.8727023005485535,27.72869873046875,0.9903106689453124,0.7011080980300903,23.057228088378903,0.8234724402427673,0.0015243106754496,1.672805905342102,0.0597430691123008,0.8516097664833069,26.256486892700195,0.937731683254242,0.0180592853575944,7.884429931640625,0.2815867960453033,0.5458259582519531,21.0501766204834,0.7517920136451721,0.1424013078212738,10.921530723571776,0.3900546729564667,0.0,0.0,6.0,6.0,0.2670172112053638,0
/home/daplab/30006664/kv_allindia_dec2023/audios/au_3-a-4_kv_kv-no3-bhopal_04122023-000000-1_HI-KV-002_1.wav,थी,थी,c,13.71,14.07,th II,th II,0.0,* th II *,th II,685.0,704.0,19.0,-0.1976163238286972,-0.2775982320308685,-0.0146104330196976,-0.6650092601776123,-6.017478466033936,-0.3167093992233276,1.1076010196120478e-05,0.8885559439659119,0.0467661023139953,0.4730181097984314,24.319747924804688,1.2799867391586304,0.92458575963974,18.89339637756348,0.9943892955780028,0.7168210744857788,15.927448272705078,0.8382867574691772,0.0021436878014355,1.3482524156570437,0.0709606558084487,0.897087037563324,17.99205207824707,0.946950137615204,0.0617975294589996,6.048842906951904,0.3183601498603821,0.6313142776489258,14.73365306854248,0.7754554152488708,0.208981305360794,8.03106689453125,0.4226877391338348,0.0,0.0,2.0,2.0,0.2670172112053638,0
/home/daplab/30006664/kv_allindia_dec2023/audios/au_3-a-4_kv_kv-no3-bhopal_04122023-000000-1_HI-KV-002_1.wav,टीकू,टीकू,c,14.49,15.06,T II k UU,T II q k UU,1.0,T II q k UU *,T II q k UU,724.0,753.0,29.0,-0.0986204966902732,-0.245756134390831,-0.0084743490442633,-0.7191810607910156,-7.887350082397461,-0.2719776034355163,1.7879941879073158e-05,0.9283332228660583,0.0320114903151989,0.5091388821601868,33.9951286315918,1.1722458600997925,0.9618988037109376,28.90477180480957,0.9967162609100342,0.7073805332183838,24.64290428161621,0.8497553467750549,0.0017465821001678,2.289305686950684,0.0789415761828422,0.8930285573005676,27.62649917602539,0.9526379108428956,0.0553721562027931,10.359654426574709,0.357229471206665,0.6227091550827026,23.02183151245117,0.7938562631607056,0.2011813074350357,13.140386581420898,0.453116774559021,1.4172657424106416,1.0,4.0,5.0,0.1414624728823706,0
/home/daplab/30006664/kv_allindia_dec2023/audios/au_3-a-4_kv_kv-no3-bhopal_04122023-000000-1_HI-KV-002_1.wav,चिड़िया,चिड़िया,c,15.06,15.63,c ii D ii y AA,c ii D ii y AA,0.0,c ii D ii y AA *,c ii D ii y AA,753.0,782.0,29.0,-0.5065992474555969,-1.0122767686843872,-0.0349060967564582,-0.9760177731513976,-10.260639190673828,-0.3538151383399963,2.191378371207975e-05,2.3636016845703125,0.0815035030245781,0.5578843951225281,39.188419342041016,1.3513247966766355,0.813890814781189,28.619770050048828,0.9868886470794678,0.714128851890564,24.09718513488769,0.8309374451637268,0.0020220351871103,1.5693913698196411,0.0541169419884681,0.8626012802124023,27.3424015045166,0.942841410636902,0.0243125054985284,8.222293853759766,0.2835273742675781,0.5645327568054199,22.080127716064453,0.7613837122917175,0.1550549268722534,11.458356857299805,0.3951157629489898,0.0,0.0,6.0,6.0,0.2670172112053638,0
/home/daplab/30006664/kv_allindia_dec2023/audios/au_3-a-4_kv_kv-no3-bhopal_04122023-000000-1_HI-KV-002_1.wav,छोटी,छोटे,s,15.63,16.35,ch oo T II,ch oo T ee,2.0,* ch oo T ee *,ch oo T ee,781.0,818.0,37.0,-0.0316415838897228,-0.0682079717516899,-0.0018434587400406,-0.6423439979553223,-8.994070053100586,-0.243082970380783,1.3079151358397212e-05,0.400199830532074,0.0108162118121981,0.4943360388278961,41.59537506103516,1.1241992712020874,0.9876731038093568,36.97338104248047,0.999280571937561,0.7024277448654175,31.646997451782227,0.8553242683410645,0.0015685963444411,2.9547674655914307,0.0798585787415504,0.8890676498413086,35.3720817565918,0.9560022354125975,0.0497460141777992,13.84009838104248,0.374056726694107,0.6145237684249878,29.736799240112305,0.8036972880363464,0.1940114945173263,17.263134002685547,0.466571182012558,4.547668187662332,1.0,4.0,4.0,0.9342651191079336,1
/home/daplab/30006664/kv_allindia_dec2023/audios/au_3-a-4_kv_kv-no3-bhopal_04122023-000000-1_HI-KV-002_1.wav,सी,सी,c,16.56,17.16,s II,s II,0.0,s II *,s II,827.0,858.0,31.0,-0.1253445893526077,-0.2752130329608917,-0.0088778398931026,-0.8679921627044678,-11.440627098083496,-0.3690524995326996,1.414923735865159e-05,1.1214948892593384,0.0361772552132606,0.5239384770393372,45.25802993774414,1.459936499595642,0.9517349600791932,30.89335250854492,0.996559739112854,0.6323121190071106,25.161867141723636,0.811673104763031,0.0003425320901442,1.901746392250061,0.0613466575741767,0.8515505194664001,28.993465423583984,0.935273051261902,0.0180303659290075,8.934818267822266,0.2882199585437774,0.5457279682159424,23.20074844360352,0.748411238193512,0.1423375159502029,12.15888786315918,0.3922221958637237,0.0,0.0,2.0,2.0,0.2670172112053638,0
/home/daplab/30006664/kv_allindia_dec2023/audios/au_3-a-4_kv_kv-no3-bhopal_04122023-000000-1_HI-KV-002_1.wav,थी,थी,c,17.46,17.85,th II,th II,0.0,th II *,th II,873.0,893.0,20.0,-0.0657325312495231,-0.2852377295494079,-0.0142618864774703,-0.6841191053390503,-6.816633701324463,-0.3408316969871521,2.2776179321226664e-05,1.1612108945846558,0.0580605454742908,0.5357163548469543,26.676851272583008,1.3338425159454346,0.97450053691864,19.88916015625,0.994458019733429,0.6818763017654419,16.64889144897461,0.8324445486068726,0.0010042040375992,1.1851835250854492,0.0592591762542724,0.8796259760856628,18.87293815612793,0.9436469078063964,0.0385333709418773,5.891642093658447,0.2945820987224579,0.5958008766174316,15.298240661621094,0.7649120092391968,0.1784839779138565,8.061714172363281,0.403085708618164,0.0,0.0,2.0,2.0,0.2670172112053638,0
/home/daplab/30006664/kv_allindia_dec2023/audios/au_3-a-4_kv_kv-no3-bhopal_04122023-000000-1_HI-KV-002_1.wav,उसके,उसके,c,18.45,19.08,uu s aa k ee,uu s aa k ee,2.0,uu s aa k ee *,uu s aa k ee,922.0,954.0,32.0,-0.7654030919075012,-1.7846437692642212,-0.0557701177895069,-1.3259111642837524,-10.264167785644531,-0.3207552433013916,1.2447993867681362e-05,3.270319700241089,0.102197490632534,0.4602225720882416,37.895320892333984,1.184228777885437,0.7275316715240479,31.342586517333984,0.979455828666687,0.6934999823570251,27.18146133422852,0.8494206666946411,0.0012923210160806,2.657755851745605,0.0830548703670501,0.832743763923645,30.36821174621582,0.9490066170692444,0.0108408015221357,11.284138679504396,0.3526293337345123,0.5160192847251892,25.167455673217773,0.7864829897880554,0.124131366610527,14.320470809936523,0.4475147128105163,0.0,0.0,5.0,5.0,0.2670172112053638,0
/home/daplab/30006664/kv_allindia_dec2023/audios/au_3-a-4_kv_kv-no3-bhopal_04122023-000000-1_HI-KV-002_1.wav,पंख,पंख,c,19.08,19.59,p aa q kh,p aa q kh,0.0,p aa q kh *,p aa q kh,953.0,980.0,27.0,-0.1233576834201812,-0.2399825900793075,-0.0088882436975836,-0.845751166343689,-7.670770168304443,-0.284102588891983,2.266541741846595e-05,0.9573339819908142,0.0354568138718605,0.5811148881912231,32.13565444946289,1.1902093887329102,0.9524882435798644,26.90704727172852,0.9965572953224182,0.7153438925743103,22.91771125793457,0.8488041162490845,0.0020760598126798,1.9918620586395264,0.0737726688385009,0.8741930723190308,25.689666748046875,0.9514691233634948,0.0332668088376522,9.34418773651123,0.346081018447876,0.5854941606521606,21.322429656982425,0.7897196412086487,0.1704288870096206,11.994282722473145,0.444232702255249,0.0,0.0,4.0,4.0,0.2670172112053638,0
/home/daplab/30006664/kv_allindia_dec2023/audios/au_3-a-4_kv_kv-no3-bhopal_04122023-000000-1_HI-KV-002_1.wav,मुलायम,मुलायम,c,19.59,20.4,m uu l AA y aa m,m uu l AA y aa m,0.0,m uu l AA y aa m *,m uu l AA y aa m,979.0,1020.0,41.0,-0.294992983341217,-0.7758426070213318,-0.0189229901880025,-0.8773021101951599,-12.494016647338867,-0.3047321140766144,1.4227528481569609e-05,2.177618265151977,0.0531126409769058,0.5163357853889465,50.03948593139648,1.2204753160476685,0.8887729048728943,40.704227447509766,0.9927860498428344,0.7134500741958618,34.65288543701172,0.8451923131942749,0.0019924698863178,3.103353500366211,0.0756915509700775,0.8729439377784729,38.9090690612793,0.949001669883728,0.0321614816784858,13.94876194000244,0.3402137160301208,0.5831696391105652,32.13811492919922,0.7838564515113831,0.1686584800481796,17.97487449645996,0.4384115636348724,0.0,0.0,7.0,7.0,0.2670172112053638,0
/home/daplab/30006664/kv_allindia_dec2023/audios/au_3-a-4_kv_kv-no3-bhopal_04122023-000000-1_HI-KV-002_1.wav,थे,थे,c,20.55,20.91,th ee,th ee,0.0,th ee *,th ee,1027.0,1046.0,19.0,-0.0295698661357164,-0.0777296647429466,-0.0040910351090133,-0.7575414776802063,-5.408999443054199,-0.2846841812133789,1.9074595911661163e-05,0.4422945976257324,0.0232786629348993,0.5064169764518738,22.56511116027832,1.187637448310852,0.988477110862732,18.969667434692383,0.998403549194336,0.6858781576156616,16.11088752746582,0.8479414582252502,0.0010953119490295,1.5994166135787964,0.0841798186302185,0.8727937936782837,18.06031608581543,0.95054292678833,0.0320311486721038,6.848836898803711,0.3604651093482971,0.5828914046287537,15.024185180664062,0.7907465696334839,0.1684477031230926,8.619414329528809,0.4536533951759338,0.0,0.0,2.0,2.0,0.2670172112053638,0
/home/daplab/30006664/kv_allindia_dec2023/audios/au_3-a-4_kv_kv-no3-bhopal_04122023-000000-1_HI-KV-002_1.wav,उसकी,उसके,s,21.21,21.81,uu s aa k II,uu s aa k ee,2.0,uu s aa k ee *,uu s aa k ee,1060.0,1091.0,31.0,-0.5888645052909851,-1.8224804401397705,-0.0587896928191185,-1.0105385780334473,-9.489700317382812,-0.3061193525791168,1.19833985081641e-05,2.8941712379455566,0.0933603644371032,0.4661699533462524,34.940711975097656,1.127119779586792,0.7858320474624634,30.32756805419922,0.9783086180686952,0.7277976274490356,26.550575256347656,0.8564701676368713,0.0027202649507671,2.9722280502319336,0.0958783254027366,0.8763988614082336,29.51509094238281,0.9520996809005736,0.0353121906518936,11.620473861694336,0.3748539984226227,0.5896396040916443,24.67292213439941,0.7959007024765015,0.1736280620098114,14.441902160644531,0.465867817401886,4.547668187662332,1.0,5.0,5.0,0.9342651191079336,1
/home/daplab/30006664/kv_allindia_dec2023/audios/au_3-a-4_kv_kv-no3-bhopal_04122023-000000-1_HI-KV-002_1.wav,मां,<eps>,d,,,<UNK>,,,,,,,,,,,,,,,,,,,,,,,,,,,,,,,,,,,,,,,,,,,,,0.9210397588221279,1
/home/daplab/30006664/kv_allindia_dec2023/audios/au_3-a-4_kv_kv-no3-bhopal_04122023-000000-1_HI-KV-002_1.wav,ने,<eps>,d,,,n ee,,,,,,,,,,,,,,,,,,,,,,,,,,,,,,,,,,,,,,,,,,,,,0.9210397588221279,1
/home/daplab/30006664/kv_allindia_dec2023/audios/au_3-a-4_kv_kv-no3-bhopal_04122023-000000-1_HI-KV-002_1.wav,उसे,<eps>,d,,,uu s ee,,,,,,,,,,,,,,,,,,,,,,,,,,,,,,,,,,,,,,,,,,,,,0.9210397588221279,1
/home/daplab/30006664/kv_allindia_dec2023/audios/au_3-a-4_kv_kv-no3-bhopal_04122023-000000-1_HI-KV-002_1.wav,घंटाघर,<eps>,d,,,gh aa q T AA gh aa r,,,,,,,,,,,,,,,,,,,,,,,,,,,,,,,,,,,,,,,,,,,,,0.9210397588221279,1
/home/daplab/30006664/kv_allindia_dec2023/audios/au_3-a-4_kv_kv-no3-bhopal_04122023-000000-1_HI-KV-002_1.wav,की,<eps>,d,,,k II,,,,,,,,,,,,,,,,,,,,,,,,,,,,,,,,,,,,,,,,,,,,,0.9210397588221279,1
/home/daplab/30006664/kv_allindia_dec2023/audios/au_3-a-4_kv_kv-no3-bhopal_04122023-000000-1_HI-KV-002_1.wav,ताल,<eps>,d,,,t AA l,,,,,,,,,,,,,,,,,,,,,,,,,,,,,,,,,,,,,,,,,,,,,0.9210397588221279,1
/home/daplab/30006664/kv_allindia_dec2023/audios/au_3-a-4_kv_kv-no3-bhopal_04122023-000000-1_HI-KV-002_1.wav,पर,<eps>,d,,,p aa r,,,,,,,,,,,,,,,,,,,,,,,,,,,,,,,,,,,,,,,,,,,,,0.9210397588221279,1
/home/daplab/30006664/kv_allindia_dec2023/audios/au_3-a-4_kv_kv-no3-bhopal_04122023-000000-1_HI-KV-002_1.wav,चहकना,<eps>,d,,,c aa hh aa k aa n AA,,,,,,,,,,,,,,,,,,,,,,,,,,,,,,,,,,,,,,,,,,,,,0.9210397588221279,1
/home/daplab/30006664/kv_allindia_dec2023/audios/au_3-a-4_kv_kv-no3-bhopal_04122023-000000-1_HI-KV-002_1.wav,सिखाया,<eps>,d,,,s ii kh AA y AA,,,,,,,,,,,,,,,,,,,,,,,,,,,,,,,,,,,,,,,,,,,,,0.9210397588221279,1
/home/daplab/30006664/kv_allindia_dec2023/audios/au_3-a-4_kv_kv-no3-bhopal_04122023-000000-1_HI-KV-002_1.wav,था,<eps>,d,,,th AA,,,,,,,,,,,,,,,,,,,,,,,,,,,,,,,,,,,,,,,,,,,,,0.9210397588221279,1
/home/daplab/30006664/kv_allindia_dec2023/audios/au_3-a-4_kv_kv-no3-bhopal_04122023-000000-1_HI-KV-002_1.wav,घंटाघर,<eps>,d,,,gh aa q T AA gh aa r,,,,,,,,,,,,,,,,,,,,,,,,,,,,,,,,,,,,,,,,,,,,,0.9210397588221279,1
/home/daplab/30006664/kv_allindia_dec2023/audios/au_3-a-4_kv_kv-no3-bhopal_04122023-000000-1_HI-KV-002_1.wav,के,<eps>,d,,,k ee,,,,,,,,,,,,,,,,,,,,,,,,,,,,,,,,,,,,,,,,,,,,,0.9210397588221279,1
/home/daplab/30006664/kv_allindia_dec2023/audios/au_3-a-4_kv_kv-no3-bhopal_04122023-000000-1_HI-KV-002_1.wav,पास,<eps>,d,,,p AA s,,,,,,,,,,,,,,,,,,,,,,,,,,,,,,,,,,,,,,,,,,,,,0.9210397588221279,1
/home/daplab/30006664/kv_allindia_dec2023/audios/au_3-a-4_kv_kv-no3-bhopal_04122023-000000-1_HI-KV-002_1.wav,ही,<eps>,d,,,hh II,,,,,,,,,,,,,,,,,,,,,,,,,,,,,,,,,,,,,,,,,,,,,0.9210397588221279,1
/home/daplab/30006664/kv_allindia_dec2023/audios/au_3-a-4_kv_kv-no3-bhopal_04122023-000000-1_HI-KV-002_1.wav,एक,<eps>,d,,,ee k,,,,,,,,,,,,,,,,,,,,,,,,,,,,,,,,,,,,,,,,,,,,,0.9210397588221279,1
/home/daplab/30006664/kv_allindia_dec2023/audios/au_3-a-4_kv_kv-no3-bhopal_04122023-000000-1_HI-KV-002_1.wav,घर,घर,c,21.81,22.26,gh aa r,gh aa r,0.0,gh aa r *,gh aa r,1090.0,1113.0,23.0,-0.5009638071060181,-1.0139648914337158,-0.044085431843996,-0.8713476061820984,-7.339654445648193,-0.319115400314331,1.5309546142816544e-05,1.8500330448150637,0.0804362222552299,0.4738397300243377,27.750986099243164,1.2065646648406982,0.815834105014801,22.62289810180664,0.9836042523384094,0.6649309992790222,19.426246643066406,0.8446193933486938,0.0006952169933356,1.981098175048828,0.0861347019672393,0.8583351969718933,21.80677604675293,0.9481207132339478,0.0216626487672328,8.08427906036377,0.3514904081821441,0.5571445822715759,18.037017822265625,0.7842181921005249,0.1499418169260025,10.268118858337402,0.4464399516582489,0.0,0.0,3.0,3.0,0.2670172112053638,0
/home/daplab/30006664/kv_allindia_dec2023/audios/au_3-a-4_kv_kv-no3-bhopal_04122023-000000-1_HI-KV-002_1.wav,था,था,c,22.89,23.31,th AA,th AA,0.0,th AA *,th AA,1144.0,1166.0,22.0,-0.2922060191631317,-0.3807743489742279,-0.0173079241067171,-0.696384072303772,-5.662424564361572,-0.2573829293251037,2.8685049983323552e-05,0.9832903742790222,0.0446950159966945,0.525405764579773,24.42570686340332,1.1102594137191772,0.8897858262062073,21.85527229309082,0.9934214949607848,0.7060019969940186,18.86487197875977,0.8574941754341125,0.0016951054567471,1.6590601205825806,0.0754118263721466,0.891871452331543,21.029436111450195,0.9558834433555604,0.0536658465862274,8.090617179870605,0.3677553236484527,0.6202967166900635,17.651432037353516,0.8023378252983093,0.1990432739257812,10.159161567687988,0.4617800712585449,0.0,0.0,2.0,2.0,0.2670172112053638,0
/home/daplab/30006664/kv_allindia_dec2023/audios/au_3-a-4_kv_kv-no3-bhopal_04122023-000000-1_HI-KV-002_1.wav,जिसमें,जिसमें,c,23.31,24.48,j ii s aa m ee q,j ii s aa m ee q,0.0,j ii s aa m ee q *,j ii s aa m ee q,1165.0,1224.0,59.0,-0.6613422632217407,-2.069525241851806,-0.0350767001509666,-1.360591173171997,-28.85908508300781,-0.4891370236873626,2.191835119447205e-05,5.61400842666626,0.0951526835560798,0.4972435534000397,100.33920288085938,1.7006644010543823,0.7615850567817688,58.222145080566406,0.9868159890174866,0.6399565935134888,46.318458557128906,0.7850586175918579,0.0004043400404043,2.273616313934326,0.0385358706116676,0.8082773685455322,54.22193908691406,0.9190159440040588,0.0055927904322743,12.153021812438965,0.2059834152460098,0.4810160398483276,41.49561309814453,0.7033154964447021,0.1053274944424629,19.110069274902344,0.3238994777202606,0.0,0.0,7.0,7.0,0.2670172112053638,0
/home/daplab/30006664/kv_allindia_dec2023/audios/au_3-a-4_kv_kv-no3-bhopal_04122023-000000-1_HI-KV-002_1.wav,पक्षियों,पक्षियों,c,24.84,25.71,p aa k sh ii y oo q,p aa k sh ii y oo q,0.0,p aa k sh ii y oo q *,p aa k sh ii y oo q,1242.0,1286.0,44.0,-0.1441153585910797,-0.5341835021972656,-0.0121405338868498,-0.794491708278656,-14.791168212890623,-0.3361629247665405,2.3308724848902784e-05,2.119331121444702,0.0481666177511215,0.5467764139175415,58.59168243408203,1.3316291570663452,0.9446362853050232,43.79310607910156,0.9952978491783142,0.7013778686523438,36.70430755615234,0.8341888189315796,0.0015332625480368,2.5523154735565186,0.0580071695148944,0.8721722364425659,41.548099517822266,0.9442749619483948,0.0314970426261425,12.935391426086426,0.2939861714839935,0.5817417502403259,33.70758438110352,0.7660814523696899,0.1675792932510376,17.742708206176758,0.4032433629035949,0.0,0.0,8.0,8.0,0.2670172112053638,0
/home/daplab/30006664/kv_allindia_dec2023/audios/au_3-a-4_kv_kv-no3-bhopal_04122023-000000-1_HI-KV-002_1.wav,से,से,c,25.71,26.07,s ee,s ee,0.0,s ee *,s ee,1285.0,1304.0,19.0,-0.1760342568159103,-0.2624607384204864,-0.0138137228786945,-0.6938846111297607,-4.86453104019165,-0.2560279369354248,1.503849125583656e-05,0.8005759716033936,0.0421355776488781,0.5110219717025757,20.858556747436523,1.0978187322616575,0.9326418042182922,18.89909172058105,0.9946890473365784,0.746340274810791,16.34844398498535,0.8604444265365601,0.0040678749792277,1.6515017747879028,0.0869211480021476,0.9118477702140808,18.171985626220703,0.9564203023910522,0.0921257883310318,7.169150352478027,0.377323716878891,0.6646714806556702,15.292613983154297,0.8048744201660156,0.2419417947530746,8.92719554901123,0.4698523879051208,0.0,0.0,2.0,2.0,0.2670172112053638,0
/home/daplab/30006664/kv_allindia_dec2023/audios/au_3-a-4_kv_kv-no3-bhopal_04122023-000000-1_HI-KV-002_1.wav,प्यार,प्यार,c,26.07,26.58,p y AA r,p y AA r,0.0,p y AA r *,p y AA r,1303.0,1329.0,26.0,-0.4103004336357116,-0.8111522793769836,-0.031198164448142,-1.151605486869812,-11.664448738098145,-0.4486326575279236,1.605720171937719e-05,1.934424638748169,0.0744009464979171,0.497507095336914,42.5078010559082,1.634915471076965,0.8474776744842529,25.694564819335938,0.9882525205612184,0.5408599376678467,20.513399124145508,0.7889769077301025,4.707617335952818e-05,1.2025364637374878,0.0462514013051986,0.7849875092506409,24.010498046875,0.9234806895256042,0.0029786357190459,5.965211868286133,0.2294312268495559,0.4508523941040039,18.63736724853516,0.7168217897415161,0.0911425203084945,8.95429515838623,0.3443959653377533,0.0,0.0,4.0,4.0,0.2670172112053638,0
/home/daplab/30006664/kv_allindia_dec2023/audios/au_3-a-4_kv_kv-no3-bhopal_04122023-000000-1_HI-KV-002_1.wav,करने,करने,c,26.91,27.45,k aa r aa n ee,k aa r aa n ee,0.0,k aa r aa n ee *,k aa r aa n ee,1345.0,1373.0,28.0,-0.6797035336494446,-1.1437695026397705,-0.0408489108085632,-0.8582469820976257,-9.041526794433594,-0.3229116797447204,2.2117819753475487e-05,2.125396728515625,0.0759070292115211,0.4872022867202759,34.37915802001953,1.227827072143555,0.7555118203163147,27.577640533447266,0.9849157333374025,0.75571608543396,23.70467758178711,0.8465956449508667,0.0049857501871883,2.1467573642730717,0.0766699090600013,0.908322811126709,26.569238662719727,0.948901355266571,0.0837470963597297,9.19864273071289,0.3285229504108429,0.6563908457756042,21.86886405944824,0.7810308337211609,0.2333366423845291,12.079190254211426,0.4313996434211731,0.0,0.0,6.0,6.0,0.2670172112053638,0
/home/daplab/30006664/kv_allindia_dec2023/audios/au_3-a-4_kv_kv-no3-bhopal_04122023-000000-1_HI-KV-002_1.wav,वाली,वाली,c,27.45,27.93,w AA l II,w AA l II,0.0,w AA l II *,w AA l II,1372.0,1397.0,25.0,-0.6797035336494446,-0.8569177985191345,-0.0342767126858234,-1.027678370475769,-7.055620193481445,-0.2822248041629791,2.538723128964193e-05,1.361868143081665,0.054474726319313,0.5232923626899719,28.92989921569824,1.1571959257125854,0.7555118203163147,24.687389373779297,0.9874956011772156,0.6816760897636414,21.306964874267575,0.8522785902023315,0.0009998517343774,2.052686214447021,0.0821074470877647,0.8432145118713379,23.818634033203125,0.9527453780174256,0.0143904024735093,8.987979888916016,0.3595191836357116,0.5322257280349731,19.87563705444336,0.7950254678726196,0.1337892264127731,11.376895904541016,0.4550758302211761,0.0,0.0,4.0,4.0,0.2670172112053638,0
/home/daplab/30006664/kv_allindia_dec2023/audios/au_3-a-4_kv_kv-no3-bhopal_04122023-000000-1_HI-KV-002_1.wav,एक,एक,c,27.93,28.2,ee k,ee k,0.0,ee k *,ee k,1396.0,1410.0,14.0,-0.229306161403656,-0.5272483825683594,-0.0376605987548828,-0.8100975155830383,-4.927794933319092,-0.351985365152359,6.113374547567219e-05,1.4449748992919922,0.1032124906778335,0.6254286170005798,18.113256454467773,1.2938040494918823,0.9128351211547852,13.79838752746582,0.9855991005897522,0.7627259492874146,11.765307426452637,0.8403791189193726,0.0058049038052558,0.8779470324516296,0.0627105012536048,0.8883448839187622,13.229011535644531,0.9449294209480286,0.0487828962504863,4.194814205169678,0.2996295988559723,0.6130520701408386,10.75430393218994,0.7681645750999451,0.1927475929260254,5.7090373039245605,0.4077883660793304,0.0,0.0,2.0,2.0,0.2670172112053638,0
/home/daplab/30006664/kv_allindia_dec2023/audios/au_3-a-4_kv_kv-no3-bhopal_04122023-000000-1_HI-KV-002_1.wav,महिला,महिला,c,28.2,28.86,m aa hh ii l AA,m aa hh ii l AA,0.0,m aa hh ii l AA *,m aa hh ii l AA,1410.0,1443.0,33.0,-0.0207322146743536,-0.0750016421079635,-0.0022727770265191,-0.7270042896270752,-8.58952808380127,-0.2602887153625488,1.6206224245252088e-05,0.4574891328811645,0.0138633074238896,0.4765563607215881,38.57488250732422,1.168935775756836,0.9919121265411376,32.9707145690918,0.9991125464439392,0.7116109728813171,28.053503036499023,0.8501061797142029,0.0019145150436088,2.623594284057617,0.0795028582215309,0.8823749423027039,31.46940803527832,0.9536184072494508,0.0415080524981021,11.856240272521973,0.3592800199985504,0.601142406463623,26.273799896240234,0.7961757779121399,0.1827937066555023,15.026473999023438,0.4553476870059967,0.0,0.0,6.0,6.0,0.2670172112053638,0
/home/daplab/30006664/kv_allindia_dec2023/audios/au_3-a-4_kv_kv-no3-bhopal_04122023-000000-1_HI-KV-002_1.wav,रहती,रहती,c,29.55,30.12,r aa hh aa t II,r aa hh aa t II,0.0,r aa hh aa t II *,r aa hh aa t II,1477.0,1506.0,29.0,-0.3217262327671051,-0.9278174638748168,-0.031993705779314,-1.0596363544464111,-11.297919273376465,-0.38958340883255,2.030821997323073e-05,2.857563018798828,0.0985366553068161,0.5127143859863281,41.001312255859375,1.4138383865356443,0.8790926337242126,28.645532608032227,0.9877769947052002,0.6997150778770447,23.895681381225582,0.8239890336990356,0.0014789216220378,1.4981739521026611,0.0516611710190773,0.8546815514564514,27.185688018798828,0.9374375343322754,0.0196240209043025,7.74349308013916,0.2670170068740845,0.5509470701217651,21.708648681640625,0.7485740780830383,0.1457699239253997,11.003026962280272,0.3794147372245788,0.0,0.0,6.0,6.0,0.2670172112053638,0
/home/daplab/30006664/kv_allindia_dec2023/audios/au_3-a-4_kv_kv-no3-bhopal_04122023-000000-1_HI-KV-002_1.wav,थी,थी,c,30.12,30.57,th II,th II,0.0,th II *,th II,1506.0,1529.0,23.0,-0.1060629338026046,-0.2571048140525818,-0.0111784702166914,-0.621815025806427,-6.539205551147461,-0.284313291311264,1.305494788539363e-05,0.9741122722625732,0.0423527061939239,0.4723572731018066,27.1989803314209,1.182564377784729,0.959061324596405,22.900400161743164,0.9956695437431335,0.7207472324371338,19.555328369140625,0.8502316474914551,0.0023343393113464,1.7370353937149048,0.0755232796072959,0.9024909138679504,21.89719009399414,0.9520517587661744,0.0715246945619583,7.962320327758789,0.3461878299713135,0.643135130405426,18.18469619750977,0.7906389832496643,0.2201522886753082,10.23575496673584,0.4450328350067138,0.0,0.0,2.0,2.0,0.2670172112053638,0
/home/daplab/30006664/kv_allindia_dec2023/audios/au_3-a-4_kv_kv-no3-bhopal_04122023-000000-1_HI-KV-002_1.wav,वह,वह,c,30.69,31.29,w aa hh,w aa hh,0.0,w aa hh *,w aa hh,1534.0,1565.0,31.0,-0.6478484869003296,-1.0783854722976685,-0.0347866266965866,-1.4938749074935913,-13.58341121673584,-0.4381745457649231,3.299789023003541e-05,2.5942153930664062,0.0836843699216842,0.5621399283409119,49.089481353759766,1.583531618118286,0.7660661339759827,30.600116729736328,0.9871005415916444,0.585369348526001,24.875490188598636,0.8024351596832275,0.0001236759271705,1.2356802225112915,0.039860650897026,0.7707279920578003,28.76938819885254,0.9280447959899902,0.0020253292750567,6.980603218078613,0.2251807451248169,0.4336699247360229,22.43976211547852,0.7238633036613464,0.0838088393211364,10.67586612701416,0.3443827927112579,0.0,0.0,3.0,3.0,0.2670172112053638,0
/home/daplab/30006664/kv_allindia_dec2023/audios/au_3-a-4_kv_kv-no3-bhopal_04122023-000000-1_HI-KV-002_1.wav,टीकू,टीकू,c,31.32,31.89,T II k UU,T II q k UU,1.0,T II q k UU *,T II q k UU,1566.0,1595.0,29.0,-0.0938634574413299,-0.280562549829483,-0.0096745705232024,-0.6465964913368225,-8.259659767150879,-0.2848158478736877,1.496437926107319e-05,1.096091389656067,0.0377962552011013,0.4911315739154815,34.776023864746094,1.1991732120513916,0.9637150168418884,28.891191482543945,0.9962480068206788,0.7125412225723267,24.57869911193848,0.847541332244873,0.0019535557366907,2.2069201469421387,0.0761006921529769,0.8946765661239624,27.589147567749023,0.951349914073944,0.0578965209424495,9.97448444366455,0.3439477384090423,0.626176118850708,22.8759765625,0.7888267636299133,0.2042910158634185,12.85565948486328,0.4432986080646515,1.4172657424106416,1.0,4.0,5.0,0.1414624728823706,0
/home/daplab/30006664/kv_allindia_dec2023/audios/au_3-a-4_kv_kv-no3-bhopal_04122023-000000-1_HI-KV-002_1.wav,चिड़िया,चिड़िया,c,31.89,32.46,c ii D ii y AA,c ii D ii y AA,0.0,c ii D ii y AA *,c ii D ii y AA,1594.0,1623.0,29.0,-0.629149317741394,-1.7641150951385498,-0.0608315542340278,-0.951112985610962,-10.670025825500488,-0.3679319322109222,2.0097555534448475e-05,3.075221061706543,0.1060421019792556,0.544366180896759,38.77070236206055,1.3369207382202148,0.7723007202148438,28.346649169921875,0.977470636367798,0.7242603302001953,24.11351776123047,0.8315005898475647,0.0025192622561007,1.7725385427474976,0.0611220188438892,0.8908889889717102,27.324419021606445,0.9422213435173036,0.0522583313286304,8.530794143676758,0.2941653132438659,0.6182622313499451,22.09701156616211,0.7619659304618835,0.1972564309835434,11.657830238342283,0.4019941389560699,0.0,0.0,6.0,6.0,0.2670172112053638,0
/home/daplab/30006664/kv_allindia_dec2023/audios/au_3-a-4_kv_kv-no3-bhopal_04122023-000000-1_HI-KV-002_1.wav,और,<eps>,d,,,OO r,,1.0,,,,,,,,,,,,,,,,,,,,,,,,,,,,,,,,,,,,,,,,,,,0.9210397588221279,1
/home/daplab/30006664/kv_allindia_dec2023/audios/au_3-a-4_kv_kv-no3-bhopal_04122023-000000-1_HI-KV-002_1.wav,उसके,उसके,c,32.82,33.3,uu s aa k ee,uu s aa k ee,0.0,uu s aa k ee *,uu s aa k ee,1641.0,1665.0,24.0,-0.5128291249275208,-0.5781870484352112,-0.024091126397252,-0.7989535331726074,-6.941845417022705,-0.2892435491085052,1.463864555262262e-05,1.0479302406311035,0.0436637587845325,0.4740044474601745,28.895893096923828,1.2039955854415894,0.8117456436157227,23.78622436523437,0.9910926818847656,0.740168571472168,20.36408424377441,0.8485035300254822,0.0035579646937549,1.7633432149887085,0.0734726339578628,0.9123621582984924,22.840471267700195,0.9516863226890564,0.0934166386723518,8.130980491638184,0.3387908637523651,0.6658975481987,18.92372703552246,0.7884886264801025,0.2432407885789871,10.558992385864258,0.4399580061435699,0.0,0.0,5.0,5.0,0.2670172112053638,0
/home/daplab/30006664/kv_allindia_dec2023/audios/au_3-a-4_kv_kv-no3-bhopal_04122023-000000-1_HI-KV-002_1.wav,परिवार,परिवार,c,33.3,34.05,p aa r ii w AA r,p aa r ii w AA r,0.0,* p aa r ii w AA r *,p aa r ii w AA r,1664.0,1703.0,39.0,-0.5238372087478638,-1.3486266136169434,-0.0345801711082458,-0.9328433275222778,-11.092275619506836,-0.2844173312187195,1.5396084563690238e-05,2.562211036682129,0.0656977221369743,0.5051256418228149,43.87749099731445,1.1250638961791992,0.807963490486145,38.49876022338867,0.9871476888656616,0.729849100112915,33.38850402832031,0.856115460395813,0.0028441003523766,3.604603290557861,0.0924257263541221,0.8894209265708923,37.18553924560547,0.9534753561019896,0.0502237416803836,14.59291648864746,0.37417733669281,0.6152456402778625,31.137075424194336,0.7983865737915039,0.1946342140436172,18.18856239318848,0.4663733839988708,0.0,0.0,7.0,7.0,0.2670172112053638,0
/home/daplab/30006664/kv_allindia_dec2023/audios/au_3-a-4_kv_kv-no3-bhopal_04122023-000000-1_HI-KV-002_1.wav,के,के,c,34.41,34.68,k ee,k ee,0.0,k ee *,k ee,1720.0,1734.0,14.0,-0.0024650653358548,-0.0070594744756817,-0.0005042481934651,-0.4590122103691101,-2.824845314025879,-0.2017746716737747,2.5963321604649536e-05,0.0566178262233734,0.0040441304445266,0.5329799652099609,13.895286560058594,0.9925204515457152,0.9990360736846924,13.99724006652832,0.9998028874397278,0.7563485503196716,12.20688819885254,0.8719205856323242,0.0050546480342745,1.4389877319335938,0.1027848348021507,0.9187244772911072,13.47913646697998,0.9627954363822936,0.1109606623649597,5.908334255218506,0.4220238626003265,0.6814556121826172,11.558012008666992,0.8255723118782043,0.2603008449077606,7.078542232513428,0.5056101679801941,0.0,0.0,2.0,2.0,0.2670172112053638,0
/home/daplab/30006664/kv_allindia_dec2023/audios/au_3-a-4_kv_kv-no3-bhopal_04122023-000000-1_HI-KV-002_1.wav,लिए,लिए,c,34.68,35.19,l ii ee,l ii ee,0.0,* l ii ee *,l ii ee,1734.0,1760.0,26.0,-0.3653335571289062,-0.8256555795669556,-0.0317559838294982,-1.173558235168457,-7.662053108215332,-0.2946943640708923,1.2882016562798526e-05,1.9281660318374636,0.0741602331399917,0.4646317362785339,30.10826301574707,1.1580101251602173,0.8634403347969055,25.689159393310547,0.9880446195602416,0.6790814399719238,22.174877166748047,0.8528798818588257,0.0009451093501411,2.132680892944336,0.0820261910557746,0.8318023085594177,24.73788070678711,0.9514569640159608,0.0105682052671909,9.314062118530272,0.3582331538200378,0.5146007537841797,20.603443145751957,0.7924401164054871,0.1233160272240638,11.783652305603027,0.4532173871994018,0.0,0.0,3.0,3.0,0.2670172112053638,0
/home/daplab/30006664/kv_allindia_dec2023/audios/au_3-a-4_kv_kv-no3-bhopal_04122023-000000-1_HI-KV-002_1.wav,रोज,रोज,c,35.67,36.15,r oo j,r oo j,0.0,r oo j *,r oo j,1783.0,1808.0,25.0,-0.0292827095836401,-0.0488139688968658,-0.0019525587558746,-0.5598181486129761,-5.647579669952393,-0.225903183221817,2.433513873256743e-05,0.2648337781429291,0.0105933509767055,0.5582969188690186,26.76422119140625,1.0705687999725342,0.9885886907577516,24.980955123901367,0.9992381930351256,0.7406224012374878,21.510162353515625,0.8604065179824829,0.0035931770689785,2.260558605194092,0.0904223471879959,0.9137784242630004,23.96194839477539,0.9584779143333436,0.0970649868249893,9.917749404907228,0.3967099785804748,0.6692973375320435,20.311304092407227,0.8124521374702454,0.2468769401311874,12.112740516662598,0.4845096170902252,0.0,0.0,3.0,3.0,0.2670172112053638,0
/home/daplab/30006664/kv_allindia_dec2023/audios/au_3-a-4_kv_kv-no3-bhopal_04122023-000000-1_HI-KV-002_1.wav,रोटी,रोटी,c,36.15,36.66,r oo T II,r oo T II,0.0,* r oo T II *,r oo T II,1807.0,1833.0,26.0,-0.6497815847396851,-0.8610658645629883,-0.0331179164350032,-1.0033386945724487,-7.477321147918701,-0.287589281797409,2.4628197934362103e-05,1.3834880590438845,0.0532110780477523,0.581244707107544,31.01576805114746,1.1929141283035278,0.7654231786727905,25.684106826782227,0.9878502488136292,0.7330429553985596,22.04388999938965,0.8478419184684753,0.0030482145957648,1.8747869729995728,0.0721071884036064,0.8834934830665588,24.74640846252441,0.9517849683761596,0.0427831448614597,8.948455810546875,0.3441713750362396,0.6033409833908081,20.53685188293457,0.7898789048194885,0.1845950633287429,11.521430015563965,0.4431319236755371,0.0,0.0,4.0,4.0,0.2670172112053638,0
/home/daplab/30006664/kv_allindia_dec2023/audios/au_3-a-4_kv_kv-no3-bhopal_04122023-000000-1_HI-KV-002_1.wav,का,का,c,36.66,36.87,k AA,k AA,0.0,* k AA *,k AA,1832.0,1844.0,12.0,-0.2538100481033325,-0.3950333595275879,-0.0329194478690624,-0.6632787585258484,-4.0088324546813965,-0.3340693712234497,3.168221519445069e-05,1.0778937339782717,0.0898244753479957,0.4846764802932739,15.414703369140623,1.284558653831482,0.9038127064704896,11.848987579345703,0.987415611743927,0.7671935558319092,10.101469993591309,0.841789186000824,0.0063958773389458,0.7056257128715515,0.0588021427392959,0.9256882071495056,11.371501922607422,0.9476251602172852,0.133961334824562,3.47732162475586,0.2897768020629883,0.699378252029419,9.257137298583984,0.771428108215332,0.2813432216644287,4.845804214477539,0.4038170278072357,0.0,0.0,2.0,2.0,0.2670172112053638,0
/home/daplab/30006664/kv_allindia_dec2023/audios/au_3-a-4_kv_kv-no3-bhopal_04122023-000000-1_HI-KV-002_1.wav,टुकड़ा,टुकड़ा,c,36.87,37.32,T uu k aa D AA,T uu k aa D AA,0.0,* T uu k aa D AA *,T uu k aa D AA,1843.0,1866.0,23.0,-0.5683844685554504,-0.9694262146949768,-0.0421489663422107,-0.9952595233917236,-9.01000690460205,-0.3917394280433655,2.486815537849907e-05,1.9785196781158447,0.0860225930809974,0.558609664440155,33.451473236083984,1.454411864280701,0.7927634119987488,22.63849639892578,0.9842824339866638,0.6689889430999756,18.811494827270508,0.8178910613059998,0.0007592149777337,1.0792033672332764,0.0469218865036964,0.8458985090255737,21.54684829711914,0.9368194937705994,0.0154740624129772,5.876526832580566,0.2555011808872223,0.536512553691864,17.132898330688477,0.7449086308479309,0.1364524066448211,8.53652286529541,0.371153175830841,0.0,0.0,6.0,6.0,0.2670172112053638,0
/home/daplab/30006664/kv_allindia_dec2023/audios/au_3-a-4_kv_kv-no3-bhopal_04122023-000000-1_HI-KV-002_1.wav,डालती,डालती,c,37.32,37.92,D AA l aa t II,D AA l aa t II,0.0,* D AA l aa t II *,D AA l aa t II,1866.0,1896.0,30.0,-0.656591534614563,-2.1137969493865967,-0.0704598948359489,-1.0328044891357422,-12.073243141174316,-0.4024414420127868,1.76865669345716e-05,4.053706645965576,0.1351235508918762,0.5311270356178284,40.24300384521485,1.3414334058761597,0.7631610631942749,29.2127685546875,0.9737589359283448,0.6763564348220825,24.852203369140625,0.8284067511558533,0.0008908403106033,2.190495014190674,0.0730165019631385,0.8449904918670654,28.123781204223636,0.9374593496322632,0.015098619274795,9.239848136901855,0.307994931936264,0.5350559949874878,22.6873779296875,0.7562459111213684,0.1355422884225845,12.245454788208008,0.4081818163394928,0.0,0.0,6.0,6.0,0.2670172112053638,0
/home/daplab/30006664/kv_allindia_dec2023/audios/au_3-a-4_kv_kv-no3-bhopal_04122023-000000-1_HI-KV-002_1.wav,थी,थी,c,37.92,38.34,th II,th II,0.0,th II,th II,1896.0,1918.0,22.0,-0.4413247108459472,-0.8390102982521057,-0.0381368324160575,-0.9741646647453308,-6.073541164398193,-0.2760700583457947,1.0865423064387867e-05,1.7129069566726685,0.0778594091534614,0.496377170085907,24.051929473876957,1.0932694673538208,0.8365686535835266,21.684467315673828,0.9856576323509216,0.7179018259048462,18.875205993652344,0.8579639196395874,0.0021945594344288,1.895621418952942,0.0861646085977554,0.8754158616065979,20.991390228271484,0.9541540741920472,0.0343855656683445,8.439776420593262,0.3836261928081512,0.5877856612205505,17.648046493530273,0.8021839261054993,0.1721906512975692,10.376996040344238,0.4716816246509552,0.0,0.0,2.0,2.0,0.2670172112053638,0
/home/daplab/30006664/kv_allindia_dec2023/audios/as_3-a-3_kv_kv-shajapur_04122023-000000-1_HI-SW-PB-301_1.wav,मीमी,मीमी,c,0.96,1.56,m II m II,m II m II,0.0,m II m II *,m II m II,48.0,78.0,30.0,-0.3358606398105621,-0.8582084774971008,-0.0286069493740797,-0.8780441284179688,-9.543771743774414,-0.3181257247924804,6.095890421420336e-05,2.132103204727173,0.0710701048374176,0.6407241225242615,37.92437744140625,1.2641459703445437,0.8740005493164062,29.673553466796875,0.9891184568405152,0.7312483191490173,25.208324432373047,0.8402774930000305,0.0029317860025912,1.8169546127319336,0.0605651549994945,0.8823484778404236,28.421798706054688,0.9473932981491088,0.0414783060550689,9.479662895202637,0.3159887492656708,0.6010904312133789,23.29119873046875,0.7763732671737671,0.1827513724565506,12.591732025146484,0.4197244048118591,0.0,0.0,4.0,4.0,0.2670172112053638,0
/home/daplab/30006664/kv_allindia_dec2023/audios/as_3-a-3_kv_kv-shajapur_04122023-000000-1_HI-SW-PB-301_1.wav,एक,एक,c,1.56,1.77,ee k,ee k,0.0,ee k *,ee k,78.0,89.0,11.0,-0.1915834844112396,-0.3476886451244354,-0.0316080600023269,-0.8705779910087585,-5.142155647277832,-0.4674687087535858,0.0001549142907606,1.1126331090927124,0.1011484637856483,0.804379403591156,18.20686912536621,1.65516996383667,0.9268332123756408,10.866326332092283,0.987847864627838,0.6876715421676636,8.736763000488281,0.7942512035369873,0.0011387808481231,0.3346367180347442,0.030421519652009,0.8787431120872498,10.171189308166504,0.9246535897254944,0.0376240238547325,2.1627213954925537,0.1966110318899154,0.5941036939620972,7.815376281738281,0.7104887366294861,0.1771342307329177,3.533522605895996,0.321229338645935,0.0,0.0,2.0,2.0,0.2670172112053638,0
/home/daplab/30006664/kv_allindia_dec2023/audios/as_3-a-3_kv_kv-shajapur_04122023-000000-1_HI-SW-PB-301_1.wav,छोटी,छोटी,c,1.77,2.37,ch oo T II,ch oo T II,0.0,* ch oo T II *,ch oo T II,88.0,119.0,31.0,-0.6010875701904297,-2.7416772842407227,-0.0884412005543708,-1.6511573791503906,-15.054941177368164,-0.4856432676315307,2.470638355589472e-05,5.06610631942749,0.1634227782487869,0.5516276955604553,47.75788497924805,1.5405769348144531,0.7817119359970093,29.98712730407715,0.9673267006874084,0.4391170144081116,24.47924041748047,0.789652943611145,5.174763828108553e-06,1.6801937818527222,0.0541997998952865,0.6662313938140869,28.39693069458008,0.9160300493240356,0.0001199117832584,8.484045028686523,0.2736788690090179,0.3295065760612488,22.34575843811035,0.7208309173583984,0.0488400347530841,11.510210990905762,0.3712971210479736,0.0,0.0,4.0,4.0,0.2670172112053638,0
/home/daplab/30006664/kv_allindia_dec2023/audios/as_3-a-3_kv_kv-shajapur_04122023-000000-1_HI-SW-PB-301_1.wav,सी,सी,c,2.4,2.82,s II,ii s II,1.0,s II *,s II,120.0,141.0,21.0,-0.6772060990333557,-2.241995334625244,-0.1067616790533065,-1.4183268547058103,-11.105690002441406,-0.5288423895835876,4.793265907210298e-05,3.3552348613739014,0.1597730815410614,0.5187703371047974,36.08533477783203,1.7183492183685305,0.7563363313674927,20.17888069152832,0.96089905500412,0.5558784008026123,16.3040828704834,0.7763848900794983,6.521455361507833e-05,0.6180251836776733,0.0294297710061073,0.7603191137313843,19.19740867614746,0.9141623377799988,0.0015283103566616,4.162741661071777,0.1982257962226867,0.4216740727424621,14.62139892578125,0.6962571144104004,0.0789850503206253,6.622439861297607,0.3153542876243591,0.0,0.0,2.0,2.0,0.2670172112053638,0
/home/daplab/30006664/kv_allindia_dec2023/audios/as_3-a-3_kv_kv-shajapur_04122023-000000-1_HI-SW-PB-301_1.wav,लड़की,लड़की,c,3.03,3.78,l aa D aa k II,l aa D aa k II,0.0,l aa D aa k II *,l aa D aa k II,151.0,189.0,38.0,-0.574371337890625,-1.3308041095733645,-0.0350211597979068,-0.9489763975143432,-11.710082054138184,-0.3081600666046142,1.7060689060599543e-05,2.584940195083618,0.0680247396230697,0.5020790100097656,45.92691802978516,1.2086031436920166,0.7907333970069885,37.50460052490234,0.986963152885437,0.6971105337142944,32.18131637573242,0.8468767404556274,0.0013976499903947,2.8246970176696777,0.0743341296911239,0.8823822736740112,36.08995819091797,0.9497357606887816,0.0415162481367588,12.880438804626465,0.3389589190483093,0.6011567115783691,29.82455062866211,0.7848566174507141,0.1828053742647171,16.658567428588867,0.4383833408355713,0.0,0.0,6.0,6.0,0.2670172112053638,0
/home/daplab/30006664/kv_allindia_dec2023/audios/as_3-a-3_kv_kv-shajapur_04122023-000000-1_HI-SW-PB-301_1.wav,थी,थी,c,3.78,4.2,th II,th II,0.0,th II *,th II,189.0,210.0,21.0,-0.2651610672473907,-0.3817629218101501,-0.0181791875511407,-0.878126323223114,-6.446094036102295,-0.3069568574428558,1.2206304745632224e-05,1.11724853515625,0.0532023124396801,0.4618802964687347,25.73593139648437,1.2255204916000366,0.899651825428009,20.85422134399414,0.993058145046234,0.6817653179168701,17.71392822265625,0.8435204029083252,0.0010017887689173,1.6678797006607056,0.0794228464365005,0.8795397877693176,19.917346954345703,0.9484450817108154,0.0384436659514904,7.172597885131836,0.3415522873401642,0.5956348180770874,16.442848205566406,0.7829927802085876,0.1783515363931656,9.230523109436035,0.4395487308502197,0.0,0.0,2.0,2.0,0.2670172112053638,0
/home/daplab/30006664/kv_allindia_dec2023/audios/as_3-a-3_kv_kv-shajapur_04122023-000000-1_HI-SW-PB-301_1.wav,जो,जो,c,4.59,5.13,j oo,j oo,0.0,j oo *,j oo,229.0,257.0,28.0,-0.008177725598216,-0.0312270242720842,-0.0011152508668601,-0.570389986038208,-5.4674177169799805,-0.195264920592308,2.041202606051229e-05,0.20919169485569,0.0074711320921778,0.4898838400840759,26.6146240234375,0.9505223035812378,0.9968047738075256,27.987794876098636,0.9995641112327576,0.7426773309707642,24.514568328857425,0.8755202889442444,0.0037570404820144,2.9894063472747803,0.1067645102739334,0.9050484299659728,26.98874282836914,0.9638836979866028,0.0766481459140777,12.262948989868164,0.4379624724388122,0.6488821506500244,23.25779914855957,0.830635666847229,0.2257810086011886,14.485356330871582,0.5173341631889343,0.0,0.0,2.0,2.0,0.2670172112053638,0
/home/daplab/30006664/kv_allindia_dec2023/audios/as_3-a-3_kv_kv-shajapur_04122023-000000-1_HI-SW-PB-301_1.wav,एक,एक,c,5.13,5.43,ee k,ee,1.0,ee,ee,256.0,272.0,16.0,-0.2669804990291595,-0.2702358961105346,-0.0168897435069084,-0.7790161371231079,-2.681549072265625,-0.1675968170166015,1.3748795026913284e-05,0.5728458166122437,0.0358028635382652,0.4687010049819946,12.628018379211426,0.7892511487007141,0.8989859819412231,15.897714614868164,0.9936071634292604,0.7826156616210938,14.313555717468262,0.8945972323417664,0.0089381365105509,2.1587493419647217,0.1349218338727951,0.902925670146942,15.519978523254396,0.9699986577033995,0.0723707899451255,7.976407051086426,0.4985254406929016,0.6441049575805664,13.659421920776367,0.853713870048523,0.2210929095745086,9.025174140930176,0.564073383808136,4.413928563686915,1.0,2.0,1.0,0.9342651191079336,1
/home/daplab/30006664/kv_allindia_dec2023/audios/as_3-a-3_kv_kv-shajapur_04122023-000000-1_HI-SW-PB-301_1.wav,भीड़,भीड़,c,6.27,6.69,bh II D,bh II D,0.0,bh II D *,bh II D,313.0,335.0,22.0,-0.0544394142925739,-0.1415197849273681,-0.0064327176660299,-0.6737412214279175,-6.67447566986084,-0.3033852577209472,4.298932617530227e-05,0.6427149772644043,0.0292143169790506,0.5722290873527527,28.386417388916016,1.290291666984558,0.9788516163825988,21.944917678833008,0.9974962472915648,0.7228814959526062,18.40642738342285,0.8366557955741882,0.0024449974298477,1.3156226873397827,0.0598010309040546,0.897318422794342,20.84425926208496,0.9474663138389589,0.0621854998171329,6.8720574378967285,0.312366247177124,0.6318117380142212,17.06437110900879,0.7756532430648804,0.2094406187534332,9.18912410736084,0.4176874458789825,0.0,0.0,3.0,3.0,0.2670172112053638,0
/home/daplab/30006664/kv_allindia_dec2023/audios/as_3-a-3_kv_kv-shajapur_04122023-000000-1_HI-SW-PB-301_1.wav,भाड़,भाड़,c,6.69,7.08,bh AA D,bh AA D,0.0,bh AA D *,bh AA D,334.0,354.0,20.0,-0.3005990386009216,-0.5401017665863037,-0.0270050875842571,-0.9432344436645508,-6.798816204071045,-0.3399408161640167,2.0175504687358625e-05,1.2545971870422363,0.0627298578619957,0.5011779069900513,26.83592987060547,1.3417965173721311,0.8867375254631042,19.79532241821289,0.9897661209106444,0.6664041876792908,16.546266555786133,0.8273133039474487,0.00071780156577,1.200346827507019,0.0600173398852348,0.8596038818359375,18.841140747070312,0.9420570135116576,0.0224190149456262,6.108974933624268,0.3054487407207489,0.5593244433403015,15.29765796661377,0.7648829221725464,0.1514344215393066,8.17203140258789,0.4086015820503235,0.0,0.0,3.0,3.0,0.2670172112053638,0
/home/daplab/30006664/kv_allindia_dec2023/audios/as_3-a-3_kv_kv-shajapur_04122023-000000-1_HI-SW-PB-301_1.wav,वाले,वाले,c,7.08,7.5,w AA l ee,w AA l ee,0.0,* w AA l ee,w AA l ee,354.0,375.0,21.0,-0.1762040853500366,-0.3506811857223511,-0.0166991036385297,-0.7511347532272339,-5.89066219329834,-0.2805077135562897,3.398589251446538e-05,1.0742602348327637,0.051155250519514,0.5381380319595337,24.42527198791504,1.163108229637146,0.932578146457672,20.865148544311523,0.9935784935951232,0.7555259466171265,17.900306701660156,0.8523955345153809,0.0049652210436761,1.7202342748641968,0.0819159150123596,0.8942174911499023,20.0085506439209,0.9527881145477296,0.0571820214390754,7.472851753234863,0.3558500707149505,0.625206708908081,16.670551300048828,0.7938357591629028,0.2034170478582382,9.505132675170898,0.4526253640651703,0.0,0.0,4.0,4.0,0.2670172112053638,0
/home/daplab/30006664/kv_allindia_dec2023/audios/as_3-a-3_kv_kv-shajapur_04122023-000000-1_HI-SW-PB-301_1.wav,शहर,शहर,c,7.5,7.98,sh aa hh aa r,sh aa hh aa r,0.0,* sh aa hh aa r *,sh aa hh aa r,375.0,399.0,24.0,-0.5593791007995605,-1.265533208847046,-0.0527305491268634,-0.9804516434669496,-9.66792106628418,-0.4028300344944,2.7762640456785448e-05,2.616570949554444,0.1090237870812416,0.5717800855636597,34.94319534301758,1.4559664726257324,0.7958223819732666,23.527050018310547,0.9802937507629396,0.7021394968032837,19.61986923217773,0.8174945712089539,0.001558813615702,1.1060880422592163,0.0460870005190372,0.8590778112411499,22.467878341674805,0.9361615777015686,0.0221022348850965,6.027719497680664,0.2511549890041351,0.5584188103675842,17.822418212890625,0.7426007390022278,0.1508126705884933,8.827934265136719,0.3678306043148041,0.0,0.0,5.0,5.0,0.2670172112053638,0
/home/daplab/30006664/kv_allindia_dec2023/audios/as_3-a-3_kv_kv-shajapur_04122023-000000-1_HI-SW-PB-301_1.wav,में,में,c,7.98,8.19,m ee q,m ee q,0.0,m ee q *,m ee q,399.0,410.0,11.0,-0.6525291800498962,-1.2499241828918457,-0.1136294677853584,-0.8824747204780579,-5.616888046264648,-0.5106261968612671,0.0002487115561962,1.9937163591384888,0.1812469363212585,0.8212630152702332,18.079090118408203,1.643553614616394,0.7645100355148315,10.538793563842772,0.9580721259117126,0.6399273872375488,8.751792907714844,0.7956175208091736,0.0004040844796691,0.2874486744403839,0.026131696999073,0.8561393022537231,10.169851303100586,0.9245319366455078,0.0204133335500955,1.9674557447433472,0.178859606385231,0.55340576171875,7.777076721191406,0.7070069909095764,0.1474124044179916,3.404391050338745,0.3094900846481323,0.0,0.0,3.0,3.0,0.2670172112053638,0
/home/daplab/30006664/kv_allindia_dec2023/audios/as_3-a-3_kv_kv-shajapur_04122023-000000-1_HI-SW-PB-301_1.wav,रहती,रहती,c,8.19,8.73,r aa hh aa t II,r aa hh aa t II,0.0,* r aa hh aa t II *,r aa hh aa t II,409.0,437.0,28.0,-0.6525291800498962,-1.7567280530929563,-0.0627402886748313,-1.027013063430786,-12.295476913452148,-0.4391241669654846,1.968203650903888e-05,3.574912548065185,0.1276754438877105,0.5258002877235413,42.31653594970703,1.5113048553466797,0.7645100355148315,27.345800399780277,0.976635754108429,0.7194637656211853,22.713947296142575,0.811212420463562,0.0022702203132212,1.3282325267791748,0.0474368743598461,0.863272488117218,26.083879470825195,0.931567132472992,0.0247579850256443,6.698445796966553,0.2392302006483078,0.5657105445861816,20.48395347595215,0.731569766998291,0.1558843851089477,9.976423263549805,0.3563008308410644,0.0,0.0,6.0,6.0,0.2670172112053638,0
/home/daplab/30006664/kv_allindia_dec2023/audios/as_3-a-3_kv_kv-shajapur_04122023-000000-1_HI-SW-PB-301_1.wav,थी,थी,c,8.73,9.09,th II,th II,0.0,* th II *,th II,436.0,455.0,19.0,-0.1386493444442749,-0.3235037922859192,-0.0170265156775712,-0.8427388072013855,-6.051351070404053,-0.3184921741485595,2.3136544768931344e-05,1.1875072717666626,0.0625003799796104,0.4939194321632385,23.742839813232425,1.24962317943573,0.9466999173164368,18.874887466430664,0.993415117263794,0.6832647323608398,15.985597610473633,0.8413472175598145,0.0010349216172471,1.3494257926940918,0.0710224136710167,0.8797040581703186,17.997509002685547,0.9472373127937316,0.0386148728430271,6.183438777923584,0.3254441320896148,0.5959514379501343,14.776619911193848,0.7777168154716492,0.1786041855812072,8.115150451660156,0.4271131753921509,0.0,0.0,2.0,2.0,0.2670172112053638,0
/home/daplab/30006664/kv_allindia_dec2023/audios/as_3-a-3_kv_kv-shajapur_04122023-000000-1_HI-SW-PB-301_1.wav,उसे,उसे,c,9.54,10.26,uu s ee,uu s ee,0.0,uu s ee *,uu s ee,476.0,513.0,37.0,-0.4939411878585815,-0.606769859790802,-0.016399186104536,-0.9402344822883606,-8.467833518981934,-0.2288603633642196,2.347235567867756e-05,1.2136720418930054,0.0328019484877586,0.544182300567627,37.52071380615234,1.014073371887207,0.818259596824646,36.77431869506836,0.9939004778862,0.6915841698646545,32.130401611328125,0.8683892488479614,0.0012396943056955,3.510028123855591,0.0948656275868415,0.8803766369819641,35.51651763916016,0.9599058628082277,0.0393238328397274,15.249200820922852,0.4121405482292175,0.5972508192062378,30.28144645690918,0.818417489528656,0.1796445846557617,18.33607292175293,0.4955695271492004,0.0,0.0,3.0,3.0,0.2670172112053638,0
/home/daplab/30006664/kv_allindia_dec2023/audios/as_3-a-3_kv_kv-shajapur_04122023-000000-1_HI-SW-PB-301_1.wav,कहानियां,कहानियां,c,10.41,11.01,<UNK>,k aa hh AA n ii y AA q,8.80057146119358,k aa hh AA n ii y AA q *,k aa hh AA n ii y AA q,520.0,551.0,31.0,-0.5656825304031372,-1.735417127609253,-0.055981196463108,-1.2463804483413696,-11.84185791015625,-0.3819954097270965,2.87408893200336e-05,3.573138952255249,0.1152625456452369,0.5186302065849304,42.64083099365234,1.3755106925964355,0.7936804294586182,30.352521896362305,0.9791136384010316,0.6633223295211792,25.59713363647461,0.8257139921188354,0.0006713658804073,1.9019582271575928,0.0613534897565841,0.8281371593475342,29.118633270263672,0.9393107295036316,0.0095706740394234,8.809144973754883,0.2841659784317016,0.5091359615325928,23.408292770385746,0.7551062107086182,0.1202186793088913,12.197988510131836,0.3934834897518158,,,1.0,9.0,0.9210397588221279,1
/home/daplab/30006664/kv_allindia_dec2023/audios/as_3-a-3_kv_kv-shajapur_04122023-000000-1_HI-SW-PB-301_1.wav,बहुत,बहुत,c,11.01,11.4,b aa hh uu t,b aa hh oo uu t,1.0,* b aa hh oo uu t *,b aa hh oo uu t,550.0,570.0,20.0,-0.6523110270500183,-1.3551957607269287,-0.0677597895264625,-1.340177297592163,-9.6954984664917,-0.4847749173641205,3.620379720814526e-05,2.9586548805236816,0.1479327380657196,0.5110703110694885,31.662309646606445,1.5831154584884644,0.7645824551582336,19.49728202819824,0.97486412525177,0.5808501243591309,15.947091102600098,0.7973545789718628,0.0001121226450777,0.9206953644752502,0.0460347682237625,0.7731307744979858,18.444459915161133,0.9222229719161988,0.0021613454446196,4.673181533813477,0.2336590737104416,0.4365028142929077,14.32425022125244,0.7162125110626221,0.0849828422069549,6.917283058166504,0.3458641469478607,5.09017858908995,1.0,5.0,6.0,0.9549057070879844,1
/home/daplab/30006664/kv_allindia_dec2023/audios/as_3-a-3_kv_kv-shajapur_04122023-000000-1_HI-SW-PB-301_1.wav,पसंद,पसंद,c,11.4,11.88,p aa s aa q d,p aa s aa q d,0.0,* p aa s aa q d *,p aa s aa q d,570.0,594.0,24.0,-0.5263351798057556,-1.285922884941101,-0.0535801202058792,-0.8506687879562378,-9.79898738861084,-0.4082911312580108,2.331496580154635e-05,2.519301652908325,0.1049709022045135,0.5377660989761353,34.95750427246094,1.456562638282776,0.8071065545082092,23.520729064941406,0.980030357837677,0.6707064509391785,19.66109085083008,0.8192121386528015,0.0007880456396378,1.1957485675811768,0.0498228557407856,0.8578574657440186,22.471660614013672,0.9363191723823548,0.0213844794780015,6.008841514587402,0.2503683865070343,0.5563274621963501,17.818328857421875,0.7424303889274597,0.1493857204914093,8.831096649169922,0.3679623603820801,0.0,0.0,6.0,6.0,0.2670172112053638,0
/home/daplab/30006664/kv_allindia_dec2023/audios/as_3-a-3_kv_kv-shajapur_04122023-000000-1_HI-SW-PB-301_1.wav,थी,थी,c,11.88,12.21,th II,th II q,1.0,* th II q *,th II q,594.0,611.0,17.0,-0.5527587532997131,-1.116163969039917,-0.0656567066907882,-1.1552674770355225,-6.656727313995361,-0.3915722072124481,6.086342182243243e-05,1.9605517387390137,0.1153265759348869,0.5689254403114319,23.78267288208008,1.398980736732483,0.798075795173645,16.58823585510254,0.975778579711914,0.6845911741256714,13.97092342376709,0.821819007396698,0.0010651454795151,0.913500726222992,0.0537353381514549,0.8421025276184082,15.941636085510254,0.9377433061599731,0.0139639535918831,4.719777584075928,0.2776339650154114,0.530465841293335,12.772443771362305,0.7513202428817749,0.132709339261055,6.571557521820068,0.3865621984004974,1.4172657424106416,1.0,2.0,3.0,0.1414624728823706,0
/home/daplab/30006664/kv_allindia_dec2023/audios/as_3-a-3_kv_kv-shajapur_04122023-000000-1_HI-SW-PB-301_1.wav,पर,पर,c,12.69,13.29,p aa r,p aa r,0.0,p aa r *,p aa r,634.0,665.0,31.0,-0.4508594572544098,-1.116072654724121,-0.0360023453831672,-0.8465049266815186,-9.687995910644531,-0.3125160038471222,1.2222489203850271e-05,2.8468680381774902,0.0918344557285308,0.4745233058929443,36.06113815307617,1.1632624864578247,0.8332330584526062,30.57644844055176,0.9863370656967164,0.7505837678909302,26.430953979492188,0.8526114225387573,0.0044602644629776,2.603964805603028,0.083998866379261,0.8969518542289734,29.46380043029785,0.9504451751708984,0.0615719258785247,10.956254005432127,0.3534275591373443,0.6310240030288696,24.450931549072266,0.7887397408485413,0.2087136507034301,13.930746078491213,0.4493789076805115,0.0,0.0,3.0,3.0,0.2670172112053638,0
/home/daplab/30006664/kv_allindia_dec2023/audios/as_3-a-3_kv_kv-shajapur_04122023-000000-1_HI-SW-PB-301_1.wav,उसे,उसे,c,13.5,13.98,uu s ee,uu s ee,0.0,uu s ee *,uu s ee,675.0,699.0,24.0,-0.1891417205333709,-0.4010860025882721,-0.0167119167745113,-0.7751580476760864,-7.697588920593262,-0.3207328617572784,2.3477376089431345e-05,1.223241925239563,0.050968412309885,0.5199968218803406,30.92532157897949,1.2885550260543823,0.9277437925338744,23.845945358276367,0.9935810565948486,0.6547564268112183,20.07421112060547,0.8364254832267761,0.0005574801471084,1.5279430150985718,0.0636642947793006,0.8627108335494995,22.69162368774414,0.9454843401908876,0.0243846457451581,7.647582054138184,0.3186492621898651,0.5647246837615967,18.566659927368164,0.7736108303070068,0.1551897972822189,10.085914611816406,0.4202464520931244,0.0,0.0,3.0,3.0,0.2670172112053638,0
/home/daplab/30006664/kv_allindia_dec2023/audios/as_3-a-3_kv_kv-shajapur_04122023-000000-1_HI-SW-PB-301_1.wav,कहानियां,कहानियां,c,13.98,14.64,<UNK>,k aa hh AA n ii y AA q,8.80057146119358,k aa hh AA n ii y AA q *,k aa hh AA n ii y AA q,699.0,732.0,33.0,-0.4421448111534118,-1.0094281435012815,-0.0305887311697006,-0.9079858660697936,-11.486790657043455,-0.3480845689773559,3.604175799409859e-05,2.238121747970581,0.0678218677639961,0.5130777359008789,45.25083160400391,1.3712372779846191,0.836281418800354,32.620487213134766,0.988499641418457,0.7379943132400513,27.356525421142575,0.8289856314659119,0.0033939878921955,1.7860689163208008,0.0541233010590076,0.8870301842689514,31.133037567138672,0.9434253573417664,0.0470784716308116,9.050786972045898,0.2742662727832794,0.6103918552398682,25.094167709350582,0.760429322719574,0.1904820948839187,12.864960670471191,0.3898472785949707,,,1.0,9.0,0.9210397588221279,1
/home/daplab/30006664/kv_allindia_dec2023/audios/as_3-a-3_kv_kv-shajapur_04122023-000000-1_HI-SW-PB-301_1.wav,सुनाने,सुनाने,c,14.64,15.27,s uu n AA n ee,s uu n AA n ee,0.0,s uu n AA n ee *,s uu n AA n ee,732.0,764.0,32.0,-0.3992911279201507,-0.8179471492767334,-0.0255608484148979,-0.8724097609519958,-8.606706619262695,-0.2689595818519592,1.741975029290188e-05,1.845716953277588,0.0576786547899246,0.4840497076511383,35.592857360839844,1.1122767925262451,0.8513692617416382,31.69108772277832,0.9903464913368224,0.7302181720733643,27.452524185180664,0.8578913807868958,0.0028669729363173,2.8729066848754883,0.089778333902359,0.8853022456169128,30.55950164794922,0.9549844264984132,0.0449285358190536,12.006536483764648,0.3752042651176452,0.6069279909133911,25.655858993530277,0.801745593547821,0.1875688284635543,14.962469100952148,0.4675771594047546,0.0,0.0,6.0,6.0,0.2670172112053638,0
/home/daplab/30006664/kv_allindia_dec2023/audios/as_3-a-3_kv_kv-shajapur_04122023-000000-1_HI-SW-PB-301_1.wav,के,के,c,15.27,15.51,k ee,k ee,0.0,k ee *,k ee,763.0,776.0,13.0,-0.0132698193192482,-0.0171898007392883,-0.0013222923735156,-0.4364669322967529,-3.018179178237915,-0.2321676313877105,1.9459170289337635e-05,0.1058415994048118,0.0081416610628366,0.4901483952999115,14.38973331451416,1.1069025993347168,0.9948185682296752,12.9932861328125,0.9994835257530212,0.7709730863571167,11.181392669677734,0.8601071238517761,0.0069425827823579,1.0638189315795898,0.0818322226405143,0.9256171584129332,12.459031105041504,0.958387017250061,0.1337040960788726,4.8194260597229,0.3707250952720642,0.6991903781890869,10.498957633972168,0.8076121211051941,0.2811145186424255,6.068246841430664,0.4667882323265075,0.0,0.0,2.0,2.0,0.2670172112053638,0
/home/daplab/30006664/kv_allindia_dec2023/audios/as_3-a-3_kv_kv-shajapur_04122023-000000-1_HI-SW-PB-301_1.wav,लिए,लिए,c,15.51,15.93,l ii ee,l ii ee,0.0,* l ii ee *,l ii ee,775.0,797.0,22.0,-0.4561125338077545,-1.0073745250701904,-0.0457897521555423,-0.8189882040023804,-7.349427223205566,-0.3340648710727691,2.534558916522656e-05,2.066269397735596,0.0939213335514068,0.4989223778247833,27.87471008300781,1.267032265663147,0.831398606300354,21.62117958068848,0.9827808737754822,0.7239947319030762,18.52806854248047,0.8421849608421326,0.0025047841481864,1.370741844177246,0.0623064488172531,0.8950451612472534,20.841960906982425,0.9473618865013124,0.058476660400629,6.749696731567383,0.3068043887615204,0.626956582069397,17.03356170654297,0.7742528319358826,0.2049971222877502,9.120954513549805,0.4145888388156891,0.0,0.0,3.0,3.0,0.2670172112053638,0
/home/daplab/30006664/kv_allindia_dec2023/audios/as_3-a-3_kv_kv-shajapur_04122023-000000-1_HI-SW-PB-301_1.wav,किसी,किसी,c,16.17,16.59,k ii s II,k ii s II,0.0,k ii s II *,k ii s II,808.0,830.0,22.0,-0.4936617612838745,-0.8684097528457642,-0.0394731722772121,-0.9111328721046448,-6.645602226257324,-0.3020728230476379,2.276865234307479e-05,1.8842079639434812,0.085645817220211,0.5206383466720581,25.574607849121094,1.1624821424484253,0.8183560967445374,21.67379379272461,0.98517245054245,0.757475733757019,18.75822257995605,0.8526464700698853,0.0051798159256577,1.8336073160171509,0.0833457857370376,0.8914133310317993,20.93614959716797,0.951643168926239,0.0530048683285713,7.75475263595581,0.3524887561798095,0.6193464994430542,17.399553298950195,0.790888786315918,0.1982068419456482,9.898015022277832,0.4499097764492035,0.0,0.0,4.0,4.0,0.2670172112053638,0
/home/daplab/30006664/kv_allindia_dec2023/audios/as_3-a-3_kv_kv-shajapur_04122023-000000-1_HI-SW-PB-301_1.wav,के,के,c,16.59,16.86,k ee,k ee,0.0,k ee *,k ee,829.0,843.0,14.0,-0.4033423066139221,-0.7666175961494446,-0.0547583997249603,-0.8399054408073425,-4.220837593078613,-0.3014883995056152,1.4969968106015584e-05,1.389108419418335,0.0992220267653465,0.490819901227951,15.911117553710938,1.1365083456039429,0.8499360680580139,13.713140487670898,0.9795100092887878,0.7510702013969421,11.981626510620115,0.8558304905891418,0.0045075952075421,1.2262203693389893,0.0875871703028678,0.9006567001342773,13.336621284484863,0.9526157975196838,0.068062424659729,5.075125217437744,0.3625089526176452,0.6390746831893921,11.125712394714355,0.7946937680244446,0.2162542343139648,6.403838634490967,0.4574170410633087,0.0,0.0,2.0,2.0,0.2670172112053638,0
/home/daplab/30006664/kv_allindia_dec2023/audios/as_3-a-3_kv_kv-shajapur_04122023-000000-1_HI-SW-PB-301_1.wav,पास,पास,c,16.89,17.28,p AA s,p AA s,0.0,p AA s *,p AA s,844.0,864.0,20.0,-0.1803986132144928,-0.2879104912281036,-0.0143955247476696,-0.9222566485404968,-5.378907680511475,-0.2689453959465027,1.6780186342657544e-05,0.9109241366386414,0.0455462075769901,0.513306200504303,22.870681762695312,1.1435340642929075,0.9310091733932496,19.8893985748291,0.994469940662384,0.7168905735015869,17.057514190673828,0.8528757095336914,0.0021469255443662,1.663589596748352,0.0831794813275337,0.8674651384353638,19.07020378112793,0.9535101652145386,0.027731318026781,7.332184314727783,0.3666092157363891,0.5731649398803711,15.950111389160156,0.7975055575370789,0.1612274348735809,9.207365036010742,0.4603682458400726,0.0,0.0,3.0,3.0,0.2670172112053638,0
/home/daplab/30006664/kv_allindia_dec2023/audios/as_3-a-3_kv_kv-shajapur_04122023-000000-1_HI-SW-PB-301_1.wav,समय,समय,c,17.28,17.67,s aa m aa y,s aa m aa y,0.0,s aa m aa y *,s aa m aa y,864.0,884.0,20.0,-0.6459682583808899,-1.1892976760864258,-0.0594648830592632,-0.956902265548706,-7.522534370422363,-0.3761267066001892,1.8462029402144253e-05,2.010129451751709,0.1005064696073532,0.5155004858970642,27.7410945892334,1.387054681777954,0.7666916847229004,19.56084251403809,0.9780421257019044,0.7469980120658875,16.52361297607422,0.826180636882782,0.0041263527236878,1.1107767820358276,0.0555388405919075,0.8918260335922241,18.8161735534668,0.940808653831482,0.0535999685525894,5.466604232788086,0.2733302116394043,0.6202024221420288,15.104787826538086,0.7552393674850464,0.1989601254463195,7.744636535644531,0.3872318267822265,0.0,0.0,5.0,5.0,0.2670172112053638,0
/home/daplab/30006664/kv_allindia_dec2023/audios/as_3-a-3_kv_kv-shajapur_04122023-000000-1_HI-SW-PB-301_1.wav,नही,नही,c,17.67,18.0,n aa hh II,n aa hh II q,1.0,* n aa hh II q *,n aa hh II q,883.0,900.0,17.0,-0.5191514492034912,-0.920576512813568,-0.0541515611112117,-0.9628585577011108,-7.441024303436279,-0.4377073049545288,0.0001304029428865,1.9066147804260252,0.1121538132429122,0.6428282260894775,26.804664611816406,1.5767450332641602,0.8095720410346985,16.65573501586914,0.9797491431236268,0.6815452575683594,13.65680694580078,0.8033415675163269,0.0009970162063837,0.5318395495414734,0.0312846787273883,0.8567761778831482,15.825362205505373,0.9309036731719972,0.0207680743187665,3.469892740249634,0.2041113376617431,0.5544857382774353,12.303448677062988,0.7237322926521301,0.148139089345932,5.641499996185303,0.3318529427051544,1.4172657424106416,1.0,4.0,5.0,0.1414624728823706,0
/home/daplab/30006664/kv_allindia_dec2023/audios/as_3-a-3_kv_kv-shajapur_04122023-000000-1_HI-SW-PB-301_1.wav,था,था,c,18.0,18.36,th AA,th AA,0.0,th AA *,th AA,900.0,918.0,18.0,-0.317238301038742,-0.4894085824489593,-0.0271893665194511,-0.7112696170806885,-5.465701103210449,-0.3036500513553619,1.1125172022730112e-05,1.1457027196884155,0.0636501535773277,0.4641306698322296,22.161252975463867,1.2311806678771973,0.880713164806366,17.814414978027344,0.9896897077560424,0.7099504470825195,15.202691078186035,0.8445939421653748,0.0018467552727088,1.2593544721603394,0.0699641406536102,0.8961509466171265,17.098356246948242,0.9499086737632751,0.0602522827684879,5.861819267272949,0.3256566226482391,0.6293092966079712,14.089235305786133,0.782735288143158,0.2071393579244613,7.732778072357178,0.4295987784862518,0.0,0.0,2.0,2.0,0.2670172112053638,0
/home/daplab/30006664/kv_allindia_dec2023/audios/as_3-a-3_kv_kv-shajapur_04122023-000000-1_HI-SW-PB-301_1.wav,मीमी,मीमी,c,18.69,19.2,m II m II,m II m II,0.0,m II m II *,m II m II,934.0,960.0,26.0,-0.5606397390365601,-0.9749150276184082,-0.037496730685234,-0.9964529871940612,-7.389401912689209,-0.2842077612876892,4.527488272287883e-05,1.7562804222106934,0.067549243569374,0.5930505990982056,30.030872344970703,1.1550335884094238,0.7953937649726868,25.637664794921875,0.9860640168190002,0.7325426340103149,22.15156555175781,0.8519833087921143,0.0030153016559779,1.9016658067703247,0.0731409937143325,0.8782326579093933,24.77114486694336,0.9527363181114196,0.0371080562472343,9.26269817352295,0.3562576174736023,0.5931264162063599,20.649250030517575,0.7942019104957581,0.1763612180948257,11.734882354736328,0.4513416290283203,0.0,0.0,4.0,4.0,0.2670172112053638,0
/home/daplab/30006664/kv_allindia_dec2023/audios/as_3-a-3_kv_kv-shajapur_04122023-000000-1_HI-SW-PB-301_1.wav,ने,ने,c,19.2,19.62,n ee,n ee,0.0,* n ee *,n ee,960.0,981.0,21.0,-0.6002121567726135,-0.6251997947692871,-0.0297714192420244,-0.8660573363304138,-5.207940101623535,-0.2479971498250961,1.302419423154788e-05,0.8478590250015259,0.0403742380440235,0.4898538589477539,22.5618896484375,1.0743757486343384,0.7820066809654236,20.77224349975586,0.9891544580459596,0.7348951697349548,18.111255645751957,0.8624407649040222,0.0031732348725199,1.8833723068237305,0.089684396982193,0.9100580215454102,20.11883544921875,0.9580397605895996,0.087771788239479,8.093592643737793,0.3854091763496399,0.6604408621788025,17.000585556030273,0.8095517158508301,0.2375091016292572,10.012561798095703,0.4767886698246002,0.0,0.0,2.0,2.0,0.2670172112053638,0
/home/daplab/30006664/kv_allindia_dec2023/audios/as_3-a-3_kv_kv-shajapur_04122023-000000-1_HI-SW-PB-301_1.wav,जिससे,जिस्से,s,20.13,20.85,j ii s aa s ee,j ii s aa s ee,0.0,j ii s aa s ee *,j ii s aa s ee,1006.0,1043.0,37.0,-0.4400487840175628,-1.4517115354537964,-0.039235446602106,-1.0527116060256958,-12.109244346618652,-0.3272768855094909,1.9832241378026083e-05,3.1803231239318848,0.0859546810388565,0.5142329931259155,45.02416610717773,1.2168693542480469,0.8370156288146973,36.45366668701172,0.985234260559082,0.7057633399963379,31.25246810913086,0.844661295413971,0.0016863492783159,3.081948518753052,0.0832959040999412,0.8505262136459351,35.030418395996094,0.946768045425415,0.0175376459956169,12.937481880187988,0.3496616780757904,0.5440385341644287,28.916263580322266,0.781520664691925,0.1412419974803924,16.411754608154297,0.443560928106308,0.0,0.0,6.0,6.0,0.2670172112053638,0
/home/daplab/30006664/kv_allindia_dec2023/audios/as_3-a-3_kv_kv-shajapur_04122023-000000-1_HI-SW-PB-301_1.wav,भी,भी,c,20.88,21.36,bh II,bh II,0.0,bh II *,bh II,1044.0,1068.0,24.0,-0.2775401771068573,-0.4223305284976959,-0.0175971053540706,-0.877385675907135,-7.393918037414551,-0.3080799281597137,2.5341221771668643e-05,1.2368000745773315,0.0515333376824855,0.509250283241272,30.24486541748047,1.2602027654647827,0.8951276540756226,23.8387393951416,0.993280827999115,0.6987414360046387,20.153339385986328,0.8397224545478821,0.0014479997335001,1.5567506551742554,0.0648646131157875,0.8740023374557495,22.747459411621094,0.9478108286857604,0.0330955646932125,7.698211669921875,0.3207588195800781,0.5851380825042725,18.67403984069824,0.7780849933624268,0.1701565980911255,10.180389404296877,0.4241828918457031,0.0,0.0,2.0,2.0,0.2670172112053638,0
/home/daplab/30006664/kv_allindia_dec2023/audios/as_3-a-3_kv_kv-shajapur_04122023-000000-1_HI-SW-PB-301_1.wav,कहानियां,कहानियां,c,21.57,22.26,<UNK>,k aa hh AA n ii y AA q,8.80057146119358,k aa hh AA n ii y AA q,k aa hh AA n ii y AA q,1078.0,1113.0,35.0,-0.5191876292228699,-1.568659782409668,-0.044818852096796,-1.233447551727295,-11.549524307250977,-0.329986423254013,4.169386738794856e-05,2.935042381286621,0.0838583558797836,0.5339573621749878,44.38296127319336,1.2680846452713013,0.8095596432685852,34.415977478027344,0.9833136200904846,0.6335104703903198,29.357585906982425,0.8387881517410278,0.0003515562275424,2.423588275909424,0.0692453756928443,0.8176348209381104,33.120849609375,0.9463099837303162,0.0072037768550217,11.164787292480469,0.3189939260482788,0.4939647912979126,27.129568099975582,0.7751305103302002,0.1119728833436966,14.78567886352539,0.4224479794502258,,,1.0,9.0,0.9210397588221279,1
/home/daplab/30006664/kv_allindia_dec2023/audios/as_3-a-3_kv_kv-shajapur_04122023-000000-1_HI-SW-PB-301_1.wav,सुनाने,सुनाने,c,22.26,22.98,s uu n AA n ee,s uu n AA n ee,0.0,* s uu n AA n ee *,s uu n AA n ee,1113.0,1149.0,36.0,-0.6670807600021362,-1.9789302349090576,-0.0549702830612659,-0.8747861385345459,-11.317614555358888,-0.3143781721591949,2.5487370294285935e-05,3.431410789489746,0.095316968858242,0.4809350371360779,42.64324951171875,1.1845346689224243,0.7596840262413025,35.26617431640625,0.9796159267425536,0.7210502028465271,30.603626251220703,0.8501007556915283,0.002349738497287,2.9156196117401123,0.0809894353151321,0.8795093297958374,34.21735382080078,0.9504820704460144,0.0384119749069213,12.443735122680664,0.3456593155860901,0.5955761075019836,28.348880767822266,0.7874689102172852,0.1783046871423721,15.97915267944336,0.4438653588294983,0.0,0.0,6.0,6.0,0.2670172112053638,0
/home/daplab/30006664/kv_allindia_dec2023/audios/as_3-a-3_kv_kv-shajapur_04122023-000000-1_HI-SW-PB-301_1.wav,की,की,c,22.98,23.37,k II,k II,0.0,k II *,k II,1149.0,1169.0,20.0,-0.5840021967887878,-0.7384784817695618,-0.0369239225983619,-0.8919540643692017,-5.271104335784912,-0.2635552287101745,1.420175249222666e-05,1.241849064826965,0.0620924532413482,0.4755884706974029,21.771751403808597,1.088587522506714,0.7874742746353149,19.727636337280277,0.9863818287849426,0.7753642201423645,17.204368591308594,0.8602184057235718,0.0076366956345736,1.774785041809082,0.0887392535805702,0.9037261605262756,19.127885818481445,0.9563943147659302,0.0739550441503524,7.593608856201172,0.3796804547309875,0.6458982825279236,16.104307174682617,0.8052153587341309,0.2228420972824096,9.437114715576172,0.4718557298183441,0.0,0.0,2.0,2.0,0.2670172112053638,0
/home/daplab/30006664/kv_allindia_dec2023/audios/as_3-a-3_kv_kv-shajapur_04122023-000000-1_HI-SW-PB-301_1.wav,बात,बात,c,23.61,24.03,b AA t,b AA t,0.0,b AA t *,b AA t,1180.0,1202.0,22.0,-0.0234794337302446,-0.0274350624531507,-0.0012470482615754,-0.6879785060882568,-4.519155025482178,-0.2054161429405212,1.804215753509197e-05,0.1592420786619186,0.0072382763028144,0.5085207223892212,21.955883026123047,0.9979946613311768,0.9908435344696044,21.989294052124023,0.9995133876800536,0.7380247116088867,19.119495391845703,0.8690679669380188,0.0033962300512939,2.268340349197388,0.1031063795089721,0.8924298286437988,21.156139373779297,0.9616426825523376,0.0544825457036495,9.35239315032959,0.425108790397644,0.6214585900306702,18.12651824951172,0.8239326477050781,0.2000703662633896,11.148157119750977,0.5067344307899475,0.0,0.0,3.0,3.0,0.2670172112053638,0
/home/daplab/30006664/kv_allindia_dec2023/audios/as_3-a-3_kv_kv-shajapur_04122023-000000-1_HI-SW-PB-301_1.wav,कही,कही,c,24.03,24.54,k aa hh II,k aa hh II,0.0,k aa hh II *,k aa hh II,1201.0,1227.0,26.0,-0.108342170715332,-0.2315259277820587,-0.0089048435911536,-0.7675917744636536,-7.754638671875,-0.2982553243637085,2.6261466700816527e-05,0.9944360256195068,0.0382475405931472,0.4723203480243683,32.015830993652344,1.2313780784606934,0.9581934809684752,25.910137176513672,0.9965437650680542,0.7372461557388306,21.97830009460449,0.8453192114830017,0.0033393318299204,1.9271444082260127,0.0741209387779235,0.8876637816429138,24.69489288330078,0.949803590774536,0.0478923246264457,8.598487854003906,0.3307110667228699,0.6116712093353271,20.36711883544922,0.7833507061004639,0.1915685534477234,11.264467239379885,0.4332487285137176,0.0,0.0,4.0,4.0,0.2670172112053638,0
/home/daplab/30006664/kv_allindia_dec2023/audios/as_3-a-3_kv_kv-shajapur_04122023-000000-1_HI-SW-PB-301_1.wav,उनके,उसके,s,24.93,25.59,uu n aa k ee,uu s aa k ee,2.0,uu s aa k ee *,uu s aa k ee,1246.0,1280.0,34.0,-0.3917725086212158,-0.9453916549682616,-0.0278056375682353,-1.0332839488983154,-8.9837064743042,-0.2642266750335693,1.3277927791932598e-05,1.973848342895508,0.0580543614923954,0.4786703884601593,36.5723876953125,1.0756584405899048,0.8540331125259399,33.64471435546875,0.9895504117012024,0.7311992645263672,29.277240753173828,0.8610953092575073,0.0029286660719662,3.429795742034912,0.1008763462305069,0.8652046322822571,32.485862731933594,0.9554665684700012,0.02608641423285,13.53494358062744,0.3980865776538849,0.5691248178482056,27.437768936157227,0.8069931864738464,0.1583114117383957,16.46197509765625,0.4841757416725158,5.0487183004431895,1.0,5.0,5.0,0.9549057070879844,1
/home/daplab/30006664/kv_allindia_dec2023/audios/as_3-a-3_kv_kv-shajapur_04122023-000000-1_HI-SW-PB-301_1.wav,पास,पास,c,25.59,26.16,p AA s,p AA s,0.0,p AA s *,p AA s,1279.0,1308.0,29.0,-0.2998000383377075,-0.6072906851768494,-0.0209410581737756,-0.8158870339393616,-8.21385669708252,-0.2832364439964294,1.4949911019357389e-05,1.729725003242493,0.059645690023899,0.5145466923713684,32.6773567199707,1.1268054246902466,0.8870274424552917,28.76803207397461,0.9920011162757874,0.7320343852043152,24.80331420898437,0.855286717414856,0.0029822250362485,2.7359089851379395,0.0943416878581047,0.8956499695777893,27.630216598510746,0.9527660608291626,0.0594413243234157,10.970538139343262,0.3782944083213806,0.6282414197921753,23.13667297363281,0.7978163361549377,0.2061644494533538,13.58628749847412,0.4684926867485046,0.0,0.0,3.0,3.0,0.2670172112053638,0
/home/daplab/30006664/kv_allindia_dec2023/audios/as_3-a-3_kv_kv-shajapur_04122023-000000-1_HI-SW-PB-301_1.wav,कहानियां,कहानियां,c,26.34,27.06,<UNK>,k aa hh AA n ii y AA q,8.80057146119358,k aa hh AA n ii y AA q,k aa hh AA n ii y AA q,1317.0,1353.0,36.0,-0.1472021490335464,-0.467581957578659,-0.012988387607038,-0.9200114607810974,-11.385149002075195,-0.3162541389465332,2.9972294214530848e-05,1.7412093877792358,0.0483669266104698,0.5181682109832764,46.23662185668945,1.2843506336212158,0.943472146987915,35.819358825683594,0.9949821829795836,0.700266420841217,30.170528411865234,0.8380702137947083,0.0014967222232371,2.5064504146575928,0.0696236193180084,0.8620045185089111,34.08841323852539,0.9469003677368164,0.023923160508275,11.30132007598877,0.313925564289093,0.5634890794754028,27.889135360717773,0.7746981978416443,0.1543232649564743,15.112104415893556,0.4197806715965271,,,1.0,9.0,0.9210397588221279,1
/home/daplab/30006664/kv_allindia_dec2023/audios/as_3-a-3_kv_kv-shajapur_04122023-000000-1_HI-SW-PB-301_1.wav,सुनाने,सुनाने,c,27.06,27.84,s uu n AA n ee,s uu n AA n ee,0.0,* s uu n AA n ee *,s uu n AA n ee,1353.0,1392.0,39.0,-0.6139194965362549,-2.2032477855682373,-0.0564935319125652,-0.9193313121795654,-12.615379333496094,-0.3234712779521942,2.2347243429976515e-05,3.891073703765869,0.0997711196541786,0.4838733971118927,46.75675201416016,1.198891043663025,0.7774003148078918,38.18285751342773,0.9790476560592652,0.7421019673347473,33.118221282958984,0.8491851687431335,0.0037104201037436,3.1139140129089355,0.079843945801258,0.9000810384750366,37.03907012939453,0.9497197270393372,0.0670107752084732,13.198687553405762,0.338427871465683,0.6378107070922852,30.594968795776367,0.7844863533973694,0.2150538861751556,17.105220794677734,0.4385954141616821,0.0,0.0,6.0,6.0,0.2670172112053638,0
/home/daplab/30006664/kv_allindia_dec2023/audios/as_3-a-3_kv_kv-shajapur_04122023-000000-1_HI-SW-PB-301_1.wav,की,की,c,27.84,28.23,k II,k II,0.0,k II *,k II,1392.0,1412.0,20.0,-0.0982018113136291,-0.2043410539627075,-0.0102170528843998,-0.6780927777290344,-4.847405910491943,-0.2423702925443649,1.3607794244308025e-05,0.7499852180480957,0.0374992601573467,0.4700337052345276,21.18180084228516,1.0590900182724,0.9620585441589355,19.92081069946289,0.9960405230522156,0.7686230540275574,17.267587661743164,0.8633793592453003,0.0065974034368991,1.897271513938904,0.0948635786771774,0.9042165279388428,19.1592960357666,0.9579647779464722,0.0749426037073135,7.89345645904541,0.3946728110313415,0.6470017433166504,16.219375610351562,0.8109687566757202,0.2239247560501098,9.671194076538086,0.4835596978664398,0.0,0.0,2.0,2.0,0.2670172112053638,0
/home/daplab/30006664/kv_allindia_dec2023/audios/as_3-a-3_kv_kv-shajapur_04122023-000000-1_HI-SW-PB-301_1.wav,फ़ुर्सत,फ़ुर्सत,c,28.44,28.98,ph uu r s aa t,ph uu r s aa t,0.0,ph uu r s aa t *,ph uu r s aa t,1422.0,1449.0,27.0,-0.1575276106595993,-0.3837793469429016,-0.0142140500247478,-0.7760449647903442,-10.42740249633789,-0.3862001001834869,3.383453804417513e-05,1.402845859527588,0.0519572533667087,0.5818559527397156,39.83145523071289,1.4752390384674072,0.939584493637085,26.85182762145996,0.994512140750885,0.6916248798370361,22.01144218444824,0.8152385950088501,0.0012407914036884,1.4200377464294434,0.0525939911603927,0.8815047144889832,25.264183044433597,0.9357104897499084,0.0405423417687416,7.077730178833008,0.262138158082962,0.5994420051574707,20.076135635375977,0.7435605525970459,0.1814115792512893,10.122065544128418,0.3748913109302521,0.0,0.0,6.0,6.0,0.2670172112053638,0
/home/daplab/30006664/kv_allindia_dec2023/audios/as_3-a-3_kv_kv-shajapur_04122023-000000-1_HI-SW-PB-301_1.wav,नही,नही,c,28.98,29.4,n aa hh II,n aa hh II q,1.0,* n aa hh II q *,n aa hh II q,1449.0,1470.0,21.0,-0.1976391226053238,-0.3794679939746856,-0.0180699042975902,-0.8973149657249451,-8.144898414611816,-0.3878523111343384,6.959216261748224e-05,1.346469163894653,0.0641175806522369,0.5843169093132019,31.651647567749023,1.5072213411331177,0.9245772361755372,20.85383415222168,0.9930397272109984,0.6816204786300659,17.0784912109375,0.8132615089416504,0.000998644856736,0.7689539194107056,0.0366168543696403,0.8576533794403076,19.6689510345459,0.9366167187690736,0.0212667435407638,4.704841613769531,0.224040076136589,0.5559790134429932,15.503396034240724,0.7382569313049316,0.1491491347551345,7.352590560913086,0.3501233458518982,1.4172657424106416,1.0,4.0,5.0,0.1414624728823706,0
/home/daplab/30006664/kv_allindia_dec2023/audios/as_3-a-3_kv_kv-shajapur_04122023-000000-1_HI-SW-PB-301_1.wav,थी,थी,c,29.4,29.76,th II,th II,0.0,th II *,th II,1470.0,1488.0,18.0,-0.547085702419281,-1.0400959253311155,-0.0577831082046031,-1.1967906951904297,-6.76162052154541,-0.3756455779075622,1.2806700397050008e-05,1.760843276977539,0.0978246256709098,0.4780816733837127,24.55527687072754,1.3641819953918457,0.8000096678733826,17.617345809936523,0.9787414073944092,0.6669127941131592,14.84189224243164,0.8245495557785034,0.0007257676916196,1.165939450263977,0.0647744163870811,0.839766263961792,16.900217056274414,0.9389009475708008,0.0131087787449359,5.4342193603515625,0.3019010722637176,0.5267993211746216,13.648157119750977,0.7582309246063232,0.1304841935634613,7.2779412269592285,0.4043300747871399,0.0,0.0,2.0,2.0,0.2670172112053638,0
/home/daplab/30006664/kv_allindia_dec2023/audios/as_3-a-3_kv_kv-shajapur_04122023-000000-1_HI-SW-PB-301_1.wav,किसी,किसी,c,30.18,30.72,k ii s II,k ii s II,0.0,k ii s II *,k ii s II,1509.0,1536.0,27.0,-0.2247887849807739,-0.5828663110733032,-0.0215876419097185,-0.8096508383750916,-7.228464126586914,-0.2677209079265594,1.9894026991096325e-05,1.5687689781188965,0.0581025555729866,0.5239304304122925,29.90881729125977,1.107733964920044,0.9145044088363647,26.777130126953125,0.9917455315589904,0.7467922568321228,23.161287307739254,0.8578254580497742,0.0041079693473875,2.3663582801818848,0.0876429006457328,0.8898425698280334,25.78156089782715,0.9548726081848145,0.0507998801767826,10.179734230041504,0.3770271837711334,0.6161092519760132,21.649587631225582,0.8018365502357483,0.1953816264867782,12.650677680969238,0.4685436189174652,0.0,0.0,4.0,4.0,0.2670172112053638,0
/home/daplab/30006664/kv_allindia_dec2023/audios/as_3-a-3_kv_kv-shajapur_04122023-000000-1_HI-SW-PB-301_1.wav,के,के,c,30.72,31.11,k ee,k ee,0.0,k ee *,k ee,1536.0,1556.0,20.0,-0.302813321352005,-0.6182094216346741,-0.0309104714542627,-0.8211908340454102,-5.5186262130737305,-0.2759312987327575,1.356046323053306e-05,1.3130000829696655,0.065650001168251,0.4821095466613769,22.197267532348636,1.1098634004592896,0.8859343528747559,19.766504287719727,0.9883252382278442,0.7156674861907959,17.137754440307617,0.856887698173523,0.002090690890327,1.832756280899048,0.0916378125548362,0.8947051763534546,19.079757690429688,0.9539878964424132,0.057941373437643,7.645185470581055,0.3822592794895172,0.6262366771697998,16.022079467773438,0.801103949546814,0.2043457180261612,9.431843757629396,0.4715921878814697,0.0,0.0,2.0,2.0,0.2670172112053638,0
/home/daplab/30006664/kv_allindia_dec2023/audios/as_3-a-3_kv_kv-shajapur_04122023-000000-1_HI-SW-PB-301_1.wav,पास,पास,c,31.5,31.95,p AA s,p AA s,0.0,p AA s *,p AA s,1575.0,1598.0,23.0,-0.0787997618317604,-0.1067188680171966,-0.0046399505808949,-0.5256544351577759,-5.035546779632568,-0.2189368158578872,3.176023164996877e-05,0.4272071123123169,0.0185742229223251,0.5439910888671875,23.69170379638672,1.030074119567871,0.9694811105728148,22.95858192443848,0.998199224472046,0.7384883761405945,19.91881561279297,0.8660354614257812,0.0034305730368942,2.2043986320495605,0.09584341943264,0.9119859933853148,22.08850860595703,0.9603699445724488,0.0924709215760231,9.357666015625,0.406855046749115,0.6650004982948303,18.81448554992676,0.8180211186408997,0.2422897666692733,11.34333324432373,0.4931884109973907,0.0,0.0,3.0,3.0,0.2670172112053638,0
/home/daplab/30006664/kv_allindia_dec2023/audios/as_3-a-3_kv_kv-shajapur_04122023-000000-1_HI-SW-PB-301_1.wav,मीमी,मीमी,c,31.95,32.55,m II m II,m II m II,0.0,m II m II *,m II m II,1597.0,1628.0,31.0,-0.117225281894207,-0.2325038164854049,-0.007500123232603,-0.8199957609176636,-7.55830192565918,-0.2438161969184875,3.0191358746378683e-05,0.8403514623641968,0.0271081123501062,0.5829551815986633,34.050167083740234,1.0983924865722656,0.9548156261444092,30.91005516052246,0.9970985651016236,0.7122993469238281,26.63535690307617,0.8592050671577454,0.001943327486515,2.473803997039795,0.0798001289367675,0.8762319087982178,29.666303634643555,0.9569775462150574,0.0351531095802784,11.666845321655272,0.3763498365879059,0.5893241167068481,24.9893856048584,0.8061091899871826,0.1733826547861099,14.526376724243164,0.4685927927494049,0.0,0.0,4.0,4.0,0.2670172112053638,0
/home/daplab/30006664/kv_allindia_dec2023/audios/as_3-a-3_kv_kv-shajapur_04122023-000000-1_HI-SW-PB-301_1.wav,के,के,c,32.55,32.91,k ee,k ee,0.0,k ee *,k ee,1627.0,1646.0,19.0,-0.1403010189533233,-0.2730167210102081,-0.0143693014979362,-0.6456242203712463,-4.255143165588379,-0.223954901099205,1.342063751508249e-05,0.8607701659202576,0.0453036911785602,0.4707872271537781,18.244041442871094,0.9602127075195312,0.9460760951042176,18.894756317138672,0.9944608807563782,0.791948676109314,16.650009155273438,0.876316249370575,0.0109447706490755,2.182042121887207,0.1148443222045898,0.9137840867042542,18.28009605407715,0.9621103405952454,0.097079798579216,8.18527889251709,0.4308041632175445,0.6693109273910522,15.686628341674805,0.8256120085716248,0.2468916177749633,9.73414134979248,0.5123232007026672,0.0,0.0,2.0,2.0,0.2670172112053638,0
/home/daplab/30006664/kv_allindia_dec2023/audios/as_3-a-3_kv_kv-shajapur_04122023-000000-1_HI-SW-PB-301_1.wav,लिए,लिए,c,32.91,33.27,l ii ee,l ii ee,0.0,l ii ee *,l ii ee,1645.0,1664.0,19.0,-0.1740399748086929,-0.6455369591712952,-0.0339756309986114,-0.6968282461166382,-6.482038497924805,-0.3411599099636078,2.3708966182312e-05,1.9213365316390991,0.1011229753494262,0.5517576336860657,24.32083511352539,1.2800439596176147,0.933388352394104,18.75148582458496,0.9869202971458436,0.7580875754356384,15.981980323791504,0.8411568403244019,0.0052490471862256,1.1407999992370603,0.060042105615139,0.8999127149581909,17.98128318786621,0.94638329744339,0.0667063146829605,5.660861015319824,0.297940045595169,0.6374419927597046,14.64137077331543,0.7705984711647034,0.2147049307823181,7.750359535217285,0.4079136550426483,0.0,0.0,3.0,3.0,0.2670172112053638,0
/home/daplab/30006664/kv_allindia_dec2023/audios/as_3-a-3_kv_kv-shajapur_04122023-000000-1_HI-SW-PB-301_1.wav,समय,समय,c,33.27,33.69,s aa m aa y,s aa m aa y,0.0,* s aa m aa y *,s aa m aa y,1663.0,1685.0,22.0,-0.5867577195167542,-0.9775805473327636,-0.044435478746891,-1.0487886667251587,-8.157705307006836,-0.3708047866821289,1.97310891962843e-05,2.042346715927124,0.0928339436650276,0.5259093642234802,30.28267478942871,1.3764852285385132,0.7865433096885681,21.635665893554688,0.9834393858909608,0.7216364145278931,18.2246208190918,0.8283918499946594,0.0023798216134309,1.2240631580352783,0.0556392334401607,0.870040237903595,20.711902618408203,0.9414501190185548,0.0297319162636995,5.994389057159424,0.2724722325801849,0.577829122543335,16.640567779541016,0.7563894391059875,0.1646541059017181,8.519271850585938,0.3872396349906921,0.0,0.0,5.0,5.0,0.2670172112053638,0
/home/daplab/30006664/kv_allindia_dec2023/audios/as_3-a-3_kv_kv-shajapur_04122023-000000-1_HI-SW-PB-301_1.wav,नही,नही,c,33.69,34.05,n aa hh II,n aa hh II q,1.0,n aa hh II q *,n aa hh II q,1684.0,1703.0,19.0,-0.493130087852478,-0.8062754273414612,-0.0424355491995811,-0.8467294573783875,-7.772885799407959,-0.4090992510318756,6.534957356052473e-05,1.8675179481506348,0.0982904210686683,0.5831777453422546,28.84307098388672,1.5180563926696775,0.818540096282959,18.69712257385254,0.9840590953826904,0.693115234375,15.44040870666504,0.8126530647277832,0.0012815751833841,0.6151607632637024,0.0323768816888332,0.8684971332550049,17.775941848754883,0.9355759024620056,0.0285163968801498,4.046912670135498,0.2129954099655151,0.575026273727417,13.948444366455078,0.7341286540031433,0.1625870466232299,6.490077018737793,0.3415830135345459,1.4172657424106416,1.0,4.0,5.0,0.1414624728823706,0
/home/daplab/30006664/kv_allindia_dec2023/audios/as_3-a-3_kv_kv-shajapur_04122023-000000-1_HI-SW-PB-301_1.wav,था,था,c,34.08,34.44,th AA,th AA,0.0,th AA *,th AA,1703.0,1722.0,19.0,-0.0359833501279354,-0.0566178299486637,-0.0029798857867717,-0.6090701818466187,-4.479115009307861,-0.2357428967952728,1.0439853213028982e-05,0.2871493101119995,0.0151131218299269,0.4726850390434265,20.67775535583496,1.0883029699325562,0.9859891533851624,18.97792625427246,0.9988382458686828,0.7080380916595459,16.32434844970703,0.8591762185096741,0.0017716833390295,1.6801961660385132,0.0884313806891441,0.8938310742378235,18.193988800048828,0.9575783610343932,0.0565874241292476,7.327734470367432,0.3856702446937561,0.6243928670883179,15.367015838623049,0.8087903261184692,0.2026860564947128,9.0564546585083,0.476655513048172,0.0,0.0,2.0,2.0,0.2670172112053638,0
/home/daplab/30006664/kv_allindia_dec2023/audios/as_3-a-3_kv_kv-shajapur_04122023-000000-1_HI-SW-PB-301_1.wav,कहानियों,कहानि,s,34.65,35.34,k aa hh AA n ii y oo q,k aa hh AA n II,5.0,k aa hh AA n II *,k aa hh AA n II,1732.0,1768.0,36.0,-0.3310882449150085,-1.093927025794983,-0.0303868614137172,-1.1097993850708008,-10.495983123779297,-0.2915550768375397,1.7504804418422282e-05,2.571086406707764,0.0714190676808357,0.4803262054920196,41.65700149536133,1.1571389436721802,0.8757178783416748,35.58549118041992,0.988485872745514,0.6565232872962952,30.68730735778809,0.852425217628479,0.0005792701267637,3.115703582763672,0.0865473225712776,0.8351448774337769,34.258235931396484,0.9516176581382751,0.0115683022886514,13.009982109069824,0.3613883852958679,0.5196652412414551,28.55814743041992,0.7932818531990051,0.1262488365173339,16.413137435913086,0.4559204876422882,15.544995473489749,4.0,9.0,6.0,0.9615582502579546,1
/home/daplab/30006664/kv_allindia_dec2023/audios/as_3-a-3_kv_kv-shajapur_04122023-000000-1_HI-SW-PB-301_1.wav,के,के,c,35.37,35.7,k ee,k ee,0.0,k ee *,k ee,1768.0,1785.0,17.0,-0.0011095597874373,-0.0030430522747337,-0.0001790030801203,-0.4305989146232605,-2.9937291145324707,-0.1761017143726349,1.427663846698124e-05,0.0287959892302751,0.001693881698884,0.4738544225692749,15.575054168701172,0.916179656982422,0.9995660781860352,16.998809814453125,0.9999299645423888,0.7699708938598633,14.94571304321289,0.8791595697402954,0.0067932154051959,1.973547339439392,0.1160910204052925,0.924166202545166,16.425743103027344,0.966220200061798,0.1285579353570938,7.70958137512207,0.4535048007965088,0.6953762769699097,14.245975494384766,0.8379985690116882,0.2765104472637176,9.016834259033203,0.5304020047187805,0.0,0.0,2.0,2.0,0.2670172112053638,0
/home/daplab/30006664/kv_allindia_dec2023/audios/as_3-a-3_kv_kv-shajapur_04122023-000000-1_HI-SW-PB-301_1.wav,लिए,लिए,c,35.7,36.21,l ii ee,l ii ee,0.0,l ii ee *,l ii ee,1785.0,1811.0,26.0,-0.5004883408546448,-0.655048131942749,-0.0251941587775945,-1.269554615020752,-7.194642543792725,-0.2767170071601867,1.9817562133539468e-05,1.594743251800537,0.0613362789154052,0.53676837682724,29.490989685058597,1.134268879890442,0.8159981369972229,25.755971908569336,0.9906142950057985,0.6652671098709106,22.258501052856445,0.8560962080955505,0.0007003062637522,1.98422372341156,0.0763162970542907,0.8206993341445923,24.791391372680664,0.9535150527954102,0.0078264074400067,9.358682632446287,0.3599493205547333,0.4983194470405578,20.727489471435547,0.7972111105918884,0.1142877265810966,11.836868286132812,0.455264151096344,0.0,0.0,3.0,3.0,0.2670172112053638,0
/home/daplab/30006664/kv_allindia_dec2023/audios/as_3-a-3_kv_kv-shajapur_04122023-000000-1_HI-SW-PB-301_1.wav,तो,तो,c,36.45,36.63,t oo,t oo,0.0,t oo *,t oo,1822.0,1832.0,10.0,-0.1469731032848358,-0.1594067364931106,-0.015940673649311,-0.7494935989379883,-3.4294934272766118,-0.3429493308067322,1.6318686903105117e-05,0.4906780123710632,0.0490678027272224,0.4853619337081909,13.930333137512209,1.3930332660675049,0.9435585141181946,9.938698768615724,0.9938699007034302,0.7430577278137207,8.2583646774292,0.8258364796638489,0.0037881797179579,0.5578981637954712,0.0557898171246051,0.8954073190689087,9.423341751098633,0.9423341751098632,0.0590523779392242,2.769174575805664,0.2769174575805664,0.6277253031730652,7.588510036468506,0.7588509917259216,0.2056948095560073,3.9109840393066406,0.3910984098911285,0.0,0.0,2.0,2.0,0.2670172112053638,0
/home/daplab/30006664/kv_allindia_dec2023/audios/as_3-a-3_kv_kv-shajapur_04122023-000000-1_HI-SW-PB-301_1.wav,बिल्कुल,बिल्कुल,c,36.63,37.08,b ii l k uu l,b ii l k uu l,0.0,* b ii l k uu l *,b ii l k uu l,1831.0,1854.0,23.0,-0.5521184802055359,-0.7451215982437134,-0.0323965921998024,-1.0681984424591064,-9.12362575531006,-0.3966793715953827,1.777064062480349e-05,1.4599480628967283,0.0634760037064552,0.510840117931366,35.1085090637207,1.5264569520950315,0.798293948173523,22.72361183166504,0.9879831075668336,0.6962016820907593,18.57040405273437,0.80740886926651,0.0013703550212085,1.0641359090805054,0.0462667793035507,0.8603081107139587,21.4810848236084,0.9339601993560792,0.0228501763194799,5.563531398773193,0.2418926656246185,0.5605406761169434,16.942886352539062,0.7366472482681274,0.1522729843854904,8.288460731506348,0.360367864370346,0.0,0.0,6.0,6.0,0.2670172112053638,0
/home/daplab/30006664/kv_allindia_dec2023/audios/as_3-a-3_kv_kv-shajapur_04122023-000000-1_HI-SW-PB-301_1.wav,नही,नही,c,37.08,37.56,n aa hh II,n aa hh II q,1.0,* n aa hh II q,n aa hh II q,1853.0,1878.0,25.0,-0.3218912780284881,-0.6599531173706055,-0.0263981241732835,-1.046250581741333,-8.953723907470703,-0.3581489622592926,2.4647670215927064e-05,1.9361419677734373,0.0774456784129142,0.5325244069099426,33.88935852050781,1.355574369430542,0.8790330290794373,24.748743057250977,0.9899497032165528,0.6668379306793213,20.669288635253903,0.8267715573310852,0.0007245892775245,1.4742109775543213,0.0589684396982193,0.8394490480422974,23.513267517089844,0.9405307173728944,0.0129967844113707,7.351202487945557,0.2940481007099151,0.5263047218322754,18.99224853515625,0.7596899271011353,0.1301865428686142,10.01133632659912,0.4004534482955932,1.4172657424106416,1.0,4.0,5.0,0.1414624728823706,0
/home/daplab/30006664/kv_allindia_dec2023/audios/ap_3-a-8_kv_kv-khatima_04122023-000000-1_HI-KV-001_1.wav,एक,एक,c,0.99,1.29,ee k,ee k,0.0,ee k *,ee k,49.0,65.0,16.0,-0.3527902364730835,-0.7426555156707764,-0.0464159697294235,-0.8268172144889832,-4.657393455505371,-0.2910870909690857,3.164332520100288e-05,1.531348705291748,0.0957092940807342,0.5489048957824707,17.889619827270508,1.1181012392044067,0.8679251670837402,15.719660758972168,0.9824787974357604,0.7647606730461121,13.74699592590332,0.8591872453689575,0.0060669658705592,1.3237745761871338,0.0827359110116958,0.8995404839515686,15.26307487487793,0.9539421796798706,0.0660380423069,5.827256202697754,0.3642035126686096,0.636628270149231,12.76434326171875,0.7977714538574219,0.2139365524053573,7.338676452636719,0.4586672782897949,0.0,0.0,2.0,2.0,0.2670172112053638,0
/home/daplab/30006664/kv_allindia_dec2023/audios/ap_3-a-8_kv_kv-khatima_04122023-000000-1_HI-KV-001_1.wav,राजा,राजा,c,1.29,1.74,r AA j AA,r AA j AA,0.0,* r AA j AA *,r AA j AA,64.0,87.0,23.0,-0.6498045325279236,-1.4645365476608276,-0.0636755004525184,-0.9323436617851256,-7.878920078277588,-0.3425617516040802,2.566204966569785e-05,2.178240299224853,0.0947061032056808,0.5184551477432251,29.53694725036621,1.2842150926589966,0.7654156684875488,22.46420669555664,0.9767046570777892,0.7218292951583862,19.25885009765625,0.83734130859375,0.0023898037616163,1.4855350255966189,0.0645884796977043,0.8848438262939453,21.756614685058597,0.9459397792816162,0.0443748459219932,7.107714653015137,0.309031069278717,0.606015145778656,17.754365921020508,0.7719289660453796,0.1868079453706741,9.54596710205078,0.4150420427322387,0.0,0.0,4.0,4.0,0.2670172112053638,0
/home/daplab/30006664/kv_allindia_dec2023/audios/ap_3-a-8_kv_kv-khatima_04122023-000000-1_HI-KV-001_1.wav,था,था,c,1.74,2.07,th AA,th AA,0.0,* th AA *,th AA,87.0,104.0,17.0,-0.1078271716833114,-0.1389139592647552,-0.008171409368515,-0.5919191837310791,-4.373656749725342,-0.2572739124298095,2.087843131448608e-05,0.5125328898429871,0.0301489941775798,0.488873690366745,19.268632888793945,1.1334489583969116,0.9583894610404968,16.946247100830078,0.9968380928039552,0.7098572254180908,14.533628463745115,0.8549193143844604,0.0018430218333378,1.3642308712005615,0.0802488774061203,0.8962065577507019,16.239166259765625,0.955245077610016,0.0603429824113845,6.195585250854492,0.3644461929798126,0.6294280290603638,13.6058349609375,0.8003432154655457,0.2072480469942093,7.816793918609619,0.4598114192485809,0.0,0.0,2.0,2.0,0.2670172112053638,0
/home/daplab/30006664/kv_allindia_dec2023/audios/ap_3-a-8_kv_kv-khatima_04122023-000000-1_HI-KV-001_1.wav,उसका,उसका,c,2.07,2.52,uu s aa k AA,uu s aa k AA,0.0,uu s aa k AA *,uu s aa k AA,103.0,126.0,23.0,-0.0953437164425849,-0.2027587443590164,-0.0088155977427959,-0.9071929454803468,-6.806417465209961,-0.2959311902523041,2.056587254628539e-05,0.8129952549934387,0.0353476181626319,0.5090505480766296,28.78980827331543,1.2517307996749878,0.9631496667861938,22.92145538330078,0.9965850114822388,0.7017134428024292,19.347553253173828,0.8411979675292969,0.0015444667078554,1.616646409034729,0.0702889710664749,0.8614265322685242,21.823823928833008,0.9488618969917296,0.0235520415008068,7.5493483543396,0.3282325267791748,0.5624815225601196,17.972124099731445,0.7813966870307922,0.1536198705434799,9.903212547302246,0.4305744469165802,0.0,0.0,5.0,5.0,0.2670172112053638,0
/home/daplab/30006664/kv_allindia_dec2023/audios/ap_3-a-8_kv_kv-khatima_04122023-000000-1_HI-KV-001_1.wav,एक,एक,c,2.52,2.79,ee k,ee k,0.0,ee k *,ee k,126.0,140.0,14.0,-0.5572986006736755,-0.5938107371330261,-0.042415052652359,-0.9419437050819396,-4.605221271514893,-0.3289443850517273,5.527523171622306e-05,0.9010481238365172,0.0643605813384056,0.5694983005523682,18.11245346069336,1.2937467098236084,0.7965301871299744,13.782272338867188,0.98444801568985,0.7565760612487793,11.7706937789917,0.8407638669013977,0.0050796628929674,0.8261317014694214,0.0590094067156314,0.8911541104316711,13.265737533569336,0.9475526809692384,0.0526344925165176,4.167853832244873,0.2977038323879242,0.6188099980354309,10.82294464111328,0.7730674743652344,0.1977360844612121,5.716619968414307,0.4083299934864044,0.0,0.0,2.0,2.0,0.2670172112053638,0
/home/daplab/30006664/kv_allindia_dec2023/audios/ap_3-a-8_kv_kv-khatima_04122023-000000-1_HI-KV-001_1.wav,बडा,बडा,c,2.79,3.12,b aa D AA,b aa D AA,0.0,b aa D AA *,b aa D AA,139.0,156.0,17.0,-0.4180845916271209,-0.52353435754776,-0.0307961385697126,-0.8302387595176697,-5.00486946105957,-0.2944040894508362,2.549429518694524e-05,1.049097180366516,0.061711598187685,0.5272087454795837,20.173429489135746,1.186672329902649,0.8447326421737671,16.803884506225586,0.988463819026947,0.7393454909324646,14.440638542175291,0.8494493365287781,0.0034949786495417,1.2632256746292114,0.0743073895573616,0.903380811214447,16.173572540283203,0.9513866305351256,0.073267363011837,5.870987892150879,0.3453522324562073,0.6451233625411987,13.417451858520508,0.7892618775367737,0.2220847159624099,7.542693138122559,0.4436878263950348,0.0,0.0,4.0,4.0,0.2670172112053638,0
/home/daplab/30006664/kv_allindia_dec2023/audios/ap_3-a-8_kv_kv-khatima_04122023-000000-1_HI-KV-001_1.wav,सा,सा,c,3.12,3.36,s AA,s AA,0.0,* s AA *,s AA,156.0,168.0,12.0,-0.6172975897789001,-1.177375316619873,-0.0981146097183227,-1.212544560432434,-6.251053810119629,-0.5209211707115173,3.5290933737996966e-05,2.0725796222686768,0.172714963555336,0.5463793277740479,19.66792869567871,1.6389940977096558,0.7762675285339355,11.564201354980469,0.9636834263801576,0.6570742130279541,9.491951942443848,0.7909960150718689,0.0005862370016984,0.5406891703605652,0.0450574308633804,0.8334113955497742,11.032377243041992,0.9193647503852844,0.0110383667051792,2.6322426795959477,0.2193535566329956,0.5170289874076843,8.476411819458008,0.7063676714897156,0.1247146353125572,3.996151447296143,0.3330126106739044,0.0,0.0,2.0,2.0,0.2670172112053638,0
/home/daplab/30006664/kv_allindia_dec2023/audios/ap_3-a-8_kv_kv-khatima_04122023-000000-1_HI-KV-001_1.wav,राज्य,राज्य,c,3.36,3.87,r AA j y,r AA j y,0.0,* r AA j y *,r AA j y,168.0,194.0,26.0,-0.1050732210278511,-0.1764428615570068,-0.006786264013499,-0.7869601845741272,-8.426506042480469,-0.3240963816642761,3.360165283083916e-05,0.7692177891731262,0.0295853000134229,0.572246789932251,35.617950439453125,1.3699212074279783,0.9594384431838988,25.93155670166016,0.9973675608634948,0.7323952913284302,21.540605545043945,0.828484833240509,0.0030056766699999,1.244619607925415,0.0478699840605258,0.8849450945854187,24.55370140075684,0.9443731307983398,0.0444965735077858,7.264636039733887,0.2794090807437897,0.606216549873352,19.850975036621094,0.7634990215301514,0.1869756132364273,10.219542503356934,0.3930593132972717,0.0,0.0,4.0,4.0,0.2670172112053638,0
/home/daplab/30006664/kv_allindia_dec2023/audios/ap_3-a-8_kv_kv-khatima_04122023-000000-1_HI-KV-001_1.wav,था,था,c,3.87,4.2,th AA,th AA,0.0,* th AA *,th AA,193.0,210.0,17.0,-0.10025455057621,-0.1921826303005218,-0.0113048609346151,-0.8525897264480591,-6.288230419158936,-0.3698959052562713,1.880415220512077e-05,0.7783815264701843,0.0457871481776237,0.5092754364013672,25.018146514892575,1.4716557264328003,0.9612753987312316,16.925458908081055,0.9956152439117432,0.6961209774017334,13.820998191833496,0.8129999041557312,0.0013679569819942,0.8270869851112366,0.0486521758139133,0.8676130771636963,15.926776885986328,0.936869204044342,0.0278425496071577,4.422887325286865,0.2601698338985443,0.5734312534332275,12.675978660583496,0.7456458210945129,0.1614212840795517,6.364188194274902,0.3743640184402466,0.0,0.0,2.0,2.0,0.2670172112053638,0
/home/daplab/30006664/kv_allindia_dec2023/audios/ap_3-a-8_kv_kv-khatima_04122023-000000-1_HI-KV-001_1.wav,एक,एक,c,4.5,4.77,ee k,ee k,0.0,ee k *,ee k,225.0,239.0,14.0,-0.0076070544309914,-0.0141883818432688,-0.0010134557960554,-0.4402307569980621,-3.403572559356689,-0.2431123256683349,4.839377288590185e-05,0.0991261526942253,0.0070804394781589,0.5527588129043579,16.063180923461914,1.1473701000213623,0.9970275163650512,13.994454383850098,0.9996038675308228,0.7846612334251404,11.985584259033203,0.8561131358146667,0.0093438439071178,1.0369514226913452,0.0740679576992988,0.92668879032135,13.393757820129396,0.9566969871520996,0.1376367807388305,4.973603248596191,0.3552573621273041,0.7020361423492432,11.221118927001951,0.8015084862709045,0.2845967710018158,6.362476825714111,0.4544626176357269,0.0,0.0,2.0,2.0,0.2670172112053638,0
/home/daplab/30006664/kv_allindia_dec2023/audios/ap_3-a-8_kv_kv-khatima_04122023-000000-1_HI-KV-001_1.wav,दिन,दिन,c,4.77,5.04,d ii n,d ii n,0.0,d ii n *,d ii n,238.0,252.0,14.0,-0.0613280795514583,-0.1030110567808151,-0.007357932627201,-0.584434986114502,-4.753292560577393,-0.3395209014415741,3.419578933971934e-05,0.4762507677078247,0.0340179130434989,0.5424816608428955,19.34742927551269,1.3819591999053955,0.9761960506439208,13.959917068481444,0.9971369504928588,0.714086651802063,11.595833778381348,0.8282738327980042,0.0020201820880174,0.8323673605918884,0.0594548098742961,0.8978492021560669,13.202527046203612,0.9430376291275024,0.0630848184227943,3.949097633361816,0.2820784151554107,0.63295578956604,10.654953956604004,0.7610681653022766,0.2105005830526352,5.5295586585998535,0.3949684798717499,0.0,0.0,3.0,3.0,0.2670172112053638,0
/home/daplab/30006664/kv_allindia_dec2023/audios/ap_3-a-8_kv_kv-khatima_04122023-000000-1_HI-KV-001_1.wav,उसे,उसे,c,5.04,5.37,uu s ee,uu s ee,0.0,* uu s ee *,uu s ee,252.0,269.0,17.0,-0.1797070205211639,-0.5661402344703674,-0.033302366733551,-1.2791035175323486,-10.74798583984375,-0.6322344541549683,5.364075332181528e-05,1.9919233322143557,0.1171719580888748,0.6554305553436279,34.16211700439453,2.0095362663269043,0.9312676787376404,16.782272338867188,0.9871925115585328,0.5467703342437744,12.402173042297363,0.7295395731925964,5.351856452762149e-05,0.5032355189323425,0.0296020898967981,0.7710662484169006,15.119556427001951,0.8893857002258301,0.0020439459476619,2.7530088424682617,0.1619416922330856,0.4340672492980957,10.991036415100098,0.6465315818786621,0.0839726775884628,4.623264312744141,0.2719567120075226,0.0,0.0,3.0,3.0,0.2670172112053638,0
/home/daplab/30006664/kv_allindia_dec2023/audios/ap_3-a-8_kv_kv-khatima_04122023-000000-1_HI-KV-001_1.wav,देश,देस,s,5.37,5.7,d ee sh,d ee sh,0.0,d ee sh,d ee sh,268.0,285.0,17.0,-0.2861685454845428,-0.3301924169063568,-0.0194230824708938,-1.6225045919418335,-6.036834716796875,-0.3551079332828522,2.1283636669977568e-05,1.1187372207641602,0.0658080726861953,0.5177729725837708,22.73765563964844,1.3375091552734375,0.8919825553894043,16.874805450439453,0.9926356077194214,0.4486298561096191,13.984881401062012,0.822640061378479,6.361367468343815e-06,1.1317318677902222,0.0665724650025367,0.6810886859893799,15.897911071777344,0.9351712465286256,0.0001792284747352,5.511958599090576,0.3242328464984894,0.3424419164657593,12.962626457214355,0.762507438659668,0.052419014275074,7.130179405212402,0.4194223284721374,0.0,0.0,3.0,3.0,0.2670172112053638,0
/home/daplab/30006664/kv_allindia_dec2023/audios/ap_3-a-8_kv_kv-khatima_04122023-000000-1_HI-KV-001_1.wav,घूमने,घूमने,c,6.06,6.54,gh UU m aa n ee,gh UU m aa n ee,0.0,gh UU m aa n ee *,gh UU m aa n ee,303.0,327.0,24.0,-0.3910500407218933,-0.7190831303596497,-0.029961796477437,-1.216092824935913,-11.135209083557127,-0.4639670550823211,3.575626396923326e-05,2.086415529251098,0.0869339779019355,0.617249608039856,39.18354034423828,1.6326475143432615,0.8542894124984741,23.726938247680664,0.9886224269866944,0.6240438222885132,19.008140563964844,0.7920058369636536,0.0002862701949197,0.9038879871368408,0.037661999464035,0.8130266070365906,22.157686233520508,0.9232369065284728,0.0063594998791813,5.249217510223389,0.2187173962593078,0.4875239133834839,17.123737335205078,0.7134890556335449,0.1086235269904136,8.042230606079102,0.3350929319858551,0.0,0.0,6.0,6.0,0.2670172112053638,0
/home/daplab/30006664/kv_allindia_dec2023/audios/ap_3-a-8_kv_kv-khatima_04122023-000000-1_HI-KV-001_1.wav,का,का,c,6.54,6.78,k AA,k AA,0.0,k AA *,k AA,327.0,339.0,12.0,-0.3689749538898468,-0.6514648795127869,-0.0542887412011623,-0.8021529316902161,-3.70886492729187,-0.3090720772743225,3.060636299778707e-05,1.235215663909912,0.1029346361756324,0.5118894577026367,14.11055850982666,1.1758798360824585,0.8621410131454468,11.755229949951172,0.9796025156974792,0.7894079089164734,10.218463897705078,0.8515386581420898,0.0103576472029089,0.8681719303131104,0.0723476633429527,0.9061821103096008,11.41945457458496,0.9516212344169616,0.0790352299809455,4.045473098754883,0.337122768163681,0.6514624953269958,9.457182884216309,0.7880985736846924,0.2283514142036438,5.265146255493164,0.4387621879577636,0.0,0.0,2.0,2.0,0.2670172112053638,0
/home/daplab/30006664/kv_allindia_dec2023/audios/ap_3-a-8_kv_kv-khatima_04122023-000000-1_HI-KV-001_1.wav,विचार,विचार,c,6.78,7.26,w ii c AA r,w ii c AA r,0.0,* w ii c AA r *,w ii c AA r,339.0,363.0,24.0,-0.2896420359611511,-0.7229196429252625,-0.0301216524094343,-0.9479238986968994,-8.17137336730957,-0.3404738903045654,1.4817486771789843e-05,1.8687782287597656,0.07786575704813,0.5280836224555969,31.33047103881836,1.3054362535476685,0.8907182216644287,23.72456932067871,0.9885237216949464,0.7103419303894043,20.000436782836918,0.8333515524864197,0.001862509176135,1.732168674468994,0.0721736922860145,0.8670901656150818,22.65146255493164,0.9438109397888184,0.0274514649063348,7.580843925476074,0.3158684968948364,0.5724913477897644,18.45809555053711,0.7690873146057129,0.1607379019260406,10.049863815307615,0.4187443256378174,0.0,0.0,5.0,5.0,0.2670172112053638,0
/home/daplab/30006664/kv_allindia_dec2023/audios/ap_3-a-8_kv_kv-khatima_04122023-000000-1_HI-KV-001_1.wav,आया,आया,c,7.29,7.74,AA y AA,AA y AA,0.0,AA y AA *,AA y AA,364.0,387.0,23.0,-0.125699982047081,-0.2517180740833282,-0.0109442640095949,-0.8680824041366577,-6.210604667663574,-0.270026296377182,1.1728550816769712e-05,0.9174209237098694,0.0398878678679466,0.4667800664901733,26.756542205810547,1.163327932357788,0.9516000747680664,22.90276336669922,0.9957723021507264,0.7105761170387268,19.57316780090332,0.8510072827339172,0.0018719987710937,1.742354393005371,0.0757545381784439,0.8710130453109741,21.92515182495117,0.9532674551010132,0.0305247195065021,8.116689682006836,0.3528995513916015,0.579608678817749,18.274030685424805,0.7945230603218079,0.165978729724884,10.363153457641602,0.4505718946456909,0.0,0.0,3.0,3.0,0.2670172112053638,0
/home/daplab/30006664/kv_allindia_dec2023/audios/ap_3-a-8_kv_kv-khatima_04122023-000000-1_HI-KV-001_1.wav,और,और,c,7.74,8.1,OO r,OO r,0.0,OO r *,OO r,387.0,405.0,18.0,-0.4185391366481781,-0.6722565293312073,-0.0373475849628448,-0.829771876335144,-5.307918071746826,-0.2948843240737915,1.6106385373859666e-05,1.4613826274871826,0.0811879262328147,0.5070427656173706,20.841806411743164,1.1578781604766846,0.8445724844932556,17.746665954589844,0.9859259128570556,0.7455870509147644,15.289807319641112,0.8494337201118469,0.0040019201114773,1.4787466526031494,0.0821525901556015,0.8941715359687805,17.12057876586914,0.9511432647705078,0.0571109950542449,6.532098770141602,0.3628943860530853,0.625109851360321,14.255857467651367,0.7919920682907104,0.2033299207687378,8.20418930053711,0.4557882845401764,0.0,0.0,2.0,2.0,0.2670172112053638,0
/home/daplab/30006664/kv_allindia_dec2023/audios/ap_3-a-8_kv_kv-khatima_04122023-000000-1_HI-KV-001_1.wav,उसने,उसने,c,8.1,8.55,uu s aa n ee,uu s aa n ee,0.0,uu s aa n ee *,uu s aa n ee,405.0,428.0,23.0,-0.5723605751991272,-0.9889687299728394,-0.0429986417293548,-0.9809772372245787,-8.820723533630371,-0.3835097253322601,1.5705636542406864e-05,1.767422795295715,0.0768444687128067,0.5327239632606506,32.83909225463867,1.4277865886688232,0.7914147973060608,22.633909225463867,0.9840829968452454,0.6883395910263062,18.88754653930664,0.8211976885795593,0.0011554091470316,1.2749321460723877,0.0554318316280841,0.8814525604248047,21.57710838317871,0.9381351470947266,0.040485180914402,6.241758346557617,0.2713808119297027,0.5993403792381287,17.249116897583008,0.7499616146087646,0.1813292652368545,8.81417465209961,0.3832249939441681,0.0,0.0,5.0,5.0,0.2670172112053638,0
/home/daplab/30006664/kv_allindia_dec2023/audios/ap_3-a-8_kv_kv-khatima_04122023-000000-1_HI-KV-001_1.wav,देश,देस,s,8.55,8.88,d ee sh,d ee sh,0.0,* d ee sh *,d ee sh,427.0,445.0,18.0,-0.5874887108802795,-0.8539423942565918,-0.0474412441253662,-0.9435142278671264,-7.1688385009765625,-0.3982688188552856,1.71636747836601e-05,1.7533305883407593,0.0974072515964508,0.4957907199859619,25.20887565612793,1.4004931449890137,0.7862964868545532,17.683006286621094,0.9823892116546632,0.6371889114379883,14.748650550842283,0.8193694949150085,0.0003807700413744,1.2257661819458008,0.0680981203913688,0.8388396501541138,16.826932907104492,0.934829592704773,0.0127842733636498,5.398786544799805,0.299932599067688,0.5253564119338989,13.506123542785645,0.7503402233123779,0.1296175420284271,7.203355312347412,0.4001864194869995,0.0,0.0,3.0,3.0,0.2670172112053638,0
/home/daplab/30006664/kv_allindia_dec2023/audios/ap_3-a-8_kv_kv-khatima_04122023-000000-1_HI-KV-001_1.wav,भ्रमन,भ्रमन,c,9.18,9.93,<UNK>,bh r aa m aa N,7.0,bh r aa m aa N *,bh r aa m aa N,459.0,497.0,38.0,-0.6124725937843323,-3.035033226013184,-0.0798692926764488,-1.2402161359786987,-16.04030418395996,-0.4221132695674896,3.0080842407187447e-05,5.63315486907959,0.1482409238815307,0.5582747459411621,52.936668395996094,1.3930702209472656,0.7778857946395874,36.87726211547852,0.9704542756080629,0.5923514366149902,31.071208953857425,0.8176633715629578,0.0001439091283828,2.386593580245972,0.0628050938248634,0.788663923740387,35.42560195922852,0.9322527050971984,0.0032900949008762,11.336729049682615,0.2983349859714508,0.4554327726364136,28.389373779296875,0.7470887899398804,0.0931858122348785,15.082892417907717,0.3969182074069977,,,1.0,6.0,0.9210397588221279,1
/home/daplab/30006664/kv_allindia_dec2023/audios/ap_3-a-8_kv_kv-khatima_04122023-000000-1_HI-KV-001_1.wav,की,की,c,10.26,10.53,k II,k II,0.0,k II *,k II,513.0,527.0,14.0,-0.4369293451309204,-0.626629650592804,-0.0447592623531818,-0.791978120803833,-5.1293158531188965,-0.3663797080516815,5.870193854207173e-05,1.3357280492782593,0.0954091474413871,0.5957381129264832,19.018842697143555,1.3584887981414795,0.8381091356277466,13.764729499816896,0.9831949472427368,0.7231762409210205,11.659683227539062,0.8328345417976379,0.0024606902152299,0.6975866556167603,0.049827616661787,0.899760901927948,13.200169563293455,0.942869246006012,0.0664330124855041,3.814544439315796,0.2724674642086029,0.6371099352836609,10.628064155578612,0.7591474652290344,0.2143910676240921,5.420081615447998,0.3871486783027649,0.0,0.0,2.0,2.0,0.2670172112053638,0
/home/daplab/30006664/kv_allindia_dec2023/audios/ap_3-a-8_kv_kv-khatima_04122023-000000-1_HI-KV-001_1.wav,योजना,योजना,c,10.53,11.04,y oo j aa n AA,y oo j aa n AA,0.0,y oo j aa n AA *,y oo j aa n AA,526.0,552.0,26.0,-0.4712311029434204,-1.3980883359909058,-0.0537726283073425,-1.1157305240631104,-10.05322265625,-0.3866624236106872,3.010924228874501e-05,2.8542280197143555,0.1097780019044876,0.5437219738960266,36.31377410888672,1.3966835737228394,0.8261325359344482,25.47667694091797,0.9798721671104432,0.682016134262085,21.39799118041992,0.8229996562004089,0.0010072559816762,1.3984578847885132,0.0537868402898311,0.8465821743011475,24.38876342773437,0.9380293488502502,0.0157628897577524,7.203780651092529,0.2770684957504272,0.5376135110855103,19.54336166381836,0.7516677379608154,0.1371439099311828,10.058197021484377,0.3868537247180938,0.0,0.0,6.0,6.0,0.2670172112053638,0
/home/daplab/30006664/kv_allindia_dec2023/audios/ap_3-a-8_kv_kv-khatima_04122023-000000-1_HI-KV-001_1.wav,बनाई,बनाई,c,11.04,11.52,b aa n AA II,b aa n AA II,0.0,* b aa n AA II *,b aa n AA II,552.0,576.0,24.0,-0.343387246131897,-0.8955044746398926,-0.0373126864433288,-0.9065305590629578,-8.936421394348145,-0.3723509013652801,3.988783646491356e-05,2.2841715812683105,0.0951738134026527,0.5224596858024597,33.047691345214844,1.376987099647522,0.8712962865829468,23.65928268432617,0.9858034253120422,0.7165374755859375,19.88756561279297,0.828648567199707,0.0021305370610207,1.3837456703186035,0.057656068354845,0.8805035948753357,22.58683586120605,0.9411181807518004,0.0394591502845287,6.5918965339660645,0.2746623456478119,0.597496747970581,18.14486694335937,0.756036102771759,0.1798421293497085,9.322742462158203,0.3884476125240326,0.0,0.0,5.0,5.0,0.2670172112053638,0
/home/daplab/30006664/kv_allindia_dec2023/audios/ap_3-a-8_kv_kv-khatima_04122023-000000-1_HI-KV-001_1.wav,और,और,c,11.52,11.82,OO r,OO r,0.0,OO r *,OO r,576.0,591.0,15.0,-0.3311778008937835,-0.3499299883842468,-0.0233286656439304,-0.9737240672111512,-4.19209623336792,-0.2794730961322784,2.235647843917832e-05,0.7618330717086792,0.0507888719439506,0.4910863935947418,17.466495513916016,1.1644330024719238,0.8756855726242065,14.86836051940918,0.9912240505218506,0.7230977416038513,12.736621856689451,0.849108099937439,0.0024565001949667,1.2274261713027954,0.0818284079432487,0.8688803911209106,14.277106285095217,0.9518070816993712,0.0288135819137096,5.461713790893555,0.3641142547130584,0.5757201910018921,11.90850830078125,0.7939005494117737,0.1630966067314148,6.856190204620361,0.4570793509483337,0.0,0.0,2.0,2.0,0.2670172112053638,0
/home/daplab/30006664/kv_allindia_dec2023/audios/ap_3-a-8_kv_kv-khatima_04122023-000000-1_HI-KV-001_1.wav,घूमने,घूमने,c,11.82,12.27,gh UU m aa n ee,gh UU m aa n ee,0.0,gh UU m aa n ee *,gh UU m aa n ee,591.0,614.0,23.0,-0.7931264638900757,-2.235931158065796,-0.09721440076828,-1.5995956659317017,-15.726967811584473,-0.6837812066078186,2.5421824830118567e-05,5.285379886627197,0.2297991216182708,0.539278507232666,45.31890487670898,1.9703872203826904,0.7186077833175659,22.166179656982425,0.963746964931488,0.5501911640167236,16.948139190673828,0.736875593662262,5.764272646047175e-05,0.6410691738128662,0.0278725735843181,0.7500157356262207,20.41104507446289,0.8874367475509644,0.0011565566528588,3.5679945945739746,0.1551301926374435,0.4102179408073425,14.775466918945312,0.6424115896224976,0.0745934322476387,6.127248764038086,0.2664021253585815,0.0,0.0,6.0,6.0,0.2670172112053638,0
/home/daplab/30006664/kv_allindia_dec2023/audios/ap_3-a-8_kv_kv-khatima_04122023-000000-1_HI-KV-001_1.wav,निकल,निकल,c,12.27,12.66,n ii k aa l,n ii k aa l,0.0,* n ii k aa l *,n ii k aa l,613.0,633.0,20.0,-0.5819768309593201,-0.8826231360435486,-0.0441311560571193,-0.9513018131256104,-7.993947505950928,-0.3996973633766174,2.3862656234996397e-05,1.6628867387771606,0.083144336938858,0.5324766635894775,29.54365348815918,1.4771826267242432,0.788159191608429,19.67267799377441,0.9836338758468628,0.7025349140167236,16.291215896606445,0.8145607709884644,0.0015722477110102,1.0721447467803955,0.0536072365939617,0.8838297128677368,18.710655212402344,0.9355327486991882,0.0431741029024124,5.144316673278809,0.2572158277034759,0.6040048599243164,14.841459274291992,0.7420729398727417,0.1851421892642974,7.439257621765137,0.3719628751277923,0.0,0.0,5.0,5.0,0.2670172112053638,0
/home/daplab/30006664/kv_allindia_dec2023/audios/ap_3-a-8_kv_kv-khatima_04122023-000000-1_HI-KV-001_1.wav,पडा,पडा,c,12.66,13.05,<UNK>,p aa D AA,4.73765644044291,p aa D AA *,p aa D AA,633.0,653.0,20.0,-0.6754124164581299,-1.1205025911331177,-0.0560251288115978,-0.9783208966255188,-6.772182941436768,-0.3386091589927673,2.2620924937655215e-05,1.6069363355636597,0.0803468152880668,0.5222906470298767,25.62419891357422,1.281209945678711,0.7569287419319153,19.59041786193848,0.9795209169387816,0.7062904834747314,16.775278091430664,0.8387638926506042,0.0017057507066056,1.324235439300537,0.0662117749452591,0.8904687762260437,18.92554473876953,0.9462772607803344,0.0516677051782608,6.245452880859375,0.3122726380825043,0.6173959374427795,15.46417999267578,0.7732089757919312,0.1965001225471496,8.347684860229492,0.4173842370510101,,,1.0,4.0,0.9210397588221279,1
/home/daplab/30006664/kv_allindia_dec2023/audios/ap_3-a-8_kv_kv-khatima_04122023-000000-1_HI-KV-001_1.wav,जब,जब,c,13.05,13.35,j aa b,j aa b,0.0,j aa b *,j aa b,652.0,668.0,16.0,-0.3667607009410858,-0.8082617521286011,-0.0505163595080375,-0.9850348234176636,-6.341940402984619,-0.3963712751865387,2.813108585542068e-05,1.6487854719161987,0.1030490919947624,0.559474766254425,22.921388626098636,1.4325867891311646,0.862930953502655,15.696246147155762,0.9810153841972352,0.7129849791526794,13.138225555419922,0.8211390972137451,0.0019724597223103,0.8362271189689636,0.0522641949355602,0.8652684688568115,14.993408203125,0.9370880126953124,0.0261314958333969,4.244149208068848,0.265259325504303,0.5692382454872131,11.952117919921877,0.7470073699951172,0.1583926230669021,6.04945182800293,0.3780907392501831,0.0,0.0,3.0,3.0,0.2670172112053638,0
/home/daplab/30006664/kv_allindia_dec2023/audios/ap_3-a-8_kv_kv-khatima_04122023-000000-1_HI-KV-001_1.wav,वह,वह,c,13.35,13.71,w aa hh,w aa hh,0.0,* w aa hh *,w aa hh,667.0,686.0,19.0,-0.2794983088970184,-0.6212721467018127,-0.0326985344290733,-0.9011238813400269,-7.7537360191345215,-0.4080913662910461,3.121591726085171e-05,1.828479886054993,0.0962357819080352,0.5665143132209778,28.034921646118164,1.4755221605300903,0.8944132924079895,18.762374877929688,0.9874933958053588,0.7287124395370483,15.524532318115234,0.8170806765556335,0.0027748050633817,0.8682325482368469,0.0456964485347271,0.8720144629478455,17.770376205444336,0.9352829456329346,0.0313629247248172,4.59723711013794,0.2419598549604416,0.5814506411552429,14.0411376953125,0.7390072345733643,0.1673600375652313,6.862152099609375,0.3611659109592438,0.0,0.0,3.0,3.0,0.2670172112053638,0
/home/daplab/30006664/kv_allindia_dec2023/audios/ap_3-a-8_kv_kv-khatima_04122023-000000-1_HI-KV-001_1.wav,यात्रा,यात्रा,c,13.71,14.28,y AA t r AA,y AA t r AA,0.0,* y AA t r AA *,y AA t r AA,685.0,714.0,29.0,-0.3907761871814728,-0.7045539021492004,-0.0242949612438678,-0.8674678802490234,-9.578563690185549,-0.3302952945232391,3.325846046209335e-05,1.8809053897857664,0.0648588091135025,0.5704600214958191,37.84679412841797,1.3050618171691897,0.854386568069458,28.73267936706543,0.9907820224761964,0.7498364448547363,24.238317489624023,0.8358040452003479,0.0043885125778615,1.690552830696106,0.0582949258387088,0.8933448195457458,27.42413711547852,0.945659875869751,0.055847905576229,8.71894645690918,0.300653338432312,0.6233716607093811,22.3229923248291,0.7697583436965942,0.2017721235752105,11.854601860046388,0.4087793827056885,0.0,0.0,5.0,5.0,0.2670172112053638,0
/home/daplab/30006664/kv_allindia_dec2023/audios/ap_3-a-8_kv_kv-khatima_04122023-000000-1_HI-KV-001_1.wav,से,से,c,14.28,14.61,s ee,s ee,0.0,* s ee *,s ee,714.0,731.0,17.0,-0.2690687477588653,-0.5890933871269226,-0.0346525534987449,-0.7566039562225342,-5.713791370391846,-0.3361053764820099,1.848821193561889e-05,1.361542820930481,0.0800907537341117,0.4904074966907501,22.32918930053711,1.313481688499451,0.8982222080230713,16.776325225830078,0.9868426322937012,0.7111256122589111,14.164827346801758,0.8332251310348511,0.0018944564508274,1.1275819540023804,0.0663283467292785,0.8992030024528503,16.059722900390625,0.9446895718574524,0.0654379501938819,5.227092742919922,0.3074760437011719,0.6358921527862549,13.0748291015625,0.7691075801849365,0.213243767619133,7.023991107940674,0.4131759405136108,0.0,0.0,2.0,2.0,0.2670172112053638,0
/home/daplab/30006664/kv_allindia_dec2023/audios/ap_3-a-8_kv_kv-khatima_04122023-000000-1_HI-KV-001_1.wav,लौट,लौट,c,14.85,15.21,l OO T,l OO T,0.0,l OO T *,l OO T,742.0,761.0,19.0,-0.2213481366634369,-0.6078651547431946,-0.0319929011166095,-1.0352613925933838,-8.184510231018066,-0.430763691663742,2.9145910957595333e-05,1.955591917037964,0.1029258891940116,0.5632829666137695,28.480173110961918,1.4989564418792725,0.9157771468162536,18.766616821289062,0.9877166748046876,0.6504887342453003,15.342856407165527,0.8075187802314758,0.0005081690032966,0.9872022271156312,0.0519580133259296,0.8351920247077942,17.650636672973633,0.9289808869361876,0.0115830786526203,5.0133891105651855,0.2638625800609588,0.5197373628616333,13.922632217407228,0.7327701449394226,0.1262910068035125,7.033144950866699,0.3701655268669128,0.0,0.0,3.0,3.0,0.2670172112053638,0
/home/daplab/30006664/kv_allindia_dec2023/audios/ap_3-a-8_kv_kv-khatima_04122023-000000-1_HI-KV-001_1.wav,कर,कर,c,15.21,15.45,k aa r,k aa r,0.0,k aa r *,k aa r,760.0,773.0,13.0,-0.2213481366634369,-0.2322034835815429,-0.0178618058562278,-0.8332439661026001,-4.228692531585693,-0.3252840340137481,1.9909497495973483e-05,0.6422213912010193,0.0494016446173191,0.4915945827960968,17.33218765258789,1.3332451581954956,0.9157771468162536,12.911532402038574,0.993194818496704,0.7696506977081299,10.833423614501951,0.8333402872085571,0.0067461766302585,0.8188221454620361,0.062986321747303,0.8941673636436462,12.290919303894045,0.9454553127288818,0.0571045279502868,3.85010027885437,0.2961615622043609,0.6251010298728943,9.98906421661377,0.7683895826339722,0.2033219784498214,5.286920547485352,0.4066861867904663,0.0,0.0,3.0,3.0,0.2670172112053638,0
/home/daplab/30006664/kv_allindia_dec2023/audios/ap_3-a-8_kv_kv-khatima_04122023-000000-1_HI-KV-001_1.wav,अपने,अपने,c,15.45,15.84,aa p aa n ee,aa p aa n ee,0.0,* aa p aa n ee *,aa p aa n ee,772.0,792.0,20.0,-0.0610972978174686,-0.1275368481874466,-0.0063768425025045,-0.5765998363494873,-6.770867824554443,-0.3385433852672577,2.548044903960545e-05,0.6095914244651794,0.0304795708507299,0.5656271576881409,27.93862533569336,1.396931290626526,0.976284921169281,19.95035171508789,0.9975175857543944,0.7378943562507629,16.54872703552246,0.8274363279342651,0.0033866355661302,1.005218744277954,0.0502609387040138,0.912484347820282,18.864032745361328,0.9432016611099244,0.0937259569764137,5.384219169616699,0.2692109644412994,0.6661895513534546,15.179539680480955,0.7589769959449768,0.243551105260849,7.719523429870605,0.3859761655330658,0.0,0.0,5.0,5.0,0.2670172112053638,0
/home/daplab/30006664/kv_allindia_dec2023/audios/ap_3-a-8_kv_kv-khatima_04122023-000000-1_HI-KV-001_1.wav,महल,महल,c,15.84,16.2,m aa hh aa l,m aa hh aa l,0.0,m aa hh aa l *,m aa hh aa l,792.0,810.0,18.0,-0.6887041330337524,-1.3344016075134275,-0.074133425951004,-1.2433232069015503,-8.81672477722168,-0.4898180365562439,4.096690099686384e-05,2.5323245525360107,0.1406846940517425,0.5882947444915771,29.058565139770508,1.614364743232727,0.7525449991226196,17.508586883544922,0.9726992845535278,0.6820801496505737,14.346773147583008,0.797042965888977,0.0010086575057357,0.7880508899688721,0.0437806062400341,0.8401879072189331,16.631736755371094,0.9239853620529176,0.013259139843285,3.874975681304932,0.2152764201164245,0.5274580121040344,12.835186958312988,0.7130659222602844,0.1308814585208892,6.016426086425781,0.334245890378952,0.0,0.0,5.0,5.0,0.2670172112053638,0
/home/daplab/30006664/kv_allindia_dec2023/audios/ap_3-a-8_kv_kv-khatima_04122023-000000-1_HI-KV-001_1.wav,आया,आया,c,16.23,16.68,AA y AA,AA y AA,0.0,AA y AA *,AA y AA,811.0,834.0,23.0,-0.1814352720975875,-0.2320415079593658,-0.0100887613371014,-0.7023912072181702,-5.825675010681152,-0.2532902061939239,1.23303852888057e-05,0.7194088697433472,0.0312786474823951,0.4962500333786011,26.082311630249023,1.134013533592224,0.9306215643882751,22.91088104248047,0.9961252808570862,0.7656447291374207,19.679107666015625,0.8556133508682251,0.0061844820156693,1.735932230949402,0.075475312769413,0.9082673192024232,21.98602294921875,0.95591402053833,0.083621397614479,8.253331184387207,0.3588404953479767,0.6562620401382446,18.4135799407959,0.800590455532074,0.233205109834671,10.498592376708984,0.4564605355262756,0.0,0.0,3.0,3.0,0.2670172112053638,0
/home/daplab/30006664/kv_allindia_dec2023/audios/ap_3-a-8_kv_kv-khatima_04122023-000000-1_HI-KV-001_1.wav,उसने,उसने,c,16.68,17.19,uu s aa n ee,uu s aa n ee,0.0,uu s aa n ee *,uu s aa n ee,834.0,860.0,26.0,-0.3553713262081146,-0.5876157283782959,-0.0226006042212247,-0.8971495628356934,-9.017024040222168,-0.3468086123466491,2.7927133487537503e-05,1.48685622215271,0.0571867786347866,0.5546935200691223,35.28068542480469,1.3569494485855105,0.8670011162757874,25.777420043945312,0.9914392232894896,0.720302164554596,21.58059501647949,0.8300228714942932,0.0023119021207094,1.6028083562850952,0.0616464763879776,0.8823293447494507,24.511066436767575,0.942733347415924,0.041456900537014,7.613324642181396,0.2928201854228973,0.6010531187057495,19.82948112487793,0.7626723647117615,0.1827208846807479,10.442527770996094,0.4016356766223907,0.0,0.0,5.0,5.0,0.2670172112053638,0
/home/daplab/30006664/kv_allindia_dec2023/audios/ap_3-a-8_kv_kv-khatima_04122023-000000-1_HI-KV-001_1.wav,अपने,अपने,c,17.46,17.91,aa p aa n ee,aa p aa n ee,0.0,aa p aa n ee *,aa p aa n ee,873.0,896.0,23.0,-0.5676788687705994,-0.8759428262710571,-0.0380844697356224,-0.8593742847442627,-7.529662132263184,-0.3273766040802002,3.0568244255846366e-05,1.69428551197052,0.073664590716362,0.5693061947822571,29.00138664245605,1.260929822921753,0.7930028438568115,22.67445373535156,0.9858458042144777,0.7551056742668152,19.39606094360352,0.8433070182800293,0.0049201394431293,1.5268067121505735,0.0663828998804092,0.9065527319908142,21.80057716369629,0.9478511810302734,0.0798316001892089,7.218785762786865,0.3138602375984192,0.6523104310035706,17.856151580810547,0.7763544321060181,0.2292020469903946,9.658039093017578,0.4199147522449493,0.0,0.0,5.0,5.0,0.2670172112053638,0
/home/daplab/30006664/kv_allindia_dec2023/audios/ap_3-a-8_kv_kv-khatima_04122023-000000-1_HI-KV-001_1.wav,मंत्रियों,मंत्रियों,c,17.91,18.78,m aa q t r ii y oo q,m aa q t r ii y oo q,0.0,* m aa q t r ii y oo q *,m aa q t r ii y oo q,895.0,939.0,44.0,-0.6513296365737915,-1.5457465648651123,-0.0351306051015853,-1.1580958366394043,-15.311896324157717,-0.347997635602951,2.20397996599786e-05,3.2408716678619385,0.0736561715602874,0.5304339528083801,58.380958557128906,1.3268399238586426,0.7649086713790894,43.42496109008789,0.9869309067726136,0.6698029041290283,36.67933654785156,0.8336212635040283,0.0007727437186986,2.623320341110229,0.0596209168434143,0.8302284479141235,41.50676727294922,0.9433355927467346,0.0101277083158493,13.064655303955078,0.2969239950180053,0.5122429132461548,33.676109313964844,0.7653661370277405,0.1219711452722549,17.80803680419922,0.4047281146049499,0.0,0.0,9.0,9.0,0.2670172112053638,0
/home/daplab/30006664/kv_allindia_dec2023/audios/ap_3-a-8_kv_kv-khatima_04122023-000000-1_HI-KV-001_1.wav,से,से,c,18.78,19.08,s ee,s ee,0.0,s ee *,s ee,939.0,954.0,15.0,-0.2284709364175796,-0.3840624094009399,-0.0256041605025529,-0.6911627650260925,-4.889678955078125,-0.3259786069393158,1.5586985682602972e-05,1.141203761100769,0.076080247759819,0.4896771311759949,18.920494079589844,1.2613662481307983,0.9131435751914978,14.85268211364746,0.9901788234710692,0.7441537380218506,12.634685516357422,0.8423123955726624,0.0038793601561337,1.040923237800598,0.0693948790431022,0.8975555300712585,14.212646484375,0.947509765625,0.0625856667757034,4.710353374481201,0.3140235543251037,0.6323223114013672,11.635777473449709,0.7757185101509094,0.2099130898714065,6.303954601287842,0.4202636480331421,0.0,0.0,2.0,2.0,0.2670172112053638,0
/home/daplab/30006664/kv_allindia_dec2023/audios/ap_3-a-8_kv_kv-khatima_04122023-000000-1_HI-KV-001_1.wav,पैरों,पैरों,c,19.08,19.68,p ee r oo q,p ee r oo q,0.0,* p ee r oo q *,p ee r oo q,953.0,984.0,31.0,-0.3922831118106842,-1.3407232761383057,-0.043249137699604,-1.2956002950668335,-15.006240844726562,-0.4840722978115082,1.897490074043162e-05,3.806401014328003,0.12278713285923,0.5290776491165161,50.46979522705078,1.6280579566955566,0.8538520932197571,30.49036407470703,0.9835601449012756,0.563866376876831,24.549211502075195,0.7919100522994995,7.75583102949895e-05,1.1595327854156494,0.0374042838811874,0.7685731649398804,28.53096008300781,0.9203535318374634,0.0019106466788798,6.705214023590088,0.2162972241640091,0.4311501979827881,22.02267074584961,0.7104087471961975,0.0827759206295013,10.314481735229492,0.3327252268791199,0.0,0.0,5.0,5.0,0.2670172112053638,0
/home/daplab/30006664/kv_allindia_dec2023/audios/ap_3-a-8_kv_kv-khatima_04122023-000000-1_HI-KV-001_1.wav,में,में,c,19.68,20.04,m ee q,m ee q,0.0,m ee q *,m ee q,984.0,1002.0,18.0,-0.0484628342092037,-0.0959953889250755,-0.0053330771625041,-0.6268661022186279,-4.984065532684326,-0.2768925428390503,3.633521919255145e-05,0.4507841467857361,0.0250435639172792,0.5253879427909851,21.741718292236328,1.2078732252120972,0.9811593294143676,17.962608337402344,0.997922658920288,0.696068525314331,15.221979141235352,0.8456655144691467,0.0013663988793268,1.2674425840377808,0.0704134777188301,0.8893165588378906,17.1297607421875,0.9516533613204956,0.0500821284949779,6.123325824737549,0.3401847779750824,0.6150321960449219,14.200504302978516,0.7889168858528137,0.1944499164819717,7.922512531280518,0.4401395916938782,0.0,0.0,3.0,3.0,0.2670172112053638,0
/home/daplab/30006664/kv_allindia_dec2023/audios/ap_3-a-8_kv_kv-khatima_04122023-000000-1_HI-KV-001_1.wav,दर्द,दर्द,c,20.25,20.64,d aa r d,d aa r d,0.0,d aa r d *,d aa r d,1012.0,1032.0,20.0,-0.502519428730011,-1.0131192207336426,-0.0506559610366821,-0.9921705722808838,-7.839103698730469,-0.3919551968574524,1.820210127334576e-05,2.15226674079895,0.1076133400201797,0.5327893495559692,27.61587905883789,1.3807939291000366,0.8152974843978882,19.619762420654297,0.9809881448745728,0.6819072365760803,16.508512496948242,0.8254256248474121,0.0010048794792965,1.2800347805023191,0.0640017390251159,0.8567835092544556,18.748390197753903,0.9374195337295532,0.0207721646875143,5.8855390548706055,0.2942769527435303,0.5544981360435486,15.071942329406738,0.7535971403121948,0.1481474190950393,7.960749626159668,0.3980374932289123,0.0,0.0,4.0,4.0,0.2670172112053638,0
/home/daplab/30006664/kv_allindia_dec2023/audios/ap_3-a-8_kv_kv-khatima_04122023-000000-1_HI-KV-001_1.wav,होने,होने,c,20.64,21.12,hh oo n ee,hh oo n ee,0.0,* hh oo n ee *,hh oo n ee,1032.0,1056.0,24.0,-0.6401774883270264,-1.212355375289917,-0.0505148060619831,-0.9791380167007446,-7.740622997283935,-0.3225259482860565,3.745128196896985e-05,1.838315844535828,0.0765964910387992,0.5172756314277649,29.870380401611328,1.244599223136902,0.7686201333999634,23.55562210083008,0.9814842343330384,0.724321722984314,20.228906631469727,0.8428711295127869,0.0025226233992725,1.742637038230896,0.0726098790764808,0.8881811499595642,22.76056671142578,0.9483569264411926,0.0485672987997531,7.808873653411865,0.3253697454929352,0.6127195358276367,18.710391998291016,0.779599666595459,0.1924630850553512,10.279457092285156,0.4283107221126556,0.0,0.0,4.0,4.0,0.2670172112053638,0
/home/daplab/30006664/kv_allindia_dec2023/audios/ap_3-a-8_kv_kv-khatima_04122023-000000-1_HI-KV-001_1.wav,की,की,c,21.12,21.39,k II,k II,0.0,k II *,k II,1056.0,1070.0,14.0,-0.1317681074142456,-0.1605648845434188,-0.0114689199253916,-0.7114812731742859,-4.128458023071289,-0.2948898673057556,2.101185054925736e-05,0.5465784072875977,0.0390413142740726,0.5102946758270264,17.351699829101562,1.2394071817398071,0.9493018984794616,13.938054084777832,0.9955753087997437,0.7351040840148926,11.77314567565918,0.8409389853477478,0.0031876526772975,1.0541025400161743,0.0752930417656898,0.9007445573806764,13.284465789794922,0.9488903880119324,0.0682244151830673,4.750898838043213,0.3393499255180359,0.639268159866333,10.964069366455078,0.7831478118896484,0.216438427567482,6.134807109832764,0.4382005035877228,0.0,0.0,2.0,2.0,0.2670172112053638,0
/home/daplab/30006664/kv_allindia_dec2023/audios/ap_3-a-8_kv_kv-khatima_04122023-000000-1_HI-KV-001_1.wav,शिकायत,सिकायत,s,21.39,22.02,sh ii k AA y aa t,sh ii k AA y aa t,0.0,* sh ii k AA y aa t,sh ii k AA y aa t,1069.0,1101.0,32.0,-0.6769306659698486,-1.9080820083618164,-0.0596275627613067,-1.1891944408416748,-11.563329696655272,-0.3613540530204773,1.6069890989456326e-05,3.4835476875305176,0.1088608652353286,0.4924675822257995,40.989891052246094,1.2809340953826904,0.7564272880554199,31.29355239868164,0.9779235124588012,0.6702193021774292,26.778268814086918,0.8368209004402161,0.0007797586731612,2.4304087162017822,0.0759502723813057,0.8357315063476562,30.17384147644043,0.9429325461387634,0.0117533458396792,10.359981536865234,0.3237494230270386,0.5205622911453247,24.622520446777344,0.769453763961792,0.1267746239900589,13.547234535217283,0.4233510792255401,0.0,0.0,7.0,7.0,0.2670172112053638,0
/home/daplab/30006664/kv_allindia_dec2023/audios/ap_3-a-8_kv_kv-khatima_04122023-000000-1_HI-KV-001_1.wav,की,की,c,22.08,22.32,k II,k II,0.0,k II *,k II,1104.0,1116.0,12.0,-0.0300777200609445,-0.0649682879447937,-0.0054140239953994,-0.7761121392250061,-3.6324381828308105,-0.3027031719684601,1.889366831164807e-05,0.3365228474140167,0.028043569996953,0.501107394695282,15.1835298538208,1.2652941942214966,0.9882799386978148,11.974669456481934,0.9978891015052797,0.685675859451294,10.042288780212402,0.8368573784828186,0.0010905149392783,0.8749033808708191,0.0729086175560951,0.871981143951416,11.361700057983398,0.9468083381652832,0.0313346795737743,4.014158725738525,0.3345132172107696,0.5813891887664795,9.347291946411133,0.7789409756660461,0.1673137992620468,5.194940567016602,0.4329117238521576,0.0,0.0,2.0,2.0,0.2670172112053638,0
/home/daplab/30006664/kv_allindia_dec2023/audios/ap_3-a-8_kv_kv-khatima_04122023-000000-1_HI-KV-001_1.wav,राजा,राजा,c,22.32,22.74,r AA j AA,r AA j AA,0.0,r AA j AA,r AA j AA,1116.0,1137.0,21.0,-0.6548755764961243,-1.1490471363067627,-0.0547165311872959,-1.103796362876892,-6.643388748168945,-0.31635183095932,2.1102892787894237e-05,1.868818998336792,0.0889913812279701,0.5216724276542664,25.16146469116211,1.198164939880371,0.7637306451797485,20.57652282714844,0.9798344373703004,0.7085080742835999,17.780290603637695,0.8466805219650269,0.0017898444784805,1.6294962167739868,0.077595055103302,0.8625068664550781,19.934955596923828,0.9492835998535156,0.0242504738271236,7.240949630737305,0.3448071181774139,0.564367413520813,16.492538452148438,0.7853589653968811,0.1549387872219085,9.284550666809082,0.4421214461326599,0.0,0.0,4.0,4.0,0.2670172112053638,0
/home/daplab/30006664/kv_allindia_dec2023/audios/ap_3-a-8_kv_kv-khatima_04122023-000000-1_HI-KV-001_1.wav,का,का,c,22.74,23.07,k AA,k AA,0.0,* k AA *,k AA,1137.0,1154.0,17.0,-0.3734927177429199,-0.7307769060134888,-0.0429868772625923,-0.8245683908462524,-5.227969169616699,-0.3075276017189026,2.752105865511112e-05,1.4874162673950195,0.0874950736761093,0.4891622364521026,20.39458274841309,1.199681282043457,0.8605305552482605,16.724775314331055,0.983810305595398,0.7389978170394897,14.403117179870604,0.8472421765327454,0.0034687083680182,1.228644847869873,0.0722732245922088,0.9005894064903259,16.15680503845215,0.9504002928733826,0.0679386705160141,5.724414825439453,0.3367302715778351,0.6389267444610596,13.356395721435549,0.7856703400611877,0.2161133885383606,7.433648109436035,0.4372734129428863,0.0,0.0,2.0,2.0,0.2670172112053638,0
/home/daplab/30006664/kv_allindia_dec2023/audios/ap_3-a-8_kv_kv-khatima_04122023-000000-1_HI-KV-001_1.wav,कहना,कहना,c,23.31,23.76,k aa hh aa n AA,k aa hh aa n AA,0.0,k aa hh aa n AA *,k aa hh aa n AA,1165.0,1188.0,23.0,-0.4965542554855346,-1.1189030408859253,-0.0486479587852954,-0.8653354644775391,-9.375000953674316,-0.4076087474822998,4.399324097903445e-05,2.338376522064209,0.101668544113636,0.5364242792129517,33.86528396606445,1.472403645515442,0.8173566460609436,22.58087921142578,0.9817773699760436,0.7350482940673828,18.801069259643555,0.8174377679824829,0.0031837988644838,1.0779956579208374,0.0468693748116493,0.8977086544036865,21.531063079833984,0.9361332058906556,0.0628454536199569,5.5881171226501465,0.2429616153240203,0.6326525211334229,17.029624938964844,0.7404184937477112,0.2102191001176834,8.344636917114258,0.3628103137016296,0.0,0.0,6.0,6.0,0.2670172112053638,0
/home/daplab/30006664/kv_allindia_dec2023/audios/ap_3-a-8_kv_kv-khatima_04122023-000000-1_HI-KV-001_1.wav,था,था,c,23.76,24.06,th AA,th AA,0.0,th AA *,th AA,1188.0,1203.0,15.0,-0.0340049900114536,-0.062693066895008,-0.0041795377619564,-0.563144862651825,-3.883646011352539,-0.2589097321033478,2.708999818423763e-05,0.3071672320365906,0.0204778145998716,0.5095359683036804,17.437665939331055,1.162511110305786,0.986756145954132,14.975558280944824,0.9983705282211304,0.7145595550537109,12.755334854125977,0.8503556847572327,0.0020410236902534,1.1533204317092896,0.0768880322575569,0.9002575874328613,14.310486793518066,0.9540324807167052,0.0673316344618797,5.366347789764404,0.3577565252780914,0.6381979584693909,11.95013427734375,0.7966756224632263,0.2154209464788437,6.81580114364624,0.4543867409229278,0.0,0.0,2.0,2.0,0.2670172112053638,0
/home/daplab/30006664/kv_allindia_dec2023/audios/ap_3-a-8_kv_kv-khatima_04122023-000000-1_HI-KV-001_1.wav,कि,कि,c,24.06,24.3,k ii,k ii,0.0,* k ii *,k ii,1203.0,1215.0,12.0,-0.4239211082458496,-0.6263729929924011,-0.0521977506577968,-0.7629543542861938,-4.340175628662109,-0.3616813123226166,3.2779011235106736e-05,1.182681918144226,0.0985568240284919,0.5268836617469788,16.419456481933594,1.3682880401611328,0.8426779508590698,11.76528549194336,0.9804404377937316,0.7252047061920166,9.952808380126951,0.8294007182121277,0.0025714272633194,0.6660358905792236,0.0555029921233654,0.9000316858291626,11.31160831451416,0.9426340460777284,0.0669214129447937,3.334904670715332,0.2779087126255035,0.6377025842666626,9.114354133605955,0.7595295310020447,0.2149515300989151,4.700425148010254,0.3917020857334137,0.0,0.0,2.0,2.0,0.2670172112053638,0
/home/daplab/30006664/kv_allindia_dec2023/audios/ap_3-a-8_kv_kv-khatima_04122023-000000-1_HI-KV-001_1.wav,मार्ग,मार्ग,c,24.3,24.81,m AA r g,m AA r g,0.0,* m AA r g *,m AA r g,1215.0,1241.0,26.0,-0.2497524470090866,-0.4763050675392151,-0.0183194261044263,-0.8596720099449158,-7.984580039978027,-0.3070992231369018,2.825202682288364e-05,1.351435899734497,0.0519783049821853,0.5719127058982849,32.73225784301758,1.2589329481124878,0.9053028225898744,25.817886352539062,0.9929956197738647,0.6566133499145508,21.82740020751953,0.8395153880119324,0.00058040372096,1.695432424545288,0.0652089416980743,0.8529003858566284,24.64276695251465,0.9477987289428712,0.0187009088695049,8.396353721618652,0.3229366838932037,0.5479678511619568,20.242698669433597,0.7785653471946716,0.1438016444444656,11.065544128417969,0.4255978465080261,0.0,0.0,4.0,4.0,0.2670172112053638,0
/home/daplab/30006664/kv_allindia_dec2023/audios/ap_3-a-8_kv_kv-khatima_04122023-000000-1_HI-KV-001_1.wav,में,में,c,24.81,25.17,m ee q,m ee q,0.0,* m ee q *,m ee q,1240.0,1259.0,19.0,-0.6224282383918762,-1.3195922374725342,-0.0694522261619567,-0.8634299039840698,-6.862218379974365,-0.3611693978309631,2.5486455342615955e-05,2.329097986221313,0.1225841045379638,0.5008324384689331,23.66543197631836,1.2455490827560425,0.7745487093925476,18.512645721435547,0.9743497967720032,0.6685336828231812,16.006324768066406,0.8424381613731384,0.0007517511257901,1.42440927028656,0.0749689117074012,0.8733546733856201,17.959415435791016,0.945232391357422,0.0325208455324173,6.112369537353516,0.3217036724090576,0.5839321613311768,14.688732147216797,0.7730911374092102,0.1692374348640442,8.048506736755371,0.4236056208610534,0.0,0.0,3.0,3.0,0.2670172112053638,0
/home/daplab/30006664/kv_allindia_dec2023/audios/ap_3-a-8_kv_kv-khatima_04122023-000000-1_HI-KV-001_1.wav,जो,जो,c,25.17,25.35,j oo,j oo,0.0,j oo,j oo,1258.0,1268.0,10.0,-0.257122665643692,-0.2690293192863464,-0.0269029326736927,-0.8193211555480957,-3.4616801738739014,-0.3461680114269256,2.4863495127647184e-05,0.6241278052330017,0.0624127797782421,0.5008324384689331,13.776845932006836,1.3776845932006836,0.9025971293449402,9.897942543029783,0.9897942543029784,0.6944340467453003,8.25964069366455,0.825964093208313,0.0013187833828851,0.5630555748939514,0.0563055574893951,0.8863576650619507,9.419024467468262,0.9419024586677552,0.0462297052145004,2.875276803970337,0.2875276803970337,0.6090392470359802,7.603662014007568,0.7603662014007568,0.1893396228551864,3.9715323448181152,0.397153228521347,0.0,0.0,2.0,2.0,0.2670172112053638,0
/home/daplab/30006664/kv_allindia_dec2023/audios/ap_3-a-8_kv_kv-khatima_04122023-000000-1_HI-KV-001_1.wav,कंकड,कंकड,c,25.74,26.01,<UNK>,k aa D,2.80057146119358,k aa D *,k aa D,1287.0,1301.0,14.0,-0.6982848644256592,-2.0998404026031494,-0.1499886065721511,-2.0323328971862797,-11.11955738067627,-0.7942541241645813,5.837259595864453e-05,4.850644588470459,0.3464746177196502,0.6833882331848145,28.818199157714844,2.0584428310394287,0.7493941783905029,13.222524642944336,0.9444660544395448,0.3818355202674866,9.875051498413086,0.7053608298301697,1.4926546327842516e-06,0.3924412727355957,0.0280315186828374,0.587209939956665,12.045172691345217,0.8603695034980774,1.4142034160613548e-05,2.225472211837769,0.1589622944593429,0.2681785821914673,8.600911140441895,0.6143507957458496,0.0342194251716136,3.613091468811035,0.2580779492855072,,,1.0,3.0,0.9210397588221279,1
/home/daplab/30006664/kv_allindia_dec2023/audios/ap_3-a-8_kv_kv-khatima_04122023-000000-1_HI-KV-001_1.wav,पत्थर,पत्थर,c,26.22,26.73,p aa t th aa r,p aa t th aa r,0.0,p aa t th aa r *,p aa t th aa r,1311.0,1337.0,26.0,-0.361486405134201,-1.090341091156006,-0.0419361963868141,-1.2353239059448242,-13.975275993347168,-0.5375106334686279,6.556948210345581e-05,3.3184943199157715,0.1276343911886215,0.6417717337608337,45.63564300537109,1.7552170753479004,0.8648143410682678,25.583740234375,0.9839900135993958,0.5628678798675537,20.06023406982422,0.7715474367141724,7.589573942823336e-05,0.9119503498077391,0.0350750125944614,0.7966904044151306,23.656402587890625,0.9098616242408752,0.0040879352018237,5.244899749755859,0.2017269134521484,0.4656615257263183,17.900278091430664,0.6884722113609314,0.0978889316320419,8.152665138244629,0.3135640323162079,0.0,0.0,6.0,6.0,0.2670172112053638,0
/home/daplab/30006664/kv_allindia_dec2023/audios/ap_3-a-8_kv_kv-khatima_04122023-000000-1_HI-KV-001_1.wav,थे,थे,c,26.73,27.06,th ee,th ee,0.0,* th ee *,th ee,1336.0,1353.0,17.0,-0.0982392951846122,-0.2609594166278839,-0.015350554138422,-0.7873650193214417,-6.517432689666748,-0.3833783864974975,2.095012860081624e-05,1.100778341293335,0.0647516697645187,0.5095843076705933,24.691749572753903,1.4524558782577517,0.9620441794395448,16.89871597290039,0.9940420985221864,0.7063913345336914,13.928421020507812,0.8193188905715942,0.0017094890354201,0.8223404288291931,0.0483729653060436,0.8803011775016785,15.933778762817385,0.9372811317443848,0.0392436794936656,4.332146167755127,0.2548321187496185,0.5971047878265381,12.67094612121582,0.7453497648239136,0.1795274317264557,6.309257507324219,0.3711327910423279,0.0,0.0,2.0,2.0,0.2670172112053638,0
/home/daplab/30006664/kv_allindia_dec2023/audios/ap_3-a-8_kv_kv-khatima_04122023-000000-1_HI-KV-001_1.wav,वे,वे,c,27.06,27.33,w ee,w ee,0.0,w ee *,w ee,1353.0,1367.0,14.0,-0.1472292244434356,-0.2082522213459015,-0.0148751586675643,-0.7705938220024109,-5.003476619720459,-0.3573911786079407,3.5992175980936736e-05,0.7350970506668091,0.0525069311261177,0.5849177837371826,19.75621032714844,1.4111578464508057,0.9434618949890136,13.919647216796877,0.9942604899406432,0.7333734035491943,11.543330192565918,0.8245235681533813,0.0030701553914695,0.6782397627830505,0.0484456978738307,0.8935704827308655,13.170151710510254,0.9407251477241516,0.0561898685991764,3.74357271194458,0.2673980593681335,0.6238451600074768,10.559261322021484,0.7542329430580139,0.2021954208612442,5.3477783203125,0.3819841742515564,0.0,0.0,2.0,2.0,0.2670172112053638,0
/home/daplab/30006664/kv_allindia_dec2023/audios/ap_3-a-8_kv_kv-khatima_04122023-000000-1_HI-KV-001_1.wav,मेरे,मेरे,c,27.33,27.75,m ee r ee,m ee r ee,0.0,m ee r ee *,m ee r ee,1366.0,1388.0,22.0,-0.0916010066866874,-0.2723847329616546,-0.0123811243101954,-0.7317667007446289,-6.773373603820801,-0.3078806102275848,4.163953417446464e-05,1.0378363132476809,0.0471743792295455,0.5905999541282654,27.153839111328125,1.2342654466629028,0.9645797610282898,21.89438819885254,0.99519944190979,0.6761417388916016,18.57312393188477,0.8442329168319702,0.0008866997668519,1.6390584707260132,0.0745026543736457,0.8730236291885376,20.866012573242188,0.9484550952911376,0.0322309210896492,7.382412910461426,0.3355642259120941,0.5833175182342529,17.20195198059082,0.7819069027900696,0.1687706112861633,9.56130313873291,0.434604674577713,0.0,0.0,4.0,4.0,0.2670172112053638,0
/home/daplab/30006664/kv_allindia_dec2023/audios/ap_3-a-8_kv_kv-khatima_04122023-000000-1_HI-KV-001_1.wav,पैरों,पैरों,c,27.75,28.38,p ee r oo q,t p ee r oo q,1.0,* t p ee r oo q *,t p ee r oo q,1387.0,1419.0,32.0,-0.1296946406364441,-0.6625754833221436,-0.0207054838538169,-0.9499247670173644,-12.87354564666748,-0.4022983014583587,2.6450605218997225e-05,2.365535259246826,0.0739229768514633,0.5793740153312683,48.29381942749024,1.5091818571090698,0.950086772441864,31.743831634521484,0.9919947385787964,0.6741189956665039,25.97239875793457,0.8116374611854553,0.0008486201404593,1.4187016487121582,0.0443344265222549,0.8512544631958008,29.880786895751957,0.9337745904922484,0.0178865548223257,7.756229877471924,0.2423821836709976,0.5452388525009155,23.56855773925781,0.7365174293518066,0.1420195400714874,11.519902229309082,0.3599969446659088,4.864995534181984,1.0,5.0,6.0,0.8876911230900946,1
/home/daplab/30006664/kv_allindia_dec2023/audios/ap_3-a-8_kv_kv-khatima_04122023-000000-1_HI-KV-001_1.wav,में,में,c,28.62,28.86,m ee q,m ee q,0.0,m ee q *,m ee q,1431.0,1443.0,12.0,-0.5120747089385986,-0.6548946499824524,-0.0545745529234409,-0.8447805047035217,-5.136525630950928,-0.4280438125133514,5.952275023446418e-05,1.2426159381866455,0.1035513281822204,0.6469395160675049,18.46016311645508,1.5383468866348269,0.8120052218437195,11.75666618347168,0.9797222018241882,0.721200704574585,9.700672149658203,0.8083893656730652,0.0023574249353259,0.4551584422588348,0.0379298701882362,0.8848720788955688,11.193266868591309,0.9327722191810608,0.0444087348878383,2.654844045639038,0.2212370038032531,0.6060712933540344,8.76087474822998,0.7300729155540466,0.1868546456098556,4.140261173248291,0.3450217545032501,0.0,0.0,3.0,3.0,0.2670172112053638,0
/home/daplab/30006664/kv_allindia_dec2023/audios/ap_3-a-8_kv_kv-khatima_04122023-000000-1_HI-KV-001_1.wav,चुभ,चुभ,c,28.86,29.19,c uu bh,c uu bh,0.0,c uu bh *,c uu bh,1443.0,1460.0,17.0,-0.078512042760849,-0.1226106286048889,-0.0072123897261917,-0.7426727414131165,-5.668413162231445,-0.3334360718727112,2.971325557155069e-05,0.5450648069381714,0.0320626348257064,0.571410596370697,23.337142944335938,1.3727731704711914,0.9695913791656494,16.952369689941406,0.997198224067688,0.670610249042511,14.023866653442385,0.8249333500862122,0.0007864018552936,0.9696863889694214,0.057040374726057,0.870999813079834,16.020727157592773,0.9423956871032716,0.0305138193070888,4.948395729064941,0.2910821139812469,0.5795844197273254,12.954633712768556,0.7620372772216797,0.1659606397151947,6.794816017150879,0.3996950685977936,0.0,0.0,3.0,3.0,0.2670172112053638,0
/home/daplab/30006664/kv_allindia_dec2023/audios/ap_3-a-8_kv_kv-khatima_04122023-000000-1_HI-KV-001_1.wav,गए,गए,c,29.19,29.52,g ee,g ee,0.0,g ee *,g ee,1459.0,1476.0,17.0,-0.0735650360584259,-0.229754239320755,-0.0135149555280804,-0.7738471627235413,-6.376266479492188,-0.3750745058059692,4.8281966883223504e-05,1.011789083480835,0.059517003595829,0.5104020833969116,23.96751594543457,1.4098539352416992,0.9714898467063904,16.91069221496582,0.9947466254234314,0.6920698285102844,14.007845878601074,0.8239909410476685,0.0012528297957032,0.9078218340873718,0.0534012839198112,0.8726834058761597,15.95183277130127,0.938343107700348,0.0319356098771095,4.649462699890137,0.2734978199005127,0.5826869010925293,12.771173477172852,0.7512454986572266,0.1682929098606109,6.532730579376221,0.384278267621994,0.0,0.0,2.0,2.0,0.2670172112053638,0
/home/daplab/30006664/kv_allindia_dec2023/audios/ap_3-a-8_kv_kv-khatima_04122023-000000-1_HI-KV-001_1.wav,और,और,c,29.52,29.79,OO r,OO r,0.0,OO r *,OO r,1476.0,1490.0,14.0,-0.0747262760996818,-0.1020643785595893,-0.0072903125546872,-0.5463388562202454,-3.7279014587402335,-0.2662786841392517,2.4071910956990905e-05,0.4170585572719574,0.0297898966819047,0.5709874629974365,16.335031509399414,1.1667879819869995,0.9710440635681152,13.960366249084473,0.997169017791748,0.7545416355133057,11.88710880279541,0.8490791916847229,0.0048602842725813,1.0938647985458374,0.0781332030892372,0.9112208485603333,13.344034194946287,0.9531453251838684,0.090576559305191,5.022318840026856,0.358737051486969,0.6631832718849182,11.12937831878662,0.7949556112289429,0.2403737902641296,6.3636651039123535,0.4545474946498871,0.0,0.0,2.0,2.0,0.2670172112053638,0
/home/daplab/30006664/kv_allindia_dec2023/audios/ap_3-a-8_kv_kv-khatima_04122023-000000-1_HI-KV-001_1.wav,इसके,इसके,c,29.79,30.27,ii s aa k ee,r ii s aa k ee,1.0,* ii s aa k ee *,ii s aa k ee,1489.0,1514.0,25.0,-0.1017453074455261,-0.1818617433309555,-0.0072744698263704,-0.7389890551567078,-8.447722434997559,-0.3379088938236236,2.0258310541976243e-05,0.8083227276802063,0.0323329083621501,0.4908745586872101,34.634700775146484,1.3853880167007446,0.9607067704200744,24.929420471191406,0.9971768260002136,0.7147432565689087,20.67267227172852,0.8269069194793701,0.0020491753239184,1.4254002571105957,0.0570160113275051,0.881511390209198,23.56922149658203,0.9427688717842102,0.0405496507883071,7.022276878356934,0.2808910608291626,0.5994549989700317,19.01073837280273,0.7604295611381531,0.1814220994710922,9.845684051513672,0.393827348947525,0.0,0.0,5.0,5.0,0.2670172112053638,0
/home/daplab/30006664/kv_allindia_dec2023/audios/ap_3-a-8_kv_kv-khatima_04122023-000000-1_HI-KV-001_1.wav,लिए,लिए,c,30.27,30.6,l ii ee,l ii ee,0.0,* l ii ee *,l ii ee,1513.0,1530.0,17.0,-0.2675709724426269,-0.4501978754997253,-0.0264822281897068,-0.831375777721405,-5.8196120262146,-0.342330127954483,4.78822948934976e-05,1.2486168146133425,0.073448047041893,0.6346490383148193,22.975696563720703,1.3515115976333618,0.8987699747085571,16.827919006347656,0.9898775815963744,0.7485496997833252,14.153438568115234,0.8325552344322205,0.0042676646262407,0.8334981203079224,0.0490293018519878,0.8895078897476196,16.055988311767578,0.9444699287414552,0.0503420531749725,4.6717939376831055,0.2748114168643951,0.6154235601425171,12.967226028442385,0.7627779841423035,0.1947880387306213,6.6353278160095215,0.3903133869171142,0.0,0.0,3.0,3.0,0.2670172112053638,0
/home/daplab/30006664/kv_allindia_dec2023/audios/ap_3-a-8_kv_kv-khatima_04122023-000000-1_HI-KV-001_1.wav,कुछ,कुछ,c,30.6,30.84,k uu ch,k uu ch,0.0,* k uu ch *,k uu ch,1530.0,1542.0,12.0,-0.0823854580521583,-0.1210494190454483,-0.0100874518975615,-0.8805322051048279,-4.801513671875,-0.4001261293888092,3.9355498302029446e-05,0.5611863136291504,0.0467655248939991,0.6269853711128235,18.69056510925293,1.557547092437744,0.9681066274642944,11.953007698059082,0.9960839748382568,0.6929618120193481,9.621166229248049,0.8017638325691223,0.0012773167109116,0.4971207976341247,0.041426733136177,0.8628988265991211,11.180097579956056,0.9316747784614564,0.0245090033859014,2.8386807441711426,0.2365567237138748,0.5650544166564941,8.77730941772461,0.7314424514770508,0.1554217785596847,4.250521659851074,0.3542101383209228,0.0,0.0,3.0,3.0,0.2670172112053638,0
/home/daplab/30006664/kv_allindia_dec2023/audios/ap_3-a-8_kv_kv-khatima_04122023-000000-1_HI-KV-001_1.wav,इंतजाम,इंतजाम,c,30.84,31.77,ii q t aa j AA m,ii q t j AA m,1.0,* ii q t j AA m *,ii q t j AA m,1542.0,1589.0,47.0,-0.5984882712364197,-4.855652332305908,-0.1033117547631263,-1.9827085733413696,-42.7823371887207,-0.9102624654769896,9.226566180586816e-05,13.640522003173828,0.2902238667011261,0.7351061105728149,111.35099792480467,2.3691701889038086,0.7825869917869568,45.1838264465332,0.9613580107688904,0.3616523742675781,30.671728134155277,0.6525899767875671,9.631227158024558e-07,0.8628321886062622,0.0183581318706274,0.590587854385376,39.06794738769531,0.8312329053878784,1.5495161278522573e-05,5.20539665222168,0.1107531189918518,0.2705777883529663,26.348159790039062,0.560599148273468,0.0347253233194351,9.707569122314451,0.2065440267324447,3.414972798032559,1.0,7.0,6.0,0.6498185356809806,0
/home/daplab/30006664/kv_allindia_dec2023/audios/ap_3-a-8_kv_kv-khatima_04122023-000000-1_HI-KV-001_1.wav,करना,करना,c,31.77,32.16,k aa r aa n AA,k aa r aa n AA,0.0,k aa r aa n AA *,k aa r aa n AA,1588.0,1608.0,20.0,-0.0464243739843368,-0.1686633229255676,-0.0084331659600138,-0.7599437236785889,-7.337730407714844,-0.3668865263462066,1.673563201620709e-05,0.8266086578369141,0.0413304343819618,0.4684478044509887,28.838571548461918,1.4419286251068115,0.9819473624229432,19.93429374694824,0.99671471118927,0.7211623191833496,16.420400619506836,0.8210200071334839,0.0023554640356451,1.058432936668396,0.0529216453433036,0.8828780055046082,18.782041549682617,0.939102053642273,0.0420767627656459,5.217531204223633,0.2608765661716461,0.6021293997764587,14.99420928955078,0.7497104406356812,0.1836003959178924,7.544840335845947,0.3772420287132263,0.0,0.0,6.0,6.0,0.2670172112053638,0
/home/daplab/30006664/kv_allindia_dec2023/audios/ap_3-a-8_kv_kv-khatima_04122023-000000-1_HI-KV-001_1.wav,चाहिए,चाहिए,c,32.16,32.76,c AA hh ii ee,c AA hh ii ee,0.0,* c AA hh ii ee,c AA hh ii ee,1607.0,1638.0,31.0,-0.3618048131465912,-0.4505033195018768,-0.0145323649048805,-0.9466294646263124,-9.58416748046875,-0.3091666996479034,2.8359245334286243e-05,1.1224768161773682,0.0362089313566684,0.5326147079467773,40.41526794433594,1.303718328475952,0.8647006154060364,30.83009910583496,0.9945193529129028,0.7295374274253845,25.96010971069336,0.8374229073524475,0.0028249293100088,1.723875880241394,0.0556088984012603,0.8749799132347107,29.38011360168457,0.9477456212043762,0.0339824743568897,9.25534725189209,0.2985595762729645,0.586966872215271,23.98159408569336,0.7735998034477234,0.1715592741966247,12.678635597229004,0.4089882373809814,0.0,0.0,5.0,5.0,0.2670172112053638,0
/home/daplab/30006664/kv_allindia_dec2023/audios/ak_3-b-49_kv_kv-drdo-kanchan-bagh_04122023-000000-1_HI-KV-002_2.wav,एक,एक,c,0.99,1.41,ee k,ee k,0.0,ee k *,ee k,49.0,71.0,22.0,-0.3942359089851379,-0.7036795616149902,-0.0319854356348514,-0.9415044188499452,-5.361019134521484,-0.2436826825141906,2.6505196728976443e-05,1.6031466722488403,0.0728703066706657,0.5122864246368408,21.493803024291992,0.9769910573959352,0.8531597852706909,21.7348690032959,0.9879485964775084,0.749805212020874,19.24675941467285,0.87485271692276,0.0043855397962033,2.3618199825286865,0.1073554530739784,0.8745994567871094,21.125411987304688,0.9602460265159608,0.0336345434188842,9.282793998718262,0.421945184469223,0.5862540006637573,18.05689811706543,0.8207681179046631,0.1710112392902374,11.083101272583008,0.5037773251533508,0.0,0.0,2.0,2.0,0.2670172112053638,0
/home/daplab/30006664/kv_allindia_dec2023/audios/ak_3-b-49_kv_kv-drdo-kanchan-bagh_04122023-000000-1_HI-KV-002_2.wav,दिन,दिन,c,1.41,1.86,d ii n,d ii n,0.0,d ii n *,d ii n,70.0,93.0,23.0,-0.0594922229647636,-0.0916688442230224,-0.0039856019429862,-0.6448603868484497,-5.661086082458496,-0.2461341768503189,1.8219248886452988e-05,0.4375337362289428,0.0190232060849666,0.4982568919658661,25.29471206665039,1.0997700691223145,0.9769033193588256,22.96432876586914,0.9984490871429444,0.7748509645462036,19.776111602783203,0.859830915927887,0.0075521105900406,2.080780506134033,0.0904687196016311,0.9068536758422852,22.00679016113281,0.9568169713020324,0.0804841071367263,8.777700424194336,0.381639152765274,0.65300053358078,18.54591560363769,0.8063441514968872,0.2298965007066726,10.894326210021973,0.4736663699150085,0.0,0.0,3.0,3.0,0.2670172112053638,0
/home/daplab/30006664/kv_allindia_dec2023/audios/ak_3-b-49_kv_kv-drdo-kanchan-bagh_04122023-000000-1_HI-KV-002_2.wav,वह,वह,c,1.86,2.22,w aa hh,w aa,1.0,w aa *,w aa,93.0,112.0,19.0,-0.6751025915145874,-1.8175350427627563,-0.0956597402691841,-1.1629395484924316,-8.633426666259766,-0.4543908834457397,3.302585173514672e-05,3.104294776916504,0.1633839309215545,0.5168684124946594,27.88510131835937,1.4676369428634644,0.7570312023162842,18.329484939575195,0.9647097587585448,0.6677389144897461,15.529376983642578,0.8173356056213379,0.000738896720577,0.9349555373191832,0.0492081865668296,0.8302587866783142,17.709230422973633,0.9320647716522216,0.0101360231637954,4.679714202880859,0.2463007420301437,0.5122882127761841,13.958970069885254,0.7346826195716858,0.1219968795776367,6.872942924499512,0.3617338240146637,3.7468430583796257,1.0,3.0,2.0,0.7608353675318789,0
/home/daplab/30006664/kv_allindia_dec2023/audios/ak_3-b-49_kv_kv-drdo-kanchan-bagh_04122023-000000-1_HI-KV-002_2.wav,बीमार,बीमार,c,2.22,2.79,b II m AA r,b II m AA r,0.0,b II m AA r *,b II m AA r,111.0,140.0,29.0,-0.533309280872345,-1.2731379270553589,-0.0439013093709945,-0.885485053062439,-8.277755737304688,-0.2854398488998413,2.2071935745771043e-05,2.2097277641296387,0.076197512447834,0.5013320446014404,32.47865295410156,1.1199535131454468,0.8047172427177429,28.52682876586914,0.9836837649345398,0.7339216470718384,24.803468704223636,0.855292022228241,0.0031068979296833,2.6447739601135254,0.0911991000175476,0.899056077003479,27.64579200744629,0.9533031582832336,0.0651784092187881,10.952913284301758,0.3776866793632507,0.6355721950531006,23.167348861694336,0.7988740801811218,0.2129432708024978,13.56779956817627,0.467855155467987,0.0,0.0,5.0,5.0,0.2670172112053638,0
/home/daplab/30006664/kv_allindia_dec2023/audios/ak_3-b-49_kv_kv-drdo-kanchan-bagh_04122023-000000-1_HI-KV-002_2.wav,पड़,पड़,c,2.79,3.06,p aa D,p aa D,0.0,p aa D *,p aa D,139.0,153.0,14.0,-0.0934184193611145,-0.1098665669560432,-0.0078476117923855,-0.693336546421051,-3.8234457969665527,-0.273103266954422,1.6847292499733157e-05,0.4170969128608703,0.0297926366329193,0.4985199570655823,16.380464553833008,1.1700332164764404,0.9638851881027222,13.957457542419434,0.996961236000061,0.7008009552955627,11.896879196166992,0.849777102470398,0.0015141853364184,1.1765226125717163,0.0840373262763023,0.8834137916564941,13.333641052246094,0.9524029493331908,0.0426910519599914,5.06805419921875,0.3620038628578186,0.603183925151825,11.120880126953123,0.7943485975265503,0.1844658404588699,6.3925461769104,0.4566104412078857,0.0,0.0,3.0,3.0,0.2670172112053638,0
/home/daplab/30006664/kv_allindia_dec2023/audios/ak_3-b-49_kv_kv-drdo-kanchan-bagh_04122023-000000-1_HI-KV-002_2.wav,गई,गई,c,3.09,3.39,g II,g II,0.0,g II *,g II,154.0,170.0,16.0,-0.4841087758541107,-0.9634920358657836,-0.0602182522416114,-1.0993744134902954,-6.096897125244141,-0.3810560703277588,3.547979213180952e-05,1.6731332540512085,0.1045708283782005,0.4718801379203796,22.51971435546875,1.4074821472167969,0.8216627836227417,15.643367767333984,0.977710485458374,0.7029916644096375,13.192923545837402,0.8245577216148376,0.001587908482179,0.8041183352470398,0.0502573959529399,0.8527539372444153,15.034595489501951,0.939662218093872,0.0186269879341125,4.253220558166504,0.2658262848854065,0.5477241277694702,12.03721046447754,0.7523256540298462,0.1436417251825332,6.092366695404053,0.3807729184627533,0.0,0.0,2.0,2.0,0.2670172112053638,0
/home/daplab/30006664/kv_allindia_dec2023/audios/ak_3-b-49_kv_kv-drdo-kanchan-bagh_04122023-000000-1_HI-KV-002_2.wav,और,और,c,3.39,3.75,OO r,OO r,0.0,OO r *,OO r,169.0,188.0,19.0,-0.5423521995544434,-1.5780946016311646,-0.0830576121807098,-0.9718337059020996,-6.778380393981934,-0.3567568659782409,1.4340506822918542e-05,2.5612335205078125,0.134801760315895,0.4694839715957641,23.85582733154297,1.2555698156356812,0.8016252517700195,18.41554832458496,0.9692394137382508,0.7292270660400391,15.943584442138672,0.839136004447937,0.0028059664182364,1.2581603527069092,0.0662189647555351,0.8732516765594482,17.95650291442871,0.9450790882110596,0.0324303545057773,6.070158004760742,0.3194819986820221,0.5837408304214478,14.678115844726562,0.7725324034690857,0.1690919697284698,7.9995341300964355,0.4210281074047088,0.0,0.0,2.0,2.0,0.2670172112053638,0
/home/daplab/30006664/kv_allindia_dec2023/audios/ak_3-b-49_kv_kv-drdo-kanchan-bagh_04122023-000000-1_HI-KV-002_2.wav,उसकी,उसकी,c,3.78,4.41,uu s aa k II,uu s aa k II,0.0,uu s aa k II *,uu s aa k II,189.0,221.0,32.0,-0.573701024055481,-1.0798017978668213,-0.0337438061833381,-0.9248852133750916,-9.586417198181152,-0.299575537443161,1.3877694982511455e-05,2.229530096054077,0.0696728155016899,0.4703442454338074,38.00204849243164,1.1875640153884888,0.7909606099128723,31.59646987915039,0.9873896837234496,0.7404204607009888,27.15669250488281,0.8486466407775879,0.0035774656571447,2.494887351989746,0.0779652297496795,0.8956838846206665,30.424375534057617,0.9507617354393004,0.0594958402216434,11.125210762023926,0.3476628363132477,0.6283135414123535,25.227930068969727,0.788372814655304,0.2062301635742187,14.250473022460938,0.4453272819519043,0.0,0.0,5.0,5.0,0.2670172112053638,0
/home/daplab/30006664/kv_allindia_dec2023/audios/ak_3-b-49_kv_kv-drdo-kanchan-bagh_04122023-000000-1_HI-KV-002_2.wav,मौत,मौत,c,4.5,4.98,m OO t,m OO t,0.0,m OO t *,m OO t,225.0,250.0,25.0,-0.1296059489250183,-0.2161427140235901,-0.0086457086727023,-0.7971283793449402,-5.845891952514648,-0.233835682272911,2.0583911464200355e-05,0.7185739278793335,0.0287429578602314,0.5602501630783081,26.49589157104492,1.05983567237854,0.950120449066162,24.91656875610352,0.996662735939026,0.7145694494247437,21.514301300048828,0.8605720400810242,0.0020414628088474,2.170027494430542,0.0868010967969894,0.8774216771125793,23.942522048950195,0.9577009081840516,0.0363028645515441,9.958786010742188,0.3983514308929443,0.5915798544883728,20.29016876220703,0.811606764793396,0.175144150853157,12.105621337890623,0.4842248558998108,0.0,0.0,3.0,3.0,0.2670172112053638,0
/home/daplab/30006664/kv_allindia_dec2023/audios/ak_3-b-49_kv_kv-drdo-kanchan-bagh_04122023-000000-1_HI-KV-002_2.wav,हो,हो,c,4.98,5.22,hh oo,hh oo,0.0,hh oo *,hh oo,249.0,261.0,12.0,-0.2607775032520294,-0.2798946797847748,-0.0233245566487312,-0.6701124310493469,-3.84833574295044,-0.3206946551799774,8.090953633654863e-05,0.6685957908630371,0.0557163171470165,0.6965513229370117,15.9014253616333,1.3251187801361084,0.9012572765350342,11.89378547668457,0.9911487698554992,0.7742577195167542,10.016630172729492,0.834719181060791,0.0074555068276822,0.561493456363678,0.0467911213636398,0.9235594868659972,11.36460304260254,0.9470502734184264,0.1264653205871582,3.3639955520629883,0.2803329527378082,0.6937946081161499,9.224814414978027,0.7687345147132874,0.2746219933032989,4.749697685241699,0.3958081305027008,0.0,0.0,2.0,2.0,0.2670172112053638,0
/home/daplab/30006664/kv_allindia_dec2023/audios/ak_3-b-49_kv_kv-drdo-kanchan-bagh_04122023-000000-1_HI-KV-002_2.wav,गई,गई,c,5.22,5.7,g II,g II,0.0,g II *,g II,261.0,285.0,24.0,-0.3779126703739166,-0.4905377924442291,-0.0204390753060579,-0.9379425644874572,-6.67722749710083,-0.2782178223133087,2.1213500076555647e-05,1.1244301795959473,0.0468512587249279,0.5406062006950378,27.85866928100586,1.160777926445007,0.8589568734169006,23.815162658691406,0.992298424243927,0.7267285585403442,20.44823455810547,0.8520097732543945,0.0026578824035823,1.8683757781982424,0.0778489932417869,0.8762571811676025,22.864168167114254,0.9526736736297609,0.035177145153284,8.610974311828613,0.3587906062602997,0.5893718004226685,19.06824111938477,0.7945100665092468,0.173419788479805,10.888021469116213,0.453667551279068,0.0,0.0,2.0,2.0,0.2670172112053638,0
/home/daplab/30006664/kv_allindia_dec2023/audios/ak_3-b-49_kv_kv-drdo-kanchan-bagh_04122023-000000-1_HI-KV-002_2.wav,टीकू,टीकू,c,5.91,6.42,T II k UU,T II q k UU,1.0,T II q k UU *,T II q k UU,295.0,321.0,26.0,-0.2708844542503357,-0.4250692427158355,-0.0163488164544105,-0.8106774687767029,-7.409637451171875,-0.2849860489368438,1.4393111996469088e-05,1.1486927270889282,0.0441804900765419,0.493636280298233,31.416976928710938,1.2083452939987185,0.8975584506988525,25.837871551513672,0.9937642812728882,0.7239593863487244,21.980119705200195,0.8453892469406128,0.0025028632953763,1.9074294567108157,0.0733626708388328,0.8952500820159912,24.728195190429688,0.9510844349861144,0.058801781386137,8.86174201965332,0.340836226940155,0.6273913383483887,20.48228454589844,0.7877801656723022,0.2053914666175842,11.463504791259766,0.4409040212631225,1.4172657424106416,1.0,4.0,5.0,0.1414624728823706,0
/home/daplab/30006664/kv_allindia_dec2023/audios/ak_3-b-49_kv_kv-drdo-kanchan-bagh_04122023-000000-1_HI-KV-002_2.wav,चिड़िया,चिड़िया,c,6.42,7.05,c ii D ii y AA,c ii D ii y AA,0.0,c ii D ii y AA *,c ii D ii y AA,321.0,353.0,32.0,-0.1883084923028946,-0.508124053478241,-0.015878876671195,-0.866761326789856,-10.22964096069336,-0.3196762800216675,1.547283864056226e-05,1.6709623336791992,0.0522175729274749,0.4625850915908813,40.79545593261719,1.274857997894287,0.928054690361023,31.80455780029297,0.9938924312591552,0.7269287109375,26.844362258911133,0.8388863205909729,0.002669449429959,2.268876552581787,0.0709023922681808,0.8755724430084229,30.28925323486328,0.9465391635894777,0.0345315411686897,10.268272399902344,0.3208835124969482,0.5880802869796753,24.809345245361328,0.7752920389175415,0.1724183410406112,13.56356143951416,0.4238612949848175,0.0,0.0,6.0,6.0,0.2670172112053638,0
/home/daplab/30006664/kv_allindia_dec2023/audios/ak_3-b-49_kv_kv-drdo-kanchan-bagh_04122023-000000-1_HI-KV-002_2.wav,और,और,c,7.08,7.47,OO r,OO r,0.0,OO r *,OO r,354.0,374.0,20.0,-0.5162778496742249,-0.9133066534996032,-0.045665331184864,-0.8669875860214233,-5.564321994781494,-0.2782160937786102,1.2095347301510628e-05,1.5734421014785769,0.0786721035838127,0.4706785678863525,22.08418655395508,1.104209303855896,0.8105596303939819,19.660579681396484,0.983029007911682,0.7560961246490479,17.12891387939453,0.8564456701278687,0.0050270394422113,1.7330317497253418,0.0866515859961509,0.8902772665023804,19.08901023864746,0.9544504880905152,0.0514007657766342,7.542569637298584,0.3771284818649292,0.6170018911361694,16.019208908081055,0.8009604215621948,0.1961569935083389,9.369892120361328,0.4684945940971374,0.0,0.0,2.0,2.0,0.2670172112053638,0
/home/daplab/30006664/kv_allindia_dec2023/audios/ak_3-b-49_kv_kv-drdo-kanchan-bagh_04122023-000000-1_HI-KV-002_2.wav,उसका,उसका,c,7.47,7.95,uu s aa k AA,uu s aa k AA,0.0,* uu s aa k AA *,uu s aa k AA,373.0,398.0,25.0,-0.5162778496742249,-0.9414766430854796,-0.0376590639352798,-1.0757346153259275,-7.774289608001709,-0.310971587896347,1.3001742445339914e-05,1.9144847393035889,0.0765793919563293,0.4718172550201416,30.52845573425293,1.2211382389068604,0.8105596303939819,24.648351669311523,0.98593407869339,0.6897493600845337,21.11859703063965,0.8447439074516296,0.0011913033667951,1.8568453788757324,0.0742738172411918,0.8423522710800171,23.72163391113281,0.9488653540611268,0.0140586318448185,8.392192840576172,0.3356877267360687,0.5308603644371033,19.57575035095215,0.7830300331115723,0.1329507231712341,10.895487785339355,0.4358195066452026,0.0,0.0,5.0,5.0,0.2670172112053638,0
/home/daplab/30006664/kv_allindia_dec2023/audios/ak_3-b-49_kv_kv-drdo-kanchan-bagh_04122023-000000-1_HI-KV-002_2.wav,पूरा,पूरा,c,7.95,8.49,p UU r AA,p UU r AA,0.0,* p UU r AA *,p UU r AA,397.0,425.0,28.0,-0.3545387983322143,-0.453082799911499,-0.0161815285682678,-1.0753929615020752,-7.4804487228393555,-0.2671588957309723,1.882869219116401e-05,1.094674825668335,0.0390955284237861,0.5158175826072693,32.05942153930664,1.1449793577194214,0.8672990798950195,27.82896614074707,0.9938916563987732,0.6611061096191406,23.847755432128903,0.8517055511474609,0.0006398417754098,2.232627868652344,0.0797367095947265,0.8419920802116394,26.69289779663086,0.9533177614212036,0.0139223067089915,10.255924224853516,0.3662829995155334,0.5302916765213013,22.330251693725582,0.7975090146064758,0.1326028555631637,12.865478515625,0.4594813883304596,0.0,0.0,4.0,4.0,0.2670172112053638,0
/home/daplab/30006664/kv_allindia_dec2023/audios/ak_3-b-49_kv_kv-drdo-kanchan-bagh_04122023-000000-1_HI-KV-002_2.wav,परिवार,परिवार,c,8.49,9.27,p aa r ii w AA r,p aa r ii w AA r,0.0,p aa r ii w AA r *,p aa r ii w AA r,424.0,464.0,40.0,-0.5810303688049316,-1.7406954765319824,-0.0435173884034156,-0.8888084292411804,-10.909915924072266,-0.2727479040622711,1.6411717297160067e-05,2.9411697387695312,0.0735292434692382,0.475523442029953,43.219722747802734,1.0804930925369265,0.788479208946228,39.35482025146485,0.9838705062866212,0.7394517660140991,34.441524505615234,0.861038088798523,0.003503045765683,3.840100765228272,0.0960025191307067,0.8968946933746338,38.22540283203125,0.9556350708007812,0.0614768452942371,15.562125205993652,0.3890531361103058,0.6309013366699219,32.21715545654297,0.8054288625717163,0.208600714802742,19.112455368041992,0.4778113961219787,0.0,0.0,7.0,7.0,0.2670172112053638,0
/home/daplab/30006664/kv_allindia_dec2023/audios/ak_3-b-49_kv_kv-drdo-kanchan-bagh_04122023-000000-1_HI-KV-002_2.wav,उस,उस,c,9.81,10.29,uu s,uu s,0.0,uu s *,uu s,490.0,515.0,25.0,-0.3485248982906341,-0.8435229063034058,-0.0337409153580665,-0.9317581653594972,-7.815055847167969,-0.3126022219657898,3.068790465476923e-05,1.9061551094055176,0.0762462019920349,0.5476594567298889,29.985082626342773,1.1994032859802246,0.8694533705711365,24.68182373046875,0.9872729778289796,0.7237948179244995,21.141338348388672,0.8456535339355469,0.0024939437862485,2.0958266258239746,0.0838330686092376,0.8748868107795715,23.711793899536133,0.9484717845916748,0.0338969863951206,8.858263969421387,0.3543305695056915,0.5867922306060791,19.633102416992188,0.7853240966796875,0.1714248806238174,11.204477310180664,0.4481790959835052,0.0,0.0,2.0,2.0,0.2670172112053638,0
/home/daplab/30006664/kv_allindia_dec2023/audios/ak_3-b-49_kv_kv-drdo-kanchan-bagh_04122023-000000-1_HI-KV-002_2.wav,औरत,अवरत,s,10.59,11.25,OO r aa t,OO r aa t,0.0,OO r aa t *,OO r aa t,529.0,563.0,34.0,-0.5552467703819275,-1.0039005279541016,-0.029526486992836,-1.0067886114120483,-9.31869125366211,-0.2740791440010071,1.9193241314496845e-05,1.699952483177185,0.0499986037611961,0.4948994219303131,38.454620361328125,1.1310182809829712,0.7972284555435181,33.62897872924805,0.9890875816345216,0.7372827529907227,29.08418655395508,0.8554172515869141,0.0033419793471693,2.819078207015991,0.0829140618443489,0.8788551688194275,32.433040618896484,0.9539129734039308,0.037738237529993,12.57747745513916,0.3699257969856262,0.5943186283111572,27.16179656982422,0.7988763451576233,0.1773046106100082,15.723814010620115,0.4624651074409485,0.0,0.0,4.0,4.0,0.2670172112053638,0
/home/daplab/30006664/kv_allindia_dec2023/audios/ak_3-b-49_kv_kv-drdo-kanchan-bagh_04122023-000000-1_HI-KV-002_2.wav,के,के,c,11.25,11.73,k ee,k ee,0.0,k ee *,k ee,562.0,587.0,25.0,-0.4036399722099304,-0.4865041077136993,-0.0194601640105247,-0.8476409912109375,-5.605517387390137,-0.2242206931114196,1.362041075481102e-05,1.01529061794281,0.0406116247177124,0.4633736908435821,24.497175216674805,0.9798870086669922,0.8498308062553406,24.81757354736328,0.9927029609680176,0.7358157634735107,21.80668830871582,0.8722675442695618,0.0032372642308473,2.656222343444824,0.1062488928437233,0.8994650840759277,24.03063201904297,0.9612252712249756,0.0659034997224807,10.666342735290527,0.4266537129878998,0.6364636421203613,20.58335876464844,0.8233343362808228,0.2137814462184906,12.691670417785645,0.507666826248169,0.0,0.0,2.0,2.0,0.2670172112053638,0
/home/daplab/30006664/kv_allindia_dec2023/audios/ak_3-b-49_kv_kv-drdo-kanchan-bagh_04122023-000000-1_HI-KV-002_2.wav,खाने,खाने,c,12.24,12.84,kh AA n ee,kh AA n ee,0.0,kh AA n ee *,kh AA n ee,612.0,642.0,30.0,-0.0192502588033676,-0.057695772498846,-0.0019231924088671,-0.5766510367393494,-7.0455641746521,-0.234852135181427,3.0283630621852357e-05,0.3446502685546875,0.0114883426576852,0.534802258014679,32.608116149902344,1.0869371891021729,0.9924888610839844,29.977466583251957,0.9992488622665404,0.7411763668060303,25.8149356842041,0.8604978322982788,0.003636633278802,2.619570732116699,0.0873190239071846,0.90503990650177,28.735675811767575,0.9578558802604676,0.0766305848956108,11.570808410644531,0.385693609714508,0.6488629579544067,24.278732299804688,0.8092910647392273,0.2257619798183441,14.289877891540527,0.4763292670249939,0.0,0.0,4.0,4.0,0.2670172112053638,0
/home/daplab/30006664/kv_allindia_dec2023/audios/ak_3-b-49_kv_kv-drdo-kanchan-bagh_04122023-000000-1_HI-KV-002_2.wav,पर,पर,c,12.84,13.17,p aa r,p aa r,0.0,p aa r *,p aa r,642.0,659.0,17.0,-0.5873443484306335,-1.320703148841858,-0.077688418328762,-1.0612773895263672,-5.63717794418335,-0.331598699092865,1.4709062270412687e-05,1.957074522972107,0.1151220276951789,0.4885230958461761,20.13094139099121,1.1841729879379272,0.7863452434539795,16.515853881835938,0.9715208411216736,0.7382181882858276,14.439537048339844,0.8493845462799072,0.0034105177037417,1.4292504787445068,0.0840735584497451,0.8718719482421875,16.134008407592773,0.9490593075752258,0.031242236495018,5.936110973358154,0.3491829931735992,0.5811878442764282,13.354232788085938,0.7855430841445923,0.1671623289585113,7.578285694122314,0.4457814991474151,0.0,0.0,3.0,3.0,0.2670172112053638,0
/home/daplab/30006664/kv_allindia_dec2023/audios/ak_3-b-49_kv_kv-drdo-kanchan-bagh_04122023-000000-1_HI-KV-002_2.wav,निर्भर,निर्भर,c,13.17,13.86,n ii r bh aa r,n ii r bh aa r,0.0,n ii r bh aa r *,n ii r bh aa r,658.0,693.0,35.0,-0.5873443484306335,-1.440322756767273,-0.0411520786583423,-1.0411794185638428,-10.983293533325195,-0.3138083815574646,1.479616366850678e-05,2.8454396724700928,0.0812982767820358,0.4807777106761932,42.299896240234375,1.208568453788757,0.7863452434539795,34.46194076538086,0.9846268892288208,0.6651227474212646,29.57955741882324,0.845130205154419,0.0006981157348491,2.7600646018981934,0.0788589864969253,0.8458597660064697,33.206764221191406,0.9487646818161012,0.015457852743566,12.009953498840332,0.3431415259838104,0.5364502668380737,27.44422912597656,0.7841208577156067,0.1364133656024933,15.432729721069336,0.4409351348876953,0.0,0.0,6.0,6.0,0.2670172112053638,0
/home/daplab/30006664/kv_allindia_dec2023/audios/ak_3-b-49_kv_kv-drdo-kanchan-bagh_04122023-000000-1_HI-KV-002_2.wav,था,था,c,13.86,14.31,th AA,th AA,0.0,th AA,th AA,693.0,716.0,23.0,-0.5861771106719971,-0.666886568069458,-0.0289950687438249,-0.9348183870315552,-5.441341400146484,-0.2365800589323043,1.0707475667004474e-05,1.0533195734024048,0.0457965023815631,0.4767464101314544,23.368114471435547,1.0160049200057983,0.7867395281791687,22.755334854125977,0.989362359046936,0.729743242263794,19.97120857238769,0.8683134317398071,0.0028375778347253,2.137736558914185,0.0929450690746307,0.8939152956008911,22.076459884643555,0.9598460793495178,0.0567164421081543,9.341928482055664,0.4061708152294159,0.6245700120925903,18.793102264404297,0.8170914053916931,0.202844962477684,11.31081771850586,0.4917746782302856,0.0,0.0,2.0,2.0,0.2670172112053638,0
/home/daplab/30006664/kv_allindia_dec2023/audios/ak_3-b-49_kv_kv-drdo-kanchan-bagh_04122023-000000-1_HI-KV-002_2.wav,अब,अब,c,15.63,16.08,aa b,aa b,0.0,aa b *,aa b,781.0,804.0,23.0,-0.5058488845825195,-0.5850842595100403,-0.0254384465515613,-0.7795730233192444,-6.277650833129883,-0.2729413509368896,3.027859202120453e-05,1.079566478729248,0.0469376742839813,0.6300393342971802,25.93349838256836,1.1275434494018557,0.8141494393348694,22.78326797485352,0.9905768632888794,0.7261711359024048,19.67427062988281,0.8554030656814575,0.0026259215082973,1.870310664176941,0.0813178569078445,0.8965145945549011,21.940622329711918,0.9539400935173036,0.0608479753136634,8.546687126159668,0.3715950846672058,0.6300867795944214,18.37993621826172,0.7991276383399963,0.207851842045784,10.65682601928711,0.4633402526378631,0.0,0.0,2.0,2.0,0.2670172112053638,0
/home/daplab/30006664/kv_allindia_dec2023/audios/ak_3-b-49_kv_kv-drdo-kanchan-bagh_04122023-000000-1_HI-KV-002_2.wav,उनके,उनके,c,16.2,16.77,uu n aa k ee,uu n aa k ee,0.0,uu n aa k ee *,uu n aa k ee,810.0,839.0,29.0,-0.2612853646278381,-0.4759221076965332,-0.0164111070334911,-0.8244288563728333,-7.344518184661865,-0.2532592415809631,1.2012615115963854e-05,1.2112135887145996,0.041765984147787,0.4692619442939758,31.501352310180664,1.0862535238265991,0.9010711908340454,28.818721771240234,0.9937490224838256,0.7497909665107727,24.953718185424805,0.8604730367660522,0.0043841828592121,2.722664833068848,0.0938849970698356,0.8905749320983887,27.737972259521484,0.9564818143844604,0.0518163070082664,11.248988151550291,0.3878961503505707,0.6176146268844604,23.40248680114746,0.8069822788238525,0.1966907829046249,13.85168743133545,0.4776443839073181,0.0,0.0,5.0,5.0,0.2670172112053638,0
/home/daplab/30006664/kv_allindia_dec2023/audios/ak_3-b-49_kv_kv-drdo-kanchan-bagh_04122023-000000-1_HI-KV-002_2.wav,पास,पास,c,16.77,17.37,p AA s,p AA s,0.0,p AA s *,p AA s,838.0,869.0,31.0,-0.5567272305488586,-0.9094640016555786,-0.0293375477194786,-0.8542360067367554,-7.348097801208496,-0.2370354086160659,1.4339980225486215e-05,1.5319063663482666,0.0494163334369659,0.5112926959991455,31.052614212036133,1.0016971826553345,0.7967245578765869,30.66302299499512,0.9891297817230223,0.7141120433807373,26.912145614624023,0.8681337237358093,0.0020212987437844,3.348421812057495,0.1080136075615882,0.8893886208534241,29.739917755126957,0.9593521952629088,0.0501798503100872,13.206207275390623,0.4260066747665405,0.6151795387268066,25.40715217590332,0.8195855617523193,0.1945771276950836,15.681073188781738,0.505841076374054,0.0,0.0,3.0,3.0,0.2670172112053638,0
/home/daplab/30006664/kv_allindia_dec2023/audios/ak_3-b-49_kv_kv-drdo-kanchan-bagh_04122023-000000-1_HI-KV-002_2.wav,खाने,खाने,c,17.46,17.97,kh AA n ee,kh AA n ee,0.0,kh AA n ee *,kh AA n ee,873.0,899.0,26.0,-0.2412735968828201,-0.3575394749641418,-0.0137515179812908,-0.7553814053535461,-7.020787715911865,-0.2700302898883819,1.843433710746467e-05,1.0327004194259644,0.039719246327877,0.518825888633728,29.86508560180664,1.1486570835113523,0.908421754837036,25.863262176513672,0.9947408437728882,0.7465106248855591,22.190967559814453,0.8534987568855286,0.0040829414501786,2.1498019695281982,0.082684688270092,0.8935753107070923,24.798185348510746,0.9537763595581056,0.0561972260475158,9.432846069335938,0.3628017604351043,0.6238553524017334,20.7239933013916,0.7970766425132751,0.2022045105695724,11.90407943725586,0.4578492045402527,0.0,0.0,4.0,4.0,0.2670172112053638,0
/home/daplab/30006664/kv_allindia_dec2023/audios/ak_3-b-49_kv_kv-drdo-kanchan-bagh_04122023-000000-1_HI-KV-002_2.wav,के,के,c,17.97,18.15,k ee,k ee,0.0,k ee *,k ee,898.0,908.0,10.0,-0.1035480871796608,-0.1799506247043609,-0.0179950632154941,-0.6368207335472107,-3.122159004211426,-0.3122158944606781,2.8057434974471107e-05,0.6580457091331482,0.0658045709133148,0.5037789344787598,12.35733127593994,1.235733151435852,0.960019588470459,9.930269241333008,0.9930269122123718,0.7776951193809509,8.485433578491211,0.8485433459281921,0.0080329151824116,0.6576151847839355,0.0657615214586258,0.9155349135398864,9.50144386291504,0.9501444101333618,0.1017882749438285,3.1049487590789795,0.3104948699474334,0.6735634803771973,7.802720546722412,0.7802720665931702,0.2515115737915039,4.1966166496276855,0.419661670923233,0.0,0.0,2.0,2.0,0.2670172112053638,0
/home/daplab/30006664/kv_allindia_dec2023/audios/ak_3-b-49_kv_kv-drdo-kanchan-bagh_04122023-000000-1_HI-KV-002_2.wav,लिए,लिए,c,18.15,18.48,l ii ee,l ii ee,0.0,* l ii ee *,l ii ee,907.0,924.0,17.0,-0.4574960470199585,-0.4732069671154022,-0.0278357043862342,-0.846580982208252,-5.148570537567139,-0.3028571009635925,7.39097231416963e-05,0.7769965529441833,0.0457056798040866,0.551256537437439,21.905242919921875,1.288543701171875,0.8309158682823181,16.82477378845215,0.9896925687789916,0.7741613388061523,14.267742156982422,0.8392789363861084,0.0074399304576218,0.8851410746574402,0.0520671233534812,0.9039500951766968,16.13823890686035,0.9493081569671632,0.0744044259190559,5.054500102996826,0.2973235249519348,0.6464017629623413,13.198765754699709,0.7763980031013489,0.2233354747295379,6.955240249633789,0.4091317653656006,0.0,0.0,3.0,3.0,0.2670172112053638,0
/home/daplab/30006664/kv_allindia_dec2023/audios/ak_3-b-49_kv_kv-drdo-kanchan-bagh_04122023-000000-1_HI-KV-002_2.wav,कुछ,कुछ,c,18.48,18.84,k uu ch,k uu ch,0.0,k uu ch *,k uu ch,924.0,942.0,18.0,-0.0300699807703495,-0.0884838849306106,-0.0049157715402543,-0.6349958777427673,-5.189785957336426,-0.2883214354515075,1.3569704606197774e-05,0.4440828859806061,0.024671271443367,0.4818391501903534,22.58234405517578,1.2545746564865112,0.9882830381393432,17.965490341186523,0.9980828166007996,0.733169674873352,15.10297679901123,0.83905428647995,0.0030566130299121,1.2025617361068726,0.0668089836835861,0.8977947235107422,17.087270736694336,0.9492928385734558,0.0629918724298477,5.881069183349609,0.3267260789871216,0.6328381299972534,14.07038688659668,0.7816881537437439,0.2103913426399231,7.735646724700928,0.4297581613063812,0.0,0.0,3.0,3.0,0.2670172112053638,0
/home/daplab/30006664/kv_allindia_dec2023/audios/ak_3-b-49_kv_kv-drdo-kanchan-bagh_04122023-000000-1_HI-KV-002_2.wav,नही,नही,c,18.84,19.23,n aa hh II,n aa hh II q,1.0,* n aa hh II q *,n aa hh II q,942.0,962.0,20.0,-0.2636840939521789,-0.8170604705810547,-0.0408530235290527,-0.8351556062698364,-7.913308620452881,-0.3956654369831085,5.775054160039872e-05,2.217064619064331,0.1108532324433326,0.519169807434082,28.69355583190918,1.4346778392791748,0.9001925587654114,19.688018798828125,0.9844009280204772,0.6922760009765625,16.416967391967773,0.8208483457565308,0.0012584483483806,0.9663217663764954,0.0483160875737667,0.8708614110946655,18.75262451171875,0.9376312494277954,0.0303997993469238,5.006444931030273,0.2503222525119781,0.5793306827545166,14.90332317352295,0.7451661825180054,0.1657712012529373,7.376692771911621,0.3688346445560455,1.4172657424106416,1.0,4.0,5.0,0.1414624728823706,0
/home/daplab/30006664/kv_allindia_dec2023/audios/ak_3-b-49_kv_kv-drdo-kanchan-bagh_04122023-000000-1_HI-KV-002_2.wav,था,था,c,19.23,19.68,th AA,th AA,0.0,* th AA *,th AA,961.0,984.0,23.0,-0.1073305606842041,-0.1828266680240631,-0.0079489853233098,-0.581235408782959,-5.322741985321045,-0.2314235717058181,1.1642507161013782e-05,0.6703492999076843,0.029145622625947,0.4719059467315674,24.097766876220703,1.0477290153503418,0.9585785269737244,22.929197311401367,0.9969215989112854,0.7455294132232666,19.8886661529541,0.8647246360778809,0.0039969161152839,2.0824992656707764,0.0905434489250183,0.9143574833869934,22.064674377441406,0.9593336582183838,0.0985973700881004,9.059386253356934,0.3938863575458526,0.6706975698471069,18.714149475097656,0.8136586546897888,0.248389258980751,11.117864608764648,0.4833854138851166,0.0,0.0,2.0,2.0,0.2670172112053638,0
/home/daplab/30006664/kv_allindia_dec2023/audios/ak_3-b-49_kv_kv-drdo-kanchan-bagh_04122023-000000-1_HI-KV-002_2.wav,और,और,c,20.01,20.37,OO r,OO r,0.0,OO r *,OO r,1000.0,1019.0,19.0,-0.0438313595950603,-0.0842550918459892,-0.0044344784691929,-0.64458167552948,-4.488943099975586,-0.2362601608037948,2.119751661666669e-05,0.4033213853836059,0.021227441728115,0.5300453901290894,20.38453865051269,1.0728704929351809,0.9829501509666444,18.967174530029297,0.9982723593711852,0.7452445030212402,16.330507278442383,0.8595004081726074,0.0039722807705402,1.6669100522994995,0.0877321064472198,0.8993108868598938,18.190563201904297,0.9573980569839478,0.0656291991472244,7.473869323730469,0.3933615386486053,0.6361273527145386,15.386319160461426,0.8098062872886658,0.2134648412466049,9.144692420959473,0.4812996089458465,0.0,0.0,2.0,2.0,0.2670172112053638,0
/home/daplab/30006664/kv_allindia_dec2023/audios/ak_3-b-49_kv_kv-drdo-kanchan-bagh_04122023-000000-1_HI-KV-002_2.wav,न,न,c,20.37,20.52,n,n,1.0,* n,n,1018.0,1026.0,8.0,-0.0584620237350463,-0.1039906293153762,-0.012998828664422,-0.6779719591140747,-2.0732414722442627,-0.2591551840305328,2.5850982638075948e-05,0.4159382581710815,0.0519922822713851,0.5265514254570007,8.374051094055176,1.046756386756897,0.9773003458976746,7.959586143493652,0.9949482679367064,0.7503215074539185,6.918516159057617,0.8648145198822021,0.0044349487870931,0.8268453478813171,0.1033556684851646,0.8985300660133362,7.652462959289551,0.9565578699111938,0.0642574504017829,3.228383302688598,0.4035479128360748,0.6344292163848877,6.479002952575684,0.8098753690719604,0.2118729650974273,3.909667491912842,0.4887084364891052,0.0,0.0,1.0,1.0,0.2670172112053638,0
/home/daplab/30006664/kv_allindia_dec2023/audios/ak_3-b-49_kv_kv-drdo-kanchan-bagh_04122023-000000-1_HI-KV-002_2.wav,ही,ही,c,20.76,21.18,hh II,hh II,0.0,* hh II *,hh II,1038.0,1059.0,21.0,-0.0465926565229892,-0.0881593227386474,-0.0041980631649494,-0.5933058261871338,-5.199320316314697,-0.2475866824388504,2.6760928449220955e-05,0.4332126975059509,0.0206291768699884,0.4960671663284302,23.536699295043945,1.1207952499389648,0.9818822145462036,20.96564674377441,0.9983641505241394,0.7499085664749146,18.004993438720703,0.8573806285858154,0.0043953880667686,1.6088907718658447,0.0766138434410095,0.9054080247879028,20.08824157714844,0.9565829038619996,0.0773974508047103,7.636532783508301,0.3636444211006164,0.6496984958648682,16.85967445373535,0.8028416633605957,0.2265912592411041,9.659470558166504,0.4599747955799103,0.0,0.0,2.0,2.0,0.2670172112053638,0
/home/daplab/30006664/kv_allindia_dec2023/audios/ak_3-b-49_kv_kv-drdo-kanchan-bagh_04122023-000000-1_HI-KV-002_2.wav,वो,<eps>,d,,,w oo,,,,,,,,,,,,,,,,,,,,,,,,,,,,,,,,,,,,,,,,,,,,,0.9210397588221279,1
/home/daplab/30006664/kv_allindia_dec2023/audios/ak_3-b-49_kv_kv-drdo-kanchan-bagh_04122023-000000-1_HI-KV-002_2.wav,अपने,अपने,c,21.18,21.69,aa p aa n ee,aa p aa n ee,0.0,aa p aa n ee *,aa p aa n ee,1059.0,1085.0,26.0,-0.3248762190341949,-0.5517048835754395,-0.0212194193154573,-0.7300963401794434,-7.983559608459473,-0.3070599734783172,1.0539446520851923e-05,1.531780242919922,0.0589146241545677,0.4786088764667511,31.81755256652832,1.2237520217895508,0.8779561519622803,25.789852142333984,0.991917371749878,0.7573187351226807,22.02153205871582,0.8469820022583008,0.0051621980965137,1.921536207199097,0.073905237019062,0.8980175852775574,24.695093154907227,0.9498112797737122,0.063372865319252,8.572053909301758,0.329694390296936,0.633319616317749,20.35904312133789,0.7830401062965393,0.2108386904001236,11.25570583343506,0.43291175365448,0.0,0.0,5.0,5.0,0.2670172112053638,0
/home/daplab/30006664/kv_allindia_dec2023/audios/ak_3-b-49_kv_kv-drdo-kanchan-bagh_04122023-000000-1_HI-KV-002_2.wav,लिए,लिए,c,21.69,22.05,l ii ee,l ii ee,0.0,* l ii ee *,l ii ee,1084.0,1103.0,19.0,-0.1076495945453643,-0.2376806437969207,-0.0125095071271061,-0.7068801522254944,-5.594574451446533,-0.2944512963294983,4.310242002247833e-05,0.8658915162086487,0.0455732382833957,0.6291354298591614,23.336105346679688,1.2282160520553589,0.9584571719169616,18.90794563293457,0.9951550364494324,0.7385512590408325,16.07425880432129,0.846013605594635,0.0034352594520896,1.2389637231826782,0.065208613872528,0.8962315917015076,18.05721092224121,0.9503795504570008,0.0603839270770549,6.202074527740479,0.3264249861240387,0.6294815540313721,14.894166946411133,0.7839035391807556,0.207297071814537,8.165105819702148,0.4297424256801605,0.0,0.0,3.0,3.0,0.2670172112053638,0
/home/daplab/30006664/kv_allindia_dec2023/audios/ak_3-b-49_kv_kv-drdo-kanchan-bagh_04122023-000000-1_HI-KV-002_2.wav,खाना,खाना,c,23.43,23.91,kh AA n AA,kh AA n AA,0.0,kh AA n AA *,kh AA n AA,1171.0,1196.0,25.0,-0.1217406019568443,-0.333507776260376,-0.0133403111249208,-0.6624925136566162,-7.396019458770752,-0.2958407700061798,3.394242958165705e-05,1.1964099407196045,0.0478563979268074,0.5569777488708496,30.431758880615234,1.2172703742980957,0.9531015157699584,24.87093734741211,0.994837522506714,0.738563060760498,21.13690948486328,0.8454763889312744,0.003436139319092,1.824108362197876,0.0729643329977989,0.9081125259399414,23.751039505004883,0.9500415921211244,0.0832720398902893,8.44191837310791,0.3376767337322235,0.6559033393859863,19.628257751464844,0.7851303219795227,0.2328391075134277,10.934826850891112,0.4373930692672729,0.0,0.0,4.0,4.0,0.2670172112053638,0
/home/daplab/30006664/kv_allindia_dec2023/audios/ak_3-b-49_kv_kv-drdo-kanchan-bagh_04122023-000000-1_HI-KV-002_2.wav,जुटाने,जुटाने,c,23.91,24.54,j uu T AA n ee,j uu T AA n ee,0.0,* j uu T AA n ee *,j uu T AA n ee,1195.0,1227.0,32.0,-0.1962186247110366,-0.4742645919322967,-0.0148207684978842,-0.7026012539863586,-9.926776885986328,-0.3102117776870727,2.020086503762286e-05,1.659320831298828,0.0518537759780883,0.5031341910362244,39.484405517578125,1.2338876724243164,0.9251060485839844,31.817035675048828,0.994282364845276,0.7048913240432739,26.99702453613281,0.8436570167541504,0.0016547364648431,2.4604146480560303,0.0768879577517509,0.8872366547584534,30.342159271240234,0.9481924772262572,0.0473421290516853,10.75918674468994,0.3362245857715606,0.6108081340789795,25.00504493713379,0.7814076542854309,0.1908350139856338,13.933405876159668,0.4354189336299896,0.0,0.0,6.0,6.0,0.2670172112053638,0
/home/daplab/30006664/kv_allindia_dec2023/audios/ak_3-b-49_kv_kv-drdo-kanchan-bagh_04122023-000000-1_HI-KV-002_2.wav,के,के,c,24.54,24.87,k ee,k ee,0.0,k ee *,k ee,1227.0,1244.0,17.0,-0.1847168356180191,-0.1886509954929351,-0.0110971173271536,-0.6433684825897217,-3.396615028381348,-0.1998008787631988,1.3876566299586555e-05,0.4887459874153137,0.0287497639656066,0.4754069447517395,15.909066200256348,0.9358274340629578,0.9293956160545348,16.9278564453125,0.9957562685012816,0.7652977108955383,14.932228088378906,0.8783663511276245,0.0061380863189697,1.8896552324295044,0.1111561879515647,0.921406865119934,16.396686553955078,0.964510977268219,0.1193114966154098,7.45982551574707,0.4388132691383362,0.688243567943573,14.14370822906494,0.8319828510284424,0.2680899798870086,8.820404052734375,0.5188472867012024,0.0,0.0,2.0,2.0,0.2670172112053638,0
/home/daplab/30006664/kv_allindia_dec2023/audios/ak_3-b-49_kv_kv-drdo-kanchan-bagh_04122023-000000-1_HI-KV-002_2.wav,लिए,लिए,c,24.87,25.35,l ii ee,l ii ee,0.0,* l ii ee *,l ii ee,1243.0,1268.0,25.0,-0.4601840376853943,-1.050142526626587,-0.0420057028532028,-0.9789134860038756,-6.995713233947754,-0.2798285186290741,1.810170579119585e-05,1.9414916038513184,0.0776596665382385,0.5011661648750305,27.823627471923828,1.1129450798034668,0.8299784660339355,24.60745048522949,0.9842979907989502,0.7226895093917847,21.46137046813965,0.8584548234939575,0.0024348336737602,2.0437495708465576,0.0817499831318855,0.8696721196174622,23.8657341003418,0.954629361629486,0.0294373221695423,9.183979034423828,0.3673591613769531,0.5771583318710327,19.996559143066406,0.7998623847961426,0.1641572266817093,11.534052848815918,0.4613621234893799,0.0,0.0,3.0,3.0,0.2670172112053638,0
/home/daplab/30006664/kv_allindia_dec2023/audios/ak_3-b-49_kv_kv-drdo-kanchan-bagh_04122023-000000-1_HI-KV-002_2.wav,कुछ,कुछ,c,25.65,25.98,k uu ch,k uu ch,0.0,k uu ch *,k uu ch,1282.0,1299.0,17.0,-0.6906105279922485,-1.2403934001922607,-0.0729643180966377,-1.1635425090789795,-6.154750823974609,-0.3620441555976867,2.1037803890067156e-05,2.0631678104400635,0.1213628128170967,0.4986995458602905,22.06706047058105,1.2980623245239258,0.7519175410270691,16.542213439941406,0.9730713963508606,0.6676048040390015,14.148512840270996,0.8322654366493225,0.0007367495563812,1.1604323387145996,0.0682607293128967,0.8471923470497131,16.02457618713379,0.9426221251487732,0.0160252414643764,5.357138633728027,0.3151257932186126,0.5385993123054504,13.044404029846191,0.7673178911209106,0.1377657502889633,7.083088397979736,0.4166522622108459,0.0,0.0,3.0,3.0,0.2670172112053638,0
/home/daplab/30006664/kv_allindia_dec2023/audios/ak_3-b-49_kv_kv-drdo-kanchan-bagh_04122023-000000-1_HI-KV-002_2.wav,करते,करते,c,27.03,27.54,k aa r aa t ee,k aa r aa t ee,0.0,k aa r aa t ee,k aa r aa t ee,1351.0,1377.0,26.0,-0.1263104826211929,-0.2720440030097961,-0.0104632312431931,-0.8133804798126221,-7.267293930053711,-0.2795113027095794,1.5047115084598772e-05,1.0038801431655884,0.0386107750236988,0.5131233334541321,30.09079360961914,1.157338261604309,0.9513687491416932,25.89474296569824,0.9959516525268556,0.7460634708404541,22.199745178222656,0.8538363575935364,0.0040435078553855,2.3125100135803223,0.0889426916837692,0.8842303156852722,24.769887924194336,0.9526879787445068,0.043644443154335,9.48397159576416,0.3647681474685669,0.6047974824905396,20.67482566833496,0.7951856255531311,0.1857972741127014,11.939638137817385,0.4592168629169464,0.0,0.0,6.0,6.0,0.2670172112053638,0
/home/daplab/30006664/kv_allindia_dec2023/audios/ak_3-b-49_kv_kv-drdo-kanchan-bagh_04122023-000000-1_HI-KV-002_2.wav,है,है,c,27.54,27.99,hh ee,hh ee q,1.0,* hh ee q *,hh ee q,1377.0,1400.0,23.0,-0.5452513694763184,-1.6521979570388794,-0.0718346908688545,-1.0171297788619995,-8.82512378692627,-0.3837010264396667,1.1558146979950834e-05,3.2780303955078125,0.1425230652093887,0.4892238080501556,29.81333923339844,1.2962321043014526,0.8006355166435242,22.38113594055176,0.9730928540229796,0.7295850515365601,19.300878524780277,0.8391686081886292,0.0028278513345867,1.5654265880584717,0.0680620223283767,0.8743100166320801,21.69233512878418,0.9431449770927428,0.0333722233772277,6.800918102264404,0.2956920862197876,0.5857126116752625,17.572507858276367,0.7640220522880554,0.1705961525440216,9.298521041870115,0.4042835235595703,1.4172657424106416,1.0,2.0,3.0,0.1414624728823706,0
/home/daplab/30006664/kv_allindia_dec2023/audios/ak_3-b-49_kv_kv-drdo-kanchan-bagh_04122023-000000-1_HI-KV-002_2.wav,एक,एक,c,28.29,28.68,ee k,ee k,0.0,ee k *,ee k,1414.0,1434.0,20.0,-0.4390349984169006,-0.7186378836631775,-0.0359318926930427,-0.9173187613487244,-4.820751190185547,-0.2410375624895095,2.165318073821254e-05,1.2875268459320068,0.0643763393163681,0.5072660446166992,19.916976928710938,0.995848834514618,0.8373709321022034,19.73162269592285,0.9865811467170716,0.747144341468811,17.428668975830078,0.871433436870575,0.0041394778527319,2.0955557823181152,0.1047777906060218,0.8786975145339966,19.196672439575195,0.9598336219787598,0.0375776030123233,8.3900785446167,0.4195039272308349,0.5940161943435669,16.3905029296875,0.8195251226425171,0.1770648956298828,10.03317928314209,0.5016589760780334,0.0,0.0,2.0,2.0,0.2670172112053638,0
/home/daplab/30006664/kv_allindia_dec2023/audios/ak_3-b-49_kv_kv-drdo-kanchan-bagh_04122023-000000-1_HI-KV-002_2.wav,दिन,दिन,c,28.68,29.07,d ii n,d ii n,0.0,d ii n *,d ii n,1434.0,1454.0,20.0,-0.673981249332428,-0.7751196026802063,-0.0387559793889522,-1.0163555145263672,-5.820725440979004,-0.2910362780094147,1.996660648728721e-05,1.1844992637634275,0.0592249631881713,0.4782223999500274,23.015872955322266,1.1507936716079712,0.7574015855789185,19.71798324584961,0.9858991503715516,0.7400149703025818,17.08405113220215,0.8542025685310364,0.0035461271181702,1.7376962900161743,0.0868848115205764,0.8820724487304688,19.05456924438477,0.9527284502983092,0.0411697663366794,7.237608432769775,0.3618804216384887,0.6005502939224243,15.896785736083984,0.7948392629623413,0.1823113560676574,9.14015293121338,0.4570076465606689,0.0,0.0,3.0,3.0,0.2670172112053638,0
/home/daplab/30006664/kv_allindia_dec2023/audios/ak_3-b-49_kv_kv-drdo-kanchan-bagh_04122023-000000-1_HI-KV-002_2.wav,भूख,भूख,c,29.52,30.09,bh UU kh,bh UU kh,0.0,bh UU kh *,bh UU kh,1476.0,1505.0,29.0,-0.6044226884841919,-1.0609210729599,-0.036583486944437,-1.1358637809753418,-9.350890159606934,-0.3224444985389709,2.361534279771149e-05,2.1189866065979004,0.0730685070157051,0.5521618127822876,35.924312591552734,1.2387694120407104,0.7805898785591125,28.60529899597168,0.9863896369934082,0.6778264045715332,24.265527725219727,0.8367423415184021,0.0009197166073136,2.159045696258545,0.0744498521089553,0.8490704894065857,27.40780639648437,0.945096790790558,0.0168604422360658,10.099135398864746,0.3482460379600525,0.5416523218154907,22.584171295166016,0.778764545917511,0.1397074609994888,12.76637077331543,0.4402196705341339,0.0,0.0,3.0,3.0,0.2670172112053638,0
/home/daplab/30006664/kv_allindia_dec2023/audios/ak_3-b-49_kv_kv-drdo-kanchan-bagh_04122023-000000-1_HI-KV-002_2.wav,से,से,c,30.09,30.66,s ee,kh s ee,1.0,* s ee *,s ee,1504.0,1533.0,29.0,-0.5460370182991028,-0.6167106628417969,-0.02126588486135,-0.9316333532333374,-6.772791862487793,-0.2335445433855056,1.3395540918281768e-05,1.0256221294403076,0.0353662818670272,0.4786221981048584,30.057416915893555,1.036462664604187,0.8003674149513245,28.7728214263916,0.99216628074646,0.7438518404960632,25.10995864868164,0.865860641002655,0.0038540284149348,2.777336835861206,0.0957702323794364,0.8912065625190735,27.823558807373047,0.9594330787658693,0.0527092367410659,11.706069946289062,0.4036575853824615,0.6189185380935669,23.654396057128903,0.8156688213348389,0.1978311985731125,14.219422340393066,0.4903249144554138,0.0,0.0,2.0,2.0,0.2670172112053638,0
/home/daplab/30006664/kv_allindia_dec2023/audios/ak_3-b-49_kv_kv-drdo-kanchan-bagh_04122023-000000-1_HI-KV-002_2.wav,बेहाल,बेहाल,c,30.81,31.65,b ee hh AA l,b ee hh AA l,0.0,b ee hh AA l *,b ee hh AA l,1540.0,1583.0,43.0,-0.6280720829963684,-1.3837589025497437,-0.0321804396808147,-1.0619752407073977,-11.567667961120604,-0.2690155208110809,2.0440504158614203e-05,2.816251516342163,0.0654942244291305,0.5223417282104492,45.68852996826172,1.0625239610671997,0.7726608514785767,42.483985900878906,0.987999677658081,0.726028323173523,37.106292724609375,0.8629370331764221,0.0026177978143095,4.251068115234375,0.0988620519638061,0.8720868825912476,41.09434509277344,0.9556824564933776,0.0314244180917739,17.127429962158203,0.3983123302459717,0.5815842151641846,34.719478607177734,0.8074297308921814,0.1674606204032898,20.812271118164062,0.4840063154697418,0.0,0.0,5.0,5.0,0.2670172112053638,0
/home/daplab/30006664/kv_allindia_dec2023/audios/ak_3-b-49_kv_kv-drdo-kanchan-bagh_04122023-000000-1_HI-KV-002_2.wav,होने,होने,c,31.98,32.52,hh oo n ee,hh oo n ee,0.0,hh oo n ee *,hh oo n ee,1599.0,1627.0,28.0,-0.066131979227066,-0.10149747133255,-0.0036249097902327,-0.6493266820907593,-5.968452453613281,-0.2131590098142624,2.2150605218485e-05,0.4434216618537903,0.0158364884555339,0.4907116591930389,28.238698959350582,1.008525013923645,0.9743468761444092,27.96053695678711,0.9985905885696412,0.7622231245040894,24.347524642944336,0.8695544600486755,0.0057419082149863,2.7730727195739746,0.0990383103489875,0.9045437574386596,26.92201805114746,0.961500644683838,0.0756088718771934,11.566396713256836,0.4130856096744537,0.6477401256561279,22.999839782714844,0.8214228749275208,0.2246519178152084,13.953779220581056,0.4983492493629455,0.0,0.0,4.0,4.0,0.2670172112053638,0
/home/daplab/30006664/kv_allindia_dec2023/audios/ak_3-b-49_kv_kv-drdo-kanchan-bagh_04122023-000000-1_HI-KV-002_2.wav,पर,पर,c,32.52,32.82,p aa r,p aa r,0.0,p aa r *,p aa r,1626.0,1641.0,15.0,-0.4065857827663421,-0.4572162330150604,-0.0304810814559459,-0.9645317792892456,-5.057819366455078,-0.3371879458427429,1.3904980733059348e-05,0.9429670572280884,0.0628644675016403,0.4849371910095215,19.58815574645996,1.3058770895004272,0.8487895131111145,14.82902717590332,0.988601803779602,0.7241288423538208,12.526771545410156,0.8351181149482727,0.0025120840873569,1.0966544151306152,0.0731102973222732,0.8735854625701904,14.168135643005373,0.9445423483848572,0.0327244438230991,4.725552082061768,0.315036803483963,0.5843613147735596,11.555001258850098,0.7703334093093872,0.1695639938116073,6.28334379196167,0.418889582157135,0.0,0.0,3.0,3.0,0.2670172112053638,0
/home/daplab/30006664/kv_allindia_dec2023/audios/ak_3-b-49_kv_kv-drdo-kanchan-bagh_04122023-000000-1_HI-KV-002_2.wav,टीकू,टीकू,c,32.82,33.33,T II k UU,T II q k UU,1.0,T II q k UU *,T II q k UU,1641.0,1667.0,26.0,-0.692450761795044,-0.781204879283905,-0.0300463419407606,-0.9650558233261108,-7.396836280822754,-0.2844937145709991,1.4720681065227836e-05,1.1319564580917358,0.0435367859899997,0.4969138503074646,30.872392654418945,1.1873997449874878,0.7513118982315063,25.71673583984375,0.989105224609375,0.74177086353302,22.04924774169922,0.8480479717254639,0.0036838580854237,2.0560457706451416,0.0790786817669868,0.8960021734237671,24.750465393066406,0.9519409537315368,0.060010340064764,9.129507064819336,0.3511348962783813,0.6289918422698975,20.57267951965332,0.7912569046020508,0.2068491131067276,11.669896125793455,0.4488421678543091,1.4172657424106416,1.0,4.0,5.0,0.1414624728823706,0
/home/daplab/30006664/kv_allindia_dec2023/audios/ak_3-b-49_kv_kv-drdo-kanchan-bagh_04122023-000000-1_HI-KV-002_2.wav,चिड़िया,चिड़िया,c,33.33,34.05,c ii D ii y AA,c ii D ii y AA,0.0,* c ii D ii y AA *,c ii D ii y AA,1666.0,1703.0,37.0,-0.5830978751182556,-1.128191590309143,-0.0304916650056839,-0.8409156203269958,-11.85745620727539,-0.3204717934131622,1.9241042537032627e-05,2.257019519805908,0.0610005259513855,0.5404174327850342,46.98363494873047,1.269827961921692,0.7877800464630127,36.58025360107422,0.9886555075645448,0.712827205657959,31.0794734954834,0.8399857878684998,0.0019657162483781,2.4112136363983154,0.0651679337024688,0.8921248912811279,35.05208206176758,0.9473535418510436,0.0540350042283535,11.6790771484375,0.3156507313251495,0.6208236217498779,28.71112823486328,0.7759764194488525,0.1995083838701248,15.556737899780272,0.4204523861408233,0.0,0.0,6.0,6.0,0.2670172112053638,0
/home/daplab/30006664/kv_allindia_dec2023/audios/ak_3-b-49_kv_kv-drdo-kanchan-bagh_04122023-000000-1_HI-KV-002_2.wav,के,के,c,34.05,34.44,k ee,k ee,0.0,k ee *,k ee,1702.0,1722.0,20.0,-0.2838796079158783,-0.304269939661026,-0.0152134969830513,-0.7077664136886597,-4.12828540802002,-0.2064142674207687,1.505362342868466e-05,0.6792248487472534,0.0339612439274787,0.4802368283271789,18.77481460571289,0.9387407302856444,0.8928161859512329,19.88485336303711,0.9942426681518556,0.7448453903198242,17.549135208129883,0.877456784248352,0.0039380299858748,2.283169269561768,0.1141584664583206,0.9134815335273744,19.274991989135746,0.9637495875358582,0.0962884947657585,8.832016944885254,0.4416008591651916,0.6685816049575806,16.61838150024414,0.830919086933136,0.2461072951555252,10.40781593322754,0.5203908085823059,0.0,0.0,2.0,2.0,0.2670172112053638,0
/home/daplab/30006664/kv_allindia_dec2023/audios/ak_3-b-49_kv_kv-drdo-kanchan-bagh_04122023-000000-1_HI-KV-002_2.wav,पिता,पास,s,34.44,34.98,p ii t AA,p AA s,3.0,p AA s *,p AA s,1721.0,1749.0,28.0,-0.2010031044483184,-0.2102353870868683,-0.0075084068812429,-0.7352370619773865,-5.352259159088135,-0.1911521106958389,1.474440887250239e-05,0.5450180172920227,0.0194649286568164,0.5164321064949036,25.94264411926269,0.9265230298042296,0.9233254790306092,27.91971778869629,0.9971327781677246,0.7013763189315796,24.546274185180664,0.8766526579856873,0.0015332114417105,3.0876359939575195,0.1102727130055427,0.8926206827163696,27.00320243835449,0.9644001126289368,0.0547646395862102,12.606294631958008,0.4502248167991638,0.6218568086624146,23.352771759033203,0.8340275883674622,0.2004235237836837,14.71791648864746,0.5256398916244507,11.592924266402424,3.0,4.0,3.0,0.8958769568003537,1
/home/daplab/30006664/kv_allindia_dec2023/audios/ak_3-b-49_kv_kv-drdo-kanchan-bagh_04122023-000000-1_HI-KV-002_2.wav,ने,एक,s,35.01,35.4,n ee,ee k,2.0,ee k *,ee k,1750.0,1770.0,20.0,-0.2752424776554107,-0.3074758648872375,-0.0153737934306263,-0.7850133776664734,-4.635465621948242,-0.2317732870578766,1.904630335047841e-05,0.7358433604240417,0.0367921665310859,0.5048132538795471,20.172786712646484,1.0086393356323242,0.8959662914276123,19.883384704589844,0.9941692352294922,0.737906277179718,17.36578369140625,0.8682891726493835,0.0033875110093504,2.2261061668396,0.1113053113222122,0.901284396648407,19.18963432312012,0.959481716156006,0.0692280530929565,8.506146430969238,0.4253073334693908,0.6404587030410767,16.390451431274414,0.8195225596427917,0.2175755947828292,10.123774528503418,0.5061887502670288,6.82153642727377,2.0,2.0,2.0,0.9042371229087113,1
/home/daplab/30006664/kv_allindia_dec2023/audios/ak_3-b-49_kv_kv-drdo-kanchan-bagh_04122023-000000-1_HI-KV-002_2.wav,कीड़ों,कीड़ों,c,36.0,36.63,k II D oo q,k II D oo q,0.0,k II D oo q *,k II D oo q,1800.0,1832.0,32.0,-0.3524369597434997,-0.6248092651367188,-0.0195252895355224,-0.8005785942077637,-9.977106094360352,-0.311784565448761,1.7015556295518763e-05,1.7893080711364746,0.0559158772230148,0.4643880128860473,39.98675155639648,1.24958598613739,0.8680517077445984,31.76213836669922,0.9925668239593506,0.7014096975326538,26.97129440307617,0.8428529500961304,0.0015343223931267,2.0933151245117188,0.0654160976409912,0.8725463151931763,30.34725570678711,0.9483517408370972,0.0318173915147781,10.255278587341309,0.3204774558544159,0.5824331045150757,24.92499542236328,0.7789061069488525,0.1681010425090789,13.5763521194458,0.4242610037326813,0.0,0.0,5.0,5.0,0.2670172112053638,0
/home/daplab/30006664/kv_allindia_dec2023/audios/ak_3-b-49_kv_kv-drdo-kanchan-bagh_04122023-000000-1_HI-KV-002_2.wav,का,का,c,36.63,37.14,k AA,k AA,0.0,k AA *,k AA,1831.0,1857.0,26.0,-0.1243074163794517,-0.2098031193017959,-0.0080693503841757,-0.6254845857620239,-5.079389572143555,-0.1953611373901367,1.023316781356698e-05,0.691953182220459,0.0266135837882757,0.4643880128860473,23.93066024780273,0.9204100370407104,0.9521280527114868,25.91897392272949,0.9968836307525636,0.770018994808197,22.828514099121094,0.8780197501182556,0.0068003195337951,2.987621784210205,0.1149085313081741,0.9167687892913818,25.07978630065918,0.9646071791648864,0.1052431091666221,11.66343116760254,0.4485934972763061,0.6765940189361572,21.68076515197754,0.8338755965232849,0.254853218793869,13.67268180847168,0.5258723497390747,0.0,0.0,2.0,2.0,0.2670172112053638,0
/home/daplab/30006664/kv_allindia_dec2023/audios/ak_3-b-49_kv_kv-drdo-kanchan-bagh_04122023-000000-1_HI-KV-002_2.wav,शिकार,फैसला,s,37.17,37.86,sh ii k AA r,ph ee s aa l AA,9.0,ph ee s aa l AA *,ph ee s aa l AA,1858.0,1893.0,35.0,-0.3608555793762207,-0.5635386109352112,-0.0161011032760143,-1.1320693492889404,-9.566116333007812,-0.2733176052570343,1.449383853469044e-05,1.6104775667190552,0.0460136458277702,0.5434118509292603,40.52068328857422,1.1577337980270386,0.8650397658348083,34.78653717041016,0.9939010739326476,0.6938718557357788,29.771360397338867,0.8506103157997131,0.0013027915265411,2.678797483444214,0.0765370726585388,0.8432450294494629,33.335960388183594,0.952455997467041,0.0144022721797227,12.647554397583008,0.3613587021827698,0.5322741270065308,27.823110580444336,0.794946014881134,0.1338189989328384,15.933966636657717,0.4552561938762665,32.44690140759842,6.0,5.0,6.0,0.9652740026361378,1
/home/daplab/30006664/kv_allindia_dec2023/audios/ak_3-b-49_kv_kv-drdo-kanchan-bagh_04122023-000000-1_HI-KV-002_2.wav,करने,करने,c,37.86,38.25,k aa r aa n ee,k aa r aa n ee,0.0,k aa r aa n ee *,k aa r aa n ee,1893.0,1913.0,20.0,-0.1428005397319793,-0.2672763168811798,-0.0133638158440589,-0.6834878325462341,-6.347136497497559,-0.3173568248748779,3.076325810980052e-05,0.9273486137390136,0.0463674291968345,0.4873058795928955,26.20941734313965,1.3104708194732666,0.9451323747634888,19.896778106689453,0.9948388934135436,0.7635794281959534,16.75335693359375,0.8376678228378296,0.0059134257026016,1.1262201070785522,0.0563110038638114,0.9074481725692748,18.94532966613769,0.9472664594650269,0.0817889049649238,5.845498085021973,0.2922748923301697,0.6543681621551514,15.42717456817627,0.7713587284088135,0.2312785685062408,8.091383934020996,0.4045692086219787,0.0,0.0,6.0,6.0,0.2670172112053638,0
/home/daplab/30006664/kv_allindia_dec2023/audios/ak_3-b-49_kv_kv-drdo-kanchan-bagh_04122023-000000-1_HI-KV-002_2.wav,का,का,c,38.25,38.4,k AA,k AA,0.0,* k AA *,k AA,1912.0,1920.0,8.0,-0.0562927462160587,-0.0582666285336017,-0.0072833285667002,-0.5933564305305481,-2.5213093757629395,-0.3151636719703674,0.0005218493752181,0.2332575619220733,0.0291571952402591,0.6892876625061035,11.230914115905762,1.4038642644882202,0.9781367778778076,7.977365016937256,0.997170627117157,0.7870848178863525,6.589400291442871,0.8236750364303589,0.0098484382033348,0.2967179119586944,0.0370897389948368,0.9156934022903442,7.559840202331543,0.9449800252914428,0.102225549519062,2.0482845306396484,0.256035566329956,0.6739511489868164,6.082013130187988,0.7602516412734985,0.2519367337226867,3.022857666015625,0.3778572082519531,0.0,0.0,2.0,2.0,0.2670172112053638,0
/home/daplab/30006664/kv_allindia_dec2023/audios/ak_3-b-49_kv_kv-drdo-kanchan-bagh_04122023-000000-1_HI-KV-002_2.wav,फैसला,शिकार,s,38.4,39.06,ph ee s aa l AA,sh ii k AA r,9.0,* sh ii k AA r *,sh ii k AA r,1920.0,1953.0,33.0,-0.1419517248868942,-0.2887038290500641,-0.0087486011907458,-0.7243534326553345,-8.534960746765137,-0.2586351633071899,1.262676960323006e-05,0.9773769974708556,0.0296174846589565,0.4944121241569519,36.880126953125,1.1175795793533323,0.945452868938446,32.88867950439453,0.9966266751289368,0.70143061876297,28.195636749267575,0.8544132113456726,0.0015350183239206,3.187351942062378,0.0965864211320877,0.8797388672828674,31.495258331298828,0.9544017910957336,0.0386512391269207,12.780582427978516,0.3872903883457184,0.5960185527801514,26.4902458190918,0.8027347326278687,0.1786577552556991,15.710756301879885,0.4760835170745849,30.6120150741138,6.0,6.0,5.0,0.9652740026361378,1
/home/daplab/30006664/kv_allindia_dec2023/audios/ak_3-b-49_kv_kv-drdo-kanchan-bagh_04122023-000000-1_HI-KV-002_2.wav,किया,किया,c,39.78,40.29,k ii y AA,k ii y AA,0.0,k ii y AA,k ii y AA,1989.0,2015.0,26.0,-0.2362708896398544,-0.2679516077041626,-0.0103058312088251,-0.891049325466156,-6.581408977508545,-0.2531311213970184,3.808380643022247e-05,0.7544523477554321,0.0290173981338739,0.54000324010849,29.802350997924805,1.1462442874908447,0.9102650284767152,25.89790153503418,0.9960731267929076,0.7398190498352051,22.18856811523437,0.8534064888954163,0.0035310795065015,1.822072505950928,0.0700797140598297,0.87940913438797,24.835006713867188,0.9551925659179688,0.0383079946041107,9.27132797241211,0.356589525938034,0.5953831672668457,20.774545669555664,0.7990210056304932,0.178150936961174,11.797115325927734,0.453735202550888,0.0,0.0,4.0,4.0,0.2670172112053638,0
/home/daplab/30006664/kv_allindia_dec2023/audios/ah_3-b-2_kv_kv-afs-begumpet_04122023-000000-1_HI-KV-001_1.wav,एक,एक,c,0.99,1.23,ee k,ee k,0.0,ee k *,ee k,49.0,62.0,13.0,-0.241015151143074,-0.7046799063682556,-0.0542061477899551,-0.8924270272254944,-5.514846324920654,-0.4242189526557922,7.748942152829841e-05,1.8211710453033447,0.1400900781154632,0.6326920986175537,18.828651428222656,1.4483578205108645,0.9085168838500975,12.73072910308838,0.9792868494987488,0.6518541574478149,10.633336067199709,0.8179489374160767,0.000523452181369,0.6782153844833374,0.0521704144775867,0.8546969890594482,12.132075309753418,0.9332365393638612,0.0196322277188301,3.43347430229187,0.2641133964061737,0.5509730577468872,9.622526168823242,0.7401943206787109,0.1457871943712234,4.859654426574707,0.3738195598125458,0.0,0.0,2.0,2.0,0.2670172112053638,0
/home/daplab/30006664/kv_allindia_dec2023/audios/ah_3-b-2_kv_kv-afs-begumpet_04122023-000000-1_HI-KV-001_1.wav,राजा,राजा,c,1.23,1.65,r AA j AA,r AA j AA,0.0,* r AA j AA,r AA j AA,61.0,83.0,22.0,-0.5807672142982483,-2.780409097671509,-0.1263822317123413,-1.5201531648635864,-17.637792587280273,-0.8017178177833557,0.0001623448188183,5.953542232513428,0.2706155478954315,0.9594480991363524,48.85245513916016,2.2205660343170166,0.7885681986808777,20.962461471557617,0.9528391361236572,0.4754348397254944,15.317231178283691,0.6962378025054932,1.1381180229363965e-05,0.2430951595306396,0.0110497800633311,0.7034667730331421,19.02007484436035,0.8645488619804382,0.0003283266560174,2.2568235397338867,0.1025828868150711,0.3629451990127563,13.137659072875977,0.5971662998199463,0.058493185788393,4.732722282409668,0.2151237428188324,0.0,0.0,4.0,4.0,0.2670172112053638,0
/home/daplab/30006664/kv_allindia_dec2023/audios/ah_3-b-2_kv_kv-afs-begumpet_04122023-000000-1_HI-KV-001_1.wav,था,था,c,1.65,1.89,th AA,AA,1.0,AA *,AA,82.0,95.0,13.0,-0.6941287517547607,-2.744755983352661,-0.2111350744962692,-2.1446573734283447,-14.091259956359863,-1.0839431285858154,0.0061849420890212,5.496038913726807,0.4227722287178039,2.1095104217529297,35.28785705566406,2.714450597763061,0.7507601380348206,11.987123489379885,0.9220864176750184,0.3285859823226928,7.935697555541992,0.6104382872581482,4.697503470652009e-07,0.0087579218670725,0.000673686270602,0.5334011912345886,10.540766716003418,0.8108282089233398,3.298850742794457e-06,0.2316669821739196,0.0178205370903015,0.23215913772583,6.518421173095703,0.5014170408248901,0.027190163731575,1.6317946910858154,0.1255226731300354,5.097849747918289,1.0,2.0,1.0,0.9549057070879844,1
/home/daplab/30006664/kv_allindia_dec2023/audios/ah_3-b-2_kv_kv-afs-begumpet_04122023-000000-1_HI-KV-001_1.wav,उसका,उसका,c,1.98,2.46,uu s aa k AA,uu ii s aa k AA,1.0,uu ii s aa k AA *,uu ii s aa k AA,99.0,123.0,24.0,-0.6588886380195618,-2.632131099700928,-0.1096721291542053,-1.3891218900680542,-11.353696823120115,-0.4730707108974457,2.0666249838541265e-05,4.673395156860352,0.1947247982025146,0.5141838788986206,35.08036804199219,1.4616819620132446,0.7623987793922424,23.029098510742188,0.9595457911491394,0.6102988123893738,19.47030067443848,0.8112625479698181,0.0002124394086422,1.4798080921173096,0.0616586692631244,0.7967014312744141,22.25788688659668,0.92741197347641,0.0040891515091061,6.569915771484375,0.2737464904785156,0.4656757712364197,17.588878631591797,0.7328699231147766,0.0978956148028373,9.047616004943848,0.3769840002059936,2.9361460578744576,1.0,5.0,6.0,0.49238185898533793,0
/home/daplab/30006664/kv_allindia_dec2023/audios/ah_3-b-2_kv_kv-afs-begumpet_04122023-000000-1_HI-KV-001_1.wav,एक,एक,c,2.46,2.73,ee k,ee k,0.0,ee k *,ee k,123.0,137.0,14.0,-0.1564116328954696,-0.261197566986084,-0.0186569690704345,-0.8359494805335999,-3.9403891563415527,-0.2814563810825348,4.794142296304926e-05,0.8080891370773315,0.0577206537127494,0.5253947377204895,16.08634376525879,1.1490246057510376,0.9400042295455932,13.899495124816896,0.9928210973739624,0.749428927898407,11.97315788269043,0.8552255630493164,0.0043498743325471,1.1570558547973633,0.0826468467712402,0.8841310143470764,13.34455108642578,0.9531822204589844,0.043527390807867,5.01973819732666,0.3585527241230011,0.6046007871627808,11.133366584777832,0.7952404618263245,0.185634583234787,6.365523815155029,0.4546802639961242,0.0,0.0,2.0,2.0,0.2670172112053638,0
/home/daplab/30006664/kv_allindia_dec2023/audios/ah_3-b-2_kv_kv-afs-begumpet_04122023-000000-1_HI-KV-001_1.wav,बडा,बडा,c,2.73,3.12,b aa D AA,b aa D AA,0.0,b aa D AA *,b aa D AA,136.0,156.0,20.0,-0.2032856494188308,-0.4086573123931885,-0.0204328652471303,-0.8695290684700012,-5.952245712280273,-0.2976122796535492,1.851793967944104e-05,1.217546463012695,0.0608773231506347,0.5281065702438354,23.28689193725586,1.1643445491790771,0.9224766492843628,19.843080520629883,0.9921540021896362,0.7166154384613037,17.013591766357422,0.8506795763969421,0.0021341433748602,1.803888320922852,0.0901944190263748,0.8705065846443176,19.006614685058597,0.9503307342529296,0.0301093962043523,7.338400363922119,0.3669200241565704,0.5786811113357544,15.826187133789062,0.7913093566894531,0.165287047624588,9.174137115478516,0.4587068557739258,0.0,0.0,4.0,4.0,0.2670172112053638,0
/home/daplab/30006664/kv_allindia_dec2023/audios/ah_3-b-2_kv_kv-afs-begumpet_04122023-000000-1_HI-KV-001_1.wav,सा,सा,c,3.12,3.36,s AA,s AA,0.0,* s AA *,s AA,156.0,168.0,12.0,-0.3086369633674621,-0.350791722536087,-0.0292326435446739,-0.8152174949645996,-4.032663822174072,-0.3360553085803985,1.867223545559682e-05,0.8211382627487183,0.0684281885623931,0.5078445076942444,15.55942153930664,1.2966184616088867,0.8838242888450623,11.867363929748535,0.9889469742774964,0.7256336212158203,10.03726291656494,0.8364385962486267,0.0025954684242606,0.8492476940155029,0.0707706436514854,0.8982604146003723,11.340506553649902,0.9450421929359436,0.0637905150651931,3.77304744720459,0.314420610666275,0.6338449716567993,9.253300666809082,0.7711083889007568,0.211327776312828,5.019318103790283,0.4182765185832977,0.0,0.0,2.0,2.0,0.2670172112053638,0
/home/daplab/30006664/kv_allindia_dec2023/audios/ah_3-b-2_kv_kv-afs-begumpet_04122023-000000-1_HI-KV-001_1.wav,राज्य,राज्य,c,3.36,3.87,r AA j y,r AA j y,0.0,* r AA j y *,r AA j y,168.0,194.0,26.0,-0.4854448139667511,-1.5004907846450806,-0.0577111840248107,-1.138252854347229,-11.294300079345703,-0.4343961477279663,2.3246893761097454e-05,3.5619864463806152,0.1369994729757309,0.5641012191772461,38.756797790527344,1.4906461238861084,0.821199893951416,25.43421173095703,0.9782389402389526,0.6974105834960938,21.15795516967773,0.8137674927711487,0.0014067807933315,1.120830774307251,0.0431088767945766,0.8475558757781982,24.239795684814453,0.9322998523712158,0.0161836147308349,6.223807334899902,0.2393772006034851,0.539188027381897,19.06715202331543,0.73335200548172,0.1381383091211319,9.275884628295898,0.3567647933959961,0.0,0.0,4.0,4.0,0.2670172112053638,0
/home/daplab/30006664/kv_allindia_dec2023/audios/ah_3-b-2_kv_kv-afs-begumpet_04122023-000000-1_HI-KV-001_1.wav,था,था,c,3.87,4.14,th AA,th AA,0.0,* th AA *,th AA,193.0,207.0,14.0,-0.3708686530590057,-0.4019266664981842,-0.0287090484052896,-0.7342575788497925,-4.365518093109131,-0.3118227124214172,2.4738143110880628e-05,0.8086513876914978,0.0577608123421669,0.4982255399227142,17.848060607910156,1.274861454963684,0.8614658117294312,13.849329948425291,0.9892378449440002,0.7178193926811218,11.748924255371094,0.8392089009284973,0.0021906378678977,0.8583468198776245,0.061310488730669,0.8998677134513855,13.27685260772705,0.9483466148376464,0.06662517786026,4.327789306640625,0.3091278076171875,0.6373435258865356,10.871997833251951,0.7765712738037109,0.2146117985248565,5.835910320281982,0.416850745677948,0.0,0.0,2.0,2.0,0.2670172112053638,0
/home/daplab/30006664/kv_allindia_dec2023/audios/ah_3-b-2_kv_kv-afs-begumpet_04122023-000000-1_HI-KV-001_1.wav,एक,एक,c,4.32,4.65,ee k,ee k,0.0,ee k *,ee k,216.0,233.0,17.0,-0.0194498244673013,-0.0258164815604686,-0.0015186165692284,-0.5132445096969604,-3.8425915241241455,-0.226034790277481,3.361310882610269e-05,0.150881215929985,0.0088753653690218,0.5295245051383972,18.207094192504883,1.0710055828094482,0.992411196231842,16.989919662475586,0.9994070529937744,0.7738541960716248,14.691926956176758,0.8642309904098511,0.0073905065655708,1.5122926235198977,0.0889583900570869,0.9226038455963136,16.31080436706543,0.9594590663909912,0.1232378408312797,6.601200103759766,0.3883059024810791,0.6913185715675354,13.81911849975586,0.8128893375396729,0.2716901004314422,8.152572631835938,0.4795630872249603,0.0,0.0,2.0,2.0,0.2670172112053638,0
/home/daplab/30006664/kv_allindia_dec2023/audios/ah_3-b-2_kv_kv-afs-begumpet_04122023-000000-1_HI-KV-001_1.wav,दिन,दिन,c,4.65,4.95,d ii n,d ii n,0.0,d ii n *,d ii n,232.0,248.0,16.0,-0.3348918259143829,-0.5654501914978027,-0.0353406369686126,-0.8201280236244202,-5.743757247924805,-0.3589848279953003,4.300542423152365e-05,1.406755447387695,0.0879222154617309,0.55063396692276,21.579757690429688,1.3487348556518557,0.8743489980697632,15.785338401794434,0.986583650112152,0.7604774236679077,13.331254959106444,0.8332034349441528,0.005528459791094,0.9111575484275818,0.0569473467767238,0.8984981179237366,15.090136528015137,0.943133533000946,0.0642019882798194,4.511249542236328,0.2819530963897705,0.6343599557876587,12.18052864074707,0.7612830400466919,0.211808294057846,6.311131477355957,0.3944457173347473,0.0,0.0,3.0,3.0,0.2670172112053638,0
/home/daplab/30006664/kv_allindia_dec2023/audios/ah_3-b-2_kv_kv-afs-begumpet_04122023-000000-1_HI-KV-001_1.wav,उसे,उसे,c,4.98,5.37,uu s ee,uu s ee,0.0,uu s ee *,uu s ee,249.0,269.0,20.0,-0.2602846622467041,-0.4855146408081054,-0.0242757312953472,-0.8496585488319397,-6.878207206726074,-0.3439103662967682,1.816964504541829e-05,1.1791828870773315,0.0589591450989246,0.5307111144065857,27.231388092041016,1.3615694046020508,0.9014379382133484,19.81538391113281,0.9907692074775696,0.708342432975769,16.552270889282227,0.8276135325431824,0.0017834209138527,1.2023720741271973,0.0601186044514179,0.8855372667312622,18.84141159057617,0.9420706033706664,0.0452151000499725,5.958766937255859,0.2979383468627929,0.6073969602584839,15.253901481628418,0.7626950740814209,0.1879608780145645,8.077207565307617,0.4038603901863098,0.0,0.0,3.0,3.0,0.2670172112053638,0
/home/daplab/30006664/kv_allindia_dec2023/audios/ah_3-b-2_kv_kv-afs-begumpet_04122023-000000-1_HI-KV-001_1.wav,देश,देश,c,5.37,5.79,d ee sh,d ee sh,0.0,* d ee sh *,d ee sh,268.0,290.0,22.0,-0.0587218441069126,-0.1057683601975441,-0.0048076529055833,-0.973438322544098,-5.820357322692871,-0.2645616829395294,2.132779627572745e-05,0.5457058548927307,0.0248048119246959,0.4894165098667145,24.66737937927246,1.1212445497512815,0.977200210094452,21.958839416503903,0.9981290698051452,0.6515116691589355,18.80111312866211,0.8545960783958435,0.0005195755511522,2.0754027366638184,0.094336487352848,0.8392150402069092,20.968551635742188,0.9531159996986388,0.0129147619009017,8.53371524810791,0.3878961503505707,0.5259401798248291,17.626846313476562,0.8012202978134155,0.1299675703048706,10.442296028137209,0.4746498167514801,0.0,0.0,3.0,3.0,0.2670172112053638,0
/home/daplab/30006664/kv_allindia_dec2023/audios/ah_3-b-2_kv_kv-afs-begumpet_04122023-000000-1_HI-KV-001_1.wav,घूमने,घूमने,c,5.79,6.24,gh UU m aa n ee,gh UU m aa n ee,0.0,gh UU m aa n ee *,gh UU m aa n ee,289.0,312.0,23.0,-0.1557840704917907,-0.4571636915206909,-0.0198766831308603,-0.9991964101791382,-9.856969833374023,-0.4285638928413391,5.500072074937634e-05,1.637552261352539,0.0711979269981384,0.5542455315589905,36.43178176879883,1.583990454673767,0.9402403235435486,22.82335090637207,0.9923195838928224,0.5872151851654053,18.411338806152344,0.8004930019378662,0.0001287304912693,0.915404975414276,0.0398002155125141,0.8174002170562744,21.36488342285156,0.9289079904556274,0.0071582016535103,5.15034294128418,0.2239279597997665,0.4936337471008301,16.660390853881836,0.7243648171424866,0.1117986068129539,7.905478477478027,0.3437164425849914,0.0,0.0,6.0,6.0,0.2670172112053638,0
/home/daplab/30006664/kv_allindia_dec2023/audios/ah_3-b-2_kv_kv-afs-begumpet_04122023-000000-1_HI-KV-001_1.wav,का,का,c,6.24,6.45,k AA,k AA,0.0,* k AA *,k AA,312.0,323.0,11.0,-0.1436459571123123,-0.1800917685031891,-0.0163719784468412,-0.6190171241760254,-3.1579995155334477,-0.2870908677577972,2.1657269826391712e-05,0.5673251152038574,0.0515750087797641,0.4961974918842315,13.336498260498049,1.2124089002609253,0.9448134303092957,10.930609703063965,0.9936918020248412,0.7723724842071533,9.317049026489258,0.8470044732093811,0.0071566412225365,0.7889611721038818,0.0717237442731857,0.9218778014183044,10.46979522705078,0.9517995715141296,0.1208410337567329,3.6211342811584473,0.329194039106369,0.6894499063491821,8.655176162719727,0.786834180355072,0.2694969177246094,4.775236129760742,0.4341123700141907,0.0,0.0,2.0,2.0,0.2670172112053638,0
/home/daplab/30006664/kv_allindia_dec2023/audios/ah_3-b-2_kv_kv-afs-begumpet_04122023-000000-1_HI-KV-001_1.wav,विचार,विचार,c,6.45,7.08,w ii c AA r,w ii c AA r,0.0,* w ii c AA r *,w ii c AA r,322.0,354.0,32.0,-0.5398460030555725,-1.0179015398025513,-0.0318094231188297,-1.3140816688537598,-9.409501075744627,-0.2940469086170196,1.2657228580792436e-05,2.498558282852173,0.0780799463391304,0.4741820693016052,36.728248596191406,1.1477577686309814,0.802481472492218,31.617809295654297,0.9880565404891968,0.6443312764167786,27.230693817138672,0.8509591817855835,0.0004446072271093,2.8447628021240234,0.0888988375663757,0.8104919195175171,30.42622947692871,0.9508196711540222,0.0059380712918937,11.8112154006958,0.3691004812717438,0.4840345382690429,25.388368606567383,0.7933865189552307,0.106845386326313,14.747051239013672,0.4608453512191772,0.0,0.0,5.0,5.0,0.2670172112053638,0
/home/daplab/30006664/kv_allindia_dec2023/audios/ah_3-b-2_kv_kv-afs-begumpet_04122023-000000-1_HI-KV-001_1.wav,आया,आया,c,7.11,7.56,AA y AA,AA y AA,0.0,AA y AA *,AA y AA,355.0,378.0,23.0,-0.0240277927368879,-0.0505459234118461,-0.0021976488642394,-0.4939851462841034,-5.327327251434326,-0.2316229194402694,1.029341456160182e-05,0.2868654131889343,0.0124724088236689,0.4866688847541809,25.041614532470703,1.0887658596038818,0.9906303286552428,22.98026466369629,0.9991419315338136,0.748361349105835,19.783676147460938,0.8601598143577576,0.0042502544820308,1.9280439615249636,0.0838279947638511,0.9141443967819214,22.04222869873047,0.9583577513694764,0.0980307832360267,8.726544380187988,0.3794149756431579,0.6701817512512207,18.60894203186035,0.809084415435791,0.2478310763835907,10.87553882598877,0.4728495180606842,0.0,0.0,3.0,3.0,0.2670172112053638,0
/home/daplab/30006664/kv_allindia_dec2023/audios/ah_3-b-2_kv_kv-afs-begumpet_04122023-000000-1_HI-KV-001_1.wav,और,और,c,7.77,8.04,OO r,OO r,0.0,OO r *,OO r,388.0,402.0,14.0,-0.3851226568222046,-0.3927970230579376,-0.0280569307506084,-0.8217108845710754,-3.804649591445923,-0.2717606723308563,2.6213798264507204e-05,0.6881008744239807,0.0491500608623027,0.5151198506355286,16.33351707458496,1.1666797399520874,0.8563933968544006,13.853391647338867,0.9895280003547668,0.7500715255737305,11.884115219116213,0.8488653898239136,0.0044109565205872,1.0596072673797607,0.0756862312555313,0.9016193747520448,13.34411907196045,0.9531513452529908,0.0698581486940383,4.996128559112549,0.3568663299083709,0.64119952917099,11.12627410888672,0.7947338819503784,0.2182860225439071,6.3448638916015625,0.4532045722007751,0.0,0.0,2.0,2.0,0.2670172112053638,0
/home/daplab/30006664/kv_allindia_dec2023/audios/ah_3-b-2_kv_kv-afs-begumpet_04122023-000000-1_HI-KV-001_1.wav,उसने,उसने,c,8.04,8.43,uu s aa n ee,uu s aa n ee,0.0,* uu s aa n ee *,uu s aa n ee,401.0,422.0,21.0,-0.1624292135238647,-0.2781379520893097,-0.0132446642965078,-0.8884952664375305,-7.698042392730713,-0.3665734529495239,4.30080690421164e-05,1.0266478061676023,0.0488879904150962,0.588979184627533,30.53570556640625,1.4540811777114868,0.9377426505088806,20.8927001953125,0.9948905110359192,0.7113593816757202,17.196725845336914,0.818891704082489,0.0019040915649384,0.9681419134140016,0.0461019948124885,0.8739587068557739,19.715478897094727,0.9388323426246644,0.0330565795302391,5.334993839263916,0.2540473341941833,0.5850567817687988,15.708497047424316,0.7480236887931824,0.1700944900512695,7.814300060272217,0.3721095323562622,0.0,0.0,5.0,5.0,0.2670172112053638,0
/home/daplab/30006664/kv_allindia_dec2023/audios/ah_3-b-2_kv_kv-afs-begumpet_04122023-000000-1_HI-KV-001_1.wav,देश,देश,c,8.43,9.09,d ee sh,d ee sh,0.0,* d ee sh *,d ee sh,421.0,455.0,34.0,-0.5103792548179626,-1.8495138883590696,-0.0543974675238132,-1.4609732627868652,-13.360119819641112,-0.3929446935653686,1.7948439563042484e-05,3.977674722671509,0.1169904321432113,0.513002872467041,46.246524810791016,1.3601919412612915,0.8125888109207153,33.30793762207031,0.9796452522277832,0.5566014051437378,27.949966430664062,0.822057843208313,6.624589150305837e-05,2.387660026550293,0.0702252984046936,0.755002498626709,31.770753860473636,0.934433937072754,0.0013235823716968,10.749958038330078,0.3161752223968506,0.4157124757766723,25.68362045288086,0.7554005980491638,0.076674111187458,13.989173889160156,0.4114463031291961,0.0,0.0,3.0,3.0,0.2670172112053638,0
/home/daplab/30006664/kv_allindia_dec2023/audios/ah_3-b-2_kv_kv-afs-begumpet_04122023-000000-1_HI-KV-001_1.wav,भ्रमन,भ्रमन,c,11.76,12.39,<UNK>,bh r aa m aa N,7.0,bh r aa m aa N *,bh r aa m aa N,588.0,620.0,32.0,-0.4059856534004211,-0.9978667497634888,-0.031183335930109,-1.0090742111206057,-11.896385192871094,-0.3717620372772217,2.303516339452472e-05,2.3718836307525635,0.0741213634610176,0.4925034046173095,44.108001708984375,1.3783750534057615,0.8490016460418701,31.623689651489254,0.9882403016090392,0.6453803777694702,26.31000518798828,0.8221876621246338,0.0004548455181065,2.1302361488342285,0.0665698796510696,0.8407300114631653,30.012380599975582,0.9378868937492372,0.0134550267830491,9.670382499694824,0.3021994531154632,0.5283069014549255,24.20024681091309,0.7562577128410339,0.1313950568437576,12.926935195922852,0.4039667248725891,,,1.0,6.0,0.9210397588221279,1
/home/daplab/30006664/kv_allindia_dec2023/audios/ah_3-b-2_kv_kv-afs-begumpet_04122023-000000-1_HI-KV-001_1.wav,की,की,c,12.39,12.63,k II,k II,0.0,k II *,k II,619.0,632.0,13.0,-0.4130911827087402,-0.4309912323951721,-0.0331531725823879,-0.8505098819732666,-4.147629261016846,-0.3190484046936035,1.999335836444516e-05,0.7726955413818359,0.0594381168484687,0.4778797924518585,16.650663375854492,1.2808202505111694,0.8464929461479187,12.839494705200195,0.9876534342765808,0.7611760497093201,10.901995658874512,0.8386150598526001,0.0056129130534827,0.8623228073120117,0.0663325265049934,0.898389458656311,12.315781593322754,0.947367787361145,0.0640135630965232,4.077542304992676,0.3136571049690246,0.6341243982315063,10.08036994934082,0.7754130959510803,0.2115883976221084,5.455809593200684,0.4196776747703552,0.0,0.0,2.0,2.0,0.2670172112053638,0
/home/daplab/30006664/kv_allindia_dec2023/audios/ah_3-b-2_kv_kv-afs-begumpet_04122023-000000-1_HI-KV-001_1.wav,योजना,योजना,c,12.63,13.26,y oo j aa n AA,y oo j aa n AA,0.0,* y oo j aa n AA *,y oo j aa n AA,631.0,663.0,32.0,-0.5155287981033325,-0.7942730784416199,-0.0248210337013006,-0.7869852185249329,-9.848971366882324,-0.3077803552150726,1.913028972921893e-05,1.8115358352661133,0.056610494852066,0.5023834109306335,39.49908828735352,1.2343465089797974,0.8108171224594116,31.702672958374023,0.9907085299491882,0.7289636135101318,27.00613212585449,0.8439416289329529,0.0027899723500013,2.231832504272461,0.0697447657585144,0.8861950039863586,30.367839813232425,0.9489949941635132,0.0460267513990402,10.527396202087402,0.3289811313152313,0.6087129712104797,25.01084518432617,0.7815889120101929,0.1890649646520614,13.78886890411377,0.4309021532535553,0.0,0.0,6.0,6.0,0.2670172112053638,0
/home/daplab/30006664/kv_allindia_dec2023/audios/ah_3-b-2_kv_kv-afs-begumpet_04122023-000000-1_HI-KV-001_1.wav,बनाई,बनाई,c,13.26,13.74,b aa n AA II,b aa n AA II,0.0,b aa n AA II *,b aa n AA II,663.0,687.0,24.0,-0.3484091758728027,-0.6659829616546631,-0.027749290689826,-0.93655264377594,-7.401120185852051,-0.3083800077438354,3.4803972084773704e-05,1.5128629207611084,0.0630359575152397,0.5171105861663818,29.947250366210938,1.2478021383285522,0.8694948554039001,23.74803733825684,0.9895015358924866,0.7272126078605652,20.191118240356445,0.8412966132164001,0.002685947343707,1.6819076538085938,0.0700794830918312,0.8751983046531677,22.76153945922852,0.94839745759964,0.0341838300228118,7.857429504394531,0.3273929059505462,0.5873768329620361,18.724687576293945,0.7801952958106995,0.1718751192092895,10.308853149414062,0.4295355379581451,0.0,0.0,5.0,5.0,0.2670172112053638,0
/home/daplab/30006664/kv_allindia_dec2023/audios/ah_3-b-2_kv_kv-afs-begumpet_04122023-000000-1_HI-KV-001_1.wav,और,और,c,13.86,14.16,OO r,OO r,0.0,OO r *,OO r,693.0,708.0,15.0,-0.5798271298408508,-0.5962188243865967,-0.0397479198873043,-1.0858761072158811,-4.404656887054443,-0.2936438024044037,2.0753634089487605e-05,0.8983054757118225,0.0598870329558849,0.5035924911499023,17.915258407592773,1.1943506002426147,0.7888861894607544,14.782480239868164,0.9854986667633056,0.72967928647995,12.694669723510742,0.8463113307952881,0.0028336404357105,1.130350112915039,0.0753566771745681,0.8669518828392029,14.260223388671877,0.9506815671920776,0.0273489542305469,5.229786396026611,0.3486524224281311,0.5722432136535645,11.832807540893556,0.7888538241386414,0.1605579257011413,6.684513568878174,0.4456342458724975,0.0,0.0,2.0,2.0,0.2670172112053638,0
/home/daplab/30006664/kv_allindia_dec2023/audios/ah_3-b-2_kv_kv-afs-begumpet_04122023-000000-1_HI-KV-001_1.wav,घूमने,घूमने,c,14.16,14.58,gh UU m aa n ee,gh UU m aa n ee,0.0,gh UU m aa n ee *,gh UU m aa n ee,708.0,729.0,21.0,-0.2434426099061966,-0.6096218824386597,-0.0290296133607625,-1.120232105255127,-9.541126251220703,-0.4543393552303314,4.267481563147157e-05,1.8957691192626955,0.0902747213840484,0.5143300294876099,33.92926788330078,1.615679383277893,0.9076232314109802,20.767349243164062,0.9889214038848876,0.5716893672943115,16.626667022705078,0.7917460203170776,9.19087542570196e-05,0.853925347328186,0.0406631119549274,0.8024470210075378,19.390586853027344,0.9233613014221193,0.0047767534852027,4.784132957458496,0.2278158515691757,0.4731997847557068,15.047287940979004,0.7165375351905823,0.1014826893806457,7.182524681091309,0.3420249819755554,0.0,0.0,6.0,6.0,0.2670172112053638,0
/home/daplab/30006664/kv_allindia_dec2023/audios/ah_3-b-2_kv_kv-afs-begumpet_04122023-000000-1_HI-KV-001_1.wav,निकल,निकल,c,14.58,14.97,n ii k aa l,n ii k aa l,0.0,* n ii k aa l *,n ii k aa l,729.0,749.0,20.0,-0.2064600735902786,-0.4260051846504211,-0.0213002599775791,-0.8606622815132141,-7.132899284362793,-0.3566449582576751,3.1667976145399734e-05,1.3189783096313477,0.0659489184617996,0.5648733377456665,27.61783599853516,1.3808917999267578,0.9212969541549684,19.836231231689453,0.9918115735054016,0.719535231590271,16.52875518798828,0.826437771320343,0.0022737423423677,1.2261732816696167,0.0613086633384227,0.8768059015274048,18.82173728942871,0.9410868883132936,0.0357031822204589,5.727715015411377,0.2863857448101043,0.5904104113578796,15.165275573730469,0.7582637667655945,0.1742289513349533,7.922819137573242,0.3961409628391266,0.0,0.0,5.0,5.0,0.2670172112053638,0
/home/daplab/30006664/kv_allindia_dec2023/audios/ah_3-b-2_kv_kv-afs-begumpet_04122023-000000-1_HI-KV-001_1.wav,पडा,पडा,c,14.97,15.33,<UNK>,p aa D AA,4.7459836260833,p aa D AA *,p aa D AA,748.0,767.0,19.0,-0.43979012966156,-0.9605026245117188,-0.0505527704954147,-1.0360418558120728,-7.608374118804932,-0.4004407525062561,1.609759419807233e-05,1.9476988315582275,0.102510467171669,0.4989871382713318,27.38401985168457,1.4412641525268557,0.8371062874794006,18.639583587646484,0.9810307025909424,0.6921232342720032,15.53672695159912,0.817722499370575,0.0012542823096737,1.0877869129180908,0.0572519414126873,0.8583371043205261,17.77736473083496,0.9356507658958436,0.0216637607663869,5.168148994445801,0.2720078527927398,0.5571478009223938,14.167327880859377,0.7456488609313965,0.1499440222978592,7.254138469696045,0.3817967474460602,,,1.0,4.0,0.9210397588221279,1
/home/daplab/30006664/kv_allindia_dec2023/audios/ah_3-b-2_kv_kv-afs-begumpet_04122023-000000-1_HI-KV-001_1.wav,जब,जब,c,15.33,15.69,j aa b,j aa b,0.0,* j aa b *,j aa b,766.0,785.0,19.0,-0.1141657829284668,-0.2586106956005096,-0.0136110894381999,-0.7904833555221558,-7.122376441955566,-0.3748619258403778,2.049871181952767e-05,1.0144612789154053,0.0533926971256732,0.5284271836280823,27.47790908813477,1.446205735206604,0.9559782147407532,18.899776458740234,0.9947250485420228,0.7060447931289673,15.560507774353027,0.8189740777015686,0.0016966798575595,1.0409330129623413,0.0547859482467174,0.8844761848449707,17.81594467163086,0.9376813173294068,0.0439357087016105,5.076529026031494,0.2671857476234436,0.6052849292755127,14.214813232421877,0.7481480836868286,0.1862012594938278,7.226850986480713,0.3803605735301971,0.0,0.0,3.0,3.0,0.2670172112053638,0
/home/daplab/30006664/kv_allindia_dec2023/audios/ah_3-b-2_kv_kv-afs-begumpet_04122023-000000-1_HI-KV-001_1.wav,वह,यह,s,15.69,15.96,w aa hh,y aa hh,2.0,* y aa hh *,y aa hh,784.0,798.0,14.0,-0.7924234867095947,-1.8587802648544312,-0.1327700167894363,-1.4436615705490112,-7.400998115539551,-0.5286427140235901,0.0004417695454321,2.803286552429199,0.2002347558736801,0.9088014364242554,23.14139175415039,1.6529566049575806,0.7188332080841064,13.32838249206543,0.9520273208618164,0.6552568674087524,11.10124683380127,0.7929462194442749,0.000563567620702,0.3476476073265075,0.0248319711536169,0.8060021996498108,12.888903617858888,0.920635998249054,0.0052589536644518,2.6210176944732666,0.1872155517339706,0.4779435992240906,9.848347663879396,0.7034534215927124,0.1038015410304069,4.367002964019775,0.311928778886795,6.579289548011981,1.0,3.0,3.0,0.9042371229087113,1
/home/daplab/30006664/kv_allindia_dec2023/audios/ah_3-b-2_kv_kv-afs-begumpet_04122023-000000-1_HI-KV-001_1.wav,यात्रा,यात्रा,c,15.96,16.56,y AA t r AA,y AA t r AA,0.0,* y AA t r AA *,y AA t r AA,798.0,828.0,30.0,-0.723547637462616,-1.8027663230896,-0.0600922107696533,-1.280841588973999,-9.81283950805664,-0.3270946443080902,3.181357169523835e-05,3.1954121589660645,0.1065137386322021,0.5660260915756226,36.92103576660156,1.230701208114624,0.7411222457885742,29.33794212341309,0.9779313802719116,0.6877574920654297,25.268081665039062,0.8422693610191345,0.0011409070575609,2.0144920349121094,0.0671497359871864,0.8367981910705566,28.416202545166016,0.947206735610962,0.0120974211022257,9.905240058898926,0.3301746547222137,0.5221996307373047,23.382789611816406,0.7794263362884521,0.1277393400669098,12.898920059204102,0.429964005947113,0.0,0.0,5.0,5.0,0.2670172112053638,0
/home/daplab/30006664/kv_allindia_dec2023/audios/ah_3-b-2_kv_kv-afs-begumpet_04122023-000000-1_HI-KV-001_1.wav,से,से,c,16.56,16.77,s ee,s ee,0.0,* s ee *,s ee,827.0,839.0,12.0,-0.1675599813461303,-0.3193055391311645,-0.026608794927597,-0.7169066071510315,-4.24252986907959,-0.353544145822525,2.4106491764541715e-05,1.0031845569610596,0.0835987105965614,0.5151721239089966,16.376144409179688,1.3646787405014038,0.9358168244361876,11.876956939697266,0.989746391773224,0.750400722026825,9.952363967895508,0.8293636441230774,0.0044425833038985,0.6791924238204956,0.0565993674099445,0.9040967226028442,11.314191818237305,0.942849338054657,0.0747001022100448,3.320434331893921,0.2767028510570526,0.6467317342758179,9.114883422851562,0.7595736384391785,0.2236594259738922,4.697203159332275,0.3914335966110229,0.0,0.0,2.0,2.0,0.2670172112053638,0
/home/daplab/30006664/kv_allindia_dec2023/audios/ah_3-b-2_kv_kv-afs-begumpet_04122023-000000-1_HI-KV-001_1.wav,लौट,लौट,c,16.77,17.37,l OO T,l OO T,0.0,* l OO T *,l OO T,838.0,869.0,31.0,-0.3606381714344024,-0.484880656003952,-0.0156413111835718,-0.9477664828300476,-10.691973686218262,-0.344902366399765,3.45227999787312e-05,1.248991847038269,0.0402900613844394,0.5851470828056335,43.91897964477539,1.4167412519454956,0.8651175498962402,30.81673240661621,0.9940881133079528,0.6866044998168945,25.47880172729492,0.8218968510627747,0.0011127134785056,1.4958529472351074,0.0482533201575279,0.870441198348999,29.17545890808105,0.941143810749054,0.0300561990588903,8.40090274810791,0.2709968686103821,0.578561544418335,23.433502197265625,0.7559193968772888,0.1651981174945831,11.935086250305176,0.3850027918815613,0.0,0.0,3.0,3.0,0.2670172112053638,0
/home/daplab/30006664/kv_allindia_dec2023/audios/ah_3-b-2_kv_kv-afs-begumpet_04122023-000000-1_HI-KV-001_1.wav,कर,कर,c,17.64,17.88,k aa r,k aa r,0.0,k aa r *,k aa r,882.0,894.0,12.0,-0.5592248439788818,-0.6429176330566406,-0.0535764694213867,-0.9014347195625304,-4.401959896087647,-0.3668299913406372,2.975809184135869e-05,1.0718159675598145,0.089317999780178,0.512787938117981,16.21658706665039,1.3513822555541992,0.7958748936653137,11.76329231262207,0.9802743792533876,0.7386074066162109,9.963029861450195,0.830252468585968,0.0034394457470625,0.8011707067489624,0.0667642280459404,0.8935458064079285,11.30287265777588,0.9419060349464417,0.0561523735523223,3.532345771789551,0.2943621575832367,0.623793363571167,9.133514404296877,0.7611262202262878,0.2021490633487701,4.833649635314941,0.4028041362762451,0.0,0.0,3.0,3.0,0.2670172112053638,0
/home/daplab/30006664/kv_allindia_dec2023/audios/ah_3-b-2_kv_kv-afs-begumpet_04122023-000000-1_HI-KV-001_1.wav,अपने,अपने,c,17.88,18.24,aa p aa n ee,aa p aa n ee,0.0,* aa p aa n ee,aa p aa n ee,893.0,912.0,19.0,-0.4491121768951416,-0.6815102100372314,-0.0358689576387405,-0.8872585296630859,-7.06074857711792,-0.3716183602809906,2.379366742388811e-05,1.4979687929153442,0.0788404643535614,0.5532166957855225,26.766807556152344,1.4087793827056885,0.8338436484336853,18.74410057067871,0.9865316152572632,0.7379794120788574,15.675169944763184,0.8250089287757874,0.0033928924240171,0.9769960045814514,0.0514208413660526,0.8893305659294128,17.86632537841797,0.9403328895568848,0.0501011051237583,5.052156925201416,0.2659029960632324,0.6150608062744141,14.30721664428711,0.7530114054679871,0.1944746524095535,7.244054317474365,0.3812660276889801,0.0,0.0,5.0,5.0,0.2670172112053638,0
/home/daplab/30006664/kv_allindia_dec2023/audios/ah_3-b-2_kv_kv-afs-begumpet_04122023-000000-1_HI-KV-001_1.wav,महल,महल,c,18.24,18.75,m aa hh aa l,m AA hh aa l,2.0,* m AA hh aa l *,m AA hh aa l,911.0,938.0,27.0,-0.6469181180000305,-1.754689335823059,-0.0649884939193725,-1.3987418413162231,-15.655030250549316,-0.5798159241676331,6.072791802580469e-05,4.339803218841553,0.1607334464788437,0.6353647112846375,49.82700347900391,1.8454445600509644,0.7663755416870117,26.34612846374512,0.9757825136184692,0.5865983963012695,20.576801300048828,0.7621037364006042,0.0001270188222406,0.7170543074607849,0.0265575665980577,0.7773916721343994,24.45208168029785,0.9056326746940612,0.0024253856390714,4.414890766143799,0.1635144799947738,0.4415873289108276,18.16119384765625,0.6726368069648743,0.0871242955327034,7.694960594177246,0.2849985361099243,5.241354129580838,1.0,5.0,5.0,0.9549057070879844,1
/home/daplab/30006664/kv_allindia_dec2023/audios/ah_3-b-2_kv_kv-afs-begumpet_04122023-000000-1_HI-KV-001_1.wav,आया,आया,c,18.75,19.08,AA y AA,AA y AA,0.0,* AA y AA,AA y AA,937.0,954.0,17.0,-0.4582018256187439,-0.935946762561798,-0.0550556927919387,-0.8979261517524719,-7.512147426605225,-0.4418910145759582,0.0003089927195105,1.9583348035812376,0.1151961684226989,0.7757750749588013,27.00470733642578,1.5885121822357178,0.8306697010993958,16.648305892944336,0.9793121218681335,0.7209943532943726,13.67445945739746,0.804379940032959,0.0023468930739909,0.4747572839260101,0.0279268994927406,0.8721424341201782,15.822399139404297,0.9307293891906738,0.0314716920256614,3.3794732093811035,0.1987925469875335,0.581686794757843,12.276599884033203,0.7221529483795166,0.1675378829240799,5.575498104095459,0.3279704749584198,0.0,0.0,3.0,3.0,0.2670172112053638,0
/home/daplab/30006664/kv_allindia_dec2023/audios/ah_3-b-2_kv_kv-afs-begumpet_04122023-000000-1_HI-KV-001_1.wav,उसने,उसने,c,19.08,19.65,uu s aa n ee,uu s aa n ee,0.0,* uu s aa n ee *,uu s aa n ee,953.0,983.0,30.0,-0.6775907874107361,-1.7709975242614746,-0.0590332522988319,-0.929007649421692,-12.04982089996338,-0.4016607105731964,2.895884790632408e-05,3.333359718322754,0.1111119911074638,0.5144822001457214,42.72426986694336,1.424142360687256,0.7562092542648315,29.341794967651367,0.9780598282814026,0.7129314541816711,24.63752174377441,0.8212507367134094,0.0019701698329299,1.6990280151367188,0.0566342659294605,0.8714984059333801,28.111007690429688,0.9370335936546326,0.0309281274676322,8.086566925048828,0.2695522308349609,0.5805001258850098,22.422304153442383,0.7474101185798645,0.1666459441184997,11.439701080322266,0.381323367357254,0.0,0.0,5.0,5.0,0.2670172112053638,0
/home/daplab/30006664/kv_allindia_dec2023/audios/ah_3-b-2_kv_kv-afs-begumpet_04122023-000000-1_HI-KV-001_1.wav,अपने,अपने,c,19.65,20.07,aa p aa n ee,aa p aa n ee,0.0,aa p aa n ee *,aa p aa n ee,982.0,1004.0,22.0,-0.5492136478424072,-0.8506500720977783,-0.0386659130454063,-0.8846083879470825,-7.539788246154785,-0.3427176475524902,2.5153503884212117e-05,1.7442607879638672,0.0792845785617828,0.5144822001457214,28.8068962097168,1.309404373168945,0.7992839813232422,21.682775497436523,0.9855806827545166,0.7220392227172852,18.402204513549805,0.8364638686180115,0.0024007146712392,1.336803674697876,0.0607638023793697,0.8767900466918945,20.788768768310547,0.9449440240859984,0.0356878452003002,6.582629203796387,0.2992104291915893,0.5903803110122681,16.902864456176758,0.7683120369911194,0.1742054373025894,8.963666915893555,0.4074394106864929,0.0,0.0,5.0,5.0,0.2670172112053638,0
/home/daplab/30006664/kv_allindia_dec2023/audios/ah_3-b-2_kv_kv-afs-begumpet_04122023-000000-1_HI-KV-001_1.wav,मंत्रियों,मित्रीयों,s,20.07,20.88,m aa q t r ii y oo q,m ee t r ii y oo q,3.0,* m ee t r ii y oo q *,m ee t r ii y oo q,1003.0,1044.0,41.0,-0.6119332909584045,-2.374009370803833,-0.057902667671442,-1.6810749769210815,-22.2679500579834,-0.5431207418441772,3.03655797324609e-05,6.043901920318604,0.1474122405052185,0.6056095361709595,71.89324188232422,1.7534936666488647,0.7780668139457703,40.10844421386719,0.978254735469818,0.4862990975379944,31.799041748046875,0.7755863666534424,1.4407251910597552e-05,1.263554930686951,0.0308184120804071,0.7039021253585815,37.38710403442383,0.911880612373352,0.0003322158881928,7.562998294830322,0.1844633668661117,0.3633570671081543,28.208301544189453,0.6880073547363281,0.058620486408472,12.478672981262209,0.3043578863143921,7.9016745801180015,2.0,9.0,8.0,0.9405291083193619,1
/home/daplab/30006664/kv_allindia_dec2023/audios/ah_3-b-2_kv_kv-afs-begumpet_04122023-000000-1_HI-KV-001_1.wav,से,से,c,21.12,21.81,s ee,s ee,0.0,s ee *,s ee,1056.0,1091.0,35.0,-0.3069983720779419,-0.4102062582969665,-0.0117201786488294,-0.7875190377235413,-11.118097305297852,-0.3176599144935608,3.658521018223837e-05,1.151179313659668,0.0328908376395702,0.6059515476226807,46.91110229492188,1.3403172492980957,0.8844176530838013,34.84416580200195,0.9955475926399232,0.7072666883468628,29.14460563659668,0.8327029943466187,0.0017422724049538,1.8181785345077517,0.051947958767414,0.8813757300376892,33.0908317565918,0.9454523324966432,0.0404011383652687,10.28175926208496,0.2937645614147186,0.5991907119750977,26.89764976501465,0.76850426197052,0.1812081485986709,14.118432998657228,0.4033837914466858,0.0,0.0,2.0,2.0,0.2670172112053638,0
/home/daplab/30006664/kv_allindia_dec2023/audios/ah_3-b-2_kv_kv-afs-begumpet_04122023-000000-1_HI-KV-001_1.wav,पैरों,पैरों,c,21.84,22.44,p ee r oo q,p ee r oo q,0.0,p ee r oo q *,p ee r oo q,1092.0,1122.0,30.0,-0.4015972316265106,-0.9533869624137878,-0.0317795649170875,-1.0757920742034912,-15.555419921875,-0.5185139775276184,1.951759259100072e-05,3.036306142807007,0.101210206747055,0.5002673864364624,52.348915100097656,1.7449638843536377,0.8505532741546631,29.63732147216797,0.9879106879234314,0.6061208248138428,23.32854461669922,0.7776181697845459,0.0001940257352543,1.0489990711212158,0.0349666364490985,0.8162957429885864,27.43236923217773,0.9144123196601868,0.0069475010968744,5.724022388458252,0.190800741314888,0.4920800328254699,20.784618377685547,0.6928206086158752,0.1109836846590042,9.307293891906738,0.3102431297302246,0.0,0.0,5.0,5.0,0.2670172112053638,0
/home/daplab/30006664/kv_allindia_dec2023/audios/ah_3-b-2_kv_kv-afs-begumpet_04122023-000000-1_HI-KV-001_1.wav,में,में,c,22.44,22.8,m ee q,m ee q,0.0,m ee q *,m ee q,1122.0,1140.0,18.0,-0.0371984802186489,-0.073353536427021,-0.0040751965716481,-0.6670547127723694,-4.988107204437256,-0.2771170735359192,3.018042480107397e-05,0.3908471167087555,0.0217137280851602,0.542428195476532,21.5773983001709,1.198744297027588,0.985518217086792,17.971391677856445,0.9984106421470642,0.7237929105758667,15.270960807800291,0.8483867049217224,0.0024938366841524,1.3034762144088743,0.0724153444170951,0.8915128111839294,17.14012908935547,0.952229380607605,0.0531476736068725,6.123544216156006,0.3401969075202942,0.6195525527000427,14.21946144104004,0.7899700999259949,0.1983879655599594,7.939215183258057,0.4410675168037414,0.0,0.0,3.0,3.0,0.2670172112053638,0
/home/daplab/30006664/kv_allindia_dec2023/audios/ah_3-b-2_kv_kv-afs-begumpet_04122023-000000-1_HI-KV-001_1.wav,दर्द,दर्द,c,22.8,23.19,d aa r d,d aa r d,0.0,d aa r d,d aa r d,1140.0,1160.0,20.0,-0.5315768122673035,-0.6899107694625854,-0.0344955399632453,-0.8724406957626343,-6.580099582672119,-0.3290049731731415,1.777442594175227e-05,1.3418586254119873,0.0670929327607154,0.5059291124343872,25.35354423522949,1.2676771879196167,0.8053103685379028,19.74386978149414,0.9871934652328492,0.6649767160415649,16.787498474121094,0.8393748998641968,0.0006959062302485,1.3818159103393557,0.0690907984972,0.8542100787162781,18.91434669494629,0.9457173347473145,0.0193753261119127,6.528354644775391,0.3264177441596985,0.5501558184623718,15.509594917297363,0.7754797339439392,0.1452448517084121,8.520641326904297,0.4260320663452148,0.0,0.0,4.0,4.0,0.2670172112053638,0
/home/daplab/30006664/kv_allindia_dec2023/audios/ah_3-b-2_kv_kv-afs-begumpet_04122023-000000-1_HI-KV-001_1.wav,होने,होने,c,23.19,23.61,hh oo n ee,hh oo n ee,0.0,* hh oo n ee *,hh oo n ee,1159.0,1181.0,22.0,-0.4979695081710815,-1.0951082706451416,-0.0497776493430137,-1.217211365699768,-8.014164924621582,-0.3642802238464355,6.120671605458483e-05,2.167810201644897,0.0985368266701698,0.5633759498596191,30.00930404663086,1.364059329032898,0.8168677091598511,21.592578887939453,0.981480836868286,0.6585415601730347,18.201038360595703,0.8273199200630188,0.0006052047829143,1.2610526084899902,0.0573205724358558,0.8232253789901733,20.697507858276367,0.9407958388328552,0.0083798980340361,6.300725936889648,0.2863966226577759,0.5019530057907104,16.699636459350586,0.7590743899345398,0.116250991821289,8.70395565032959,0.3956343531608581,0.0,0.0,4.0,4.0,0.2670172112053638,0
/home/daplab/30006664/kv_allindia_dec2023/audios/ah_3-b-2_kv_kv-afs-begumpet_04122023-000000-1_HI-KV-001_1.wav,की,की,c,23.61,23.79,k II,k II,0.0,* k II *,k II,1180.0,1190.0,10.0,-0.6291517615318298,-0.6434988975524902,-0.064349889755249,-0.9797016382217408,-3.7893900871276855,-0.3789390027523041,0.0002122419828083,0.7956717610359192,0.0795671790838241,0.6398853063583374,14.65227508544922,1.465227484703064,0.7722998857498169,9.766691207885742,0.9766691327095032,0.7495052814483643,8.173826217651367,0.8173826336860657,0.0043570902198553,0.3713891506195068,0.0371389165520668,0.8869398236274719,9.393847465515137,0.9393847584724426,0.0469635426998138,2.400232076644897,0.2400232106447219,0.6102098226547241,7.464867115020752,0.7464867234230042,0.1903279572725296,3.626828908920288,0.3626828789710998,0.0,0.0,2.0,2.0,0.2670172112053638,0
/home/daplab/30006664/kv_allindia_dec2023/audios/ah_3-b-2_kv_kv-afs-begumpet_04122023-000000-1_HI-KV-001_1.wav,शिकायत,शिकायत,c,23.79,24.45,sh ii k AA y aa t,sh ii k AA y aa t,0.0,* sh ii k AA y aa t *,sh ii k AA y aa t,1189.0,1223.0,34.0,-0.5005946159362793,-1.090532898902893,-0.0320744961500167,-0.8236994743347168,-11.39561653137207,-0.3351652026176452,2.219498855993152e-05,2.432098150253296,0.0715323016047477,0.5370721220970154,44.160457611083984,1.2988369464874268,0.8159615397453308,33.58993911743164,0.9879393577575684,0.7017102241516113,28.41762351989746,0.8358124494552612,0.0015443606534972,2.28566837310791,0.0672255381941795,0.8803783059120178,32.137718200683594,0.945227026939392,0.0393255949020385,10.541418075561523,0.3100416958332062,0.5972540378570557,26.20197486877441,0.770646333694458,0.1796471625566482,14.127801895141602,0.4155235886573791,0.0,0.0,7.0,7.0,0.2670172112053638,0
/home/daplab/30006664/kv_allindia_dec2023/audios/ah_3-b-2_kv_kv-afs-begumpet_04122023-000000-1_HI-KV-001_1.wav,की,की,c,24.45,24.63,k II,k II,0.0,k II *,k II,1222.0,1232.0,10.0,-0.0808339565992355,-0.1412290185689926,-0.0141229014843702,-0.7255003452301025,-4.208965301513672,-0.4208965301513672,6.137564923847094e-05,0.5689913630485535,0.0568991377949714,0.5980885028839111,16.18973159790039,1.6189731359481812,0.968701183795929,9.945202827453612,0.9945203065872192,0.6922039985656738,7.996943473815918,0.7996943593025208,0.0012564822100102,0.3516104221343994,0.0351610407233238,0.8877586722373962,9.305476188659668,0.9305475950241088,0.0480153784155845,2.03030776977539,0.2030307799577713,0.6118631362915039,7.22247314453125,0.722247302532196,0.1917320638895034,3.312760353088379,0.3312760293483734,0.0,0.0,2.0,2.0,0.2670172112053638,0
/home/daplab/30006664/kv_allindia_dec2023/audios/ah_3-b-2_kv_kv-afs-begumpet_04122023-000000-1_HI-KV-001_1.wav,राजा,राजन,s,24.84,25.56,r AA j AA,r AA j AA,0.0,r AA j AA *,r AA j AA,1242.0,1278.0,36.0,-0.6646193265914917,-2.3995978832244877,-0.0666554942727088,-1.1600265502929688,-14.670581817626951,-0.4075161516666412,2.023571141762659e-05,4.289566993713379,0.1191546395421028,0.5127679705619812,50.41808319091797,1.400502324104309,0.7604990601539612,35.11141586303711,0.975317120552063,0.6202641725540161,29.493776321411133,0.8192715644836426,0.0002637266879901,2.3104395866394043,0.0641788765788078,0.8157726526260376,33.6328125,0.9342448115348816,0.0068498821929097,10.672694206237791,0.2964637279510498,0.4913467168807983,26.974681854248047,0.7492967247962952,0.1106008142232894,14.295940399169922,0.3971094489097595,0.0,0.0,4.0,4.0,0.2670172112053638,0
/home/daplab/30006664/kv_allindia_dec2023/audios/ah_3-b-2_kv_kv-afs-begumpet_04122023-000000-1_HI-KV-001_1.wav,का,का,c,25.62,26.04,k AA,k AA,0.0,k AA *,k AA,1281.0,1302.0,21.0,-0.1809649467468261,-0.3028630018234253,-0.0144220478832721,-0.705453634262085,-5.24258279800415,-0.2496467977762222,1.8980528693646196e-05,0.9829665422439576,0.0468079298734664,0.5009298324584961,22.296987533569336,1.0617612600326538,0.930797278881073,20.883344650268555,0.9944449663162231,0.7545973658561707,18.1084041595459,0.8623049855232239,0.0048661674372851,1.9233205318450928,0.0915866941213607,0.908434808254242,20.10257339477539,0.9572653770446776,0.0840012207627296,8.232985496520996,0.3920469284057617,0.656650722026825,16.99225616455078,0.8091550469398499,0.2336023598909378,10.097390174865724,0.4808281064033508,0.0,0.0,2.0,2.0,0.2670172112053638,0
/home/daplab/30006664/kv_allindia_dec2023/audios/ah_3-b-2_kv_kv-afs-begumpet_04122023-000000-1_HI-KV-001_1.wav,कहना,कहना,c,26.25,26.73,k aa hh aa n AA,k aa hh aa n AA,0.0,k aa hh aa n AA *,k aa hh aa n AA,1312.0,1337.0,25.0,-0.1088130325078964,-0.3186644315719604,-0.0127465771511197,-0.6452015042304993,-8.316628456115723,-0.3326651453971863,2.4859566110535525e-05,1.2480957508087158,0.0499238297343254,0.5132309198379517,33.382415771484375,1.335296630859375,0.9580142498016356,24.876441955566406,0.9950577020645142,0.759019136428833,20.84227752685547,0.8336911201477051,0.0053562391549348,1.4814722537994385,0.0592588894069194,0.9050700664520264,23.624828338623047,0.9449931383132936,0.0766931176185607,7.228671073913574,0.2891468405723572,0.6489313244819641,19.15439987182617,0.7661759853363037,0.2258297353982925,10.031305313110352,0.4012522101402282,0.0,0.0,6.0,6.0,0.2670172112053638,0
/home/daplab/30006664/kv_allindia_dec2023/audios/ah_3-b-2_kv_kv-afs-begumpet_04122023-000000-1_HI-KV-001_1.wav,था,था,c,26.73,27.06,th AA,th AA,0.0,* th AA *,th AA,1336.0,1353.0,17.0,-0.5895902514457703,-1.053391933441162,-0.0619642324745655,-0.8677641749382019,-5.445004463195801,-0.3202943801879883,2.680671968846582e-05,1.7679871320724487,0.1039992421865463,0.4910822808742523,20.49597930908203,1.2056457996368408,0.785586953163147,16.609195709228516,0.977011501789093,0.7448582053184509,14.412800788879396,0.8478118181228638,0.003939121030271,1.2206920385360718,0.0718054175376892,0.9055777788162231,16.152353286743164,0.9501384496688844,0.0777536556124687,5.600954532623291,0.3294679224491119,0.6500844955444336,13.323637962341309,0.7837433815002441,0.2269753366708755,7.351826190948486,0.4324603676795959,0.0,0.0,2.0,2.0,0.2670172112053638,0
/home/daplab/30006664/kv_allindia_dec2023/audios/ah_3-b-2_kv_kv-afs-begumpet_04122023-000000-1_HI-KV-001_1.wav,कि,कि,c,27.06,27.42,k ii,k ii,0.0,k ii *,k ii,1353.0,1371.0,18.0,-0.3853224217891693,-0.6656008958816528,-0.0369778275489807,-0.8356251120567322,-6.136170387268066,-0.3408983647823334,1.919982423714828e-05,1.5508856773376465,0.0861603170633316,0.4803895950317383,23.928157806396484,1.3293421268463137,0.8563224673271179,17.748071670532227,0.9860039949417114,0.714810848236084,14.97049045562744,0.8316938877105713,0.0020521851256489,1.0313414335250854,0.0572967454791069,0.8968278765678406,16.990013122558594,0.943889617919922,0.0613658130168914,5.339528560638428,0.2966404855251312,0.6307579278945923,13.785598754882812,0.7658665776252747,0.2084687352180481,7.282410144805908,0.4045783281326294,0.0,0.0,2.0,2.0,0.2670172112053638,0
/home/daplab/30006664/kv_allindia_dec2023/audios/ah_3-b-2_kv_kv-afs-begumpet_04122023-000000-1_HI-KV-001_1.wav,मार्ग,मर्ग,s,27.87,28.47,m AA r g,m aa r g,2.0,m aa r g *,m aa r g,1393.0,1424.0,31.0,-0.421751856803894,-1.460896372795105,-0.0471256896853446,-1.1709400415420532,-12.024928092956545,-0.3879009187221527,2.4211181880673397e-05,3.2305047512054443,0.1042098328471183,0.4819960296154022,43.02997970581055,1.388063907623291,0.8434411883354187,30.44919204711914,0.9822319746017456,0.6529732942581177,25.47949981689453,0.821919322013855,0.0005363200325518,1.7648674249649048,0.0569312088191509,0.8305643200874329,29.021635055541992,0.9361817836761476,0.0102201448753476,9.09678554534912,0.2934446930885315,0.512744665145874,23.325706481933597,0.7524421215057373,0.1222562789916992,12.2655611038208,0.3956632614135742,4.6453799195002565,1.0,4.0,4.0,0.94087951443971,1
/home/daplab/30006664/kv_allindia_dec2023/audios/ah_3-b-2_kv_kv-afs-begumpet_04122023-000000-1_HI-KV-001_1.wav,में,में,c,28.77,29.13,m ee q,m ee q,0.0,m ee q *,m ee q,1438.0,1457.0,19.0,-0.5569205284118652,-0.644963264465332,-0.0339454337954521,-0.9815495610237122,-5.462388038635254,-0.2874940931797027,3.747071968973614e-05,1.084957242012024,0.0571030117571353,0.6037927269935608,22.14604949951172,1.1655815839767456,0.7966588735580444,18.762420654296875,0.9874958395957948,0.7388901710510254,16.175491333007812,0.8513416647911072,0.003460613079369,1.4050458669662476,0.073949784040451,0.8818359375,18.09659767150879,0.9524524807929992,0.0409071967005729,6.66914701461792,0.351007729768753,0.6000881195068359,15.058723449707031,0.7925643920898438,0.1819356232881546,8.514924049377441,0.4481538832187652,0.0,0.0,3.0,3.0,0.2670172112053638,0
/home/daplab/30006664/kv_allindia_dec2023/audios/ah_3-b-2_kv_kv-afs-begumpet_04122023-000000-1_HI-KV-001_1.wav,जो,जो,c,29.13,29.46,j oo,j oo,0.0,* j oo *,j oo,1456.0,1473.0,17.0,-0.3842063844203949,-0.4305037260055542,-0.025323748588562,-0.907806634902954,-4.93565559387207,-0.2903326749801636,1.6703095752745867e-05,0.8654189109802246,0.0509069934487342,0.5199972987174988,20.531700134277344,1.2077471017837524,0.8567189574241638,16.838672637939453,0.9905101656913756,0.724920392036438,14.3834228515625,0.8460837006568909,0.0025556071195751,1.246358871459961,0.0733152255415916,0.884476363658905,16.163774490356445,0.9508102536201476,0.0439359284937381,5.810530662536621,0.3417959213256836,0.6052852869033813,13.38892936706543,0.7875840663909912,0.1862015575170517,7.4976630210876465,0.4410389959812164,0.0,0.0,2.0,2.0,0.2670172112053638,0
/home/daplab/30006664/kv_allindia_dec2023/audios/ah_3-b-2_kv_kv-afs-begumpet_04122023-000000-1_HI-KV-001_1.wav,कंकड,कंकड,c,29.46,29.94,<UNK>,k aa q k aa D,5.80382189018274,k aa q k aa D *,k aa q k aa D,1473.0,1497.0,24.0,-0.6658833026885986,-1.7612605094909668,-0.0733858570456504,-1.359755039215088,-10.458419799804688,-0.4357675015926361,2.274196049256716e-05,3.270793199539185,0.1362830549478531,0.4872921705245971,34.54481506347656,1.4393672943115234,0.7600805163383484,23.34673309326172,0.9727805256843568,0.5301482677459717,19.527904510498047,0.8136627078056335,3.73118746210821e-05,1.5555988550186155,0.0648166164755821,0.7576096653938293,22.334762573242188,0.9306151270866394,0.0014203013852238,6.796667098999023,0.2831944525241852,0.4186223745346069,17.77528953552246,0.7406370639801025,0.0777950808405876,9.274357795715332,0.3864315748214721,,,1.0,6.0,0.9210397588221279,1
/home/daplab/30006664/kv_allindia_dec2023/audios/ah_3-b-2_kv_kv-afs-begumpet_04122023-000000-1_HI-KV-001_1.wav,पत्थर,पत्थर,c,29.94,30.48,p aa t th aa r,p aa t th aa r,0.0,p aa t th aa r *,p aa t th aa r,1497.0,1524.0,27.0,-0.610994815826416,-1.824803352355957,-0.0675853118300437,-1.0857658386230469,-11.21013355255127,-0.4151901304721832,1.904637792904396e-05,3.41816782951355,0.1265988051891327,0.4942461848258972,38.52425765991211,1.4268243312835691,0.7783817052841187,26.32247543334961,0.9749065041542052,0.6940068006515503,22.15685272216797,0.8206241726875305,0.0013066133251413,1.6067802906036377,0.0595103800296783,0.8572567701339722,25.246017456054688,0.9350376725196838,0.0210398361086845,7.415985107421875,0.2746661007404327,0.5553030967712402,20.122787475585938,0.7452884316444397,0.148691177368164,10.344365119934082,0.3831246197223663,0.0,0.0,6.0,6.0,0.2670172112053638,0
/home/daplab/30006664/kv_allindia_dec2023/audios/ah_3-b-2_kv_kv-afs-begumpet_04122023-000000-1_HI-KV-001_1.wav,थे,थे,c,30.48,30.84,th ee,th ee,0.0,* th ee *,th ee,1524.0,1542.0,18.0,-0.223995953798294,-0.2912372946739197,-0.0161798503249883,-0.9064676761627196,-5.5285258293151855,-0.3071403205394745,2.1144580387044695e-05,0.9666895866394044,0.0537049770355224,0.48856982588768,22.24387550354004,1.23577082157135,0.9147976636886596,17.888587951660156,0.9938104152679444,0.7334169745445251,15.198092460632324,0.8443384766578674,0.0030730583239346,1.2917187213897705,0.0717621520161628,0.8816291093826294,17.077436447143555,0.9487464427947998,0.0406789891421794,5.9354777336120605,0.3297487497329712,0.599684476852417,14.064834594726562,0.7813796997070312,0.181608110666275,7.763088226318359,0.4312826693058014,0.0,0.0,2.0,2.0,0.2670172112053638,0
/home/daplab/30006664/kv_allindia_dec2023/audios/ah_3-b-2_kv_kv-afs-begumpet_04122023-000000-1_HI-KV-001_1.wav,वे,वे,c,30.84,31.14,w ee,w ee,0.0,w ee *,w ee,1542.0,1557.0,15.0,-0.0657368004322052,-0.2250664830207824,-0.0150044318288564,-0.7454574108123779,-5.31366491317749,-0.3542443215847015,2.9620410714414905e-05,0.9004045128822327,0.060026966035366,0.6023208498954773,20.645191192626957,1.3763461112976074,0.9744988083839417,14.912569999694824,0.9941713213920592,0.7321120500564575,12.433168411254885,0.828877866268158,0.0029872548766434,0.7796459197998047,0.0519763939082622,0.8870140314102173,14.12550926208496,0.9417006373405457,0.0470578931272029,4.174998283386231,0.2783332169055938,0.610359251499176,11.373129844665527,0.7582086324691772,0.1904544979333877,5.851812362670898,0.3901208341121673,0.0,0.0,2.0,2.0,0.2670172112053638,0
/home/daplab/30006664/kv_allindia_dec2023/audios/ah_3-b-2_kv_kv-afs-begumpet_04122023-000000-1_HI-KV-001_1.wav,मेरे,मेरे,c,31.14,31.5,m ee r ee,m ee r ee,0.0,m ee r ee *,m ee r ee,1557.0,1575.0,18.0,-0.1097608208656311,-0.2358126640319824,-0.0131007032468914,-0.714435875415802,-5.506931781768799,-0.3059406578540802,3.42905186698772e-05,0.83709716796875,0.0465053990483284,0.5423992872238159,22.42490768432617,1.2458281517028809,0.9576535224914552,17.908817291259766,0.9949343204498292,0.7394300103187561,15.172157287597656,0.8428976535797119,0.0035013956949114,1.3497799634933472,0.0749877765774726,0.9003357291221619,17.074012756347656,0.9485562443733216,0.0674740746617317,5.961165428161621,0.3311758637428283,0.6383693814277649,14.056635856628418,0.7809242010116577,0.2155836671590805,7.78547477722168,0.4325263798236847,0.0,0.0,4.0,4.0,0.2670172112053638,0
/home/daplab/30006664/kv_allindia_dec2023/audios/ah_3-b-2_kv_kv-afs-begumpet_04122023-000000-1_HI-KV-001_1.wav,पैरों,पैरों,c,31.5,32.1,p ee r oo q,p ee r oo q,0.0,p ee r oo q *,p ee r oo q,1575.0,1605.0,30.0,-0.4605588316917419,-1.3683078289031982,-0.0456102602183818,-1.229381442070007,-13.974298477172852,-0.4658099412918091,1.7364840459777042e-05,3.4086227416992188,0.1136207580566406,0.4987141788005829,48.47119140625,1.6157063245773315,0.8298478126525879,29.48276901245117,0.9827589392662048,0.6437437534332275,23.899139404296875,0.7966379523277283,0.0004389743844512,1.172553777694702,0.0390851274132728,0.8197368383407593,27.745325088500977,0.9248441457748412,0.0076252706348896,6.47152853012085,0.215717613697052,0.4969455003738403,21.47040367126465,0.7156801223754883,0.113552950322628,10.049112319946287,0.3349704146385193,0.0,0.0,5.0,5.0,0.2670172112053638,0
/home/daplab/30006664/kv_allindia_dec2023/audios/ah_3-b-2_kv_kv-afs-begumpet_04122023-000000-1_HI-KV-001_1.wav,में,में,c,32.1,32.34,m ee q,m ee q,0.0,m ee q *,m ee q,1605.0,1618.0,13.0,-0.0974322482943534,-0.1415642201900482,-0.0108895553275942,-0.6606621146202087,-4.103865146636963,-0.3156819343566894,2.546127507230267e-05,0.534821629524231,0.0411401242017746,0.5538628101348877,17.09208869934082,1.314776062965393,0.962352216243744,12.945148468017578,0.9957806468009948,0.7076383233070374,10.835175514221191,0.8334750533103943,0.0017563793808221,0.7733412981033325,0.0594877935945987,0.8964204788208008,12.301347732543944,0.9462575316429138,0.0606932044029235,3.9132349491119385,0.3010180592536926,0.6298853158950806,10.02328872680664,0.7710222005844116,0.2076670229434967,5.325265407562256,0.4096358120441437,0.0,0.0,3.0,3.0,0.2670172112053638,0
/home/daplab/30006664/kv_allindia_dec2023/audios/ah_3-b-2_kv_kv-afs-begumpet_04122023-000000-1_HI-KV-001_1.wav,चुभ,चुभ,c,32.37,32.67,c uu bh,c uu bh,0.0,c uu bh *,c uu bh,1618.0,1634.0,16.0,-0.468948483467102,-1.4587068557739258,-0.0911691784858703,-1.336771011352539,-7.640053749084473,-0.4775033593177795,2.173877328459639e-05,3.058328628540039,0.1911455392837524,0.5897950530052185,23.797426223754883,1.4873391389846802,0.8269264698028564,15.453381538391112,0.9658363461494446,0.561694860458374,12.848609924316406,0.8030381202697754,7.398822344839573e-05,0.9488840699195862,0.0593052543699741,0.7697745561599731,14.778834342956545,0.923677146434784,0.0019737624097615,4.38057279586792,0.273785799741745,0.432552695274353,11.643964767456056,0.7277477979660034,0.0833495333790779,5.997169017791748,0.3748230636119842,0.0,0.0,3.0,3.0,0.2670172112053638,0
/home/daplab/30006664/kv_allindia_dec2023/audios/ah_3-b-2_kv_kv-afs-begumpet_04122023-000000-1_HI-KV-001_1.wav,गए,गए,c,32.67,32.94,g ee,g ee,0.0,* g ee *,g ee,1633.0,1647.0,14.0,-0.468948483467102,-0.8821555376052856,-0.0630111098289489,-1.0489537715911863,-5.651070594787598,-0.4036478996276855,3.2196756365010515e-05,1.7380043268203735,0.1241431683301925,0.5295500755310059,19.40021324157715,1.3857295513153076,0.8269264698028564,13.67180061340332,0.976557195186615,0.6934919357299805,11.571852684020996,0.826560914516449,0.0012920961016789,0.8254595398902893,0.0589613951742649,0.8637837171554565,13.123698234558104,0.9374070167541504,0.0251027587801218,3.937335968017578,0.2812382876873016,0.5666104555130005,10.513500213623049,0.7509642839431763,0.1565208286046981,5.449028015136719,0.389216274023056,0.0,0.0,2.0,2.0,0.2670172112053638,0
/home/daplab/30006664/kv_allindia_dec2023/audios/ah_3-b-2_kv_kv-afs-begumpet_04122023-000000-1_HI-KV-001_1.wav,और,और,c,33.15,33.48,OO r,OO r,0.0,OO r *,OO r,1657.0,1674.0,17.0,-0.3802174627780914,-0.6911683082580566,-0.0406569577753543,-0.8358058333396912,-5.284149169921875,-0.3108322918415069,1.807746957638301e-05,1.4223204851150513,0.083665907382965,0.4990714192390442,20.46526336669922,1.2038390636444092,0.8581369519233704,16.739959716796875,0.984703540802002,0.7574502229690552,14.374801635742188,0.8455765843391418,0.0051769488491117,1.334545373916626,0.078502669930458,0.8913872241973877,16.140085220336914,0.9494167566299438,0.0529674254357814,5.831399917602539,0.3430235385894775,0.6192923784255981,13.34225082397461,0.7848382592201233,0.198159322142601,7.506680011749268,0.4415694177150726,0.0,0.0,2.0,2.0,0.2670172112053638,0
/home/daplab/30006664/kv_allindia_dec2023/audios/ah_3-b-2_kv_kv-afs-begumpet_04122023-000000-1_HI-KV-001_1.wav,इसके,इसके,c,33.51,33.93,ii s aa k ee,ii s aa k ee,0.0,ii s aa k ee *,ii s aa k ee,1675.0,1697.0,22.0,-0.0972343683242797,-0.183774784207344,-0.0083533991128206,-0.6281812191009521,-7.1810808181762695,-0.3264127671718597,1.3593700714409351e-05,0.7837087512016296,0.035623125731945,0.4914961159229278,29.37681770324707,1.3353098630905151,0.962427854537964,21.928659439086918,0.9967572689056396,0.7448723316192627,18.340856552124023,0.8336753249168396,0.0039403289556503,1.3669832944869995,0.0621356032788753,0.9032138586044312,20.792762756347656,0.9451255798339844,0.072937287390232,6.526859283447266,0.2966754138469696,0.6447495222091675,16.892316818237305,0.7678325772285461,0.2217201888561248,8.941364288330078,0.4064256548881531,0.0,0.0,5.0,5.0,0.2670172112053638,0
/home/daplab/30006664/kv_allindia_dec2023/audios/ah_3-b-2_kv_kv-afs-begumpet_04122023-000000-1_HI-KV-001_1.wav,लिए,लिए,c,33.93,34.41,l ii ee,l ii ee,0.0,* l ii ee *,l ii ee,1696.0,1721.0,25.0,-0.0228441040962934,-0.0872298777103424,-0.0034891951363533,-0.5836247801780701,-7.469196319580078,-0.2987678647041321,1.869904554041568e-05,0.4917922616004944,0.0196716897189617,0.5172507762908936,32.560508728027344,1.3024203777313232,0.9910906553268432,24.965940475463867,0.9986376166343688,0.7091754674911499,20.947628021240234,0.8379051089286804,0.0018159553874284,1.4002635478973389,0.056010540574789,0.8967330455780029,23.712718963623047,0.9485087394714355,0.0612085461616516,7.5094170570373535,0.300376683473587,0.6305545568466187,19.38319396972656,0.775327742099762,0.2082816213369369,10.273184776306152,0.4109273850917816,0.0,0.0,3.0,3.0,0.2670172112053638,0
/home/daplab/30006664/kv_allindia_dec2023/audios/ah_3-b-2_kv_kv-afs-begumpet_04122023-000000-1_HI-KV-001_1.wav,कुछ,<eps>,d,,,k uu ch,,,,,,,,,,,,,,,,,,,,,,,,,,,,,,,,,,,,,,,,,,,,,0.9210397588221279,1
/home/daplab/30006664/kv_allindia_dec2023/audios/ah_3-b-2_kv_kv-afs-begumpet_04122023-000000-1_HI-KV-001_1.wav,इंतजाम,इंतजाम,c,34.47,35.13,ii q t aa j AA m,ii q t aa j AA m,0.0,ii q t aa j AA m *,ii q t aa j AA m,1723.0,1757.0,34.0,-0.6455071568489075,-1.2067338228225708,-0.0354921706020832,-1.022701382637024,-10.37617301940918,-0.3051815629005432,2.295944614161272e-05,1.9064961671829224,0.0560734160244464,0.5190257430076599,42.01793670654297,1.2358217239379885,0.7668452262878418,33.55723571777344,0.986977517604828,0.7425193786621094,28.66546630859375,0.843101978302002,0.0037441852036863,2.406797170639038,0.0707881525158882,0.8804987668991089,32.27676773071289,0.949316680431366,0.0394539944827556,11.27235221862793,0.3315397799015045,0.5974873900413513,26.609588623046875,0.782634973526001,0.1798345893621444,14.72518539428711,0.4330936968326568,0.0,0.0,7.0,7.0,0.2670172112053638,0
/home/daplab/30006664/kv_allindia_dec2023/audios/ah_3-b-2_kv_kv-afs-begumpet_04122023-000000-1_HI-KV-001_1.wav,करना,करना,c,35.13,35.49,k aa r aa n AA,k aa r aa n AA,0.0,* k aa r aa n AA *,k aa r aa n AA,1756.0,1775.0,19.0,-0.2136234194040298,-0.5213439464569092,-0.0274391546845436,-0.7636784315109253,-7.789315700531006,-0.409963995218277,5.529056943487376e-05,1.6160331964492798,0.085054375231266,0.5786639451980591,28.995248794555664,1.526065707206726,0.9186386466026306,18.79966163635254,0.9894558787345886,0.7109652757644653,15.414175987243652,0.8112724423408508,0.0018878761911764,0.7393815517425537,0.038914818316698,0.8978606462478638,17.750553131103516,0.934239625930786,0.0631043910980224,4.26024341583252,0.224223330616951,0.6329805850982666,13.93457317352295,0.7333986163139343,0.2105235755443573,6.613635540008545,0.3480860888957977,0.0,0.0,6.0,6.0,0.2670172112053638,0
/home/daplab/30006664/kv_allindia_dec2023/audios/ah_3-b-2_kv_kv-afs-begumpet_04122023-000000-1_HI-KV-001_1.wav,चाहिए,चाहिए,c,35.85,36.33,c AA hh ii ee,c AA hh ii ee,0.0,c AA hh ii ee,c AA hh ii ee,1792.0,1817.0,25.0,-0.0205932967364788,-0.0786431729793548,-0.0031457268632948,-0.5894549489021301,-7.543712615966797,-0.301748514175415,4.95253007102292e-05,0.4562993049621582,0.0182519722729921,0.6079301834106445,32.82986068725586,1.3131943941116333,0.9919661283493042,24.96928977966309,0.998771607875824,0.7582874298095703,20.923681259155277,0.8369472622871399,0.0052718631923198,1.314758062362671,0.0525903217494487,0.9079606533050536,23.70201873779297,0.9480807781219482,0.082930602133274,7.375340461730957,0.2950136065483093,0.6555517911911011,19.338478088378903,0.773539125919342,0.2324808090925216,10.163949966430664,0.4065580070018768,0.0,0.0,5.0,5.0,0.2670172112053638,0
