utterance_id,canonical_word,start_time,end_time,GT_label,costed_neglog,entropy_gibbs_exp_min,miscue_prob,miscue_label,miscue_pred
/home/daplab/30006664/kv_allindia_dec2023/audios/vr_3-c-18_kv_kv-no2-eklinggarh-udaipur_04122023-000000-1_HI-KV-001_1.wav,एक,2.34,2.67,c,0.0,0.0026786250527948,0.114792,0,C
/home/daplab/30006664/kv_allindia_dec2023/audios/vr_3-c-18_kv_kv-no2-eklinggarh-udaipur_04122023-000000-1_HI-KV-001_1.wav,राजा,2.67,3.15,c,0.0,0.0047895801253616,0.063251,0,C
/home/daplab/30006664/kv_allindia_dec2023/audios/vr_3-c-18_kv_kv-no2-eklinggarh-udaipur_04122023-000000-1_HI-KV-001_1.wav,था,3.15,3.42,c,0.0,0.0026475456543266,0.114792,0,C
/home/daplab/30006664/kv_allindia_dec2023/audios/vr_3-c-18_kv_kv-no2-eklinggarh-udaipur_04122023-000000-1_HI-KV-001_1.wav,उसका,3.42,4.02,c,0.0,0.0014449022710323,0.269013,0,C
/home/daplab/30006664/kv_allindia_dec2023/audios/vr_3-c-18_kv_kv-no2-eklinggarh-udaipur_04122023-000000-1_HI-KV-001_1.wav,एक,4.02,4.35,c,0.0,0.0034028925001621,0.097221,0,C
/home/daplab/30006664/kv_allindia_dec2023/audios/vr_3-c-18_kv_kv-no2-eklinggarh-udaipur_04122023-000000-1_HI-KV-001_1.wav,बडा,4.35,4.74,c,0.0,0.0028581742662936,0.097349,0,C
/home/daplab/30006664/kv_allindia_dec2023/audios/vr_3-c-18_kv_kv-no2-eklinggarh-udaipur_04122023-000000-1_HI-KV-001_1.wav,सा,4.74,5.16,c,0.0,0.0014374878956004,0.269013,0,C
/home/daplab/30006664/kv_allindia_dec2023/audios/vr_3-c-18_kv_kv-no2-eklinggarh-udaipur_04122023-000000-1_HI-KV-001_1.wav,राज्य,5.52,6.03,c,0.0,0.001559309544973,0.269013,0,C
/home/daplab/30006664/kv_allindia_dec2023/audios/vr_3-c-18_kv_kv-no2-eklinggarh-udaipur_04122023-000000-1_HI-KV-001_1.wav,था,6.03,6.3,c,0.0,0.0014545595040544,0.269013,0,C
/home/daplab/30006664/kv_allindia_dec2023/audios/vr_3-c-18_kv_kv-no2-eklinggarh-udaipur_04122023-000000-1_HI-KV-001_1.wav,एक,6.3,6.6,c,0.0,0.0001793486444512,0.53479,0,C
/home/daplab/30006664/kv_allindia_dec2023/audios/vr_3-c-18_kv_kv-no2-eklinggarh-udaipur_04122023-000000-1_HI-KV-001_1.wav,दिन,6.63,6.96,c,22.721100963977992,2.987677873989014e-07,0.964467,1,S
/home/daplab/30006664/kv_allindia_dec2023/audios/vr_3-c-18_kv_kv-no2-eklinggarh-udaipur_04122023-000000-1_HI-KV-001_1.wav,उसे,6.96,7.62,s,11.326609890983994,4.2443236452527344e-05,0.931924,1,S
/home/daplab/30006664/kv_allindia_dec2023/audios/vr_3-c-18_kv_kv-no2-eklinggarh-udaipur_04122023-000000-1_HI-KV-001_1.wav,देश,7.89,8.34,c,0.0,0.0004502560768742,0.509663,0,C
/home/daplab/30006664/kv_allindia_dec2023/audios/vr_3-c-18_kv_kv-no2-eklinggarh-udaipur_04122023-000000-1_HI-KV-001_1.wav,घूमने,8.34,9.12,c,0.0,2.9014539904892445e-05,0.545545,0,C
/home/daplab/30006664/kv_allindia_dec2023/audios/vr_3-c-18_kv_kv-no2-eklinggarh-udaipur_04122023-000000-1_HI-KV-001_1.wav,का,9.63,9.87,c,0.0,0.0011428802972659,0.423782,0,C
/home/daplab/30006664/kv_allindia_dec2023/audios/vr_3-c-18_kv_kv-no2-eklinggarh-udaipur_04122023-000000-1_HI-KV-001_1.wav,विचार,9.87,10.53,c,0.0,0.0007765098125673,0.45691,0,C
/home/daplab/30006664/kv_allindia_dec2023/audios/vr_3-c-18_kv_kv-no2-eklinggarh-udaipur_04122023-000000-1_HI-KV-001_1.wav,आया,10.62,11.13,c,0.0,0.0037591371219605,0.102427,0,C
/home/daplab/30006664/kv_allindia_dec2023/audios/vr_3-c-18_kv_kv-no2-eklinggarh-udaipur_04122023-000000-1_HI-KV-001_1.wav,और,12.36,12.6,c,0.0,0.0017282087355852,0.22537,0,C
/home/daplab/30006664/kv_allindia_dec2023/audios/vr_3-c-18_kv_kv-no2-eklinggarh-udaipur_04122023-000000-1_HI-KV-001_1.wav,उसने,12.6,13.05,c,0.0,0.0004823800991289,0.486869,0,C
/home/daplab/30006664/kv_allindia_dec2023/audios/vr_3-c-18_kv_kv-no2-eklinggarh-udaipur_04122023-000000-1_HI-KV-001_1.wav,देश,13.05,13.47,c,0.0,0.0006010656943544,0.467188,0,C
/home/daplab/30006664/kv_allindia_dec2023/audios/vr_3-c-18_kv_kv-no2-eklinggarh-udaipur_04122023-000000-1_HI-KV-001_1.wav,भ्रमन,13.47,14.16,s,,0.0001275526883546,0.928063,1,S
/home/daplab/30006664/kv_allindia_dec2023/audios/vr_3-c-18_kv_kv-no2-eklinggarh-udaipur_04122023-000000-1_HI-KV-001_1.wav,की,14.19,14.43,c,0.0,0.0067795594222843,0.102248,0,C
/home/daplab/30006664/kv_allindia_dec2023/audios/vr_3-c-18_kv_kv-no2-eklinggarh-udaipur_04122023-000000-1_HI-KV-001_1.wav,योजना,14.43,15.06,c,0.0,0.0021072963718324,0.170091,0,C
/home/daplab/30006664/kv_allindia_dec2023/audios/vr_3-c-18_kv_kv-no2-eklinggarh-udaipur_04122023-000000-1_HI-KV-001_1.wav,बनाई,15.06,15.57,c,0.0,0.0025461330078542,0.105903,0,C
/home/daplab/30006664/kv_allindia_dec2023/audios/vr_3-c-18_kv_kv-no2-eklinggarh-udaipur_04122023-000000-1_HI-KV-001_1.wav,और,16.02,16.35,c,0.0,0.0016828534426167,0.22537,0,C
/home/daplab/30006664/kv_allindia_dec2023/audios/vr_3-c-18_kv_kv-no2-eklinggarh-udaipur_04122023-000000-1_HI-KV-001_1.wav,घूमने,16.35,17.13,c,0.0,4.568002987070941e-05,0.538915,0,C
/home/daplab/30006664/kv_allindia_dec2023/audios/vr_3-c-18_kv_kv-no2-eklinggarh-udaipur_04122023-000000-1_HI-KV-001_1.wav,निकल,17.13,17.76,c,0.0,0.0010527953272685,0.417996,0,C
/home/daplab/30006664/kv_allindia_dec2023/audios/vr_3-c-18_kv_kv-no2-eklinggarh-udaipur_04122023-000000-1_HI-KV-001_1.wav,पडा,18.15,18.57,c,,2.0552002752083357e-05,0.926716,1,S
/home/daplab/30006664/kv_allindia_dec2023/audios/vr_3-c-18_kv_kv-no2-eklinggarh-udaipur_04122023-000000-1_HI-KV-001_1.wav,जब,18.57,18.87,c,0.0,0.0010990411974489,0.423782,0,C
/home/daplab/30006664/kv_allindia_dec2023/audios/vr_3-c-18_kv_kv-no2-eklinggarh-udaipur_04122023-000000-1_HI-KV-001_1.wav,वह,18.87,19.32,c,0.0,0.0040205498225986,0.072681,0,C
/home/daplab/30006664/kv_allindia_dec2023/audios/vr_3-c-18_kv_kv-no2-eklinggarh-udaipur_04122023-000000-1_HI-KV-001_1.wav,यात्रा,19.32,19.92,c,0.0,0.0050148270092904,0.066489,0,C
/home/daplab/30006664/kv_allindia_dec2023/audios/vr_3-c-18_kv_kv-no2-eklinggarh-udaipur_04122023-000000-1_HI-KV-001_1.wav,से,19.92,20.19,c,0.0,0.0042796493507921,0.078516,0,C
/home/daplab/30006664/kv_allindia_dec2023/audios/vr_3-c-18_kv_kv-no2-eklinggarh-udaipur_04122023-000000-1_HI-KV-001_1.wav,लौट,20.19,20.64,c,0.0,0.0006757902447134,0.4705,0,C
/home/daplab/30006664/kv_allindia_dec2023/audios/vr_3-c-18_kv_kv-no2-eklinggarh-udaipur_04122023-000000-1_HI-KV-001_1.wav,कर,20.64,20.94,c,0.0,0.0006614188896492,0.4705,0,C
/home/daplab/30006664/kv_allindia_dec2023/audios/vr_3-c-18_kv_kv-no2-eklinggarh-udaipur_04122023-000000-1_HI-KV-001_1.wav,अपने,20.94,21.42,c,0.0,0.0040937298908829,0.041233,0,C
/home/daplab/30006664/kv_allindia_dec2023/audios/vr_3-c-18_kv_kv-no2-eklinggarh-udaipur_04122023-000000-1_HI-KV-001_1.wav,महल,21.75,22.17,c,0.0,5.801227598567493e-05,0.538915,0,C
/home/daplab/30006664/kv_allindia_dec2023/audios/vr_3-c-18_kv_kv-no2-eklinggarh-udaipur_04122023-000000-1_HI-KV-001_1.wav,आया,22.17,22.59,c,0.0,0.0022205596324056,0.142124,0,C
/home/daplab/30006664/kv_allindia_dec2023/audios/vr_3-c-18_kv_kv-no2-eklinggarh-udaipur_04122023-000000-1_HI-KV-001_1.wav,उसने,22.59,23.31,c,0.0,0.0008632912067696,0.45691,0,C
/home/daplab/30006664/kv_allindia_dec2023/audios/vr_3-c-18_kv_kv-no2-eklinggarh-udaipur_04122023-000000-1_HI-KV-001_1.wav,अपने,23.67,24.39,c,0.0,0.0019850977696478,0.170091,0,C
/home/daplab/30006664/kv_allindia_dec2023/audios/vr_3-c-18_kv_kv-no2-eklinggarh-udaipur_04122023-000000-1_HI-KV-001_1.wav,मंत्रियों,24.87,25.62,s,15.935624249853063,0.0043949270620942,0.982544,1,S
/home/daplab/30006664/kv_allindia_dec2023/audios/vr_3-c-18_kv_kv-no2-eklinggarh-udaipur_04122023-000000-1_HI-KV-001_1.wav,से,25.62,26.34,c,0.0,0.0030556919518858,0.089266,0,C
/home/daplab/30006664/kv_allindia_dec2023/audios/vr_3-c-18_kv_kv-no2-eklinggarh-udaipur_04122023-000000-1_HI-KV-001_1.wav,पैरों,26.85,27.42,c,0.0,0.0011918055824935,0.423782,0,C
/home/daplab/30006664/kv_allindia_dec2023/audios/vr_3-c-18_kv_kv-no2-eklinggarh-udaipur_04122023-000000-1_HI-KV-001_1.wav,में,27.45,27.69,c,0.0,0.001570280874148,0.272048,0,C
/home/daplab/30006664/kv_allindia_dec2023/audios/vr_3-c-18_kv_kv-no2-eklinggarh-udaipur_04122023-000000-1_HI-KV-001_1.wav,दर्द,27.69,28.11,c,0.0,0.0018970860401168,0.206784,0,C
/home/daplab/30006664/kv_allindia_dec2023/audios/vr_3-c-18_kv_kv-no2-eklinggarh-udaipur_04122023-000000-1_HI-KV-001_1.wav,होने,28.11,28.77,c,0.0,0.0043905326165258,0.078516,0,C
/home/daplab/30006664/kv_allindia_dec2023/audios/vr_3-c-18_kv_kv-no2-eklinggarh-udaipur_04122023-000000-1_HI-KV-001_1.wav,की,28.77,29.19,c,0.0,0.0046325083822011,0.063251,0,C
/home/daplab/30006664/kv_allindia_dec2023/audios/vr_3-c-18_kv_kv-no2-eklinggarh-udaipur_04122023-000000-1_HI-KV-001_1.wav,शिकायत,30.45,31.38,c,0.0,0.0005673040286637,0.467188,0,C
/home/daplab/30006664/kv_allindia_dec2023/audios/vr_3-c-18_kv_kv-no2-eklinggarh-udaipur_04122023-000000-1_HI-KV-001_1.wav,की,31.38,31.71,c,0.0,0.0022237098310142,0.142124,0,C
/home/daplab/30006664/kv_allindia_dec2023/audios/vr_3-c-18_kv_kv-no2-eklinggarh-udaipur_04122023-000000-1_HI-KV-001_1.wav,राजा,31.71,32.25,c,0.0,0.0039017593953758,0.051565,0,C
/home/daplab/30006664/kv_allindia_dec2023/audios/vr_3-c-18_kv_kv-no2-eklinggarh-udaipur_04122023-000000-1_HI-KV-001_1.wav,का,32.25,32.67,c,0.0,2.222494731540792e-05,0.545545,0,C
/home/daplab/30006664/kv_allindia_dec2023/audios/vr_3-c-18_kv_kv-no2-eklinggarh-udaipur_04122023-000000-1_HI-KV-001_1.wav,कहना,32.97,33.69,c,0.0,0.0014460912207141,0.269013,0,C
/home/daplab/30006664/kv_allindia_dec2023/audios/vr_3-c-18_kv_kv-no2-eklinggarh-udaipur_04122023-000000-1_HI-KV-001_1.wav,था,34.08,34.47,c,0.0,0.0014617224223911,0.269013,0,C
/home/daplab/30006664/kv_allindia_dec2023/audios/vr_3-c-18_kv_kv-no2-eklinggarh-udaipur_04122023-000000-1_HI-KV-001_1.wav,कि,34.47,34.83,c,0.0,0.004892568103969,0.063251,0,C
/home/daplab/30006664/kv_allindia_dec2023/audios/vr_3-c-18_kv_kv-no2-eklinggarh-udaipur_04122023-000000-1_HI-KV-001_1.wav,मार्ग,34.83,35.19,s,16.66885168252899,0.0002074895601253,0.909635,1,S
/home/daplab/30006664/kv_allindia_dec2023/audios/vr_3-c-18_kv_kv-no2-eklinggarh-udaipur_04122023-000000-1_HI-KV-001_1.wav,में,35.43,35.64,s,9.771902234037416,3.455182877587504e-06,0.89956,1,S
/home/daplab/30006664/kv_allindia_dec2023/audios/vr_3-c-18_kv_kv-no2-eklinggarh-udaipur_04122023-000000-1_HI-KV-001_1.wav,जो,35.64,35.97,c,0.0,0.0007645309669896,0.45691,0,C
/home/daplab/30006664/kv_allindia_dec2023/audios/vr_3-c-18_kv_kv-no2-eklinggarh-udaipur_04122023-000000-1_HI-KV-001_1.wav,कंकड,35.97,36.6,c,,4.269485725671984e-05,0.925197,1,S
/home/daplab/30006664/kv_allindia_dec2023/audios/vr_3-c-18_kv_kv-no2-eklinggarh-udaipur_04122023-000000-1_HI-KV-001_1.wav,पत्थर,36.6,37.23,c,0.0,0.0007020749617367,0.4705,0,C
/home/daplab/30006664/kv_allindia_dec2023/audios/vr_3-c-18_kv_kv-no2-eklinggarh-udaipur_04122023-000000-1_HI-KV-001_1.wav,थे,37.23,37.74,c,0.0,0.0020076911896467,0.170091,0,C
/home/daplab/30006664/kv_allindia_dec2023/audios/vr_3-c-18_kv_kv-no2-eklinggarh-udaipur_04122023-000000-1_HI-KV-001_1.wav,वे,37.74,38.1,c,0.0,0.0020108404569327,0.170091,0,C
/home/daplab/30006664/kv_allindia_dec2023/audios/vr_3-c-18_kv_kv-no2-eklinggarh-udaipur_04122023-000000-1_HI-KV-001_1.wav,मेरे,38.49,39.03,c,0.0,0.0016998380888253,0.22537,0,C
/home/daplab/30006664/kv_allindia_dec2023/audios/vr_3-c-18_kv_kv-no2-eklinggarh-udaipur_04122023-000000-1_HI-KV-001_1.wav,पैरों,39.03,39.54,c,0.0,0.000709609419573,0.4705,0,C
/home/daplab/30006664/kv_allindia_dec2023/audios/vr_3-c-18_kv_kv-no2-eklinggarh-udaipur_04122023-000000-1_HI-KV-001_1.wav,में,39.57,39.75,c,0.0,0.0002341415965929,0.53479,0,C
/home/daplab/30006664/kv_allindia_dec2023/audios/vr_3-c-18_kv_kv-no2-eklinggarh-udaipur_04122023-000000-1_HI-KV-001_1.wav,चुभ,39.75,40.05,c,6.345688179714021,1.2185810192022473e-05,0.905926,1,S
/home/daplab/30006664/kv_allindia_dec2023/audios/vr_3-c-18_kv_kv-no2-eklinggarh-udaipur_04122023-000000-1_HI-KV-001_1.wav,गए,40.05,40.44,c,0.0,1.7408465282642283e-05,0.545545,0,C
/home/daplab/30006664/kv_allindia_dec2023/audios/vr_3-c-18_kv_kv-no2-eklinggarh-udaipur_04122023-000000-1_HI-KV-001_1.wav,और,40.83,41.13,c,0.0,0.0015038733836263,0.269013,0,C
/home/daplab/30006664/kv_allindia_dec2023/audios/vr_3-c-18_kv_kv-no2-eklinggarh-udaipur_04122023-000000-1_HI-KV-001_1.wav,इसके,41.52,42.0,c,0.0,0.003658126341179,0.092525,0,C
/home/daplab/30006664/kv_allindia_dec2023/audios/vr_3-c-18_kv_kv-no2-eklinggarh-udaipur_04122023-000000-1_HI-KV-001_1.wav,लिए,42.0,42.33,c,0.0,0.0040634726174175,0.041233,0,C
/home/daplab/30006664/kv_allindia_dec2023/audios/vr_3-c-18_kv_kv-no2-eklinggarh-udaipur_04122023-000000-1_HI-KV-001_1.wav,कुछ,42.33,42.75,c,0.0,0.0006274622282944,0.4705,0,C
/home/daplab/30006664/kv_allindia_dec2023/audios/vr_3-c-18_kv_kv-no2-eklinggarh-udaipur_04122023-000000-1_HI-KV-001_1.wav,इंतजाम,43.11,43.89,s,6.527732157218431,0.0040808296762406,0.952176,1,S
/home/daplab/30006664/kv_allindia_dec2023/audios/vr_3-c-18_kv_kv-no2-eklinggarh-udaipur_04122023-000000-1_HI-KV-001_1.wav,करना,43.89,44.37,c,0.0,0.005781153216958,0.090731,0,C
/home/daplab/30006664/kv_allindia_dec2023/audios/vr_3-c-18_kv_kv-no2-eklinggarh-udaipur_04122023-000000-1_HI-KV-001_1.wav,चाहिए,44.37,44.88,c,0.0,0.0013410397805273,0.312544,0,C
/home/daplab/30006664/kv_allindia_dec2023/audios/hy_3-c-9_kv_kv-rdso-lucknow_04122023-000000-1_HI-KV-002_1.wav,सालों,0.99,2.07,c,0.0,0.0023772255517542,0.133108,0,C
/home/daplab/30006664/kv_allindia_dec2023/audios/hy_3-c-9_kv_kv-rdso-lucknow_04122023-000000-1_HI-KV-002_1.wav,पहले,2.25,2.85,s,0.0,0.0014885173877701,0.269013,0,C
/home/daplab/30006664/kv_allindia_dec2023/audios/hy_3-c-9_kv_kv-rdso-lucknow_04122023-000000-1_HI-KV-002_1.wav,एक,2.85,3.33,c,0.0,0.0038088462315499,0.051565,0,C
/home/daplab/30006664/kv_allindia_dec2023/audios/hy_3-c-9_kv_kv-rdso-lucknow_04122023-000000-1_HI-KV-002_1.wav,घंटाघर,3.42,4.59,c,0.0,0.0006949829985387,0.4705,0,C
/home/daplab/30006664/kv_allindia_dec2023/audios/hy_3-c-9_kv_kv-rdso-lucknow_04122023-000000-1_HI-KV-002_1.wav,में,4.59,5.13,c,0.0,0.0024216051679104,0.147123,0,C
/home/daplab/30006664/kv_allindia_dec2023/audios/hy_3-c-9_kv_kv-rdso-lucknow_04122023-000000-1_HI-KV-002_1.wav,टीकू,5.13,6.0,c,1.4172657424106416,0.0017112799687311,0.07015,0,C
/home/daplab/30006664/kv_allindia_dec2023/audios/hy_3-c-9_kv_kv-rdso-lucknow_04122023-000000-1_HI-KV-002_1.wav,चिड़िया,6.33,6.96,c,0.0,0.0014744848012924,0.269013,0,C
/home/daplab/30006664/kv_allindia_dec2023/audios/hy_3-c-9_kv_kv-rdso-lucknow_04122023-000000-1_HI-KV-002_1.wav,अपने,6.96,7.83,c,3.3307297770419875,9.91321139736101e-05,0.863522,1,S
/home/daplab/30006664/kv_allindia_dec2023/audios/hy_3-c-9_kv_kv-rdso-lucknow_04122023-000000-1_HI-KV-002_1.wav,माता,7.83,8.34,c,0.0,0.0041431114077568,0.041233,0,C
/home/daplab/30006664/kv_allindia_dec2023/audios/hy_3-c-9_kv_kv-rdso-lucknow_04122023-000000-1_HI-KV-002_1.wav,पिता,8.34,8.85,c,0.0,0.0047367108054459,0.063251,0,C
/home/daplab/30006664/kv_allindia_dec2023/audios/hy_3-c-9_kv_kv-rdso-lucknow_04122023-000000-1_HI-KV-002_1.wav,और,8.88,9.36,c,0.0,0.0041680629365146,0.041233,0,C
/home/daplab/30006664/kv_allindia_dec2023/audios/hy_3-c-9_kv_kv-rdso-lucknow_04122023-000000-1_HI-KV-002_1.wav,पांच,9.39,9.84,c,,0.0016485116211697,0.906958,1,S
/home/daplab/30006664/kv_allindia_dec2023/audios/hy_3-c-9_kv_kv-rdso-lucknow_04122023-000000-1_HI-KV-002_1.wav,भाइयों,9.84,10.47,c,0.0,0.0024400011170655,0.147123,0,C
/home/daplab/30006664/kv_allindia_dec2023/audios/hy_3-c-9_kv_kv-rdso-lucknow_04122023-000000-1_HI-KV-002_1.wav,के,11.04,11.25,c,0.0,0.0084893908351659,0.038088,0,C
/home/daplab/30006664/kv_allindia_dec2023/audios/hy_3-c-9_kv_kv-rdso-lucknow_04122023-000000-1_HI-KV-002_1.wav,साथ,11.25,11.7,c,0.0,0.0004843726928811,0.486869,0,C
/home/daplab/30006664/kv_allindia_dec2023/audios/hy_3-c-9_kv_kv-rdso-lucknow_04122023-000000-1_HI-KV-002_1.wav,रहती,12.03,12.57,s,0.0,0.0013002638006582,0.312544,0,C
/home/daplab/30006664/kv_allindia_dec2023/audios/hy_3-c-9_kv_kv-rdso-lucknow_04122023-000000-1_HI-KV-002_1.wav,थी,12.57,13.05,c,0.0,0.0022055201698094,0.142124,0,C
/home/daplab/30006664/kv_allindia_dec2023/audios/hy_3-c-9_kv_kv-rdso-lucknow_04122023-000000-1_HI-KV-002_1.wav,टीकू,13.5,14.13,c,1.4172657424106416,0.0018855684902518,0.073143,0,C
/home/daplab/30006664/kv_allindia_dec2023/audios/hy_3-c-9_kv_kv-rdso-lucknow_04122023-000000-1_HI-KV-002_1.wav,चिड़िया,14.34,14.85,c,0.0,0.0023878091014921,0.133108,0,C
/home/daplab/30006664/kv_allindia_dec2023/audios/hy_3-c-9_kv_kv-rdso-lucknow_04122023-000000-1_HI-KV-002_1.wav,छोटी,14.85,15.39,c,0.0,0.0004307602357584,0.509663,0,C
/home/daplab/30006664/kv_allindia_dec2023/audios/hy_3-c-9_kv_kv-rdso-lucknow_04122023-000000-1_HI-KV-002_1.wav,सी,15.39,15.66,c,0.0,0.0028807669878005,0.097349,0,C
/home/daplab/30006664/kv_allindia_dec2023/audios/hy_3-c-9_kv_kv-rdso-lucknow_04122023-000000-1_HI-KV-002_1.wav,थी,15.66,16.08,c,0.0,0.00180591607932,0.223529,0,C
/home/daplab/30006664/kv_allindia_dec2023/audios/hy_3-c-9_kv_kv-rdso-lucknow_04122023-000000-1_HI-KV-002_1.wav,उसके,16.62,17.13,c,0.0,0.0017556635430082,0.22537,0,C
/home/daplab/30006664/kv_allindia_dec2023/audios/hy_3-c-9_kv_kv-rdso-lucknow_04122023-000000-1_HI-KV-002_1.wav,पंख,17.13,17.61,c,0.0,0.0030894330702722,0.093223,0,C
/home/daplab/30006664/kv_allindia_dec2023/audios/hy_3-c-9_kv_kv-rdso-lucknow_04122023-000000-1_HI-KV-002_1.wav,मुलायम,17.61,18.27,c,0.0,0.0015802244888618,0.272048,0,C
/home/daplab/30006664/kv_allindia_dec2023/audios/hy_3-c-9_kv_kv-rdso-lucknow_04122023-000000-1_HI-KV-002_1.wav,थे,18.27,18.63,c,0.0,0.0015670645516365,0.272048,0,C
/home/daplab/30006664/kv_allindia_dec2023/audios/hy_3-c-9_kv_kv-rdso-lucknow_04122023-000000-1_HI-KV-002_1.wav,उसकी,19.11,20.13,c,0.0,6.165531522128731e-05,0.538915,0,C
/home/daplab/30006664/kv_allindia_dec2023/audios/hy_3-c-9_kv_kv-rdso-lucknow_04122023-000000-1_HI-KV-002_1.wav,मां,20.13,20.7,c,,0.0001443762303097,0.929816,1,S
/home/daplab/30006664/kv_allindia_dec2023/audios/hy_3-c-9_kv_kv-rdso-lucknow_04122023-000000-1_HI-KV-002_1.wav,ने,20.97,21.54,c,0.0,0.0042287046089768,0.078516,0,C
/home/daplab/30006664/kv_allindia_dec2023/audios/hy_3-c-9_kv_kv-rdso-lucknow_04122023-000000-1_HI-KV-002_1.wav,उसे,21.57,22.05,c,0.0,0.0033804336562752,0.101118,0,C
/home/daplab/30006664/kv_allindia_dec2023/audios/hy_3-c-9_kv_kv-rdso-lucknow_04122023-000000-1_HI-KV-002_1.wav,घंटाघर,22.05,23.07,c,0.0,0.0013122521340847,0.312544,0,C
/home/daplab/30006664/kv_allindia_dec2023/audios/hy_3-c-9_kv_kv-rdso-lucknow_04122023-000000-1_HI-KV-002_1.wav,की,23.07,23.37,c,0.0,0.0012005220633,0.423782,0,C
/home/daplab/30006664/kv_allindia_dec2023/audios/hy_3-c-9_kv_kv-rdso-lucknow_04122023-000000-1_HI-KV-002_1.wav,ताल,23.37,23.88,c,0.0,0.0009778612293303,0.40836,0,C
/home/daplab/30006664/kv_allindia_dec2023/audios/hy_3-c-9_kv_kv-rdso-lucknow_04122023-000000-1_HI-KV-002_1.wav,पर,23.88,24.33,c,0.0,0.0028141844086349,0.112652,0,C
/home/daplab/30006664/kv_allindia_dec2023/audios/hy_3-c-9_kv_kv-rdso-lucknow_04122023-000000-1_HI-KV-002_1.wav,चहकना,24.87,25.8,c,0.0,0.000781473936513,0.45691,0,C
/home/daplab/30006664/kv_allindia_dec2023/audios/hy_3-c-9_kv_kv-rdso-lucknow_04122023-000000-1_HI-KV-002_1.wav,सिखाया,25.83,26.61,c,0.0,0.0018194040749222,0.223529,0,C
/home/daplab/30006664/kv_allindia_dec2023/audios/hy_3-c-9_kv_kv-rdso-lucknow_04122023-000000-1_HI-KV-002_1.wav,था,26.61,27.15,c,0.0,0.0027858659159392,0.112652,0,C
/home/daplab/30006664/kv_allindia_dec2023/audios/hy_3-c-9_kv_kv-rdso-lucknow_04122023-000000-1_HI-KV-002_1.wav,घंटाघर,27.63,28.68,c,0.0,0.0005396459018811,0.467188,0,C
/home/daplab/30006664/kv_allindia_dec2023/audios/hy_3-c-9_kv_kv-rdso-lucknow_04122023-000000-1_HI-KV-002_1.wav,के,28.68,28.92,c,0.0,0.003691179677844,0.073214,0,C
/home/daplab/30006664/kv_allindia_dec2023/audios/hy_3-c-9_kv_kv-rdso-lucknow_04122023-000000-1_HI-KV-002_1.wav,पास,28.92,29.58,c,0.0,0.001859322655946,0.214969,0,C
/home/daplab/30006664/kv_allindia_dec2023/audios/hy_3-c-9_kv_kv-rdso-lucknow_04122023-000000-1_HI-KV-002_1.wav,ही,29.88,30.12,c,0.0,0.0027422029525041,0.112652,0,C
/home/daplab/30006664/kv_allindia_dec2023/audios/hy_3-c-9_kv_kv-rdso-lucknow_04122023-000000-1_HI-KV-002_1.wav,एक,30.15,30.51,c,0.0,0.0029513319022953,0.101134,0,C
/home/daplab/30006664/kv_allindia_dec2023/audios/hy_3-c-9_kv_kv-rdso-lucknow_04122023-000000-1_HI-KV-002_1.wav,घर,30.51,30.87,c,0.0,0.0005749260890297,0.467188,0,C
/home/daplab/30006664/kv_allindia_dec2023/audios/hy_3-c-9_kv_kv-rdso-lucknow_04122023-000000-1_HI-KV-002_1.wav,था,30.87,31.32,c,0.0,0.0030976361595094,0.093223,0,C
/home/daplab/30006664/kv_allindia_dec2023/audios/hy_3-c-9_kv_kv-rdso-lucknow_04122023-000000-1_HI-KV-002_1.wav,जिसमें,31.68,32.34,c,0.0,0.0007514579920098,0.45691,0,C
/home/daplab/30006664/kv_allindia_dec2023/audios/hy_3-c-9_kv_kv-rdso-lucknow_04122023-000000-1_HI-KV-002_1.wav,पक्षियों,32.58,33.63,c,0.0,0.0006133422721177,0.4705,0,C
/home/daplab/30006664/kv_allindia_dec2023/audios/hy_3-c-9_kv_kv-rdso-lucknow_04122023-000000-1_HI-KV-002_1.wav,से,33.81,34.29,c,0.0,0.00473936740309,0.063251,0,C
/home/daplab/30006664/kv_allindia_dec2023/audios/hy_3-c-9_kv_kv-rdso-lucknow_04122023-000000-1_HI-KV-002_1.wav,प्यार,34.29,34.74,c,0.0,0.0023789617698639,0.133108,0,C
/home/daplab/30006664/kv_allindia_dec2023/audios/hy_3-c-9_kv_kv-rdso-lucknow_04122023-000000-1_HI-KV-002_1.wav,करने,34.74,35.28,c,0.0,0.0040710419416427,0.041233,0,C
/home/daplab/30006664/kv_allindia_dec2023/audios/hy_3-c-9_kv_kv-rdso-lucknow_04122023-000000-1_HI-KV-002_1.wav,वाली,35.28,35.76,c,0.0,0.0046866391785442,0.063251,0,C
/home/daplab/30006664/kv_allindia_dec2023/audios/hy_3-c-9_kv_kv-rdso-lucknow_04122023-000000-1_HI-KV-002_1.wav,एक,35.76,36.03,c,0.0,0.0091044781729578,0.036293,0,C
/home/daplab/30006664/kv_allindia_dec2023/audios/hy_3-c-9_kv_kv-rdso-lucknow_04122023-000000-1_HI-KV-002_1.wav,महिला,36.03,36.45,c,0.0,0.0015406492166221,0.269013,0,C
/home/daplab/30006664/kv_allindia_dec2023/audios/hy_3-c-9_kv_kv-rdso-lucknow_04122023-000000-1_HI-KV-002_1.wav,रहती,36.45,36.9,s,0.0,0.002151170047,0.170091,0,C
/home/daplab/30006664/kv_allindia_dec2023/audios/hy_3-c-9_kv_kv-rdso-lucknow_04122023-000000-1_HI-KV-002_1.wav,थी,36.9,37.29,c,0.0,0.0018098478903993,0.223529,0,C
/home/daplab/30006664/kv_allindia_dec2023/audios/hy_3-c-9_kv_kv-rdso-lucknow_04122023-000000-1_HI-KV-002_1.wav,वह,37.83,38.16,c,0.0,0.0015734821790829,0.272048,0,C
/home/daplab/30006664/kv_allindia_dec2023/audios/hy_3-c-9_kv_kv-rdso-lucknow_04122023-000000-1_HI-KV-002_1.wav,टीकू,38.16,38.82,c,1.4172657424106416,0.0030038498807698,0.049397,0,C
/home/daplab/30006664/kv_allindia_dec2023/audios/hy_3-c-9_kv_kv-rdso-lucknow_04122023-000000-1_HI-KV-002_1.wav,चिड़िया,39.18,39.84,c,0.0,0.0041946447454392,0.103922,0,C
/home/daplab/30006664/kv_allindia_dec2023/audios/hy_3-c-9_kv_kv-rdso-lucknow_04122023-000000-1_HI-KV-002_1.wav,और,39.87,40.41,c,0.0,0.0047614551149308,0.063251,0,C
/home/daplab/30006664/kv_allindia_dec2023/audios/hy_3-c-9_kv_kv-rdso-lucknow_04122023-000000-1_HI-KV-002_1.wav,उसके,40.44,40.92,c,0.0,0.0029330500401556,0.101134,0,C
/home/daplab/30006664/kv_allindia_dec2023/audios/hy_3-c-9_kv_kv-rdso-lucknow_04122023-000000-1_HI-KV-002_1.wav,परिवार,40.92,41.52,c,0.0,0.0026443055830895,0.114792,0,C
/home/daplab/30006664/kv_allindia_dec2023/audios/hy_3-c-9_kv_kv-rdso-lucknow_04122023-000000-1_HI-KV-002_1.wav,के,41.52,41.67,c,0.0,0.0071363993920385,0.102248,0,C
/home/daplab/30006664/kv_allindia_dec2023/audios/hy_3-c-9_kv_kv-rdso-lucknow_04122023-000000-1_HI-KV-002_1.wav,लिए,41.67,42.0,c,0.0,0.0010007541859522,0.417996,0,C
/home/daplab/30006664/kv_allindia_dec2023/audios/hy_3-c-9_kv_kv-rdso-lucknow_04122023-000000-1_HI-KV-002_1.wav,रोज,42.0,42.48,c,0.0,0.0021416821982711,0.170091,0,C
/home/daplab/30006664/kv_allindia_dec2023/audios/hy_3-c-9_kv_kv-rdso-lucknow_04122023-000000-1_HI-KV-002_1.wav,रोटी,42.48,42.93,c,0.0,0.000112508139864,0.53479,0,C
/home/daplab/30006664/kv_allindia_dec2023/audios/hy_3-c-9_kv_kv-rdso-lucknow_04122023-000000-1_HI-KV-002_1.wav,का,42.93,43.14,c,0.0,0.0073868567124009,0.099285,0,C
/home/daplab/30006664/kv_allindia_dec2023/audios/hy_3-c-9_kv_kv-rdso-lucknow_04122023-000000-1_HI-KV-002_1.wav,टुकड़ा,43.14,43.74,c,0.0,0.0018213484436273,0.223529,0,C
/home/daplab/30006664/kv_allindia_dec2023/audios/hy_3-c-9_kv_kv-rdso-lucknow_04122023-000000-1_HI-KV-002_1.wav,डालती,44.04,44.64,c,0.0,0.0011358208721503,0.423782,0,C
/home/daplab/30006664/kv_allindia_dec2023/audios/hy_3-c-9_kv_kv-rdso-lucknow_04122023-000000-1_HI-KV-002_1.wav,थी,44.64,45.03,c,0.0,0.0016939911292865,0.22537,0,C
/home/daplab/30006664/kv_allindia_dec2023/audios/ds_3-c-7_kv_kv-beml-nagar-kolar_04122023-000000-1_HI-SW-PB-301_2.wav,एक,0.99,1.38,c,0.0,0.0075027425773441,0.099285,0,C
/home/daplab/30006664/kv_allindia_dec2023/audios/ds_3-c-7_kv_kv-beml-nagar-kolar_04122023-000000-1_HI-SW-PB-301_2.wav,दिन,1.38,1.92,c,0.0,0.001575278583914,0.272048,0,C
/home/daplab/30006664/kv_allindia_dec2023/audios/ds_3-c-7_kv_kv-beml-nagar-kolar_04122023-000000-1_HI-SW-PB-301_2.wav,दीदी,1.92,2.67,c,0.0,0.0037393695674836,0.102427,0,C
/home/daplab/30006664/kv_allindia_dec2023/audios/ds_3-c-7_kv_kv-beml-nagar-kolar_04122023-000000-1_HI-SW-PB-301_2.wav,मीमी,2.67,3.36,c,0.0,0.0037205417174845,0.073214,0,C
/home/daplab/30006664/kv_allindia_dec2023/audios/ds_3-c-7_kv_kv-beml-nagar-kolar_04122023-000000-1_HI-SW-PB-301_2.wav,के,3.36,3.66,c,0.0,0.0016069542616605,0.216798,0,C
/home/daplab/30006664/kv_allindia_dec2023/audios/ds_3-c-7_kv_kv-beml-nagar-kolar_04122023-000000-1_HI-SW-PB-301_2.wav,स्कूल,3.66,4.35,c,0.0,0.001775893731974,0.218756,0,C
/home/daplab/30006664/kv_allindia_dec2023/audios/ds_3-c-7_kv_kv-beml-nagar-kolar_04122023-000000-1_HI-SW-PB-301_2.wav,आईं,4.35,5.04,c,0.0,0.0011625016340985,0.423782,0,C
/home/daplab/30006664/kv_allindia_dec2023/audios/ds_3-c-7_kv_kv-beml-nagar-kolar_04122023-000000-1_HI-SW-PB-301_2.wav,दीदी,5.25,5.97,c,0.0,0.0030810681637376,0.093223,0,C
/home/daplab/30006664/kv_allindia_dec2023/audios/ds_3-c-7_kv_kv-beml-nagar-kolar_04122023-000000-1_HI-SW-PB-301_2.wav,टीचर,5.97,6.75,c,0.0,0.001826100051403,0.223529,0,C
/home/daplab/30006664/kv_allindia_dec2023/audios/ds_3-c-7_kv_kv-beml-nagar-kolar_04122023-000000-1_HI-SW-PB-301_2.wav,नही,6.75,7.32,c,1.4172657424106416,0.0028727559838443,0.049177,0,C
/home/daplab/30006664/kv_allindia_dec2023/audios/ds_3-c-7_kv_kv-beml-nagar-kolar_04122023-000000-1_HI-SW-PB-301_2.wav,थी,7.35,7.8,s,0.0,0.0003096532600466,0.483657,0,C
/home/daplab/30006664/kv_allindia_dec2023/audios/ds_3-c-7_kv_kv-beml-nagar-kolar_04122023-000000-1_HI-SW-PB-301_2.wav,और,8.1,8.64,c,0.0,0.0013214411446824,0.312544,0,C
/home/daplab/30006664/kv_allindia_dec2023/audios/ds_3-c-7_kv_kv-beml-nagar-kolar_04122023-000000-1_HI-SW-PB-301_2.wav,वे,8.64,9.15,c,0.0,0.0043539395555853,0.078516,0,C
/home/daplab/30006664/kv_allindia_dec2023/audios/ds_3-c-7_kv_kv-beml-nagar-kolar_04122023-000000-1_HI-SW-PB-301_2.wav,पढ़ती,9.15,10.02,c,0.0,5.6064422096824273e-05,0.538915,0,C
/home/daplab/30006664/kv_allindia_dec2023/audios/ds_3-c-7_kv_kv-beml-nagar-kolar_04122023-000000-1_HI-SW-PB-301_2.wav,भी,10.05,10.47,c,0.0,0.000849969103001,0.45691,0,C
/home/daplab/30006664/kv_allindia_dec2023/audios/ds_3-c-7_kv_kv-beml-nagar-kolar_04122023-000000-1_HI-SW-PB-301_2.wav,नही,10.47,11.07,c,1.4172657424106416,0.0004776540154125,0.197862,0,C
/home/daplab/30006664/kv_allindia_dec2023/audios/ds_3-c-7_kv_kv-beml-nagar-kolar_04122023-000000-1_HI-SW-PB-301_2.wav,थी,11.1,11.58,s,1.4172657424106416,0.0002020637184614,0.581344,0,C
/home/daplab/30006664/kv_allindia_dec2023/audios/ds_3-c-7_kv_kv-beml-nagar-kolar_04122023-000000-1_HI-SW-PB-301_2.wav,वे,11.82,12.18,c,0.0,0.0021804778371006,0.142124,0,C
/home/daplab/30006664/kv_allindia_dec2023/audios/ds_3-c-7_kv_kv-beml-nagar-kolar_04122023-000000-1_HI-SW-PB-301_2.wav,बच्चों,12.18,12.99,c,0.0,0.0025158540811389,0.105903,0,C
/home/daplab/30006664/kv_allindia_dec2023/audios/ds_3-c-7_kv_kv-beml-nagar-kolar_04122023-000000-1_HI-SW-PB-301_2.wav,से,13.05,13.44,c,0.0,0.0039677373133599,0.071154,0,C
/home/daplab/30006664/kv_allindia_dec2023/audios/ds_3-c-7_kv_kv-beml-nagar-kolar_04122023-000000-1_HI-SW-PB-301_2.wav,तो,13.44,13.98,c,0.0,0.0062006046064198,0.090682,0,C
/home/daplab/30006664/kv_allindia_dec2023/audios/ds_3-c-7_kv_kv-beml-nagar-kolar_04122023-000000-1_HI-SW-PB-301_2.wav,बड़ी,13.98,14.61,c,0.0,0.0015034223906695,0.269013,0,C
/home/daplab/30006664/kv_allindia_dec2023/audios/ds_3-c-7_kv_kv-beml-nagar-kolar_04122023-000000-1_HI-SW-PB-301_2.wav,थी,14.64,15.06,s,0.0,0.0002451385662425,0.53479,0,C
/home/daplab/30006664/kv_allindia_dec2023/audios/ds_3-c-7_kv_kv-beml-nagar-kolar_04122023-000000-1_HI-SW-PB-301_2.wav,लेकिन,15.3,16.11,c,0.0,0.0037474217824637,0.102427,0,C
/home/daplab/30006664/kv_allindia_dec2023/audios/ds_3-c-7_kv_kv-beml-nagar-kolar_04122023-000000-1_HI-SW-PB-301_2.wav,टीचर,16.11,16.86,c,0.0,0.0019202310359105,0.236354,0,C
/home/daplab/30006664/kv_allindia_dec2023/audios/ds_3-c-7_kv_kv-beml-nagar-kolar_04122023-000000-1_HI-SW-PB-301_2.wav,से,16.86,17.25,c,0.0,0.0037726841401308,0.107997,0,C
/home/daplab/30006664/kv_allindia_dec2023/audios/ds_3-c-7_kv_kv-beml-nagar-kolar_04122023-000000-1_HI-SW-PB-301_2.wav,छोटी,17.25,18.0,c,0.0,0.0033966270275413,0.097221,0,C
/home/daplab/30006664/kv_allindia_dec2023/audios/ds_3-c-7_kv_kv-beml-nagar-kolar_04122023-000000-1_HI-SW-PB-301_2.wav,ही,18.0,18.3,c,0.0,0.001360293244943,0.243874,0,C
/home/daplab/30006664/kv_allindia_dec2023/audios/ds_3-c-7_kv_kv-beml-nagar-kolar_04122023-000000-1_HI-SW-PB-301_2.wav,थी,18.3,18.69,s,0.0,0.0002643567277118,0.53479,0,C
/home/daplab/30006664/kv_allindia_dec2023/audios/ds_3-c-7_kv_kv-beml-nagar-kolar_04122023-000000-1_HI-SW-PB-301_2.wav,दुबली,19.11,19.89,c,0.0,0.0020112432539463,0.170091,0,C
/home/daplab/30006664/kv_allindia_dec2023/audios/ds_3-c-7_kv_kv-beml-nagar-kolar_04122023-000000-1_HI-SW-PB-301_2.wav,पतली,19.89,20.64,c,5.997639793372533,0.0001226961612701,0.90823,1,S
/home/daplab/30006664/kv_allindia_dec2023/audios/ds_3-c-7_kv_kv-beml-nagar-kolar_04122023-000000-1_HI-SW-PB-301_2.wav,सी,20.64,21.39,c,0.0,0.0010218727402389,0.417996,0,C
/home/daplab/30006664/kv_allindia_dec2023/audios/ds_3-c-7_kv_kv-beml-nagar-kolar_04122023-000000-1_HI-SW-PB-301_2.wav,चमकीली,21.69,23.07,c,0.0,0.0001160971442004,0.53479,0,C
/home/daplab/30006664/kv_allindia_dec2023/audios/ds_3-c-7_kv_kv-beml-nagar-kolar_04122023-000000-1_HI-SW-PB-301_2.wav,आंखें,23.1,23.94,s,,0.00035780746839,0.923445,1,S
/home/daplab/30006664/kv_allindia_dec2023/audios/ds_3-c-7_kv_kv-beml-nagar-kolar_04122023-000000-1_HI-SW-PB-301_2.wav,चेहरे,23.94,24.72,s,0.0,3.86718129448127e-05,0.545545,0,C
/home/daplab/30006664/kv_allindia_dec2023/audios/ds_3-c-7_kv_kv-beml-nagar-kolar_04122023-000000-1_HI-SW-PB-301_2.wav,पर,24.72,25.32,c,0.0,0.0025033429265022,0.144696,0,C
/home/daplab/30006664/kv_allindia_dec2023/audios/ds_3-c-7_kv_kv-beml-nagar-kolar_04122023-000000-1_HI-SW-PB-301_2.wav,हल्की,25.53,26.31,c,0.0,0.0042393747717142,0.078516,0,C
/home/daplab/30006664/kv_allindia_dec2023/audios/ds_3-c-7_kv_kv-beml-nagar-kolar_04122023-000000-1_HI-SW-PB-301_2.wav,सी,26.31,26.85,c,0.0,0.0008038674131967,0.45691,0,C
/home/daplab/30006664/kv_allindia_dec2023/audios/ds_3-c-7_kv_kv-beml-nagar-kolar_04122023-000000-1_HI-SW-PB-301_2.wav,मुस्कान,27.75,28.83,c,0.0,0.000947205000557,0.427129,0,C
/home/daplab/30006664/kv_allindia_dec2023/audios/ds_3-c-7_kv_kv-beml-nagar-kolar_04122023-000000-1_HI-SW-PB-301_2.wav,दीदी,28.83,29.64,s,4.789807981004215,0.0003791669441852,0.901211,1,S
/home/daplab/30006664/kv_allindia_dec2023/audios/ds_3-c-7_kv_kv-beml-nagar-kolar_04122023-000000-1_HI-SW-PB-301_2.wav,रोज़,29.64,30.15,c,0.0,0.0004385386127978,0.509663,0,C
/home/daplab/30006664/kv_allindia_dec2023/audios/ds_3-c-7_kv_kv-beml-nagar-kolar_04122023-000000-1_HI-SW-PB-301_2.wav,स्कूल,30.36,30.9,c,3.611656548415824,0.0009103696793317,0.727564,0,C
/home/daplab/30006664/kv_allindia_dec2023/audios/ds_3-c-7_kv_kv-beml-nagar-kolar_04122023-000000-1_HI-SW-PB-301_2.wav,आने,30.96,31.68,c,0.0,0.0037330433260649,0.102427,0,C
/home/daplab/30006664/kv_allindia_dec2023/audios/ds_3-c-7_kv_kv-beml-nagar-kolar_04122023-000000-1_HI-SW-PB-301_2.wav,लगी,31.68,32.34,c,1.4172657424106416,0.0010117284255102,0.070117,0,C
/home/daplab/30006664/kv_allindia_dec2023/audios/ds_3-c-7_kv_kv-beml-nagar-kolar_04122023-000000-1_HI-SW-PB-301_2.wav,और,32.37,32.88,c,0.0,0.0027869301848113,0.112652,0,C
/home/daplab/30006664/kv_allindia_dec2023/audios/ds_3-c-7_kv_kv-beml-nagar-kolar_04122023-000000-1_HI-SW-PB-301_2.wav,बच्चों,32.88,33.87,c,3.418658123515394,0.0001118081781896,0.73587,0,C
/home/daplab/30006664/kv_allindia_dec2023/audios/ds_3-c-7_kv_kv-beml-nagar-kolar_04122023-000000-1_HI-SW-PB-301_2.wav,की,33.99,34.47,c,0.0,0.0037323136348277,0.102427,0,C
/home/daplab/30006664/kv_allindia_dec2023/audios/ds_3-c-7_kv_kv-beml-nagar-kolar_04122023-000000-1_HI-SW-PB-301_2.wav,दोस्त,34.77,35.37,c,0.0,0.0034368766937404,0.097221,0,C
/home/daplab/30006664/kv_allindia_dec2023/audios/ds_3-c-7_kv_kv-beml-nagar-kolar_04122023-000000-1_HI-SW-PB-301_2.wav,बन,35.37,35.76,c,0.0,0.0005030024331063,0.486869,0,C
/home/daplab/30006664/kv_allindia_dec2023/audios/ds_3-c-7_kv_kv-beml-nagar-kolar_04122023-000000-1_HI-SW-PB-301_2.wav,गईं,35.76,36.21,s,17.247026140869963,0.0032057384960353,0.97495,1,S
/home/daplab/30006664/kv_allindia_dec2023/audios/ds_3-c-7_kv_kv-beml-nagar-kolar_04122023-000000-1_HI-SW-PB-301_2.wav,और,36.21,36.63,c,0.0,0.0011601608712226,0.423782,0,C
/home/daplab/30006664/kv_allindia_dec2023/audios/ds_3-c-7_kv_kv-beml-nagar-kolar_04122023-000000-1_HI-SW-PB-301_2.wav,टीचर,36.66,37.41,c,0.0,0.0017528027528896,0.22537,0,C
/home/daplab/30006664/kv_allindia_dec2023/audios/ds_3-c-7_kv_kv-beml-nagar-kolar_04122023-000000-1_HI-SW-PB-301_2.wav,की,37.41,37.71,c,0.0,0.0017871332820504,0.223529,0,C
/home/daplab/30006664/kv_allindia_dec2023/audios/ds_3-c-7_kv_kv-beml-nagar-kolar_04122023-000000-1_HI-SW-PB-301_2.wav,भी,37.74,38.19,s,3.557852858991127,9.18699151952751e-06,0.736578,0,C
/home/daplab/30006664/kv_allindia_dec2023/audios/dh_3-a-24_kv_kv-malkapuram_04122023-000000-1_HI-KV-001_1.wav,एक,,,d,,,0.906308,1,S
/home/daplab/30006664/kv_allindia_dec2023/audios/dh_3-a-24_kv_kv-malkapuram_04122023-000000-1_HI-KV-001_1.wav,राजा,0.99,1.11,s,13.247228491298184,2.55015584116336e-06,0.901759,1,S
/home/daplab/30006664/kv_allindia_dec2023/audios/dh_3-a-24_kv_kv-malkapuram_04122023-000000-1_HI-KV-001_1.wav,था,1.2,1.44,c,0.0,0.0002192005340475,0.53479,0,C
/home/daplab/30006664/kv_allindia_dec2023/audios/dh_3-a-24_kv_kv-malkapuram_04122023-000000-1_HI-KV-001_1.wav,उसका,1.44,1.92,c,0.0,0.0039756861515343,0.071154,0,C
/home/daplab/30006664/kv_allindia_dec2023/audios/dh_3-a-24_kv_kv-malkapuram_04122023-000000-1_HI-KV-001_1.wav,एक,1.92,2.16,c,0.0,0.0066420109942555,0.075381,0,C
/home/daplab/30006664/kv_allindia_dec2023/audios/dh_3-a-24_kv_kv-malkapuram_04122023-000000-1_HI-KV-001_1.wav,बडा,2.16,2.67,c,0.0,0.0016336975386366,0.216798,0,C
/home/daplab/30006664/kv_allindia_dec2023/audios/dh_3-a-24_kv_kv-malkapuram_04122023-000000-1_HI-KV-001_1.wav,सा,2.67,2.97,c,0.0,0.0039900266565382,0.071154,0,C
/home/daplab/30006664/kv_allindia_dec2023/audios/dh_3-a-24_kv_kv-malkapuram_04122023-000000-1_HI-KV-001_1.wav,राज्य,2.97,3.48,c,0.0,0.0010991449235007,0.423782,0,C
/home/daplab/30006664/kv_allindia_dec2023/audios/dh_3-a-24_kv_kv-malkapuram_04122023-000000-1_HI-KV-001_1.wav,था,3.48,3.78,c,0.0,0.0019696524832397,0.236354,0,C
/home/daplab/30006664/kv_allindia_dec2023/audios/dh_3-a-24_kv_kv-malkapuram_04122023-000000-1_HI-KV-001_1.wav,एक,7.56,7.95,c,0.0,0.0077321254648268,0.122106,0,C
/home/daplab/30006664/kv_allindia_dec2023/audios/dh_3-a-24_kv_kv-malkapuram_04122023-000000-1_HI-KV-001_1.wav,दिन,7.95,8.4,c,0.0,0.0044185728766024,0.085811,0,C
/home/daplab/30006664/kv_allindia_dec2023/audios/dh_3-a-24_kv_kv-malkapuram_04122023-000000-1_HI-KV-001_1.wav,उसे,9.36,9.84,c,0.0,0.0021981874015182,0.142124,0,C
/home/daplab/30006664/kv_allindia_dec2023/audios/dh_3-a-24_kv_kv-malkapuram_04122023-000000-1_HI-KV-001_1.wav,देश,10.05,10.59,c,0.0,0.0010944865643978,0.40643,0,C
/home/daplab/30006664/kv_allindia_dec2023/audios/dh_3-a-24_kv_kv-malkapuram_04122023-000000-1_HI-KV-001_1.wav,घूमने,10.59,11.16,c,0.0,0.0014995747478678,0.269013,0,C
/home/daplab/30006664/kv_allindia_dec2023/audios/dh_3-a-24_kv_kv-malkapuram_04122023-000000-1_HI-KV-001_1.wav,का,11.16,11.52,c,0.0,0.0089095411822199,0.036293,0,C
/home/daplab/30006664/kv_allindia_dec2023/audios/dh_3-a-24_kv_kv-malkapuram_04122023-000000-1_HI-KV-001_1.wav,विचार,11.67,12.21,c,0.0,0.0036410647444427,0.092525,0,C
/home/daplab/30006664/kv_allindia_dec2023/audios/dh_3-a-24_kv_kv-malkapuram_04122023-000000-1_HI-KV-001_1.wav,आया,12.21,12.78,c,0.0,0.00173879659269,0.22537,0,C
/home/daplab/30006664/kv_allindia_dec2023/audios/dh_3-a-24_kv_kv-malkapuram_04122023-000000-1_HI-KV-001_1.wav,और,13.05,13.44,c,0.0,0.0028160100337117,0.112652,0,C
/home/daplab/30006664/kv_allindia_dec2023/audios/dh_3-a-24_kv_kv-malkapuram_04122023-000000-1_HI-KV-001_1.wav,उसने,13.62,14.25,c,0.0,0.00245824130252,0.147123,0,C
/home/daplab/30006664/kv_allindia_dec2023/audios/dh_3-a-24_kv_kv-malkapuram_04122023-000000-1_HI-KV-001_1.wav,देश,14.46,14.94,c,0.0,0.000561955908779,0.467188,0,C
/home/daplab/30006664/kv_allindia_dec2023/audios/dh_3-a-24_kv_kv-malkapuram_04122023-000000-1_HI-KV-001_1.wav,भ्रमन,15.21,16.02,c,,0.0002838119980879,0.923143,1,S
/home/daplab/30006664/kv_allindia_dec2023/audios/dh_3-a-24_kv_kv-malkapuram_04122023-000000-1_HI-KV-001_1.wav,की,16.41,16.77,c,6.083181528056269,0.001771483104676,0.941694,1,S
/home/daplab/30006664/kv_allindia_dec2023/audios/dh_3-a-24_kv_kv-malkapuram_04122023-000000-1_HI-KV-001_1.wav,योजना,16.98,17.7,c,0.0,0.0055258506909012,0.087573,0,C
/home/daplab/30006664/kv_allindia_dec2023/audios/dh_3-a-24_kv_kv-malkapuram_04122023-000000-1_HI-KV-001_1.wav,बनाई,17.7,18.42,c,0.0,0.0025108421687036,0.144696,0,C
/home/daplab/30006664/kv_allindia_dec2023/audios/dh_3-a-24_kv_kv-malkapuram_04122023-000000-1_HI-KV-001_1.wav,और,18.45,18.81,c,0.0,0.0025817733258008,0.105903,0,C
/home/daplab/30006664/kv_allindia_dec2023/audios/dh_3-a-24_kv_kv-malkapuram_04122023-000000-1_HI-KV-001_1.wav,घूमने,18.81,19.35,c,0.0,0.0004716355470009,0.486869,0,C
/home/daplab/30006664/kv_allindia_dec2023/audios/dh_3-a-24_kv_kv-malkapuram_04122023-000000-1_HI-KV-001_1.wav,निकल,19.35,20.01,c,0.0,0.0027579942252486,0.112652,0,C
/home/daplab/30006664/kv_allindia_dec2023/audios/dh_3-a-24_kv_kv-malkapuram_04122023-000000-1_HI-KV-001_1.wav,पडा,20.01,20.55,c,,0.0022907725069671,0.908162,1,S
/home/daplab/30006664/kv_allindia_dec2023/audios/dh_3-a-24_kv_kv-malkapuram_04122023-000000-1_HI-KV-001_1.wav,जब,20.94,21.36,c,0.0,0.0013132799649611,0.312544,0,C
/home/daplab/30006664/kv_allindia_dec2023/audios/dh_3-a-24_kv_kv-malkapuram_04122023-000000-1_HI-KV-001_1.wav,वह,21.36,21.75,c,0.0,0.0059834108687937,0.090682,0,C
/home/daplab/30006664/kv_allindia_dec2023/audios/dh_3-a-24_kv_kv-malkapuram_04122023-000000-1_HI-KV-001_1.wav,यात्रा,21.75,22.38,c,0.0,0.0050603635609149,0.066489,0,C
/home/daplab/30006664/kv_allindia_dec2023/audios/dh_3-a-24_kv_kv-malkapuram_04122023-000000-1_HI-KV-001_1.wav,से,22.38,22.65,c,0.0,0.004152791108936,0.041233,0,C
/home/daplab/30006664/kv_allindia_dec2023/audios/dh_3-a-24_kv_kv-malkapuram_04122023-000000-1_HI-KV-001_1.wav,लौट,22.65,23.16,c,0.0,0.0009065637132152,0.45691,0,C
/home/daplab/30006664/kv_allindia_dec2023/audios/dh_3-a-24_kv_kv-malkapuram_04122023-000000-1_HI-KV-001_1.wav,कर,23.43,23.79,c,0.0,0.0059189242310822,0.10014,0,C
/home/daplab/30006664/kv_allindia_dec2023/audios/dh_3-a-24_kv_kv-malkapuram_04122023-000000-1_HI-KV-001_1.wav,अपने,23.82,24.33,c,0.0,0.0031558258924633,0.093223,0,C
/home/daplab/30006664/kv_allindia_dec2023/audios/dh_3-a-24_kv_kv-malkapuram_04122023-000000-1_HI-KV-001_1.wav,महल,24.33,24.84,c,0.0,0.0028773555532097,0.097349,0,C
/home/daplab/30006664/kv_allindia_dec2023/audios/dh_3-a-24_kv_kv-malkapuram_04122023-000000-1_HI-KV-001_1.wav,आया,24.84,25.32,c,0.0,0.0026784744113683,0.114792,0,C
/home/daplab/30006664/kv_allindia_dec2023/audios/dh_3-a-24_kv_kv-malkapuram_04122023-000000-1_HI-KV-001_1.wav,उसने,25.32,25.95,c,0.0,0.0013875433942303,0.269013,0,C
/home/daplab/30006664/kv_allindia_dec2023/audios/dh_3-a-24_kv_kv-malkapuram_04122023-000000-1_HI-KV-001_1.wav,अपने,26.19,26.64,c,0.0,0.0031312329228967,0.093223,0,C
/home/daplab/30006664/kv_allindia_dec2023/audios/dh_3-a-24_kv_kv-malkapuram_04122023-000000-1_HI-KV-001_1.wav,मंत्रियों,26.64,27.36,c,0.0,0.003637897549197,0.092525,0,C
/home/daplab/30006664/kv_allindia_dec2023/audios/dh_3-a-24_kv_kv-malkapuram_04122023-000000-1_HI-KV-001_1.wav,से,27.36,27.75,c,0.0,0.0032390924170613,0.126347,0,C
/home/daplab/30006664/kv_allindia_dec2023/audios/dh_3-a-24_kv_kv-malkapuram_04122023-000000-1_HI-KV-001_1.wav,पैरों,27.75,28.38,c,0.0,0.0018991370452567,0.206784,0,C
/home/daplab/30006664/kv_allindia_dec2023/audios/dh_3-a-24_kv_kv-malkapuram_04122023-000000-1_HI-KV-001_1.wav,में,28.38,28.71,c,0.0,0.0025598783977329,0.105903,0,C
/home/daplab/30006664/kv_allindia_dec2023/audios/dh_3-a-24_kv_kv-malkapuram_04122023-000000-1_HI-KV-001_1.wav,दर्द,29.1,29.61,c,0.0,0.0025500915944576,0.105903,0,C
/home/daplab/30006664/kv_allindia_dec2023/audios/dh_3-a-24_kv_kv-malkapuram_04122023-000000-1_HI-KV-001_1.wav,होने,29.61,30.21,c,0.0,0.0040095262229442,0.072681,0,C
/home/daplab/30006664/kv_allindia_dec2023/audios/dh_3-a-24_kv_kv-malkapuram_04122023-000000-1_HI-KV-001_1.wav,की,30.21,30.51,c,0.0,0.001854931237176,0.214969,0,C
/home/daplab/30006664/kv_allindia_dec2023/audios/dh_3-a-24_kv_kv-malkapuram_04122023-000000-1_HI-KV-001_1.wav,शिकायत,30.66,31.47,c,0.0,0.0016327715711668,0.216798,0,C
/home/daplab/30006664/kv_allindia_dec2023/audios/dh_3-a-24_kv_kv-malkapuram_04122023-000000-1_HI-KV-001_1.wav,की,31.5,31.89,c,4.547668187662332,0.0005264123319648,0.935991,1,S
/home/daplab/30006664/kv_allindia_dec2023/audios/dh_3-a-24_kv_kv-malkapuram_04122023-000000-1_HI-KV-001_1.wav,राजा,33.66,34.17,c,0.0,0.0036070544738322,0.092525,0,C
/home/daplab/30006664/kv_allindia_dec2023/audios/dh_3-a-24_kv_kv-malkapuram_04122023-000000-1_HI-KV-001_1.wav,का,34.17,34.41,c,0.0,0.0069898013025522,0.102248,0,C
/home/daplab/30006664/kv_allindia_dec2023/audios/dh_3-a-24_kv_kv-malkapuram_04122023-000000-1_HI-KV-001_1.wav,कहना,34.41,35.07,c,0.0,0.0032472144812345,0.101118,0,C
/home/daplab/30006664/kv_allindia_dec2023/audios/dh_3-a-24_kv_kv-malkapuram_04122023-000000-1_HI-KV-001_1.wav,था,35.52,35.91,c,0.0,0.0014211701927706,0.269013,0,C
/home/daplab/30006664/kv_allindia_dec2023/audios/dh_3-a-24_kv_kv-malkapuram_04122023-000000-1_HI-KV-001_1.wav,कि,35.91,36.3,c,0.0,0.0020276315044611,0.170091,0,C
/home/daplab/30006664/kv_allindia_dec2023/audios/dh_3-a-24_kv_kv-malkapuram_04122023-000000-1_HI-KV-001_1.wav,मार्ग,36.63,37.26,c,0.0,0.0022972458973526,0.142124,0,C
/home/daplab/30006664/kv_allindia_dec2023/audios/dh_3-a-24_kv_kv-malkapuram_04122023-000000-1_HI-KV-001_1.wav,में,37.26,37.68,c,0.0,0.0026577520184218,0.114792,0,C
/home/daplab/30006664/kv_allindia_dec2023/audios/dh_3-a-24_kv_kv-malkapuram_04122023-000000-1_HI-KV-001_1.wav,जो,38.07,38.55,c,0.0,0.0008276510052382,0.45691,0,C
/home/daplab/30006664/kv_allindia_dec2023/audios/dh_3-a-24_kv_kv-malkapuram_04122023-000000-1_HI-KV-001_1.wav,कंकड,39.15,39.81,c,,4.095219628652558e-05,0.925197,1,S
/home/daplab/30006664/kv_allindia_dec2023/audios/dh_3-a-24_kv_kv-malkapuram_04122023-000000-1_HI-KV-001_1.wav,पत्थर,40.14,40.86,c,0.0,0.0008577714324928,0.45691,0,C
/home/daplab/30006664/kv_allindia_dec2023/audios/dh_3-a-24_kv_kv-malkapuram_04122023-000000-1_HI-KV-001_1.wav,थे,42.69,43.05,c,0.0,0.000603201566264,0.4705,0,C
/home/daplab/30006664/kv_allindia_dec2023/audios/dh_3-a-24_kv_kv-malkapuram_04122023-000000-1_HI-KV-001_1.wav,वे,43.29,43.68,c,0.0,0.0013046627864241,0.312544,0,C
/home/daplab/30006664/kv_allindia_dec2023/audios/dh_3-a-24_kv_kv-malkapuram_04122023-000000-1_HI-KV-001_1.wav,मेरे,43.68,44.25,c,0.0,0.003096088534221,0.093223,0,C
/home/daplab/30006664/kv_allindia_dec2023/audios/dh_3-a-24_kv_kv-malkapuram_04122023-000000-1_HI-KV-001_1.wav,पैरों,44.25,44.88,c,0.0,0.0032811814453452,0.101118,0,C
/home/daplab/30006664/kv_allindia_dec2023/audios/dh_3-a-24_kv_kv-malkapuram_04122023-000000-1_HI-KV-001_1.wav,में,44.88,45.21,c,0.0,0.0024309079162776,0.147123,0,C
/home/daplab/30006664/kv_allindia_dec2023/audios/dh_3-a-24_kv_kv-malkapuram_04122023-000000-1_HI-KV-001_1.wav,चुभ,45.45,45.72,c,0.0,1.418989427293127e-06,0.430715,0,C
/home/daplab/30006664/kv_allindia_dec2023/audios/dh_3-a-24_kv_kv-malkapuram_04122023-000000-1_HI-KV-001_1.wav,गए,45.72,46.17,c,0.0,0.0024817734956741,0.139969,0,C
/home/daplab/30006664/kv_allindia_dec2023/audios/dh_3-a-24_kv_kv-malkapuram_04122023-000000-1_HI-KV-001_1.wav,और,46.17,46.59,c,0.0,0.0020686208736151,0.170091,0,C
/home/daplab/30006664/kv_allindia_dec2023/audios/dh_3-a-24_kv_kv-malkapuram_04122023-000000-1_HI-KV-001_1.wav,इसके,47.01,47.7,c,0.0,0.0017050685128197,0.22537,0,C
/home/daplab/30006664/kv_allindia_dec2023/audios/dh_3-a-24_kv_kv-malkapuram_04122023-000000-1_HI-KV-001_1.wav,लिए,47.7,48.27,c,0.0,0.0062451818957924,0.102583,0,C
/home/daplab/30006664/kv_allindia_dec2023/audios/dh_3-a-24_kv_kv-malkapuram_04122023-000000-1_HI-KV-001_1.wav,कुछ,48.45,48.87,c,0.0,0.000765812350437,0.45691,0,C
/home/daplab/30006664/kv_allindia_dec2023/audios/dh_3-a-24_kv_kv-malkapuram_04122023-000000-1_HI-KV-001_1.wav,इंतजाम,48.93,49.83,c,0.0,0.001629258506,0.216798,0,C
/home/daplab/30006664/kv_allindia_dec2023/audios/dh_3-a-24_kv_kv-malkapuram_04122023-000000-1_HI-KV-001_1.wav,करना,49.83,50.31,c,0.0,0.0039894557558,0.071154,0,C
/home/daplab/30006664/kv_allindia_dec2023/audios/dh_3-a-24_kv_kv-malkapuram_04122023-000000-1_HI-KV-001_1.wav,चाहिए,50.31,51.06,c,0.0,0.0004882345383521,0.486869,0,C
/home/daplab/30006664/kv_allindia_dec2023/audios/ay_3-c-6_kv_kv-afs-bareilly_04122023-000000-1_HI-KV-001_2.wav,कुछ,0.99,1.29,c,0.0,0.0012499679578468,0.360384,0,C
/home/daplab/30006664/kv_allindia_dec2023/audios/ay_3-c-6_kv_kv-afs-bareilly_04122023-000000-1_HI-KV-001_2.wav,देर,1.29,1.59,c,0.0,0.003116414649412,0.093223,0,C
/home/daplab/30006664/kv_allindia_dec2023/audios/ay_3-c-6_kv_kv-afs-bareilly_04122023-000000-1_HI-KV-001_2.wav,विचार,1.59,2.13,c,0.0,0.003694194369018,0.073214,0,C
/home/daplab/30006664/kv_allindia_dec2023/audios/ay_3-c-6_kv_kv-afs-bareilly_04122023-000000-1_HI-KV-001_2.wav,करने,2.13,2.58,c,0.0,0.0040941750630736,0.041233,0,C
/home/daplab/30006664/kv_allindia_dec2023/audios/ay_3-c-6_kv_kv-afs-bareilly_04122023-000000-1_HI-KV-001_2.wav,के,2.58,2.88,c,0.0,0.0105091240257024,0.051931,0,C
/home/daplab/30006664/kv_allindia_dec2023/audios/ay_3-c-6_kv_kv-afs-bareilly_04122023-000000-1_HI-KV-001_2.wav,बाद,2.88,3.27,c,0.0,0.0028948965482413,0.092315,0,C
/home/daplab/30006664/kv_allindia_dec2023/audios/ay_3-c-6_kv_kv-afs-bareilly_04122023-000000-1_HI-KV-001_2.wav,उसने,3.3,3.9,c,0.0,0.0014484610874205,0.269013,0,C
/home/daplab/30006664/kv_allindia_dec2023/audios/ay_3-c-6_kv_kv-afs-bareilly_04122023-000000-1_HI-KV-001_2.wav,अपने,4.23,4.86,c,0.0,0.0018284185789525,0.223529,0,C
/home/daplab/30006664/kv_allindia_dec2023/audios/ay_3-c-6_kv_kv-afs-bareilly_04122023-000000-1_HI-KV-001_2.wav,सैनिकों,5.64,6.75,s,8.382544879985844,0.0011277575977146,0.948068,1,S
/home/daplab/30006664/kv_allindia_dec2023/audios/ay_3-c-6_kv_kv-afs-bareilly_04122023-000000-1_HI-KV-001_2.wav,व,,,d,,,0.906308,1,S
/home/daplab/30006664/kv_allindia_dec2023/audios/ay_3-c-6_kv_kv-afs-bareilly_04122023-000000-1_HI-KV-001_2.wav,मंत्रियों,7.11,8.01,c,0.0,0.0006125580403022,0.4705,0,C
/home/daplab/30006664/kv_allindia_dec2023/audios/ay_3-c-6_kv_kv-afs-bareilly_04122023-000000-1_HI-KV-001_2.wav,को,8.46,8.82,c,0.0,0.0033512667287141,0.101118,0,C
/home/daplab/30006664/kv_allindia_dec2023/audios/ay_3-c-6_kv_kv-afs-bareilly_04122023-000000-1_HI-KV-001_2.wav,आदेश,8.85,9.57,c,0.0,0.0007348692743107,0.4705,0,C
/home/daplab/30006664/kv_allindia_dec2023/audios/ay_3-c-6_kv_kv-afs-bareilly_04122023-000000-1_HI-KV-001_2.wav,दिया,10.08,10.62,c,0.0,0.0019558579660952,0.236354,0,C
/home/daplab/30006664/kv_allindia_dec2023/audios/ay_3-c-6_kv_kv-afs-bareilly_04122023-000000-1_HI-KV-001_2.wav,कि,10.65,10.95,c,0.0,0.0012935786508023,0.312544,0,C
/home/daplab/30006664/kv_allindia_dec2023/audios/ay_3-c-6_kv_kv-afs-bareilly_04122023-000000-1_HI-KV-001_2.wav,देश,10.95,11.46,s,0.0,0.0010656844824552,0.40643,0,C
/home/daplab/30006664/kv_allindia_dec2023/audios/ay_3-c-6_kv_kv-afs-bareilly_04122023-000000-1_HI-KV-001_2.wav,की,11.46,11.91,c,0.0,0.0025579601060599,0.105903,0,C
/home/daplab/30006664/kv_allindia_dec2023/audios/ay_3-c-6_kv_kv-afs-bareilly_04122023-000000-1_HI-KV-001_2.wav,संपूर्न,13.26,14.07,c,,0.0002370202273596,0.92542,1,S
/home/daplab/30006664/kv_allindia_dec2023/audios/ay_3-c-6_kv_kv-afs-bareilly_04122023-000000-1_HI-KV-001_2.wav,सडकें,14.52,15.84,c,0.0,0.0002738393377512,0.53479,0,C
/home/daplab/30006664/kv_allindia_dec2023/audios/ay_3-c-6_kv_kv-afs-bareilly_04122023-000000-1_HI-KV-001_2.wav,चमडे,17.25,17.88,c,0.0,0.0002488531754352,0.53479,0,C
/home/daplab/30006664/kv_allindia_dec2023/audios/ay_3-c-6_kv_kv-afs-bareilly_04122023-000000-1_HI-KV-001_2.wav,से,18.18,18.54,c,0.0,0.0026616060640662,0.114792,0,C
/home/daplab/30006664/kv_allindia_dec2023/audios/ay_3-c-6_kv_kv-afs-bareilly_04122023-000000-1_HI-KV-001_2.wav,ढक,19.62,20.22,c,0.0,0.0001236031821463,0.53479,0,C
/home/daplab/30006664/kv_allindia_dec2023/audios/ay_3-c-6_kv_kv-afs-bareilly_04122023-000000-1_HI-KV-001_2.wav,दी,20.7,21.09,c,0.0,0.0008887472795322,0.45691,0,C
/home/daplab/30006664/kv_allindia_dec2023/audios/ay_3-c-6_kv_kv-afs-bareilly_04122023-000000-1_HI-KV-001_2.wav,जाएं,21.09,21.51,c,0.0,0.000165274264873,0.53479,0,C
/home/daplab/30006664/kv_allindia_dec2023/audios/ay_3-c-6_kv_kv-afs-bareilly_04122023-000000-1_HI-KV-001_2.wav,राजा,21.51,22.02,c,0.0,0.0026603639125823,0.114792,0,C
/home/daplab/30006664/kv_allindia_dec2023/audios/ay_3-c-6_kv_kv-afs-bareilly_04122023-000000-1_HI-KV-001_2.wav,का,22.02,22.35,s,5.296449223329603,0.0007358907605521,0.953772,1,S
/home/daplab/30006664/kv_allindia_dec2023/audios/ay_3-c-6_kv_kv-afs-bareilly_04122023-000000-1_HI-KV-001_2.wav,ऐसा,22.35,22.98,c,0.0,0.002004177076742,0.170091,0,C
/home/daplab/30006664/kv_allindia_dec2023/audios/ay_3-c-6_kv_kv-afs-bareilly_04122023-000000-1_HI-KV-001_2.wav,आदेश,24.48,25.17,c,0.0,0.001047994592227,0.417996,0,C
/home/daplab/30006664/kv_allindia_dec2023/audios/ay_3-c-6_kv_kv-afs-bareilly_04122023-000000-1_HI-KV-001_2.wav,सुनकर,25.17,25.83,s,0.0,0.0008096655365079,0.45691,0,C
/home/daplab/30006664/kv_allindia_dec2023/audios/ay_3-c-6_kv_kv-afs-bareilly_04122023-000000-1_HI-KV-001_2.wav,सब,26.22,26.58,c,0.0,0.0024611183907836,0.147123,0,C
/home/daplab/30006664/kv_allindia_dec2023/audios/ay_3-c-6_kv_kv-afs-bareilly_04122023-000000-1_HI-KV-001_2.wav,सकते,26.58,27.3,c,0.0,0.000772583822254,0.45691,0,C
/home/daplab/30006664/kv_allindia_dec2023/audios/ay_3-c-6_kv_kv-afs-bareilly_04122023-000000-1_HI-KV-001_2.wav,में,27.75,28.17,c,0.0,0.0016583368415012,0.216798,0,C
/home/daplab/30006664/kv_allindia_dec2023/audios/ay_3-c-6_kv_kv-afs-bareilly_04122023-000000-1_HI-KV-001_2.wav,आ,28.89,29.25,c,0.0,0.0032733303960412,0.101118,0,C
/home/daplab/30006664/kv_allindia_dec2023/audios/ay_3-c-6_kv_kv-afs-bareilly_04122023-000000-1_HI-KV-001_2.wav,गए,29.28,29.7,c,0.0,0.0022803947795182,0.142124,0,C
/home/daplab/30006664/kv_allindia_dec2023/audios/ay_3-c-6_kv_kv-afs-bareilly_04122023-000000-1_HI-KV-001_2.wav,लेकिन,29.94,30.54,c,0.0,0.0015153409913182,0.269013,0,C
/home/daplab/30006664/kv_allindia_dec2023/audios/ay_3-c-6_kv_kv-afs-bareilly_04122023-000000-1_HI-KV-001_2.wav,किसी,30.54,31.02,c,0.0,0.0050966683775186,0.066489,0,C
/home/daplab/30006664/kv_allindia_dec2023/audios/ay_3-c-6_kv_kv-afs-bareilly_04122023-000000-1_HI-KV-001_2.wav,ने,31.02,31.32,c,0.0,0.0002189901279052,0.53479,0,C
/home/daplab/30006664/kv_allindia_dec2023/audios/ay_3-c-6_kv_kv-afs-bareilly_04122023-000000-1_HI-KV-001_2.wav,भी,31.32,31.59,c,0.0,0.0028139415662735,0.112652,0,C
/home/daplab/30006664/kv_allindia_dec2023/audios/ay_3-c-6_kv_kv-afs-bareilly_04122023-000000-1_HI-KV-001_2.wav,मना,31.59,32.04,c,0.0,0.0003409953205846,0.483657,0,C
/home/daplab/30006664/kv_allindia_dec2023/audios/ay_3-c-6_kv_kv-afs-bareilly_04122023-000000-1_HI-KV-001_2.wav,करने,32.46,33.06,c,0.0,0.0011731644626706,0.423782,0,C
/home/daplab/30006664/kv_allindia_dec2023/audios/ay_3-c-6_kv_kv-afs-bareilly_04122023-000000-1_HI-KV-001_2.wav,की,33.36,33.87,c,5.276009472086881,1.1722843737516088e-05,0.864524,1,S
/home/daplab/30006664/kv_allindia_dec2023/audios/ay_3-c-6_kv_kv-afs-bareilly_04122023-000000-1_HI-KV-001_2.wav,हिम्मत,34.17,34.71,c,0.0,0.0001367673685308,0.53479,0,C
/home/daplab/30006664/kv_allindia_dec2023/audios/ay_3-c-6_kv_kv-afs-bareilly_04122023-000000-1_HI-KV-001_2.wav,नही,34.71,35.13,c,1.4172657424106416,0.0006048880168236,0.274811,0,C
/home/daplab/30006664/kv_allindia_dec2023/audios/ay_3-c-6_kv_kv-afs-bareilly_04122023-000000-1_HI-KV-001_2.wav,दिखाई,35.13,35.64,c,0.0,0.0029861710499972,0.097763,0,C
/home/daplab/30006664/kv_allindia_dec2023/audios/ay_3-c-6_kv_kv-afs-bareilly_04122023-000000-1_HI-KV-001_2.wav,यह,35.64,36.09,c,0.0,0.0002507073804736,0.53479,0,C
/home/daplab/30006664/kv_allindia_dec2023/audios/ay_3-c-6_kv_kv-afs-bareilly_04122023-000000-1_HI-KV-001_2.wav,तो,36.42,36.78,c,0.0,0.0039703850634396,0.071154,0,C
/home/daplab/30006664/kv_allindia_dec2023/audios/ay_3-c-6_kv_kv-afs-bareilly_04122023-000000-1_HI-KV-001_2.wav,निश्चित,38.19,39.09,s,0.0,0.0003018372517544,0.483657,0,C
/home/daplab/30006664/kv_allindia_dec2023/audios/ay_3-c-6_kv_kv-afs-bareilly_04122023-000000-1_HI-KV-001_2.wav,ही,39.51,39.84,c,0.0,0.0030015103984624,0.097763,0,C
/home/daplab/30006664/kv_allindia_dec2023/audios/ay_3-c-6_kv_kv-afs-bareilly_04122023-000000-1_HI-KV-001_2.wav,था,39.84,40.41,c,0.0,0.0019546309486031,0.236354,0,C
/home/daplab/30006664/kv_allindia_dec2023/audios/ay_3-c-6_kv_kv-afs-bareilly_04122023-000000-1_HI-KV-001_2.wav,कि,40.56,40.86,c,0.0,0.0007849571993574,0.45691,0,C
/home/daplab/30006664/kv_allindia_dec2023/audios/ay_3-c-6_kv_kv-afs-bareilly_04122023-000000-1_HI-KV-001_2.wav,इस,40.92,41.22,c,0.0,0.0034651127643883,0.08804,0,C
/home/daplab/30006664/kv_allindia_dec2023/audios/ay_3-c-6_kv_kv-afs-bareilly_04122023-000000-1_HI-KV-001_2.wav,काम,41.22,41.67,c,0.0,0.005483734421432,0.087573,0,C
/home/daplab/30006664/kv_allindia_dec2023/audios/ay_3-c-6_kv_kv-afs-bareilly_04122023-000000-1_HI-KV-001_2.wav,के,41.67,41.91,c,0.0,0.0074957301840186,0.099285,0,C
/home/daplab/30006664/kv_allindia_dec2023/audios/ay_3-c-6_kv_kv-afs-bareilly_04122023-000000-1_HI-KV-001_2.wav,लिए,41.91,42.27,c,0.0,0.0055296779610216,0.087573,0,C
/home/daplab/30006664/kv_allindia_dec2023/audios/ay_3-c-6_kv_kv-afs-bareilly_04122023-000000-1_HI-KV-001_2.wav,बहुत,42.3,42.72,c,3.787029900461712,0.0033581228926777,0.730453,0,C
/home/daplab/30006664/kv_allindia_dec2023/audios/ay_3-c-6_kv_kv-afs-bareilly_04122023-000000-1_HI-KV-001_2.wav,सारे,43.17,43.86,c,0.0,0.0035717862192541,0.08804,0,C
/home/daplab/30006664/kv_allindia_dec2023/audios/ay_3-c-6_kv_kv-afs-bareilly_04122023-000000-1_HI-KV-001_2.wav,रुपए,44.04,44.55,c,0.0,0.0006211959407664,0.4705,0,C
/home/daplab/30006664/kv_allindia_dec2023/audios/ay_3-c-6_kv_kv-afs-bareilly_04122023-000000-1_HI-KV-001_2.wav,की,44.55,44.85,c,6.083181528056269,0.0018392958445474,0.942615,1,S
/home/daplab/30006664/kv_allindia_dec2023/audios/ay_3-c-6_kv_kv-afs-bareilly_04122023-000000-1_HI-KV-001_2.wav,जरूरत,44.85,45.51,c,0.0,0.0028301405254751,0.097349,0,C
/home/daplab/30006664/kv_allindia_dec2023/audios/ay_3-c-6_kv_kv-afs-bareilly_04122023-000000-1_HI-KV-001_2.wav,थी,45.51,45.81,c,0.0,0.0009273845353163,0.427129,0,C
/home/daplab/30006664/kv_allindia_dec2023/audios/ay_3-c-6_kv_kv-afs-bareilly_04122023-000000-1_HI-KV-001_2.wav,लेकिन,45.81,46.41,c,0.0,0.0064916121773421,0.102583,0,C
/home/daplab/30006664/kv_allindia_dec2023/audios/ay_3-c-6_kv_kv-afs-bareilly_04122023-000000-1_HI-KV-001_2.wav,फिर,46.41,46.68,c,0.0,0.0005883799749426,0.467188,0,C
/home/daplab/30006664/kv_allindia_dec2023/audios/ay_3-c-6_kv_kv-afs-bareilly_04122023-000000-1_HI-KV-001_2.wav,भी,46.68,46.98,c,0.0,0.0017872705357149,0.223529,0,C
/home/daplab/30006664/kv_allindia_dec2023/audios/ay_3-c-6_kv_kv-afs-bareilly_04122023-000000-1_HI-KV-001_2.wav,किसी,47.4,47.88,c,0.0,0.0047670006752014,0.063251,0,C
/home/daplab/30006664/kv_allindia_dec2023/audios/ay_3-c-6_kv_kv-afs-bareilly_04122023-000000-1_HI-KV-001_2.wav,ने,47.88,48.3,c,0.0,0.0022016554139554,0.142124,0,C
/home/daplab/30006664/kv_allindia_dec2023/audios/ay_3-c-6_kv_kv-afs-bareilly_04122023-000000-1_HI-KV-001_2.wav,कुछ,48.66,48.96,c,0.0,0.0006897676503285,0.4705,0,C
/home/daplab/30006664/kv_allindia_dec2023/audios/ay_3-c-6_kv_kv-afs-bareilly_04122023-000000-1_HI-KV-001_2.wav,नही,48.96,49.26,c,1.4172657424106416,0.0009147698874585,0.066854,0,C
/home/daplab/30006664/kv_allindia_dec2023/audios/ay_3-c-6_kv_kv-afs-bareilly_04122023-000000-1_HI-KV-001_2.wav,कहा,49.26,49.68,c,0.0,0.0025911466218531,0.105903,0,C
/home/daplab/30006664/kv_allindia_dec2023/audios/au_3-a-4_kv_kv-no3-bhopal_04122023-000000-1_HI-KV-002_1.wav,सालों,0.39,1.77,c,0.0,1.8631467355589848e-06,0.430715,0,C
/home/daplab/30006664/kv_allindia_dec2023/audios/au_3-a-4_kv_kv-no3-bhopal_04122023-000000-1_HI-KV-002_1.wav,पहले,1.8,2.28,c,0.0,0.000910059781745,0.45691,0,C
/home/daplab/30006664/kv_allindia_dec2023/audios/au_3-a-4_kv_kv-no3-bhopal_04122023-000000-1_HI-KV-002_1.wav,एक,2.28,2.61,c,0.0,0.0019654894713312,0.236354,0,C
/home/daplab/30006664/kv_allindia_dec2023/audios/au_3-a-4_kv_kv-no3-bhopal_04122023-000000-1_HI-KV-002_1.wav,घंटाघर,3.54,3.69,s,,3.523049963405356e-05,0.925197,1,S
/home/daplab/30006664/kv_allindia_dec2023/audios/au_3-a-4_kv_kv-no3-bhopal_04122023-000000-1_HI-KV-002_1.wav,में,4.32,4.62,c,0.0,0.0002664918429218,0.53479,0,C
/home/daplab/30006664/kv_allindia_dec2023/audios/au_3-a-4_kv_kv-no3-bhopal_04122023-000000-1_HI-KV-002_1.wav,टीकू,5.85,6.75,c,0.0,0.000194038322661,0.53479,0,C
/home/daplab/30006664/kv_allindia_dec2023/audios/au_3-a-4_kv_kv-no3-bhopal_04122023-000000-1_HI-KV-002_1.wav,चिड़िया,6.75,7.38,c,0.0,0.0032021421939134,0.093223,0,C
/home/daplab/30006664/kv_allindia_dec2023/audios/au_3-a-4_kv_kv-no3-bhopal_04122023-000000-1_HI-KV-002_1.wav,अपने,7.38,7.95,c,0.0,0.0045705568045377,0.072824,0,C
/home/daplab/30006664/kv_allindia_dec2023/audios/au_3-a-4_kv_kv-no3-bhopal_04122023-000000-1_HI-KV-002_1.wav,माता,8.25,8.7,c,0.0,0.0059219417162239,0.10014,0,C
/home/daplab/30006664/kv_allindia_dec2023/audios/au_3-a-4_kv_kv-no3-bhopal_04122023-000000-1_HI-KV-002_1.wav,पिता,8.7,9.39,c,0.0,0.0021790049504488,0.142124,0,C
/home/daplab/30006664/kv_allindia_dec2023/audios/au_3-a-4_kv_kv-no3-bhopal_04122023-000000-1_HI-KV-002_1.wav,और,9.66,10.08,c,0.0,0.0011999778216704,0.423782,0,C
/home/daplab/30006664/kv_allindia_dec2023/audios/au_3-a-4_kv_kv-no3-bhopal_04122023-000000-1_HI-KV-002_1.wav,पांच,10.47,10.92,c,,0.0025633936747908,0.897337,1,S
/home/daplab/30006664/kv_allindia_dec2023/audios/au_3-a-4_kv_kv-no3-bhopal_04122023-000000-1_HI-KV-002_1.wav,भाइयों,10.92,11.52,c,0.0,6.791927444282919e-05,0.541377,0,C
/home/daplab/30006664/kv_allindia_dec2023/audios/au_3-a-4_kv_kv-no3-bhopal_04122023-000000-1_HI-KV-002_1.wav,के,12.03,12.33,c,0.0,0.0053333397954702,0.057217,0,C
/home/daplab/30006664/kv_allindia_dec2023/audios/au_3-a-4_kv_kv-no3-bhopal_04122023-000000-1_HI-KV-002_1.wav,साथ,12.33,12.87,c,0.0,0.0016541298246011,0.216798,0,C
/home/daplab/30006664/kv_allindia_dec2023/audios/au_3-a-4_kv_kv-no3-bhopal_04122023-000000-1_HI-KV-002_1.wav,रहती,13.17,13.71,c,0.0,0.0015243106754496,0.269013,0,C
/home/daplab/30006664/kv_allindia_dec2023/audios/au_3-a-4_kv_kv-no3-bhopal_04122023-000000-1_HI-KV-002_1.wav,थी,13.71,14.07,c,0.0,0.0021436878014355,0.170091,0,C
/home/daplab/30006664/kv_allindia_dec2023/audios/au_3-a-4_kv_kv-no3-bhopal_04122023-000000-1_HI-KV-002_1.wav,टीकू,14.49,15.06,c,1.4172657424106416,0.0017465821001678,0.07015,0,C
/home/daplab/30006664/kv_allindia_dec2023/audios/au_3-a-4_kv_kv-no3-bhopal_04122023-000000-1_HI-KV-002_1.wav,चिड़िया,15.06,15.63,c,0.0,0.0020220351871103,0.170091,0,C
/home/daplab/30006664/kv_allindia_dec2023/audios/au_3-a-4_kv_kv-no3-bhopal_04122023-000000-1_HI-KV-002_1.wav,छोटी,15.63,16.35,s,4.547668187662332,0.0015685963444411,0.95486,1,S
/home/daplab/30006664/kv_allindia_dec2023/audios/au_3-a-4_kv_kv-no3-bhopal_04122023-000000-1_HI-KV-002_1.wav,सी,16.56,17.16,c,0.0,0.0003425320901442,0.483657,0,C
/home/daplab/30006664/kv_allindia_dec2023/audios/au_3-a-4_kv_kv-no3-bhopal_04122023-000000-1_HI-KV-002_1.wav,थी,17.46,17.85,c,0.0,0.0010042040375992,0.417996,0,C
/home/daplab/30006664/kv_allindia_dec2023/audios/au_3-a-4_kv_kv-no3-bhopal_04122023-000000-1_HI-KV-002_1.wav,उसके,18.45,19.08,c,0.0,0.0012923210160806,0.312544,0,C
/home/daplab/30006664/kv_allindia_dec2023/audios/au_3-a-4_kv_kv-no3-bhopal_04122023-000000-1_HI-KV-002_1.wav,पंख,19.08,19.59,c,0.0,0.0020760598126798,0.170091,0,C
/home/daplab/30006664/kv_allindia_dec2023/audios/au_3-a-4_kv_kv-no3-bhopal_04122023-000000-1_HI-KV-002_1.wav,मुलायम,19.59,20.4,c,0.0,0.0019924698863178,0.170091,0,C
/home/daplab/30006664/kv_allindia_dec2023/audios/au_3-a-4_kv_kv-no3-bhopal_04122023-000000-1_HI-KV-002_1.wav,थे,20.55,20.91,c,0.0,0.0010953119490295,0.40643,0,C
/home/daplab/30006664/kv_allindia_dec2023/audios/au_3-a-4_kv_kv-no3-bhopal_04122023-000000-1_HI-KV-002_1.wav,उसकी,21.21,21.81,s,4.547668187662332,0.0027202649507671,0.955164,1,S
/home/daplab/30006664/kv_allindia_dec2023/audios/au_3-a-4_kv_kv-no3-bhopal_04122023-000000-1_HI-KV-002_1.wav,मां,,,d,,,0.906308,1,S
/home/daplab/30006664/kv_allindia_dec2023/audios/au_3-a-4_kv_kv-no3-bhopal_04122023-000000-1_HI-KV-002_1.wav,ने,,,d,,,0.906308,1,S
/home/daplab/30006664/kv_allindia_dec2023/audios/au_3-a-4_kv_kv-no3-bhopal_04122023-000000-1_HI-KV-002_1.wav,उसे,,,d,,,0.906308,1,S
/home/daplab/30006664/kv_allindia_dec2023/audios/au_3-a-4_kv_kv-no3-bhopal_04122023-000000-1_HI-KV-002_1.wav,घंटाघर,,,d,,,0.906308,1,S
/home/daplab/30006664/kv_allindia_dec2023/audios/au_3-a-4_kv_kv-no3-bhopal_04122023-000000-1_HI-KV-002_1.wav,की,,,d,,,0.906308,1,S
/home/daplab/30006664/kv_allindia_dec2023/audios/au_3-a-4_kv_kv-no3-bhopal_04122023-000000-1_HI-KV-002_1.wav,ताल,,,d,,,0.906308,1,S
/home/daplab/30006664/kv_allindia_dec2023/audios/au_3-a-4_kv_kv-no3-bhopal_04122023-000000-1_HI-KV-002_1.wav,पर,,,d,,,0.906308,1,S
/home/daplab/30006664/kv_allindia_dec2023/audios/au_3-a-4_kv_kv-no3-bhopal_04122023-000000-1_HI-KV-002_1.wav,चहकना,,,d,,,0.906308,1,S
/home/daplab/30006664/kv_allindia_dec2023/audios/au_3-a-4_kv_kv-no3-bhopal_04122023-000000-1_HI-KV-002_1.wav,सिखाया,,,d,,,0.906308,1,S
/home/daplab/30006664/kv_allindia_dec2023/audios/au_3-a-4_kv_kv-no3-bhopal_04122023-000000-1_HI-KV-002_1.wav,था,,,d,,,0.906308,1,S
/home/daplab/30006664/kv_allindia_dec2023/audios/au_3-a-4_kv_kv-no3-bhopal_04122023-000000-1_HI-KV-002_1.wav,घंटाघर,,,d,,,0.906308,1,S
/home/daplab/30006664/kv_allindia_dec2023/audios/au_3-a-4_kv_kv-no3-bhopal_04122023-000000-1_HI-KV-002_1.wav,के,,,d,,,0.906308,1,S
/home/daplab/30006664/kv_allindia_dec2023/audios/au_3-a-4_kv_kv-no3-bhopal_04122023-000000-1_HI-KV-002_1.wav,पास,,,d,,,0.906308,1,S
/home/daplab/30006664/kv_allindia_dec2023/audios/au_3-a-4_kv_kv-no3-bhopal_04122023-000000-1_HI-KV-002_1.wav,ही,,,d,,,0.906308,1,S
/home/daplab/30006664/kv_allindia_dec2023/audios/au_3-a-4_kv_kv-no3-bhopal_04122023-000000-1_HI-KV-002_1.wav,एक,,,d,,,0.906308,1,S
/home/daplab/30006664/kv_allindia_dec2023/audios/au_3-a-4_kv_kv-no3-bhopal_04122023-000000-1_HI-KV-002_1.wav,घर,21.81,22.26,c,0.0,0.0006952169933356,0.4705,0,C
/home/daplab/30006664/kv_allindia_dec2023/audios/au_3-a-4_kv_kv-no3-bhopal_04122023-000000-1_HI-KV-002_1.wav,था,22.89,23.31,c,0.0,0.0016951054567471,0.22537,0,C
/home/daplab/30006664/kv_allindia_dec2023/audios/au_3-a-4_kv_kv-no3-bhopal_04122023-000000-1_HI-KV-002_1.wav,जिसमें,23.31,24.48,c,0.0,0.0004043400404043,0.509663,0,C
/home/daplab/30006664/kv_allindia_dec2023/audios/au_3-a-4_kv_kv-no3-bhopal_04122023-000000-1_HI-KV-002_1.wav,पक्षियों,24.84,25.71,c,0.0,0.0015332625480368,0.269013,0,C
/home/daplab/30006664/kv_allindia_dec2023/audios/au_3-a-4_kv_kv-no3-bhopal_04122023-000000-1_HI-KV-002_1.wav,से,25.71,26.07,c,0.0,0.0040678749792277,0.041233,0,C
/home/daplab/30006664/kv_allindia_dec2023/audios/au_3-a-4_kv_kv-no3-bhopal_04122023-000000-1_HI-KV-002_1.wav,प्यार,26.07,26.58,c,0.0,4.707617335952818e-05,0.538915,0,C
/home/daplab/30006664/kv_allindia_dec2023/audios/au_3-a-4_kv_kv-no3-bhopal_04122023-000000-1_HI-KV-002_1.wav,करने,26.91,27.45,c,0.0,0.0049857501871883,0.066489,0,C
/home/daplab/30006664/kv_allindia_dec2023/audios/au_3-a-4_kv_kv-no3-bhopal_04122023-000000-1_HI-KV-002_1.wav,वाली,27.45,27.93,c,0.0,0.0009998517343774,0.417996,0,C
/home/daplab/30006664/kv_allindia_dec2023/audios/au_3-a-4_kv_kv-no3-bhopal_04122023-000000-1_HI-KV-002_1.wav,एक,27.93,28.2,c,0.0,0.0058049038052558,0.090731,0,C
/home/daplab/30006664/kv_allindia_dec2023/audios/au_3-a-4_kv_kv-no3-bhopal_04122023-000000-1_HI-KV-002_1.wav,महिला,28.2,28.86,c,0.0,0.0019145150436088,0.206784,0,C
/home/daplab/30006664/kv_allindia_dec2023/audios/au_3-a-4_kv_kv-no3-bhopal_04122023-000000-1_HI-KV-002_1.wav,रहती,29.55,30.12,c,0.0,0.0014789216220378,0.269013,0,C
/home/daplab/30006664/kv_allindia_dec2023/audios/au_3-a-4_kv_kv-no3-bhopal_04122023-000000-1_HI-KV-002_1.wav,थी,30.12,30.57,c,0.0,0.0023343393113464,0.151331,0,C
/home/daplab/30006664/kv_allindia_dec2023/audios/au_3-a-4_kv_kv-no3-bhopal_04122023-000000-1_HI-KV-002_1.wav,वह,30.69,31.29,c,0.0,0.0001236759271705,0.53479,0,C
/home/daplab/30006664/kv_allindia_dec2023/audios/au_3-a-4_kv_kv-no3-bhopal_04122023-000000-1_HI-KV-002_1.wav,टीकू,31.32,31.89,c,1.4172657424106416,0.0019535557366907,0.079226,0,C
/home/daplab/30006664/kv_allindia_dec2023/audios/au_3-a-4_kv_kv-no3-bhopal_04122023-000000-1_HI-KV-002_1.wav,चिड़िया,31.89,32.46,c,0.0,0.0025192622561007,0.105903,0,C
/home/daplab/30006664/kv_allindia_dec2023/audios/au_3-a-4_kv_kv-no3-bhopal_04122023-000000-1_HI-KV-002_1.wav,और,,,d,,,0.906308,1,S
/home/daplab/30006664/kv_allindia_dec2023/audios/au_3-a-4_kv_kv-no3-bhopal_04122023-000000-1_HI-KV-002_1.wav,उसके,32.82,33.3,c,0.0,0.0035579646937549,0.08804,0,C
/home/daplab/30006664/kv_allindia_dec2023/audios/au_3-a-4_kv_kv-no3-bhopal_04122023-000000-1_HI-KV-002_1.wav,परिवार,33.3,34.05,c,0.0,0.0028441003523766,0.097349,0,C
/home/daplab/30006664/kv_allindia_dec2023/audios/au_3-a-4_kv_kv-no3-bhopal_04122023-000000-1_HI-KV-002_1.wav,के,34.41,34.68,c,0.0,0.0050546480342745,0.066489,0,C
/home/daplab/30006664/kv_allindia_dec2023/audios/au_3-a-4_kv_kv-no3-bhopal_04122023-000000-1_HI-KV-002_1.wav,लिए,34.68,35.19,c,0.0,0.0009451093501411,0.427129,0,C
/home/daplab/30006664/kv_allindia_dec2023/audios/au_3-a-4_kv_kv-no3-bhopal_04122023-000000-1_HI-KV-002_1.wav,रोज,35.67,36.15,c,0.0,0.0035931770689785,0.092525,0,C
/home/daplab/30006664/kv_allindia_dec2023/audios/au_3-a-4_kv_kv-no3-bhopal_04122023-000000-1_HI-KV-002_1.wav,रोटी,36.15,36.66,c,0.0,0.0030482145957648,0.089266,0,C
/home/daplab/30006664/kv_allindia_dec2023/audios/au_3-a-4_kv_kv-no3-bhopal_04122023-000000-1_HI-KV-002_1.wav,का,36.66,36.87,c,0.0,0.0063958773389458,0.102583,0,C
/home/daplab/30006664/kv_allindia_dec2023/audios/au_3-a-4_kv_kv-no3-bhopal_04122023-000000-1_HI-KV-002_1.wav,टुकड़ा,36.87,37.32,c,0.0,0.0007592149777337,0.45691,0,C
/home/daplab/30006664/kv_allindia_dec2023/audios/au_3-a-4_kv_kv-no3-bhopal_04122023-000000-1_HI-KV-002_1.wav,डालती,37.32,37.92,c,0.0,0.0008908403106033,0.45691,0,C
/home/daplab/30006664/kv_allindia_dec2023/audios/au_3-a-4_kv_kv-no3-bhopal_04122023-000000-1_HI-KV-002_1.wav,थी,37.92,38.34,c,0.0,0.0021945594344288,0.142124,0,C
/home/daplab/30006664/kv_allindia_dec2023/audios/as_3-a-3_kv_kv-shajapur_04122023-000000-1_HI-SW-PB-301_1.wav,मीमी,0.96,1.56,c,0.0,0.0029317860025912,0.101134,0,C
/home/daplab/30006664/kv_allindia_dec2023/audios/as_3-a-3_kv_kv-shajapur_04122023-000000-1_HI-SW-PB-301_1.wav,एक,1.56,1.77,c,0.0,0.0011387808481231,0.423782,0,C
/home/daplab/30006664/kv_allindia_dec2023/audios/as_3-a-3_kv_kv-shajapur_04122023-000000-1_HI-SW-PB-301_1.wav,छोटी,1.77,2.37,c,0.0,5.174763828108553e-06,0.545545,0,C
/home/daplab/30006664/kv_allindia_dec2023/audios/as_3-a-3_kv_kv-shajapur_04122023-000000-1_HI-SW-PB-301_1.wav,सी,2.4,2.82,c,0.0,6.521455361507833e-05,0.541377,0,C
/home/daplab/30006664/kv_allindia_dec2023/audios/as_3-a-3_kv_kv-shajapur_04122023-000000-1_HI-SW-PB-301_1.wav,लड़की,3.03,3.78,c,0.0,0.0013976499903947,0.269013,0,C
/home/daplab/30006664/kv_allindia_dec2023/audios/as_3-a-3_kv_kv-shajapur_04122023-000000-1_HI-SW-PB-301_1.wav,थी,3.78,4.2,c,0.0,0.0010017887689173,0.417996,0,C
/home/daplab/30006664/kv_allindia_dec2023/audios/as_3-a-3_kv_kv-shajapur_04122023-000000-1_HI-SW-PB-301_1.wav,जो,4.59,5.13,c,0.0,0.0037570404820144,0.102427,0,C
/home/daplab/30006664/kv_allindia_dec2023/audios/as_3-a-3_kv_kv-shajapur_04122023-000000-1_HI-SW-PB-301_1.wav,एक,5.13,5.43,c,4.413928563686915,0.0089381365105509,0.836202,1,S
/home/daplab/30006664/kv_allindia_dec2023/audios/as_3-a-3_kv_kv-shajapur_04122023-000000-1_HI-SW-PB-301_1.wav,भीड़,6.27,6.69,c,0.0,0.0024449974298477,0.147123,0,C
/home/daplab/30006664/kv_allindia_dec2023/audios/as_3-a-3_kv_kv-shajapur_04122023-000000-1_HI-SW-PB-301_1.wav,भाड़,6.69,7.08,c,0.0,0.00071780156577,0.4705,0,C
/home/daplab/30006664/kv_allindia_dec2023/audios/as_3-a-3_kv_kv-shajapur_04122023-000000-1_HI-SW-PB-301_1.wav,वाले,7.08,7.5,c,0.0,0.0049652210436761,0.066489,0,C
/home/daplab/30006664/kv_allindia_dec2023/audios/as_3-a-3_kv_kv-shajapur_04122023-000000-1_HI-SW-PB-301_1.wav,शहर,7.5,7.98,c,0.0,0.001558813615702,0.269013,0,C
/home/daplab/30006664/kv_allindia_dec2023/audios/as_3-a-3_kv_kv-shajapur_04122023-000000-1_HI-SW-PB-301_1.wav,में,7.98,8.19,c,0.0,0.0004040844796691,0.509663,0,C
/home/daplab/30006664/kv_allindia_dec2023/audios/as_3-a-3_kv_kv-shajapur_04122023-000000-1_HI-SW-PB-301_1.wav,रहती,8.19,8.73,c,0.0,0.0022702203132212,0.142124,0,C
/home/daplab/30006664/kv_allindia_dec2023/audios/as_3-a-3_kv_kv-shajapur_04122023-000000-1_HI-SW-PB-301_1.wav,थी,8.73,9.09,c,0.0,0.0010349216172471,0.417996,0,C
/home/daplab/30006664/kv_allindia_dec2023/audios/as_3-a-3_kv_kv-shajapur_04122023-000000-1_HI-SW-PB-301_1.wav,उसे,9.54,10.26,c,0.0,0.0012396943056955,0.360384,0,C
/home/daplab/30006664/kv_allindia_dec2023/audios/as_3-a-3_kv_kv-shajapur_04122023-000000-1_HI-SW-PB-301_1.wav,कहानियां,10.41,11.01,c,,0.0006713658804073,0.922467,1,S
/home/daplab/30006664/kv_allindia_dec2023/audios/as_3-a-3_kv_kv-shajapur_04122023-000000-1_HI-SW-PB-301_1.wav,बहुत,11.01,11.4,c,5.09017858908995,0.0001121226450777,0.898322,1,S
/home/daplab/30006664/kv_allindia_dec2023/audios/as_3-a-3_kv_kv-shajapur_04122023-000000-1_HI-SW-PB-301_1.wav,पसंद,11.4,11.88,c,0.0,0.0007880456396378,0.45691,0,C
/home/daplab/30006664/kv_allindia_dec2023/audios/as_3-a-3_kv_kv-shajapur_04122023-000000-1_HI-SW-PB-301_1.wav,थी,11.88,12.21,c,1.4172657424106416,0.0010651454795151,0.070117,0,C
/home/daplab/30006664/kv_allindia_dec2023/audios/as_3-a-3_kv_kv-shajapur_04122023-000000-1_HI-SW-PB-301_1.wav,पर,12.69,13.29,c,0.0,0.0044602644629776,0.085811,0,C
/home/daplab/30006664/kv_allindia_dec2023/audios/as_3-a-3_kv_kv-shajapur_04122023-000000-1_HI-SW-PB-301_1.wav,उसे,13.5,13.98,c,0.0,0.0005574801471084,0.467188,0,C
/home/daplab/30006664/kv_allindia_dec2023/audios/as_3-a-3_kv_kv-shajapur_04122023-000000-1_HI-SW-PB-301_1.wav,कहानियां,13.98,14.64,c,,0.0033939878921955,0.928521,1,S
/home/daplab/30006664/kv_allindia_dec2023/audios/as_3-a-3_kv_kv-shajapur_04122023-000000-1_HI-SW-PB-301_1.wav,सुनाने,14.64,15.27,c,0.0,0.0028669729363173,0.097349,0,C
/home/daplab/30006664/kv_allindia_dec2023/audios/as_3-a-3_kv_kv-shajapur_04122023-000000-1_HI-SW-PB-301_1.wav,के,15.27,15.51,c,0.0,0.0069425827823579,0.102248,0,C
/home/daplab/30006664/kv_allindia_dec2023/audios/as_3-a-3_kv_kv-shajapur_04122023-000000-1_HI-SW-PB-301_1.wav,लिए,15.51,15.93,c,0.0,0.0025047841481864,0.144696,0,C
/home/daplab/30006664/kv_allindia_dec2023/audios/as_3-a-3_kv_kv-shajapur_04122023-000000-1_HI-SW-PB-301_1.wav,किसी,16.17,16.59,c,0.0,0.0051798159256577,0.069044,0,C
/home/daplab/30006664/kv_allindia_dec2023/audios/as_3-a-3_kv_kv-shajapur_04122023-000000-1_HI-SW-PB-301_1.wav,के,16.59,16.86,c,0.0,0.0045075952075421,0.072824,0,C
/home/daplab/30006664/kv_allindia_dec2023/audios/as_3-a-3_kv_kv-shajapur_04122023-000000-1_HI-SW-PB-301_1.wav,पास,16.89,17.28,c,0.0,0.0021469255443662,0.170091,0,C
/home/daplab/30006664/kv_allindia_dec2023/audios/as_3-a-3_kv_kv-shajapur_04122023-000000-1_HI-SW-PB-301_1.wav,समय,17.28,17.67,c,0.0,0.0041263527236878,0.041233,0,C
/home/daplab/30006664/kv_allindia_dec2023/audios/as_3-a-3_kv_kv-shajapur_04122023-000000-1_HI-SW-PB-301_1.wav,नही,17.67,18.0,c,1.4172657424106416,0.0009970162063837,0.06967,0,C
/home/daplab/30006664/kv_allindia_dec2023/audios/as_3-a-3_kv_kv-shajapur_04122023-000000-1_HI-SW-PB-301_1.wav,था,18.0,18.36,c,0.0,0.0018467552727088,0.223529,0,C
/home/daplab/30006664/kv_allindia_dec2023/audios/as_3-a-3_kv_kv-shajapur_04122023-000000-1_HI-SW-PB-301_1.wav,मीमी,18.69,19.2,c,0.0,0.0030153016559779,0.097763,0,C
/home/daplab/30006664/kv_allindia_dec2023/audios/as_3-a-3_kv_kv-shajapur_04122023-000000-1_HI-SW-PB-301_1.wav,ने,19.2,19.62,c,0.0,0.0031732348725199,0.093223,0,C
/home/daplab/30006664/kv_allindia_dec2023/audios/as_3-a-3_kv_kv-shajapur_04122023-000000-1_HI-SW-PB-301_1.wav,जिससे,20.13,20.85,s,0.0,0.0016863492783159,0.22537,0,C
/home/daplab/30006664/kv_allindia_dec2023/audios/as_3-a-3_kv_kv-shajapur_04122023-000000-1_HI-SW-PB-301_1.wav,भी,20.88,21.36,c,0.0,0.0014479997335001,0.269013,0,C
/home/daplab/30006664/kv_allindia_dec2023/audios/as_3-a-3_kv_kv-shajapur_04122023-000000-1_HI-SW-PB-301_1.wav,कहानियां,21.57,22.26,c,,0.0003515562275424,0.923445,1,S
/home/daplab/30006664/kv_allindia_dec2023/audios/as_3-a-3_kv_kv-shajapur_04122023-000000-1_HI-SW-PB-301_1.wav,सुनाने,22.26,22.98,c,0.0,0.002349738497287,0.151331,0,C
/home/daplab/30006664/kv_allindia_dec2023/audios/as_3-a-3_kv_kv-shajapur_04122023-000000-1_HI-SW-PB-301_1.wav,की,22.98,23.37,c,0.0,0.0076366956345736,0.122106,0,C
/home/daplab/30006664/kv_allindia_dec2023/audios/as_3-a-3_kv_kv-shajapur_04122023-000000-1_HI-SW-PB-301_1.wav,बात,23.61,24.03,c,0.0,0.0033962300512939,0.097221,0,C
/home/daplab/30006664/kv_allindia_dec2023/audios/as_3-a-3_kv_kv-shajapur_04122023-000000-1_HI-SW-PB-301_1.wav,कही,24.03,24.54,c,0.0,0.0033393318299204,0.101118,0,C
/home/daplab/30006664/kv_allindia_dec2023/audios/as_3-a-3_kv_kv-shajapur_04122023-000000-1_HI-SW-PB-301_1.wav,उनके,24.93,25.59,s,5.0487183004431895,0.0029286660719662,0.97012,1,S
/home/daplab/30006664/kv_allindia_dec2023/audios/as_3-a-3_kv_kv-shajapur_04122023-000000-1_HI-SW-PB-301_1.wav,पास,25.59,26.16,c,0.0,0.0029822250362485,0.097763,0,C
/home/daplab/30006664/kv_allindia_dec2023/audios/as_3-a-3_kv_kv-shajapur_04122023-000000-1_HI-SW-PB-301_1.wav,कहानियां,26.34,27.06,c,,0.0014967222232371,0.918957,1,S
/home/daplab/30006664/kv_allindia_dec2023/audios/as_3-a-3_kv_kv-shajapur_04122023-000000-1_HI-SW-PB-301_1.wav,सुनाने,27.06,27.84,c,0.0,0.0037104201037436,0.073214,0,C
/home/daplab/30006664/kv_allindia_dec2023/audios/as_3-a-3_kv_kv-shajapur_04122023-000000-1_HI-SW-PB-301_1.wav,की,27.84,28.23,c,0.0,0.0065974034368991,0.075381,0,C
/home/daplab/30006664/kv_allindia_dec2023/audios/as_3-a-3_kv_kv-shajapur_04122023-000000-1_HI-SW-PB-301_1.wav,फ़ुर्सत,28.44,28.98,c,0.0,0.0012407914036884,0.360384,0,C
/home/daplab/30006664/kv_allindia_dec2023/audios/as_3-a-3_kv_kv-shajapur_04122023-000000-1_HI-SW-PB-301_1.wav,नही,28.98,29.4,c,1.4172657424106416,0.000998644856736,0.06967,0,C
/home/daplab/30006664/kv_allindia_dec2023/audios/as_3-a-3_kv_kv-shajapur_04122023-000000-1_HI-SW-PB-301_1.wav,थी,29.4,29.76,c,0.0,0.0007257676916196,0.4705,0,C
/home/daplab/30006664/kv_allindia_dec2023/audios/as_3-a-3_kv_kv-shajapur_04122023-000000-1_HI-SW-PB-301_1.wav,किसी,30.18,30.72,c,0.0,0.0041079693473875,0.041233,0,C
/home/daplab/30006664/kv_allindia_dec2023/audios/as_3-a-3_kv_kv-shajapur_04122023-000000-1_HI-SW-PB-301_1.wav,के,30.72,31.11,c,0.0,0.002090690890327,0.170091,0,C
/home/daplab/30006664/kv_allindia_dec2023/audios/as_3-a-3_kv_kv-shajapur_04122023-000000-1_HI-SW-PB-301_1.wav,पास,31.5,31.95,c,0.0,0.0034305730368942,0.097221,0,C
/home/daplab/30006664/kv_allindia_dec2023/audios/as_3-a-3_kv_kv-shajapur_04122023-000000-1_HI-SW-PB-301_1.wav,मीमी,31.95,32.55,c,0.0,0.001943327486515,0.236354,0,C
/home/daplab/30006664/kv_allindia_dec2023/audios/as_3-a-3_kv_kv-shajapur_04122023-000000-1_HI-SW-PB-301_1.wav,के,32.55,32.91,c,0.0,0.0109447706490755,0.051931,0,C
/home/daplab/30006664/kv_allindia_dec2023/audios/as_3-a-3_kv_kv-shajapur_04122023-000000-1_HI-SW-PB-301_1.wav,लिए,32.91,33.27,c,0.0,0.0052490471862256,0.121437,0,C
/home/daplab/30006664/kv_allindia_dec2023/audios/as_3-a-3_kv_kv-shajapur_04122023-000000-1_HI-SW-PB-301_1.wav,समय,33.27,33.69,c,0.0,0.0023798216134309,0.133108,0,C
/home/daplab/30006664/kv_allindia_dec2023/audios/as_3-a-3_kv_kv-shajapur_04122023-000000-1_HI-SW-PB-301_1.wav,नही,33.69,34.05,c,1.4172657424106416,0.0012815751833841,0.073429,0,C
/home/daplab/30006664/kv_allindia_dec2023/audios/as_3-a-3_kv_kv-shajapur_04122023-000000-1_HI-SW-PB-301_1.wav,था,34.08,34.44,c,0.0,0.0017716833390295,0.218756,0,C
/home/daplab/30006664/kv_allindia_dec2023/audios/as_3-a-3_kv_kv-shajapur_04122023-000000-1_HI-SW-PB-301_1.wav,कहानियों,34.65,35.34,s,15.544995473489749,0.0005792701267637,0.941213,1,S
/home/daplab/30006664/kv_allindia_dec2023/audios/as_3-a-3_kv_kv-shajapur_04122023-000000-1_HI-SW-PB-301_1.wav,के,35.37,35.7,c,0.0,0.0067932154051959,0.102248,0,C
/home/daplab/30006664/kv_allindia_dec2023/audios/as_3-a-3_kv_kv-shajapur_04122023-000000-1_HI-SW-PB-301_1.wav,लिए,35.7,36.21,c,0.0,0.0007003062637522,0.4705,0,C
/home/daplab/30006664/kv_allindia_dec2023/audios/as_3-a-3_kv_kv-shajapur_04122023-000000-1_HI-SW-PB-301_1.wav,तो,36.45,36.63,c,0.0,0.0037881797179579,0.107997,0,C
/home/daplab/30006664/kv_allindia_dec2023/audios/as_3-a-3_kv_kv-shajapur_04122023-000000-1_HI-SW-PB-301_1.wav,बिल्कुल,36.63,37.08,c,0.0,0.0013703550212085,0.269013,0,C
/home/daplab/30006664/kv_allindia_dec2023/audios/as_3-a-3_kv_kv-shajapur_04122023-000000-1_HI-SW-PB-301_1.wav,नही,37.08,37.56,c,1.4172657424106416,0.0007245892775245,0.079733,0,C
/home/daplab/30006664/kv_allindia_dec2023/audios/ap_3-a-8_kv_kv-khatima_04122023-000000-1_HI-KV-001_1.wav,एक,0.99,1.29,c,0.0,0.0060669658705592,0.090682,0,C
/home/daplab/30006664/kv_allindia_dec2023/audios/ap_3-a-8_kv_kv-khatima_04122023-000000-1_HI-KV-001_1.wav,राजा,1.29,1.74,c,0.0,0.0023898037616163,0.133108,0,C
/home/daplab/30006664/kv_allindia_dec2023/audios/ap_3-a-8_kv_kv-khatima_04122023-000000-1_HI-KV-001_1.wav,था,1.74,2.07,c,0.0,0.0018430218333378,0.223529,0,C
/home/daplab/30006664/kv_allindia_dec2023/audios/ap_3-a-8_kv_kv-khatima_04122023-000000-1_HI-KV-001_1.wav,उसका,2.07,2.52,c,0.0,0.0015444667078554,0.269013,0,C
/home/daplab/30006664/kv_allindia_dec2023/audios/ap_3-a-8_kv_kv-khatima_04122023-000000-1_HI-KV-001_1.wav,एक,2.52,2.79,c,0.0,0.0050796628929674,0.066489,0,C
/home/daplab/30006664/kv_allindia_dec2023/audios/ap_3-a-8_kv_kv-khatima_04122023-000000-1_HI-KV-001_1.wav,बडा,2.79,3.12,c,0.0,0.0034949786495417,0.08804,0,C
/home/daplab/30006664/kv_allindia_dec2023/audios/ap_3-a-8_kv_kv-khatima_04122023-000000-1_HI-KV-001_1.wav,सा,3.12,3.36,c,0.0,0.0005862370016984,0.467188,0,C
/home/daplab/30006664/kv_allindia_dec2023/audios/ap_3-a-8_kv_kv-khatima_04122023-000000-1_HI-KV-001_1.wav,राज्य,3.36,3.87,c,0.0,0.0030056766699999,0.097763,0,C
/home/daplab/30006664/kv_allindia_dec2023/audios/ap_3-a-8_kv_kv-khatima_04122023-000000-1_HI-KV-001_1.wav,था,3.87,4.2,c,0.0,0.0013679569819942,0.243874,0,C
/home/daplab/30006664/kv_allindia_dec2023/audios/ap_3-a-8_kv_kv-khatima_04122023-000000-1_HI-KV-001_1.wav,एक,4.5,4.77,c,0.0,0.0093438439071178,0.051931,0,C
/home/daplab/30006664/kv_allindia_dec2023/audios/ap_3-a-8_kv_kv-khatima_04122023-000000-1_HI-KV-001_1.wav,दिन,4.77,5.04,c,0.0,0.0020201820880174,0.170091,0,C
/home/daplab/30006664/kv_allindia_dec2023/audios/ap_3-a-8_kv_kv-khatima_04122023-000000-1_HI-KV-001_1.wav,उसे,5.04,5.37,c,0.0,5.351856452762149e-05,0.538915,0,C
/home/daplab/30006664/kv_allindia_dec2023/audios/ap_3-a-8_kv_kv-khatima_04122023-000000-1_HI-KV-001_1.wav,देश,5.37,5.7,s,0.0,6.361367468343815e-06,0.545545,0,C
/home/daplab/30006664/kv_allindia_dec2023/audios/ap_3-a-8_kv_kv-khatima_04122023-000000-1_HI-KV-001_1.wav,घूमने,6.06,6.54,c,0.0,0.0002862701949197,0.53479,0,C
/home/daplab/30006664/kv_allindia_dec2023/audios/ap_3-a-8_kv_kv-khatima_04122023-000000-1_HI-KV-001_1.wav,का,6.54,6.78,c,0.0,0.0103576472029089,0.051931,0,C
/home/daplab/30006664/kv_allindia_dec2023/audios/ap_3-a-8_kv_kv-khatima_04122023-000000-1_HI-KV-001_1.wav,विचार,6.78,7.26,c,0.0,0.001862509176135,0.214969,0,C
/home/daplab/30006664/kv_allindia_dec2023/audios/ap_3-a-8_kv_kv-khatima_04122023-000000-1_HI-KV-001_1.wav,आया,7.29,7.74,c,0.0,0.0018719987710937,0.206784,0,C
/home/daplab/30006664/kv_allindia_dec2023/audios/ap_3-a-8_kv_kv-khatima_04122023-000000-1_HI-KV-001_1.wav,और,7.74,8.1,c,0.0,0.0040019201114773,0.071154,0,C
/home/daplab/30006664/kv_allindia_dec2023/audios/ap_3-a-8_kv_kv-khatima_04122023-000000-1_HI-KV-001_1.wav,उसने,8.1,8.55,c,0.0,0.0011554091470316,0.423782,0,C
/home/daplab/30006664/kv_allindia_dec2023/audios/ap_3-a-8_kv_kv-khatima_04122023-000000-1_HI-KV-001_1.wav,देश,8.55,8.88,s,0.0,0.0003807700413744,0.483657,0,C
/home/daplab/30006664/kv_allindia_dec2023/audios/ap_3-a-8_kv_kv-khatima_04122023-000000-1_HI-KV-001_1.wav,भ्रमन,9.18,9.93,c,,0.0001439091283828,0.929816,1,S
/home/daplab/30006664/kv_allindia_dec2023/audios/ap_3-a-8_kv_kv-khatima_04122023-000000-1_HI-KV-001_1.wav,की,10.26,10.53,c,0.0,0.0024606902152299,0.147123,0,C
/home/daplab/30006664/kv_allindia_dec2023/audios/ap_3-a-8_kv_kv-khatima_04122023-000000-1_HI-KV-001_1.wav,योजना,10.53,11.04,c,0.0,0.0010072559816762,0.417996,0,C
/home/daplab/30006664/kv_allindia_dec2023/audios/ap_3-a-8_kv_kv-khatima_04122023-000000-1_HI-KV-001_1.wav,बनाई,11.04,11.52,c,0.0,0.0021305370610207,0.170091,0,C
/home/daplab/30006664/kv_allindia_dec2023/audios/ap_3-a-8_kv_kv-khatima_04122023-000000-1_HI-KV-001_1.wav,और,11.52,11.82,c,0.0,0.0024565001949667,0.147123,0,C
/home/daplab/30006664/kv_allindia_dec2023/audios/ap_3-a-8_kv_kv-khatima_04122023-000000-1_HI-KV-001_1.wav,घूमने,11.82,12.27,c,0.0,5.764272646047175e-05,0.538915,0,C
/home/daplab/30006664/kv_allindia_dec2023/audios/ap_3-a-8_kv_kv-khatima_04122023-000000-1_HI-KV-001_1.wav,निकल,12.27,12.66,c,0.0,0.0015722477110102,0.272048,0,C
/home/daplab/30006664/kv_allindia_dec2023/audios/ap_3-a-8_kv_kv-khatima_04122023-000000-1_HI-KV-001_1.wav,पडा,12.66,13.05,c,,0.0017057507066056,0.90942,1,S
/home/daplab/30006664/kv_allindia_dec2023/audios/ap_3-a-8_kv_kv-khatima_04122023-000000-1_HI-KV-001_1.wav,जब,13.05,13.35,c,0.0,0.0019724597223103,0.236354,0,C
/home/daplab/30006664/kv_allindia_dec2023/audios/ap_3-a-8_kv_kv-khatima_04122023-000000-1_HI-KV-001_1.wav,वह,13.35,13.71,c,0.0,0.0027748050633817,0.112652,0,C
/home/daplab/30006664/kv_allindia_dec2023/audios/ap_3-a-8_kv_kv-khatima_04122023-000000-1_HI-KV-001_1.wav,यात्रा,13.71,14.28,c,0.0,0.0043885125778615,0.078516,0,C
/home/daplab/30006664/kv_allindia_dec2023/audios/ap_3-a-8_kv_kv-khatima_04122023-000000-1_HI-KV-001_1.wav,से,14.28,14.61,c,0.0,0.0018944564508274,0.206784,0,C
/home/daplab/30006664/kv_allindia_dec2023/audios/ap_3-a-8_kv_kv-khatima_04122023-000000-1_HI-KV-001_1.wav,लौट,14.85,15.21,c,0.0,0.0005081690032966,0.486869,0,C
/home/daplab/30006664/kv_allindia_dec2023/audios/ap_3-a-8_kv_kv-khatima_04122023-000000-1_HI-KV-001_1.wav,कर,15.21,15.45,c,0.0,0.0067461766302585,0.102248,0,C
/home/daplab/30006664/kv_allindia_dec2023/audios/ap_3-a-8_kv_kv-khatima_04122023-000000-1_HI-KV-001_1.wav,अपने,15.45,15.84,c,0.0,0.0033866355661302,0.101118,0,C
/home/daplab/30006664/kv_allindia_dec2023/audios/ap_3-a-8_kv_kv-khatima_04122023-000000-1_HI-KV-001_1.wav,महल,15.84,16.2,c,0.0,0.0010086575057357,0.417996,0,C
/home/daplab/30006664/kv_allindia_dec2023/audios/ap_3-a-8_kv_kv-khatima_04122023-000000-1_HI-KV-001_1.wav,आया,16.23,16.68,c,0.0,0.0061844820156693,0.090682,0,C
/home/daplab/30006664/kv_allindia_dec2023/audios/ap_3-a-8_kv_kv-khatima_04122023-000000-1_HI-KV-001_1.wav,उसने,16.68,17.19,c,0.0,0.0023119021207094,0.142124,0,C
/home/daplab/30006664/kv_allindia_dec2023/audios/ap_3-a-8_kv_kv-khatima_04122023-000000-1_HI-KV-001_1.wav,अपने,17.46,17.91,c,0.0,0.0049201394431293,0.063251,0,C
/home/daplab/30006664/kv_allindia_dec2023/audios/ap_3-a-8_kv_kv-khatima_04122023-000000-1_HI-KV-001_1.wav,मंत्रियों,17.91,18.78,c,0.0,0.0007727437186986,0.45691,0,C
/home/daplab/30006664/kv_allindia_dec2023/audios/ap_3-a-8_kv_kv-khatima_04122023-000000-1_HI-KV-001_1.wav,से,18.78,19.08,c,0.0,0.0038793601561337,0.051565,0,C
/home/daplab/30006664/kv_allindia_dec2023/audios/ap_3-a-8_kv_kv-khatima_04122023-000000-1_HI-KV-001_1.wav,पैरों,19.08,19.68,c,0.0,7.75583102949895e-05,0.541377,0,C
/home/daplab/30006664/kv_allindia_dec2023/audios/ap_3-a-8_kv_kv-khatima_04122023-000000-1_HI-KV-001_1.wav,में,19.68,20.04,c,0.0,0.0013663988793268,0.243874,0,C
/home/daplab/30006664/kv_allindia_dec2023/audios/ap_3-a-8_kv_kv-khatima_04122023-000000-1_HI-KV-001_1.wav,दर्द,20.25,20.64,c,0.0,0.0010048794792965,0.417996,0,C
/home/daplab/30006664/kv_allindia_dec2023/audios/ap_3-a-8_kv_kv-khatima_04122023-000000-1_HI-KV-001_1.wav,होने,20.64,21.12,c,0.0,0.0025226233992725,0.105903,0,C
/home/daplab/30006664/kv_allindia_dec2023/audios/ap_3-a-8_kv_kv-khatima_04122023-000000-1_HI-KV-001_1.wav,की,21.12,21.39,c,0.0,0.0031876526772975,0.093223,0,C
/home/daplab/30006664/kv_allindia_dec2023/audios/ap_3-a-8_kv_kv-khatima_04122023-000000-1_HI-KV-001_1.wav,शिकायत,21.39,22.02,s,0.0,0.0007797586731612,0.45691,0,C
/home/daplab/30006664/kv_allindia_dec2023/audios/ap_3-a-8_kv_kv-khatima_04122023-000000-1_HI-KV-001_1.wav,की,22.08,22.32,c,0.0,0.0010905149392783,0.40643,0,C
/home/daplab/30006664/kv_allindia_dec2023/audios/ap_3-a-8_kv_kv-khatima_04122023-000000-1_HI-KV-001_1.wav,राजा,22.32,22.74,c,0.0,0.0017898444784805,0.223529,0,C
/home/daplab/30006664/kv_allindia_dec2023/audios/ap_3-a-8_kv_kv-khatima_04122023-000000-1_HI-KV-001_1.wav,का,22.74,23.07,c,0.0,0.0034687083680182,0.08804,0,C
/home/daplab/30006664/kv_allindia_dec2023/audios/ap_3-a-8_kv_kv-khatima_04122023-000000-1_HI-KV-001_1.wav,कहना,23.31,23.76,c,0.0,0.0031837988644838,0.093223,0,C
/home/daplab/30006664/kv_allindia_dec2023/audios/ap_3-a-8_kv_kv-khatima_04122023-000000-1_HI-KV-001_1.wav,था,23.76,24.06,c,0.0,0.0020410236902534,0.170091,0,C
/home/daplab/30006664/kv_allindia_dec2023/audios/ap_3-a-8_kv_kv-khatima_04122023-000000-1_HI-KV-001_1.wav,कि,24.06,24.3,c,0.0,0.0025714272633194,0.105903,0,C
/home/daplab/30006664/kv_allindia_dec2023/audios/ap_3-a-8_kv_kv-khatima_04122023-000000-1_HI-KV-001_1.wav,मार्ग,24.3,24.81,c,0.0,0.00058040372096,0.467188,0,C
/home/daplab/30006664/kv_allindia_dec2023/audios/ap_3-a-8_kv_kv-khatima_04122023-000000-1_HI-KV-001_1.wav,में,24.81,25.17,c,0.0,0.0007517511257901,0.45691,0,C
/home/daplab/30006664/kv_allindia_dec2023/audios/ap_3-a-8_kv_kv-khatima_04122023-000000-1_HI-KV-001_1.wav,जो,25.17,25.35,c,0.0,0.0013187833828851,0.312544,0,C
/home/daplab/30006664/kv_allindia_dec2023/audios/ap_3-a-8_kv_kv-khatima_04122023-000000-1_HI-KV-001_1.wav,कंकड,25.74,26.01,c,,1.4926546327842516e-06,0.911155,1,S
/home/daplab/30006664/kv_allindia_dec2023/audios/ap_3-a-8_kv_kv-khatima_04122023-000000-1_HI-KV-001_1.wav,पत्थर,26.22,26.73,c,0.0,7.589573942823336e-05,0.541377,0,C
/home/daplab/30006664/kv_allindia_dec2023/audios/ap_3-a-8_kv_kv-khatima_04122023-000000-1_HI-KV-001_1.wav,थे,26.73,27.06,c,0.0,0.0017094890354201,0.22537,0,C
/home/daplab/30006664/kv_allindia_dec2023/audios/ap_3-a-8_kv_kv-khatima_04122023-000000-1_HI-KV-001_1.wav,वे,27.06,27.33,c,0.0,0.0030701553914695,0.093223,0,C
/home/daplab/30006664/kv_allindia_dec2023/audios/ap_3-a-8_kv_kv-khatima_04122023-000000-1_HI-KV-001_1.wav,मेरे,27.33,27.75,c,0.0,0.0008866997668519,0.45691,0,C
/home/daplab/30006664/kv_allindia_dec2023/audios/ap_3-a-8_kv_kv-khatima_04122023-000000-1_HI-KV-001_1.wav,पैरों,27.75,28.38,c,4.864995534181984,0.0008486201404593,0.925452,1,S
/home/daplab/30006664/kv_allindia_dec2023/audios/ap_3-a-8_kv_kv-khatima_04122023-000000-1_HI-KV-001_1.wav,में,28.62,28.86,c,0.0,0.0023574249353259,0.133108,0,C
/home/daplab/30006664/kv_allindia_dec2023/audios/ap_3-a-8_kv_kv-khatima_04122023-000000-1_HI-KV-001_1.wav,चुभ,28.86,29.19,c,0.0,0.0007864018552936,0.45691,0,C
/home/daplab/30006664/kv_allindia_dec2023/audios/ap_3-a-8_kv_kv-khatima_04122023-000000-1_HI-KV-001_1.wav,गए,29.19,29.52,c,0.0,0.0012528297957032,0.360384,0,C
/home/daplab/30006664/kv_allindia_dec2023/audios/ap_3-a-8_kv_kv-khatima_04122023-000000-1_HI-KV-001_1.wav,और,29.52,29.79,c,0.0,0.0048602842725813,0.063251,0,C
/home/daplab/30006664/kv_allindia_dec2023/audios/ap_3-a-8_kv_kv-khatima_04122023-000000-1_HI-KV-001_1.wav,इसके,29.79,30.27,c,0.0,0.0020491753239184,0.170091,0,C
/home/daplab/30006664/kv_allindia_dec2023/audios/ap_3-a-8_kv_kv-khatima_04122023-000000-1_HI-KV-001_1.wav,लिए,30.27,30.6,c,0.0,0.0042676646262407,0.078516,0,C
/home/daplab/30006664/kv_allindia_dec2023/audios/ap_3-a-8_kv_kv-khatima_04122023-000000-1_HI-KV-001_1.wav,कुछ,30.6,30.84,c,0.0,0.0012773167109116,0.312544,0,C
/home/daplab/30006664/kv_allindia_dec2023/audios/ap_3-a-8_kv_kv-khatima_04122023-000000-1_HI-KV-001_1.wav,इंतजाम,30.84,31.77,c,3.414972798032559,9.631227158024558e-07,0.654406,0,C
/home/daplab/30006664/kv_allindia_dec2023/audios/ap_3-a-8_kv_kv-khatima_04122023-000000-1_HI-KV-001_1.wav,करना,31.77,32.16,c,0.0,0.0023554640356451,0.133108,0,C
/home/daplab/30006664/kv_allindia_dec2023/audios/ap_3-a-8_kv_kv-khatima_04122023-000000-1_HI-KV-001_1.wav,चाहिए,32.16,32.76,c,0.0,0.0028249293100088,0.097349,0,C
/home/daplab/30006664/kv_allindia_dec2023/audios/ak_3-b-49_kv_kv-drdo-kanchan-bagh_04122023-000000-1_HI-KV-002_2.wav,एक,0.99,1.41,c,0.0,0.0043855397962033,0.078516,0,C
/home/daplab/30006664/kv_allindia_dec2023/audios/ak_3-b-49_kv_kv-drdo-kanchan-bagh_04122023-000000-1_HI-KV-002_2.wav,दिन,1.41,1.86,c,0.0,0.0075521105900406,0.122106,0,C
/home/daplab/30006664/kv_allindia_dec2023/audios/ak_3-b-49_kv_kv-drdo-kanchan-bagh_04122023-000000-1_HI-KV-002_2.wav,वह,1.86,2.22,c,3.7468430583796257,0.000738896720577,0.774198,0,C
/home/daplab/30006664/kv_allindia_dec2023/audios/ak_3-b-49_kv_kv-drdo-kanchan-bagh_04122023-000000-1_HI-KV-002_2.wav,बीमार,2.22,2.79,c,0.0,0.0031068979296833,0.093223,0,C
/home/daplab/30006664/kv_allindia_dec2023/audios/ak_3-b-49_kv_kv-drdo-kanchan-bagh_04122023-000000-1_HI-KV-002_2.wav,पड़,2.79,3.06,c,0.0,0.0015141853364184,0.269013,0,C
/home/daplab/30006664/kv_allindia_dec2023/audios/ak_3-b-49_kv_kv-drdo-kanchan-bagh_04122023-000000-1_HI-KV-002_2.wav,गई,3.09,3.39,c,0.0,0.001587908482179,0.272048,0,C
/home/daplab/30006664/kv_allindia_dec2023/audios/ak_3-b-49_kv_kv-drdo-kanchan-bagh_04122023-000000-1_HI-KV-002_2.wav,और,3.39,3.75,c,0.0,0.0028059664182364,0.112652,0,C
/home/daplab/30006664/kv_allindia_dec2023/audios/ak_3-b-49_kv_kv-drdo-kanchan-bagh_04122023-000000-1_HI-KV-002_2.wav,उसकी,3.78,4.41,c,0.0,0.0035774656571447,0.08804,0,C
/home/daplab/30006664/kv_allindia_dec2023/audios/ak_3-b-49_kv_kv-drdo-kanchan-bagh_04122023-000000-1_HI-KV-002_2.wav,मौत,4.5,4.98,c,0.0,0.0020414628088474,0.170091,0,C
/home/daplab/30006664/kv_allindia_dec2023/audios/ak_3-b-49_kv_kv-drdo-kanchan-bagh_04122023-000000-1_HI-KV-002_2.wav,हो,4.98,5.22,c,0.0,0.0074555068276822,0.099285,0,C
/home/daplab/30006664/kv_allindia_dec2023/audios/ak_3-b-49_kv_kv-drdo-kanchan-bagh_04122023-000000-1_HI-KV-002_2.wav,गई,5.22,5.7,c,0.0,0.0026578824035823,0.114792,0,C
/home/daplab/30006664/kv_allindia_dec2023/audios/ak_3-b-49_kv_kv-drdo-kanchan-bagh_04122023-000000-1_HI-KV-002_2.wav,टीकू,5.91,6.42,c,1.4172657424106416,0.0025028632953763,0.044245,0,C
/home/daplab/30006664/kv_allindia_dec2023/audios/ak_3-b-49_kv_kv-drdo-kanchan-bagh_04122023-000000-1_HI-KV-002_2.wav,चिड़िया,6.42,7.05,c,0.0,0.002669449429959,0.114792,0,C
/home/daplab/30006664/kv_allindia_dec2023/audios/ak_3-b-49_kv_kv-drdo-kanchan-bagh_04122023-000000-1_HI-KV-002_2.wav,और,7.08,7.47,c,0.0,0.0050270394422113,0.066489,0,C
/home/daplab/30006664/kv_allindia_dec2023/audios/ak_3-b-49_kv_kv-drdo-kanchan-bagh_04122023-000000-1_HI-KV-002_2.wav,उसका,7.47,7.95,c,0.0,0.0011913033667951,0.423782,0,C
/home/daplab/30006664/kv_allindia_dec2023/audios/ak_3-b-49_kv_kv-drdo-kanchan-bagh_04122023-000000-1_HI-KV-002_2.wav,पूरा,7.95,8.49,c,0.0,0.0006398417754098,0.4705,0,C
/home/daplab/30006664/kv_allindia_dec2023/audios/ak_3-b-49_kv_kv-drdo-kanchan-bagh_04122023-000000-1_HI-KV-002_2.wav,परिवार,8.49,9.27,c,0.0,0.003503045765683,0.08804,0,C
/home/daplab/30006664/kv_allindia_dec2023/audios/ak_3-b-49_kv_kv-drdo-kanchan-bagh_04122023-000000-1_HI-KV-002_2.wav,उस,9.81,10.29,c,0.0,0.0024939437862485,0.139969,0,C
/home/daplab/30006664/kv_allindia_dec2023/audios/ak_3-b-49_kv_kv-drdo-kanchan-bagh_04122023-000000-1_HI-KV-002_2.wav,औरत,10.59,11.25,s,0.0,0.0033419793471693,0.101118,0,C
/home/daplab/30006664/kv_allindia_dec2023/audios/ak_3-b-49_kv_kv-drdo-kanchan-bagh_04122023-000000-1_HI-KV-002_2.wav,के,11.25,11.73,c,0.0,0.0032372642308473,0.126347,0,C
/home/daplab/30006664/kv_allindia_dec2023/audios/ak_3-b-49_kv_kv-drdo-kanchan-bagh_04122023-000000-1_HI-KV-002_2.wav,खाने,12.24,12.84,c,0.0,0.003636633278802,0.092525,0,C
/home/daplab/30006664/kv_allindia_dec2023/audios/ak_3-b-49_kv_kv-drdo-kanchan-bagh_04122023-000000-1_HI-KV-002_2.wav,पर,12.84,13.17,c,0.0,0.0034105177037417,0.097221,0,C
/home/daplab/30006664/kv_allindia_dec2023/audios/ak_3-b-49_kv_kv-drdo-kanchan-bagh_04122023-000000-1_HI-KV-002_2.wav,निर्भर,13.17,13.86,c,0.0,0.0006981157348491,0.4705,0,C
/home/daplab/30006664/kv_allindia_dec2023/audios/ak_3-b-49_kv_kv-drdo-kanchan-bagh_04122023-000000-1_HI-KV-002_2.wav,था,13.86,14.31,c,0.0,0.0028375778347253,0.097349,0,C
/home/daplab/30006664/kv_allindia_dec2023/audios/ak_3-b-49_kv_kv-drdo-kanchan-bagh_04122023-000000-1_HI-KV-002_2.wav,अब,15.63,16.08,c,0.0,0.0026259215082973,0.129013,0,C
/home/daplab/30006664/kv_allindia_dec2023/audios/ak_3-b-49_kv_kv-drdo-kanchan-bagh_04122023-000000-1_HI-KV-002_2.wav,उनके,16.2,16.77,c,0.0,0.0043841828592121,0.078516,0,C
/home/daplab/30006664/kv_allindia_dec2023/audios/ak_3-b-49_kv_kv-drdo-kanchan-bagh_04122023-000000-1_HI-KV-002_2.wav,पास,16.77,17.37,c,0.0,0.0020212987437844,0.170091,0,C
/home/daplab/30006664/kv_allindia_dec2023/audios/ak_3-b-49_kv_kv-drdo-kanchan-bagh_04122023-000000-1_HI-KV-002_2.wav,खाने,17.46,17.97,c,0.0,0.0040829414501786,0.041233,0,C
/home/daplab/30006664/kv_allindia_dec2023/audios/ak_3-b-49_kv_kv-drdo-kanchan-bagh_04122023-000000-1_HI-KV-002_2.wav,के,17.97,18.15,c,0.0,0.0080329151824116,0.066618,0,C
/home/daplab/30006664/kv_allindia_dec2023/audios/ak_3-b-49_kv_kv-drdo-kanchan-bagh_04122023-000000-1_HI-KV-002_2.wav,लिए,18.15,18.48,c,0.0,0.0074399304576218,0.099285,0,C
/home/daplab/30006664/kv_allindia_dec2023/audios/ak_3-b-49_kv_kv-drdo-kanchan-bagh_04122023-000000-1_HI-KV-002_2.wav,कुछ,18.48,18.84,c,0.0,0.0030566130299121,0.089266,0,C
/home/daplab/30006664/kv_allindia_dec2023/audios/ak_3-b-49_kv_kv-drdo-kanchan-bagh_04122023-000000-1_HI-KV-002_2.wav,नही,18.84,19.23,c,1.4172657424106416,0.0012584483483806,0.077096,0,C
/home/daplab/30006664/kv_allindia_dec2023/audios/ak_3-b-49_kv_kv-drdo-kanchan-bagh_04122023-000000-1_HI-KV-002_2.wav,था,19.23,19.68,c,0.0,0.0039969161152839,0.071154,0,C
/home/daplab/30006664/kv_allindia_dec2023/audios/ak_3-b-49_kv_kv-drdo-kanchan-bagh_04122023-000000-1_HI-KV-002_2.wav,और,20.01,20.37,c,0.0,0.0039722807705402,0.071154,0,C
/home/daplab/30006664/kv_allindia_dec2023/audios/ak_3-b-49_kv_kv-drdo-kanchan-bagh_04122023-000000-1_HI-KV-002_2.wav,न,20.37,20.52,c,0.0,0.0044349487870931,0.085811,0,C
/home/daplab/30006664/kv_allindia_dec2023/audios/ak_3-b-49_kv_kv-drdo-kanchan-bagh_04122023-000000-1_HI-KV-002_2.wav,ही,20.76,21.18,c,0.0,0.0043953880667686,0.078516,0,C
/home/daplab/30006664/kv_allindia_dec2023/audios/ak_3-b-49_kv_kv-drdo-kanchan-bagh_04122023-000000-1_HI-KV-002_2.wav,वो,,,d,,,0.906308,1,S
/home/daplab/30006664/kv_allindia_dec2023/audios/ak_3-b-49_kv_kv-drdo-kanchan-bagh_04122023-000000-1_HI-KV-002_2.wav,अपने,21.18,21.69,c,0.0,0.0051621980965137,0.069044,0,C
/home/daplab/30006664/kv_allindia_dec2023/audios/ak_3-b-49_kv_kv-drdo-kanchan-bagh_04122023-000000-1_HI-KV-002_2.wav,लिए,21.69,22.05,c,0.0,0.0034352594520896,0.097221,0,C
/home/daplab/30006664/kv_allindia_dec2023/audios/ak_3-b-49_kv_kv-drdo-kanchan-bagh_04122023-000000-1_HI-KV-002_2.wav,खाना,23.43,23.91,c,0.0,0.003436139319092,0.097221,0,C
/home/daplab/30006664/kv_allindia_dec2023/audios/ak_3-b-49_kv_kv-drdo-kanchan-bagh_04122023-000000-1_HI-KV-002_2.wav,जुटाने,23.91,24.54,c,0.0,0.0016547364648431,0.216798,0,C
/home/daplab/30006664/kv_allindia_dec2023/audios/ak_3-b-49_kv_kv-drdo-kanchan-bagh_04122023-000000-1_HI-KV-002_2.wav,के,24.54,24.87,c,0.0,0.0061380863189697,0.090682,0,C
/home/daplab/30006664/kv_allindia_dec2023/audios/ak_3-b-49_kv_kv-drdo-kanchan-bagh_04122023-000000-1_HI-KV-002_2.wav,लिए,24.87,25.35,c,0.0,0.0024348336737602,0.147123,0,C
/home/daplab/30006664/kv_allindia_dec2023/audios/ak_3-b-49_kv_kv-drdo-kanchan-bagh_04122023-000000-1_HI-KV-002_2.wav,कुछ,25.65,25.98,c,0.0,0.0007367495563812,0.4705,0,C
/home/daplab/30006664/kv_allindia_dec2023/audios/ak_3-b-49_kv_kv-drdo-kanchan-bagh_04122023-000000-1_HI-KV-002_2.wav,करते,27.03,27.54,c,0.0,0.0040435078553855,0.072681,0,C
/home/daplab/30006664/kv_allindia_dec2023/audios/ak_3-b-49_kv_kv-drdo-kanchan-bagh_04122023-000000-1_HI-KV-002_2.wav,है,27.54,27.99,c,1.4172657424106416,0.0028278513345867,0.049177,0,C
/home/daplab/30006664/kv_allindia_dec2023/audios/ak_3-b-49_kv_kv-drdo-kanchan-bagh_04122023-000000-1_HI-KV-002_2.wav,एक,28.29,28.68,c,0.0,0.0041394778527319,0.041233,0,C
/home/daplab/30006664/kv_allindia_dec2023/audios/ak_3-b-49_kv_kv-drdo-kanchan-bagh_04122023-000000-1_HI-KV-002_2.wav,दिन,28.68,29.07,c,0.0,0.0035461271181702,0.08804,0,C
/home/daplab/30006664/kv_allindia_dec2023/audios/ak_3-b-49_kv_kv-drdo-kanchan-bagh_04122023-000000-1_HI-KV-002_2.wav,भूख,29.52,30.09,c,0.0,0.0009197166073136,0.427129,0,C
/home/daplab/30006664/kv_allindia_dec2023/audios/ak_3-b-49_kv_kv-drdo-kanchan-bagh_04122023-000000-1_HI-KV-002_2.wav,से,30.09,30.66,c,0.0,0.0038540284149348,0.051565,0,C
/home/daplab/30006664/kv_allindia_dec2023/audios/ak_3-b-49_kv_kv-drdo-kanchan-bagh_04122023-000000-1_HI-KV-002_2.wav,बेहाल,30.81,31.65,c,0.0,0.0026177978143095,0.129013,0,C
/home/daplab/30006664/kv_allindia_dec2023/audios/ak_3-b-49_kv_kv-drdo-kanchan-bagh_04122023-000000-1_HI-KV-002_2.wav,होने,31.98,32.52,c,0.0,0.0057419082149863,0.097238,0,C
/home/daplab/30006664/kv_allindia_dec2023/audios/ak_3-b-49_kv_kv-drdo-kanchan-bagh_04122023-000000-1_HI-KV-002_2.wav,पर,32.52,32.82,c,0.0,0.0025120840873569,0.144696,0,C
/home/daplab/30006664/kv_allindia_dec2023/audios/ak_3-b-49_kv_kv-drdo-kanchan-bagh_04122023-000000-1_HI-KV-002_2.wav,टीकू,32.82,33.33,c,1.4172657424106416,0.0036838580854237,0.121866,0,C
/home/daplab/30006664/kv_allindia_dec2023/audios/ak_3-b-49_kv_kv-drdo-kanchan-bagh_04122023-000000-1_HI-KV-002_2.wav,चिड़िया,33.33,34.05,c,0.0,0.0019657162483781,0.236354,0,C
/home/daplab/30006664/kv_allindia_dec2023/audios/ak_3-b-49_kv_kv-drdo-kanchan-bagh_04122023-000000-1_HI-KV-002_2.wav,के,34.05,34.44,c,0.0,0.0039380299858748,0.071154,0,C
/home/daplab/30006664/kv_allindia_dec2023/audios/ak_3-b-49_kv_kv-drdo-kanchan-bagh_04122023-000000-1_HI-KV-002_2.wav,पिता,34.44,34.98,s,11.592924266402424,0.0015332114417105,0.829627,1,S
/home/daplab/30006664/kv_allindia_dec2023/audios/ak_3-b-49_kv_kv-drdo-kanchan-bagh_04122023-000000-1_HI-KV-002_2.wav,ने,35.01,35.4,s,6.82153642727377,0.0033875110093504,0.948315,1,S
/home/daplab/30006664/kv_allindia_dec2023/audios/ak_3-b-49_kv_kv-drdo-kanchan-bagh_04122023-000000-1_HI-KV-002_2.wav,कीड़ों,36.0,36.63,c,0.0,0.0015343223931267,0.269013,0,C
/home/daplab/30006664/kv_allindia_dec2023/audios/ak_3-b-49_kv_kv-drdo-kanchan-bagh_04122023-000000-1_HI-KV-002_2.wav,का,36.63,37.14,c,0.0,0.0068003195337951,0.102248,0,C
/home/daplab/30006664/kv_allindia_dec2023/audios/ak_3-b-49_kv_kv-drdo-kanchan-bagh_04122023-000000-1_HI-KV-002_2.wav,शिकार,37.17,37.86,s,32.44690140759842,0.0013027915265411,0.943638,1,S
/home/daplab/30006664/kv_allindia_dec2023/audios/ak_3-b-49_kv_kv-drdo-kanchan-bagh_04122023-000000-1_HI-KV-002_2.wav,करने,37.86,38.25,c,0.0,0.0059134257026016,0.10014,0,C
/home/daplab/30006664/kv_allindia_dec2023/audios/ak_3-b-49_kv_kv-drdo-kanchan-bagh_04122023-000000-1_HI-KV-002_2.wav,का,38.25,38.4,c,0.0,0.0098484382033348,0.051931,0,C
/home/daplab/30006664/kv_allindia_dec2023/audios/ak_3-b-49_kv_kv-drdo-kanchan-bagh_04122023-000000-1_HI-KV-002_2.wav,फैसला,38.4,39.06,s,30.6120150741138,0.0015350183239206,0.94762,1,S
/home/daplab/30006664/kv_allindia_dec2023/audios/ak_3-b-49_kv_kv-drdo-kanchan-bagh_04122023-000000-1_HI-KV-002_2.wav,किया,39.78,40.29,c,0.0,0.0035310795065015,0.08804,0,C
/home/daplab/30006664/kv_allindia_dec2023/audios/ah_3-b-2_kv_kv-afs-begumpet_04122023-000000-1_HI-KV-001_1.wav,एक,0.99,1.23,c,0.0,0.000523452181369,0.486869,0,C
/home/daplab/30006664/kv_allindia_dec2023/audios/ah_3-b-2_kv_kv-afs-begumpet_04122023-000000-1_HI-KV-001_1.wav,राजा,1.23,1.65,c,0.0,1.1381180229363965e-05,0.545545,0,C
/home/daplab/30006664/kv_allindia_dec2023/audios/ah_3-b-2_kv_kv-afs-begumpet_04122023-000000-1_HI-KV-001_1.wav,था,1.65,1.89,c,5.097849747918289,4.697503470652009e-07,0.788306,0,C
/home/daplab/30006664/kv_allindia_dec2023/audios/ah_3-b-2_kv_kv-afs-begumpet_04122023-000000-1_HI-KV-001_1.wav,उसका,1.98,2.46,c,2.9361460578744576,0.0002124394086422,0.508119,0,C
/home/daplab/30006664/kv_allindia_dec2023/audios/ah_3-b-2_kv_kv-afs-begumpet_04122023-000000-1_HI-KV-001_1.wav,एक,2.46,2.73,c,0.0,0.0043498743325471,0.078516,0,C
/home/daplab/30006664/kv_allindia_dec2023/audios/ah_3-b-2_kv_kv-afs-begumpet_04122023-000000-1_HI-KV-001_1.wav,बडा,2.73,3.12,c,0.0,0.0021341433748602,0.170091,0,C
/home/daplab/30006664/kv_allindia_dec2023/audios/ah_3-b-2_kv_kv-afs-begumpet_04122023-000000-1_HI-KV-001_1.wav,सा,3.12,3.36,c,0.0,0.0025954684242606,0.105903,0,C
/home/daplab/30006664/kv_allindia_dec2023/audios/ah_3-b-2_kv_kv-afs-begumpet_04122023-000000-1_HI-KV-001_1.wav,राज्य,3.36,3.87,c,0.0,0.0014067807933315,0.269013,0,C
/home/daplab/30006664/kv_allindia_dec2023/audios/ah_3-b-2_kv_kv-afs-begumpet_04122023-000000-1_HI-KV-001_1.wav,था,3.87,4.14,c,0.0,0.0021906378678977,0.142124,0,C
/home/daplab/30006664/kv_allindia_dec2023/audios/ah_3-b-2_kv_kv-afs-begumpet_04122023-000000-1_HI-KV-001_1.wav,एक,4.32,4.65,c,0.0,0.0073905065655708,0.099285,0,C
/home/daplab/30006664/kv_allindia_dec2023/audios/ah_3-b-2_kv_kv-afs-begumpet_04122023-000000-1_HI-KV-001_1.wav,दिन,4.65,4.95,c,0.0,0.005528459791094,0.087573,0,C
/home/daplab/30006664/kv_allindia_dec2023/audios/ah_3-b-2_kv_kv-afs-begumpet_04122023-000000-1_HI-KV-001_1.wav,उसे,4.98,5.37,c,0.0,0.0017834209138527,0.223529,0,C
/home/daplab/30006664/kv_allindia_dec2023/audios/ah_3-b-2_kv_kv-afs-begumpet_04122023-000000-1_HI-KV-001_1.wav,देश,5.37,5.79,c,0.0,0.0005195755511522,0.486869,0,C
/home/daplab/30006664/kv_allindia_dec2023/audios/ah_3-b-2_kv_kv-afs-begumpet_04122023-000000-1_HI-KV-001_1.wav,घूमने,5.79,6.24,c,0.0,0.0001287304912693,0.53479,0,C
/home/daplab/30006664/kv_allindia_dec2023/audios/ah_3-b-2_kv_kv-afs-begumpet_04122023-000000-1_HI-KV-001_1.wav,का,6.24,6.45,c,0.0,0.0071566412225365,0.102248,0,C
/home/daplab/30006664/kv_allindia_dec2023/audios/ah_3-b-2_kv_kv-afs-begumpet_04122023-000000-1_HI-KV-001_1.wav,विचार,6.45,7.08,c,0.0,0.0004446072271093,0.509663,0,C
/home/daplab/30006664/kv_allindia_dec2023/audios/ah_3-b-2_kv_kv-afs-begumpet_04122023-000000-1_HI-KV-001_1.wav,आया,7.11,7.56,c,0.0,0.0042502544820308,0.078516,0,C
/home/daplab/30006664/kv_allindia_dec2023/audios/ah_3-b-2_kv_kv-afs-begumpet_04122023-000000-1_HI-KV-001_1.wav,और,7.77,8.04,c,0.0,0.0044109565205872,0.078516,0,C
/home/daplab/30006664/kv_allindia_dec2023/audios/ah_3-b-2_kv_kv-afs-begumpet_04122023-000000-1_HI-KV-001_1.wav,उसने,8.04,8.43,c,0.0,0.0019040915649384,0.206784,0,C
/home/daplab/30006664/kv_allindia_dec2023/audios/ah_3-b-2_kv_kv-afs-begumpet_04122023-000000-1_HI-KV-001_1.wav,देश,8.43,9.09,c,0.0,6.624589150305837e-05,0.541377,0,C
/home/daplab/30006664/kv_allindia_dec2023/audios/ah_3-b-2_kv_kv-afs-begumpet_04122023-000000-1_HI-KV-001_1.wav,भ्रमन,11.76,12.39,c,,0.0004548455181065,0.926508,1,S
/home/daplab/30006664/kv_allindia_dec2023/audios/ah_3-b-2_kv_kv-afs-begumpet_04122023-000000-1_HI-KV-001_1.wav,की,12.39,12.63,c,0.0,0.0056129130534827,0.087573,0,C
/home/daplab/30006664/kv_allindia_dec2023/audios/ah_3-b-2_kv_kv-afs-begumpet_04122023-000000-1_HI-KV-001_1.wav,योजना,12.63,13.26,c,0.0,0.0027899723500013,0.112652,0,C
/home/daplab/30006664/kv_allindia_dec2023/audios/ah_3-b-2_kv_kv-afs-begumpet_04122023-000000-1_HI-KV-001_1.wav,बनाई,13.26,13.74,c,0.0,0.002685947343707,0.114792,0,C
/home/daplab/30006664/kv_allindia_dec2023/audios/ah_3-b-2_kv_kv-afs-begumpet_04122023-000000-1_HI-KV-001_1.wav,और,13.86,14.16,c,0.0,0.0028336404357105,0.097349,0,C
/home/daplab/30006664/kv_allindia_dec2023/audios/ah_3-b-2_kv_kv-afs-begumpet_04122023-000000-1_HI-KV-001_1.wav,घूमने,14.16,14.58,c,0.0,9.19087542570196e-05,0.564236,0,C
/home/daplab/30006664/kv_allindia_dec2023/audios/ah_3-b-2_kv_kv-afs-begumpet_04122023-000000-1_HI-KV-001_1.wav,निकल,14.58,14.97,c,0.0,0.0022737423423677,0.142124,0,C
/home/daplab/30006664/kv_allindia_dec2023/audios/ah_3-b-2_kv_kv-afs-begumpet_04122023-000000-1_HI-KV-001_1.wav,पडा,14.97,15.33,c,,0.0012542823096737,0.923905,1,S
/home/daplab/30006664/kv_allindia_dec2023/audios/ah_3-b-2_kv_kv-afs-begumpet_04122023-000000-1_HI-KV-001_1.wav,जब,15.33,15.69,c,0.0,0.0016966798575595,0.22537,0,C
/home/daplab/30006664/kv_allindia_dec2023/audios/ah_3-b-2_kv_kv-afs-begumpet_04122023-000000-1_HI-KV-001_1.wav,वह,15.69,15.96,s,6.579289548011981,0.000563567620702,0.927354,1,S
/home/daplab/30006664/kv_allindia_dec2023/audios/ah_3-b-2_kv_kv-afs-begumpet_04122023-000000-1_HI-KV-001_1.wav,यात्रा,15.96,16.56,c,0.0,0.0011409070575609,0.423782,0,C
/home/daplab/30006664/kv_allindia_dec2023/audios/ah_3-b-2_kv_kv-afs-begumpet_04122023-000000-1_HI-KV-001_1.wav,से,16.56,16.77,c,0.0,0.0044425833038985,0.085811,0,C
/home/daplab/30006664/kv_allindia_dec2023/audios/ah_3-b-2_kv_kv-afs-begumpet_04122023-000000-1_HI-KV-001_1.wav,लौट,16.77,17.37,c,0.0,0.0011127134785056,0.423782,0,C
/home/daplab/30006664/kv_allindia_dec2023/audios/ah_3-b-2_kv_kv-afs-begumpet_04122023-000000-1_HI-KV-001_1.wav,कर,17.64,17.88,c,0.0,0.0034394457470625,0.097221,0,C
/home/daplab/30006664/kv_allindia_dec2023/audios/ah_3-b-2_kv_kv-afs-begumpet_04122023-000000-1_HI-KV-001_1.wav,अपने,17.88,18.24,c,0.0,0.0033928924240171,0.101118,0,C
/home/daplab/30006664/kv_allindia_dec2023/audios/ah_3-b-2_kv_kv-afs-begumpet_04122023-000000-1_HI-KV-001_1.wav,महल,18.24,18.75,c,5.241354129580838,0.0001270188222406,0.898322,1,S
/home/daplab/30006664/kv_allindia_dec2023/audios/ah_3-b-2_kv_kv-afs-begumpet_04122023-000000-1_HI-KV-001_1.wav,आया,18.75,19.08,c,0.0,0.0023468930739909,0.151331,0,C
/home/daplab/30006664/kv_allindia_dec2023/audios/ah_3-b-2_kv_kv-afs-begumpet_04122023-000000-1_HI-KV-001_1.wav,उसने,19.08,19.65,c,0.0,0.0019701698329299,0.236354,0,C
/home/daplab/30006664/kv_allindia_dec2023/audios/ah_3-b-2_kv_kv-afs-begumpet_04122023-000000-1_HI-KV-001_1.wav,अपने,19.65,20.07,c,0.0,0.0024007146712392,0.147123,0,C
/home/daplab/30006664/kv_allindia_dec2023/audios/ah_3-b-2_kv_kv-afs-begumpet_04122023-000000-1_HI-KV-001_1.wav,मंत्रियों,20.07,20.88,s,7.9016745801180015,1.4407251910597552e-05,0.902014,1,S
/home/daplab/30006664/kv_allindia_dec2023/audios/ah_3-b-2_kv_kv-afs-begumpet_04122023-000000-1_HI-KV-001_1.wav,से,21.12,21.81,c,0.0,0.0017422724049538,0.22537,0,C
/home/daplab/30006664/kv_allindia_dec2023/audios/ah_3-b-2_kv_kv-afs-begumpet_04122023-000000-1_HI-KV-001_1.wav,पैरों,21.84,22.44,c,0.0,0.0001940257352543,0.53479,0,C
/home/daplab/30006664/kv_allindia_dec2023/audios/ah_3-b-2_kv_kv-afs-begumpet_04122023-000000-1_HI-KV-001_1.wav,में,22.44,22.8,c,0.0,0.0024938366841524,0.139969,0,C
/home/daplab/30006664/kv_allindia_dec2023/audios/ah_3-b-2_kv_kv-afs-begumpet_04122023-000000-1_HI-KV-001_1.wav,दर्द,22.8,23.19,c,0.0,0.0006959062302485,0.4705,0,C
/home/daplab/30006664/kv_allindia_dec2023/audios/ah_3-b-2_kv_kv-afs-begumpet_04122023-000000-1_HI-KV-001_1.wav,होने,23.19,23.61,c,0.0,0.0006052047829143,0.4705,0,C
/home/daplab/30006664/kv_allindia_dec2023/audios/ah_3-b-2_kv_kv-afs-begumpet_04122023-000000-1_HI-KV-001_1.wav,की,23.61,23.79,c,0.0,0.0043570902198553,0.078516,0,C
/home/daplab/30006664/kv_allindia_dec2023/audios/ah_3-b-2_kv_kv-afs-begumpet_04122023-000000-1_HI-KV-001_1.wav,शिकायत,23.79,24.45,c,0.0,0.0015443606534972,0.269013,0,C
/home/daplab/30006664/kv_allindia_dec2023/audios/ah_3-b-2_kv_kv-afs-begumpet_04122023-000000-1_HI-KV-001_1.wav,की,24.45,24.63,c,0.0,0.0012564822100102,0.360384,0,C
/home/daplab/30006664/kv_allindia_dec2023/audios/ah_3-b-2_kv_kv-afs-begumpet_04122023-000000-1_HI-KV-001_1.wav,राजा,24.84,25.56,s,0.0,0.0002637266879901,0.53479,0,C
/home/daplab/30006664/kv_allindia_dec2023/audios/ah_3-b-2_kv_kv-afs-begumpet_04122023-000000-1_HI-KV-001_1.wav,का,25.62,26.04,c,0.0,0.0048661674372851,0.063251,0,C
/home/daplab/30006664/kv_allindia_dec2023/audios/ah_3-b-2_kv_kv-afs-begumpet_04122023-000000-1_HI-KV-001_1.wav,कहना,26.25,26.73,c,0.0,0.0053562391549348,0.10346,0,C
/home/daplab/30006664/kv_allindia_dec2023/audios/ah_3-b-2_kv_kv-afs-begumpet_04122023-000000-1_HI-KV-001_1.wav,था,26.73,27.06,c,0.0,0.003939121030271,0.071154,0,C
/home/daplab/30006664/kv_allindia_dec2023/audios/ah_3-b-2_kv_kv-afs-begumpet_04122023-000000-1_HI-KV-001_1.wav,कि,27.06,27.42,c,0.0,0.0020521851256489,0.170091,0,C
/home/daplab/30006664/kv_allindia_dec2023/audios/ah_3-b-2_kv_kv-afs-begumpet_04122023-000000-1_HI-KV-001_1.wav,मार्ग,27.87,28.47,s,4.6453799195002565,0.0005363200325518,0.927947,1,S
/home/daplab/30006664/kv_allindia_dec2023/audios/ah_3-b-2_kv_kv-afs-begumpet_04122023-000000-1_HI-KV-001_1.wav,में,28.77,29.13,c,0.0,0.003460613079369,0.08804,0,C
/home/daplab/30006664/kv_allindia_dec2023/audios/ah_3-b-2_kv_kv-afs-begumpet_04122023-000000-1_HI-KV-001_1.wav,जो,29.13,29.46,c,0.0,0.0025556071195751,0.105903,0,C
/home/daplab/30006664/kv_allindia_dec2023/audios/ah_3-b-2_kv_kv-afs-begumpet_04122023-000000-1_HI-KV-001_1.wav,कंकड,29.46,29.94,c,,3.73118746210821e-05,0.925197,1,S
/home/daplab/30006664/kv_allindia_dec2023/audios/ah_3-b-2_kv_kv-afs-begumpet_04122023-000000-1_HI-KV-001_1.wav,पत्थर,29.94,30.48,c,0.0,0.0013066133251413,0.312544,0,C
/home/daplab/30006664/kv_allindia_dec2023/audios/ah_3-b-2_kv_kv-afs-begumpet_04122023-000000-1_HI-KV-001_1.wav,थे,30.48,30.84,c,0.0,0.0030730583239346,0.093223,0,C
/home/daplab/30006664/kv_allindia_dec2023/audios/ah_3-b-2_kv_kv-afs-begumpet_04122023-000000-1_HI-KV-001_1.wav,वे,30.84,31.14,c,0.0,0.0029872548766434,0.097763,0,C
/home/daplab/30006664/kv_allindia_dec2023/audios/ah_3-b-2_kv_kv-afs-begumpet_04122023-000000-1_HI-KV-001_1.wav,मेरे,31.14,31.5,c,0.0,0.0035013956949114,0.08804,0,C
/home/daplab/30006664/kv_allindia_dec2023/audios/ah_3-b-2_kv_kv-afs-begumpet_04122023-000000-1_HI-KV-001_1.wav,पैरों,31.5,32.1,c,0.0,0.0004389743844512,0.509663,0,C
/home/daplab/30006664/kv_allindia_dec2023/audios/ah_3-b-2_kv_kv-afs-begumpet_04122023-000000-1_HI-KV-001_1.wav,में,32.1,32.34,c,0.0,0.0017563793808221,0.22537,0,C
/home/daplab/30006664/kv_allindia_dec2023/audios/ah_3-b-2_kv_kv-afs-begumpet_04122023-000000-1_HI-KV-001_1.wav,चुभ,32.37,32.67,c,0.0,7.398822344839573e-05,0.541377,0,C
/home/daplab/30006664/kv_allindia_dec2023/audios/ah_3-b-2_kv_kv-afs-begumpet_04122023-000000-1_HI-KV-001_1.wav,गए,32.67,32.94,c,0.0,0.0012920961016789,0.312544,0,C
/home/daplab/30006664/kv_allindia_dec2023/audios/ah_3-b-2_kv_kv-afs-begumpet_04122023-000000-1_HI-KV-001_1.wav,और,33.15,33.48,c,0.0,0.0051769488491117,0.069044,0,C
/home/daplab/30006664/kv_allindia_dec2023/audios/ah_3-b-2_kv_kv-afs-begumpet_04122023-000000-1_HI-KV-001_1.wav,इसके,33.51,33.93,c,0.0,0.0039403289556503,0.071154,0,C
/home/daplab/30006664/kv_allindia_dec2023/audios/ah_3-b-2_kv_kv-afs-begumpet_04122023-000000-1_HI-KV-001_1.wav,लिए,33.93,34.41,c,0.0,0.0018159553874284,0.223529,0,C
/home/daplab/30006664/kv_allindia_dec2023/audios/ah_3-b-2_kv_kv-afs-begumpet_04122023-000000-1_HI-KV-001_1.wav,कुछ,,,d,,,0.906308,1,S
/home/daplab/30006664/kv_allindia_dec2023/audios/ah_3-b-2_kv_kv-afs-begumpet_04122023-000000-1_HI-KV-001_1.wav,इंतजाम,34.47,35.13,c,0.0,0.0037441852036863,0.102427,0,C
/home/daplab/30006664/kv_allindia_dec2023/audios/ah_3-b-2_kv_kv-afs-begumpet_04122023-000000-1_HI-KV-001_1.wav,करना,35.13,35.49,c,0.0,0.0018878761911764,0.206784,0,C
/home/daplab/30006664/kv_allindia_dec2023/audios/ah_3-b-2_kv_kv-afs-begumpet_04122023-000000-1_HI-KV-001_1.wav,चाहिए,35.85,36.33,c,0.0,0.0052718631923198,0.057217,0,C
