WavFileName,grade,canonical_word,decoded_word,label,start_time,end_time,canonical_phone_seq,GT_label,GT_binary,EN_phone_seq_raw,EN_phone_seq_clean,frame_start,frame_end,n_frames,raw_logmax_min,raw_logmax_sum,raw_logmax_mean,temprature_logmax_min,temprature_logmax_sum,temprature_logmax_mean,raw_entropy_min,raw_entropy_sum,raw_entropy_mean,temprature_entropy_min,temprature_entropy_sum,temprature_entropy_mean,normalized_max_prob_min,normalized_max_prob_sum,normalized_max_prob_mean,entropy_gibbs_lin_min,entropy_gibbs_lin_sum,entropy_gibbs_lin_mean,entropy_gibbs_exp_min,entropy_gibbs_exp_sum,entropy_gibbs_exp_mean,entropy_tsallis_lin_min,entropy_tsallis_lin_sum,entropy_tsallis_lin_mean,entropy_tsallis_exp_min,entropy_tsallis_exp_sum,entropy_tsallis_exp_mean,entropy_renyi_lin_min,entropy_renyi_lin_sum,entropy_renyi_lin_mean,entropy_renyi_exp_min,entropy_renyi_exp_sum,entropy_renyi_exp_mean,costed_neglog,lev_dist,n_canon_phones,n_hyp_phones
aa_3-a-1_kv_kv-no1-gorakhpur_06082025-000000-1_EN-OL-RC-235_1,3,long,<eps>,d,,,L AO NG,s,1,,,,,,,,,,,,,,,,,,,,,,,,,,,,,,,,,,,,,,,,,,
aa_3-a-1_kv_kv-no1-gorakhpur_06082025-000000-1_EN-OL-RC-235_1,3,long,long,c,1.14,1.56,L AO NG,c,0,L AO NG *,L AO NG,56,78,22,-0.470361590385437,-1.2324118614196777,-0.05601872131228447,-0.984454870223999,-6.81526517868042,-0.30978477001190186,1.758589678502176e-05,2.1829566955566406,0.09922530502080917,0.5898234844207764,26.499393463134766,1.2045178413391113,0.8199081420898438,21.52311897277832,0.9783235788345337,0.6683343052864075,17.748687744140625,0.8067585229873657,0.003670930163934827,1.4566864967346191,0.06621301919221878,0.8501743078231812,20.67779541015625,0.9398998022079468,0.035837553441524506,7.306251525878906,0.33210232853889465,0.5640639066696167,16.97454833984375,0.7715703845024109,0.17039234936237335,9.482613563537598,0.431027889251709,0.0,0.0,3,3
aa_3-a-1_kv_kv-no1-gorakhpur_06082025-000000-1_EN-OL-RC-235_1,3,ago,ago,c,1.56,2.01,AH G OW,c,0,AH G OW *,AH G OW,78,101,23,-0.12056398391723633,-0.12185043841600418,-0.005297845229506493,-0.6006817817687988,-4.457993030548096,-0.19382578134536743,3.5220469726482406e-05,0.36848461627960205,0.01602107100188732,0.6405845880508423,22.916025161743164,0.9963489174842834,0.9518013596534729,22.95128059387207,0.9978817701339722,0.7040351033210754,19.205320358276367,0.8350139260292053,0.00671286229044199,1.822697639465332,0.07924772053956985,0.9057305455207825,21.977983474731445,0.9555644989013672,0.12313968688249588,9.354138374328613,0.4067016541957855,0.6711704730987549,18.7028865814209,0.813169002532959,0.2680339813232422,11.289358139038086,0.49084165692329407,0.0,0.0,3,3
aa_3-a-1_kv_kv-no1-gorakhpur_06082025-000000-1_EN-OL-RC-235_1,3,the,the,c,2.01,2.28,DH AH,c,0,* DH AH *,DH AH,100,114,14,-0.6171526312828064,-0.9328121542930603,-0.06662943959236145,-1.5178033113479614,-6.838021278381348,-0.48843008279800415,0.00017416683840565383,2.1816065311431885,0.1558290421962738,0.834395170211792,22.520906448364258,1.6086361408233643,0.7679046988487244,13.64181137084961,0.974415123462677,0.4997984766960144,10.399028778076172,0.742787778377533,0.0002124385064234957,0.4680945873260498,0.03343532606959343,0.7174152731895447,12.649295806884766,0.9035211205482483,0.001876514870673418,3.0905134677886963,0.22075095772743225,0.39334410429000854,9.721896171569824,0.6944211721420288,0.07796759158372879,4.647499084472656,0.3319642245769501,0.0,0.0,2,2
aa_3-a-1_kv_kv-no1-gorakhpur_06082025-000000-1_EN-OL-RC-235_1,3,peacock,peacock,c,2.28,2.79,P IY K AA K,c,0,F R IH K AO K *,F R IH K AO K,113,140,27,-0.44379159808158875,-0.5886709094047546,-0.0218026265501976,-0.9403806328773499,-9.478547096252441,-0.3510572910308838,7.729125354671851e-05,1.3227983713150024,0.04899253323674202,0.7353231906890869,38.69130325317383,1.4330111742019653,0.8295268416404724,26.771076202392578,0.9915213584899902,0.5767128467559814,20.94473648071289,0.7757309675216675,0.0007798951119184494,1.005697250366211,0.037248045206069946,0.8139355778694153,25.059709548950195,0.9281373620033264,0.016020366922020912,6.950928211212158,0.25744178891181946,0.50858473777771,19.918216705322266,0.7377117276191711,0.1335323005914688,10.033605575561523,0.3716150224208832,14.537215364168077,4.0,5,6
aa_3-a-1_kv_kv-no1-gorakhpur_06082025-000000-1_EN-OL-RC-235_1,3,had,had,c,2.79,3.09,HH AE D,c,0,* HH AE D *,HH AE D,139,155,16,-0.44379159808158875,-0.7671190500259399,-0.047944940626621246,-0.7512452602386475,-5.244019031524658,-0.32775118947029114,4.785310011357069e-05,1.5697345733642578,0.09810841083526611,0.729038655757904,20.091537475585938,1.255721092224121,0.8295268416404724,15.701115608215332,0.9813197255134583,0.6782640814781189,12.832844734191895,0.8020527958869934,0.004341954831033945,0.8567444086074829,0.05354652553796768,0.8758928775787354,14.997528076171875,0.9373455047607422,0.06345939636230469,4.858517169952393,0.30365732312202454,0.6095982789993286,12.187334060668945,0.7617083787918091,0.2070765644311905,6.545318603515625,0.40908241271972656,0.0,0.0,3,3
aa_3-a-1_kv_kv-no1-gorakhpur_06082025-000000-1_EN-OL-RC-235_1,3,a,a,c,3.09,3.21,AH,c,0,* AH,AH,154,161,7,-0.2285996973514557,-0.41504403948783875,-0.059292007237672806,-0.6737475991249084,-2.1691598892211914,-0.30987998843193054,4.7876510507194325e-05,0.9678197503089905,0.13825996220111847,0.633725643157959,7.833687782287598,1.1190983057022095,0.9098281264305115,6.8358893394470215,0.9765556454658508,0.7505964040756226,5.773038864135742,0.8247198462486267,0.0147496173158288,0.49383482336997986,0.07054783403873444,0.902761697769165,6.60901403427124,0.9441448450088501,0.11527948081493378,2.3912837505340576,0.34161195158958435,0.6645327806472778,5.463891983032227,0.7805560231208801,0.26075050234794617,3.079951763153076,0.43999311327934265,0.0,0.0,1,1
aa_3-a-1_kv_kv-no1-gorakhpur_06082025-000000-1_EN-OL-RC-235_1,3,lovely,lovely,c,3.21,3.69,L AH V L IY,c,0,* L AH V L IY *,L AH V L IY,160,185,25,-0.28335699439048767,-0.6083364486694336,-0.02433345839381218,-1.0572260618209839,-7.184406757354736,-0.2873762845993042,3.448098505032249e-05,1.630974292755127,0.06523897498846054,0.6541485786437988,29.132917404174805,1.1653167009353638,0.8889831900596619,24.759212493896484,0.9903684854507446,0.5736560821533203,20.327728271484375,0.8131091594696045,0.0007406115182675421,1.7715531587600708,0.07086212933063507,0.806800901889801,23.550518035888672,0.9420207142829895,0.0136719373986125,8.686670303344727,0.3474668264389038,0.49863123893737793,19.47036361694336,0.7788145542144775,0.12770842015743256,11.066386222839355,0.44265544414520264,0.0,0.0,5,5
aa_3-a-1_kv_kv-no1-gorakhpur_06082025-000000-1_EN-OL-RC-235_1,3,voice,voice,c,3.69,4.14,V OY S,c,0,* W OY S *,W OY S,184,207,23,-0.017206208780407906,-0.029804544523358345,-0.0012958497973158956,-0.6456342339515686,-4.678901672363281,-0.20343050360679626,3.280754390289076e-05,0.1755797415971756,0.007633901666849852,0.6360100507736206,23.439931869506836,1.0191274881362915,0.9930320978164673,22.987924575805664,0.9994750022888184,0.6488287448883057,19.11257553100586,0.8309815526008606,0.0026397141627967358,1.8404349088668823,0.08001890778541565,0.8708903193473816,21.928325653076172,0.9534054398536682,0.05678403750061989,9.295177459716797,0.40413814783096313,0.6002624034881592,18.609163284301758,0.8090940713882446,0.19902534782886505,11.214920997619629,0.4876052737236023,0.9200152371878334,1.0,3,3
aa_3-a-1_kv_kv-no1-gorakhpur_06082025-000000-1_EN-OL-RC-235_1,3,and,and,c,4.14,4.38,AH N D,c,0,AE N D *,AE N D,206,219,13,-0.6632014513015747,-0.6823055148124695,-0.052485041320323944,-0.856541097164154,-3.8133294582366943,-0.2933330237865448,2.319958366570063e-05,0.8060817718505859,0.06200629100203514,0.5998092293739319,15.859971046447754,1.219997763633728,0.7519803643226624,12.744236946105957,0.9803259372711182,0.7153101563453674,10.494702339172363,0.8072847723960876,0.0081225810572505,0.7400718927383423,0.0569286085665226,0.8998736143112183,12.250831604003906,0.942371666431427,0.10811479389667511,4.126828670501709,0.31744834780693054,0.658194899559021,10.047516822814941,0.7728859186172485,0.2539665997028351,5.4905219078063965,0.4223478436470032,2.95656721210025,1.0,3,3
aa_3-a-1_kv_kv-no1-gorakhpur_06082025-000000-1_EN-OL-RC-235_1,3,beautiful,beautiful,c,4.38,4.95,B Y UW T AH F AH L,c,0,B Y UW T IH F UH L *,B Y UW T IH F UH L,219,248,29,-0.3679395020008087,-0.46834927797317505,-0.01614997535943985,-0.9388986229896545,-7.746090888977051,-0.2671065926551819,3.4665157727431506e-05,0.9821829199790955,0.03386837616562843,0.6615913510322571,35.2175178527832,1.2143971920013428,0.8573402166366577,28.81705093383789,0.9936913847923279,0.6144267320632935,23.286531448364258,0.802983820438385,0.0014755645534023643,1.71208918094635,0.05903755873441696,0.8406306505203247,27.317901611328125,0.9419966340065002,0.028990253806114197,9.732511520385742,0.33560383319854736,0.548574686050415,22.515033721923828,0.7763804793357849,0.15930186212062836,12.576620101928711,0.433676540851593,7.293274914435145,2.0,8,8
aa_3-a-1_kv_kv-no1-gorakhpur_06082025-000000-1_EN-OL-RC-235_1,3,feathers,feathers,c,4.95,5.58,F EH DH AH R Z,s,1,* F EH DH AH R S * SIL *,F EH DH AH R S,247,279,32,-0.3931815028190613,-0.5485227704048157,-0.01714133657515049,-1.3202714920043945,-9.68648624420166,-0.3027026951313019,6.0304409998934716e-05,1.6623144149780273,0.051947325468063354,0.7596602439880371,40.662139892578125,1.2706918716430664,0.848025918006897,31.785425186157227,0.9932945370674133,0.5499581098556519,25.548276901245117,0.7983836531639099,0.0004961101221852005,1.6403719186782837,0.051261622458696365,0.7581934928894043,29.980632781982422,0.9368947744369507,0.00464321905747056,9.887808799743652,0.30899402499198914,0.4374774098396301,24.434551239013672,0.7635797262191772,0.09641102701425552,13.191291809082031,0.4122278690338135,2.250333956628733,1.0,6,6
aa_3-a-1_kv_kv-no1-gorakhpur_06082025-000000-1_EN-OL-RC-235_1,3,every,every,c,5.94,6.39,EH V AH R IY,c,0,EH V R IY *,EH V R IY,297,320,23,-0.6366543173789978,-0.6467313766479492,-0.028118755668401718,-0.8553960919380188,-5.525101661682129,-0.2402218133211136,2.701596895349212e-05,0.7727801203727722,0.0335991345345974,0.6674405932426453,25.10811996459961,1.0916574001312256,0.7611382007598877,22.757049560546875,0.98943692445755,0.6497589349746704,18.93071174621582,0.8230744004249573,0.0026815554592758417,1.633760929107666,0.07103308290243149,0.8755742907524109,21.83293914794922,0.9492582082748413,0.06301175057888031,8.588186264038086,0.37339940667152405,0.6089960932731628,18.305217742919922,0.7958790063858032,0.2065485417842865,10.671021461486816,0.46395745873451233,3.56735060199773,1.0,5,4
aa_3-a-1_kv_kv-no1-gorakhpur_06082025-000000-1_EN-OL-RC-235_1,3,day,day,c,6.39,6.72,D EY,c,0,* D EY *,D EY,319,336,17,-0.6366543173789978,-0.7054762840270996,-0.04149860516190529,-0.8553960919380188,-4.8032708168029785,-0.2825453281402588,3.656975241028704e-05,1.0100938081741333,0.05941728129982948,0.6880741119384766,19.76233673095703,1.1624903678894043,0.7611382007598877,16.733348846435547,0.9843146204948425,0.6918768882751465,13.889273643493652,0.8170161247253418,0.0054655857384204865,1.064879059791565,0.06263994425535202,0.8979960083961487,16.062374114990234,0.9448455572128296,0.10369739681482315,5.7143330574035645,0.33613723516464233,0.6541353464126587,13.274415969848633,0.7808480262756348,0.24970713257789612,7.416122913360596,0.4362425208091736,0.0,0.0,2,2
aa_3-a-1_kv_kv-no1-gorakhpur_06082025-000000-1_EN-OL-RC-235_1,3,he,he,c,6.72,6.9,HH IY,c,0,HH IY *,HH IY,336,345,9,-0.006124677136540413,-0.018566476181149483,-0.002062941901385784,-0.6165724992752075,-2.897998809814453,-0.3219998776912689,0.00016172166215255857,0.12754066288471222,0.014171184971928596,0.9203596115112305,12.634982109069824,1.4038869142532349,0.997516393661499,8.992469787597656,0.9991633296012878,0.6463623046875,7.0377936363220215,0.7819770574569702,0.0025319037958979607,0.3302167057991028,0.03669074550271034,0.8726103901863098,8.394524574279785,0.9327249526977539,0.058996088802814484,2.346515655517578,0.26072394847869873,0.6034443378448486,6.709846496582031,0.7455384731292725,0.20173713564872742,3.391386032104492,0.3768206834793091,0.0,0.0,2,2
aa_3-a-1_kv_kv-no1-gorakhpur_06082025-000000-1_EN-OL-RC-235_1,3,walked,walked,c,6.9,7.47,W AO K T,c,0,* W AO K D * SIL *,W AO K D,345,374,29,-0.039862968027591705,-0.05138428509235382,-0.0017718719318509102,-0.7785969376564026,-7.032140731811523,-0.2424876093864441,3.415315950405784e-05,0.26241534948349,0.009048805572092533,0.6619843244552612,33.76505661010742,1.1643122434616089,0.9839026927947998,28.979230880737305,0.9992838501930237,0.5816888809204102,23.56743621826172,0.8126702308654785,0.0008483477286063135,1.829603672027588,0.0630897805094719,0.8363078832626343,27.43818473815918,0.9461442828178406,0.02633552998304367,10.153879165649414,0.3501337766647339,0.5417793393135071,22.801673889160156,0.7862645983695984,0.1546401083469391,12.939997673034668,0.44620680809020996,3.8933488049826166,1.0,4,4
aa_3-a-1_kv_kv-no1-gorakhpur_06082025-000000-1_EN-OL-RC-235_1,3,in,in,c,7.71,8.07,IH N,c,0,IH N * SIL *,IH N,385,404,19,-0.3051973283290863,-0.7466372847557068,-0.039296697825193405,-0.8581045866012573,-5.303757667541504,-0.27914515137672424,1.8549511878518388e-05,1.6850523948669434,0.08868696540594101,0.6125818490982056,21.06943130493164,1.108917474746704,0.8807483911514282,18.706605911254883,0.9845582246780396,0.6583369374275208,15.594656944274902,0.8207713961601257,0.0031000636518001556,1.4680218696594238,0.07726430892944336,0.8569409251213074,17.95389747619629,0.9449419975280762,0.041651368141174316,6.943206310272217,0.36543190479278564,0.5754790306091309,14.950382232666016,0.7868621945381165,0.17899709939956665,8.681561470031738,0.45692428946495056,0.0,0.0,2,2
aa_3-a-1_kv_kv-no1-gorakhpur_06082025-000000-1_EN-OL-RC-235_1,3,front,front,c,8.22,8.7,F R AH N T,c,0,F R AH N T *,F R AH N T,411,435,24,-0.5624226331710815,-0.6082512736320496,-0.02534380368888378,-0.819323718547821,-5.319597244262695,-0.2216498851776123,2.150299224012997e-05,0.8946801424026489,0.03727833926677704,0.5819244980812073,24.56514549255371,1.0235477685928345,0.7870710492134094,23.768573760986328,0.9903572201728821,0.6084237098693848,19.929969787597656,0.8304154276847839,0.0013331531081348658,2.031327724456787,0.08463865518569946,0.8391305208206177,22.8504638671875,0.9521026611328125,0.028039949014782906,9.653362274169922,0.4022234380245209,0.5462014079093933,19.356977462768555,0.8065407276153564,0.15765994787216187,11.671783447265625,0.4863243103027344,0.0,0.0,5,5
aa_3-a-1_kv_kv-no1-gorakhpur_06082025-000000-1_EN-OL-RC-235_1,3,of,of,c,8.73,9.06,AH V,c,0,AO F,AO F,436,453,17,-0.00245568435639143,-0.003617494134232402,-0.00021279377688188106,-0.41690707206726074,-2.863868474960327,-0.1684628576040268,2.6100118702743202e-05,0.02920457534492016,0.0017179162241518497,0.6271751523017883,15.594378471374512,0.9173163771629333,0.9990037083625793,16.998533248901367,0.9999136924743652,0.7055954933166504,14.391475677490234,0.8465573787689209,0.006892311852425337,1.623816967010498,0.09551864862442017,0.9087568521499634,16.31911277770996,0.9599478244781494,0.13170389831066132,7.503054618835449,0.4413561522960663,0.6780694723129272,14.065781593322754,0.8273988962173462,0.275802880525589,8.803309440612793,0.5178417563438416,4.411563432609308,2.0,2,2
aa_3-a-1_kv_kv-no1-gorakhpur_06082025-000000-1_EN-OL-RC-235_1,3,all,all,c,9.21,9.57,AO L,c,0,AO L *,AO L,460,479,19,-0.0023580556735396385,-0.0052361697889864445,-0.0002755878958851099,-0.3874019980430603,-3.288522958755493,-0.17308016121387482,4.0269907913170755e-05,0.04114743322134018,0.0021656544413417578,0.6528628468513489,17.85190773010254,0.9395740628242493,0.9990434050559998,18.99787712097168,0.9998882412910461,0.7319852709770203,16.044933319091797,0.844470202922821,0.01076787244528532,1.664137601852417,0.0875861868262291,0.9171984791755676,18.227163314819336,0.9593243598937988,0.15887351334095,8.1116943359375,0.4269312918186188,0.6980689764022827,15.649064064025879,0.823634922504425,0.29951930046081543,9.635659217834473,0.5071399807929993,0.0,0.0,2,2
aa_3-a-1_kv_kv-no1-gorakhpur_06082025-000000-1_EN-OL-RC-235_1,3,the,the,c,9.57,10.02,DH AH,c,0,DH AH *,DH AH,478,501,23,-0.00950867310166359,-0.020513158291578293,-0.0008918764651753008,-0.5170465707778931,-4.37457275390625,-0.19019880890846252,2.348647831240669e-05,0.13433875143527985,0.0058408151380717754,0.5618693232536316,22.434478759765625,0.975412130355835,0.9961457252502441,22.991682052612305,0.9996383786201477,0.695252537727356,19.29444694519043,0.8388890027999878,0.0057865832932293415,2.0776941776275635,0.09033452719449997,0.8962513208389282,21.9980525970459,0.9564370512962341,0.09975465387105942,9.64278793334961,0.4192516505718231,0.6504051685333252,18.790876388549805,0.8169946074485779,0.24585117399692535,11.518013954162598,0.5007832050323486,0.0,0.0,2,2
aa_3-a-1_kv_kv-no1-gorakhpur_06082025-000000-1_EN-OL-RC-235_1,3,other,other,c,10.02,10.47,AH DH AH R,c,0,AH DH AH R *,AH DH AH R,500,524,24,-0.33999812602996826,-0.36371901631355286,-0.015154958702623844,-0.7637158036231995,-4.779786109924316,-0.19915775954723358,2.6361842174082994e-05,0.7337689399719238,0.030573705211281776,0.5208336710929871,22.957237243652344,0.9565515518188477,0.8677193522453308,23.858110427856445,0.9940879344940186,0.7144415378570557,20.195453643798828,0.8414772152900696,0.008004170842468739,2.297301769256592,0.09572090953588486,0.8914272785186768,22.955026626586914,0.9564594626426697,0.08961618691682816,10.198755264282227,0.424948126077652,0.6402946710586548,19.632856369018555,0.8180356621742249,0.2356724590063095,12.126521110534668,0.5052717328071594,0.0,0.0,4,4
aa_3-a-1_kv_kv-no1-gorakhpur_06082025-000000-1_EN-OL-RC-235_1,3,animals,animals,c,10.47,11.28,AE N AH M AH L Z,c,0,* AE N IH M AH L Z * SIL *,AE N IH M AH L Z,523,564,41,-0.18652768433094025,-0.2884165048599243,-0.00703454902395606,-0.6149521470069885,-8.436786651611328,-0.20577529072761536,1.3781322195427492e-05,0.9117845296859741,0.02223864756524563,0.5554646253585815,40.598785400390625,0.9902142882347107,0.9260389804840088,40.884910583496094,0.997192919254303,0.6826526522636414,34.32978057861328,0.8373117446899414,0.0046763611026108265,3.7698588371276855,0.0919477790594101,0.8885992765426636,39.14698028564453,0.9548044204711914,0.08415878564119339,16.940584182739258,0.4131849706172943,0.6345012784004211,33.328094482421875,0.8128803372383118,0.23001514375209808,20.342601776123047,0.49616101384162903,2.8059285653833057,1.0,7,7
aa_3-a-1_kv_kv-no1-gorakhpur_06082025-000000-1_EN-OL-RC-235_1,3,he,he,c,11.58,11.88,HH IY,c,0,HH IY *,HH IY,579,594,15,-0.06825559586286545,-0.08734867721796036,-0.005823245272040367,-0.5290266871452332,-3.777813196182251,-0.25185421109199524,2.4442711946903728e-05,0.36734092235565186,0.024489395320415497,0.6226108074188232,17.16079330444336,1.1440528631210327,0.9725346565246582,14.964792251586914,0.9976528286933899,0.683435320854187,12.256732940673828,0.8171155452728271,0.004738651681691408,1.002302646636963,0.0668201744556427,0.8919367790222168,14.197443008422852,0.9464961886405945,0.09063637256622314,5.27692985534668,0.3517953157424927,0.6413487195968628,11.80158805847168,0.7867725491523743,0.23671536147594452,6.721471309661865,0.4480980932712555,0.0,0.0,2,2
aa_3-a-1_kv_kv-no1-gorakhpur_06082025-000000-1_EN-OL-RC-235_1,3,liked,liked,c,11.88,12.63,L AY K T,s,1,* L AY K D * SIL *,L AY K D,594,632,38,-0.14370609819889069,-0.3295540511608124,-0.008672474883496761,-0.6613199710845947,-8.662184715270996,-0.22795222699642181,2.481922638253309e-05,1.0819202661514282,0.028471585363149643,0.6760419011116028,40.8687744140625,1.0754940509796143,0.9427146911621094,37.86801528930664,0.9965267181396484,0.695949137210846,31.34271240234375,0.8248082399368286,0.005855134688317776,2.7869760990142822,0.0733414739370346,0.8870341181755066,36.11598205566406,0.9504205584526062,0.08128248155117035,14.329710960388184,0.3770976662635803,0.6313357353210449,30.341426849365234,0.7984585762023926,0.22697658836841583,17.773588180541992,0.4677259922027588,3.8933488049826166,1.0,4,4
aa_3-a-1_kv_kv-no1-gorakhpur_06082025-000000-1_EN-OL-RC-235_1,3,to,to,c,12.66,12.93,T UW,c,0,T UW,T UW,633,647,14,-0.0015744437696412206,-0.0025751562789082527,-0.00018393973005004227,-0.38906151056289673,-2.7284796237945557,-0.19489140808582306,4.564800110529177e-05,0.022030385211110115,0.0015735989436507225,0.7369349598884583,14.723179817199707,1.051655650138855,0.9993612766265869,13.998955726623535,0.999925434589386,0.7311043739318848,11.594351768493652,0.8281679749488831,0.010608693584799767,0.9115598201751709,0.06511141359806061,0.9168573617935181,13.361138343811035,0.9543670415878296,0.15767398476600647,5.320553302764893,0.3800395131111145,0.6972381472587585,11.285673141479492,0.8061195015907288,0.2984974980354309,6.598350524902344,0.4713107645511627,0.0,0.0,2,2
aa_3-a-1_kv_kv-no1-gorakhpur_06082025-000000-1_EN-OL-RC-235_1,3,show,show,c,12.93,13.44,SH OW,s,1,* SH OW,SH OW,646,672,26,-0.48334407806396484,-1.1294604539871216,-0.04344078525900841,-1.073533296585083,-7.3302388191223145,-0.2819322645664215,2.905011388065759e-05,1.8551795482635498,0.07135306298732758,0.6422132253646851,31.032991409301758,1.1935765743255615,0.8152316212654114,25.564279556274414,0.9832414984703064,0.5912363529205322,20.99775505065918,0.8076059818267822,0.0009969626553356647,1.4472904205322266,0.055665016174316406,0.8165117502212524,24.50225830078125,0.9423945546150208,0.01696406863629818,8.610701560974121,0.3311808407306671,0.5122498273849487,20.18790626525879,0.7764579057693481,0.13573333621025085,11.20024299621582,0.4307785630226135,0.0,0.0,2,2
aa_3-a-1_kv_kv-no1-gorakhpur_06082025-000000-1_EN-OL-RC-235_1,3,off,off,c,13.5,13.89,AO F,c,0,AO F * SIL *,AO F,675,695,20,-0.43627050518989563,-0.5900582671165466,-0.02950291335582733,-1.0492881536483765,-6.700112819671631,-0.33500564098358154,4.647454261430539e-05,1.258289098739624,0.06291445344686508,0.7544182538986206,26.446958541870117,1.32234787940979,0.8322610259056091,19.770620346069336,0.9885309934616089,0.564286470413208,15.780951499938965,0.7890475988388062,0.0006321069085970521,1.074387788772583,0.05371939018368721,0.7953629493713379,18.63542366027832,0.9317711591720581,0.010603898204863071,6.048442840576172,0.3024221360683441,0.48324501514434814,15.063467025756836,0.7531733512878418,0.1191314086318016,8.092254638671875,0.4046127200126648,0.0,0.0,2,2
aa_3-a-1_kv_kv-no1-gorakhpur_06082025-000000-1_EN-OL-RC-235_1,3,his,his,c,14.19,14.73,HH IH Z,c,0,HH IH Z *,HH IH Z,709,737,28,-0.25439688563346863,-0.4036897122859955,-0.014417489990592003,-0.6798439621925354,-6.425461292266846,-0.22948075830936432,2.1980536985211074e-05,1.120058298110962,0.04000208154320717,0.5977048873901367,29.37312126159668,1.0490400791168213,0.8999720811843872,27.839799880981445,0.9942785501480103,0.6754618883132935,23.19318199157715,0.8283279538154602,0.004141048062592745,2.1639766693115234,0.07728487998247147,0.8747498989105225,26.6245174407959,0.9508756399154663,0.06186817213892937,10.840975761413574,0.3871777057647705,0.6074430346488953,22.43673324584961,0.8013119101524353,0.20519226789474487,13.29248046875,0.4747314453125,0.0,0.0,3,3
aa_3-a-1_kv_kv-no1-gorakhpur_06082025-000000-1_EN-OL-RC-235_1,3,beautiful,beautiful,c,14.73,15.39,B Y UW T AH F AH L,c,0,B Y UW T IH F UH L *,B Y UW T IH F UH L,736,770,34,-0.08063460886478424,-0.1040472686290741,-0.0030602137558162212,-0.7384511232376099,-8.338238716125488,-0.24524231255054474,3.420625580474734e-05,0.4337652921676636,0.01275780238211155,0.6606060266494751,40.19976043701172,1.1823458671569824,0.9676035642623901,33.9581184387207,0.9987682104110718,0.624091386795044,27.498014450073242,0.8087651133537292,0.0017374869203194976,2.0813732147216797,0.06121686100959778,0.852370023727417,32.14466094970703,0.9454312324523926,0.03762916475534439,11.658639907836914,0.34290117025375366,0.5677270889282227,26.6331844329834,0.7833289504051208,0.17311285436153412,15.002148628234863,0.4412396550178528,7.293274914435145,2.0,8,8
aa_3-a-1_kv_kv-no1-gorakhpur_06082025-000000-1_EN-OL-RC-235_1,3,feathers,feathers,c,15.39,16.02,F EH DH AH R Z,c,0,F EH AH R S * SIL,F EH AH R S,769,801,32,-0.058599669486284256,-0.09754576534032822,-0.0030483051668852568,-0.8230974674224854,-8.047730445861816,-0.25149157643318176,6.002771624480374e-05,0.5177053809165955,0.016178293153643608,0.6008274555206299,37.06547546386719,1.1582961082458496,0.9763917922973633,31.960601806640625,0.9987688064575195,0.6388334035873413,26.090206146240234,0.8153189420700073,0.002229286590591073,2.1547963619232178,0.06733738631010056,0.8461399078369141,30.26226234436035,0.945695698261261,0.03276501223444939,11.241006851196289,0.35128146409988403,0.5574318170547485,25.139188766479492,0.7855996489524841,0.16556307673454285,14.304047584533691,0.44700148701667786,7.543764285102983,2.0,6,5
aa_3-a-1_kv_kv-no1-gorakhpur_06082025-000000-1_EN-OL-RC-235_1,3,the,the,c,16.26,16.89,DH AH,c,0,DH AH * SIL *,DH AH,813,845,32,-0.13639631867408752,-0.2638177275657654,-0.008244303986430168,-0.7836717367172241,-6.747714996337891,-0.21086609363555908,2.1097510398249142e-05,0.8885971903800964,0.027768662199378014,0.5474463701248169,31.898784637451172,0.9968370199203491,0.9455790519714355,31.894275665283203,0.9966961145401001,0.6470872163772583,26.66967010498047,0.8334271907806396,0.002563124056905508,2.9334800243377686,0.09167125076055527,0.8585493564605713,30.496192932128906,0.9530060291290283,0.043166689574718475,13.346366882324219,0.41707396507263184,0.5782482624053955,25.946136474609375,0.810816764831543,0.1811418980360031,15.912694931030273,0.49727171659469604,0.0,0.0,2,2
aa_3-a-1_kv_kv-no1-gorakhpur_06082025-000000-1_EN-OL-RC-235_1,3,animals,animals,c,16.89,17.49,AE N AH M AH L Z,c,0,AE N IH M AH L Z *,AE N IH M AH L Z,844,875,31,-0.022664345800876617,-0.042275913059711456,-0.0013637391384691,-0.45879191160202026,-6.779479026794434,-0.2186928689479828,3.103160997852683e-05,0.23903487622737885,0.007710802368819714,0.6083677411079407,33.76918029785156,1.089328408241272,0.9908282160758972,30.982877731323242,0.9994476437568665,0.710377037525177,25.54943084716797,0.8241751790046692,0.007472620811313391,2.1624655723571777,0.06975695490837097,0.9057044386863708,29.48613739013672,0.9511657357215881,0.12306833267211914,11.503204345703125,0.37107110023498535,0.6711116433143616,24.757814407348633,0.798639178276062,0.2679685652256012,14.381379127502441,0.46391546726226807,2.8059285653833057,1.0,7,7
aa_3-a-1_kv_kv-no1-gorakhpur_06082025-000000-1_EN-OL-RC-235_1,3,always,always,c,17.49,17.97,AO L W EY Z,c,0,* AO L W EY Z,AO L W EY Z,874,899,25,-0.4802335798740387,-0.5147939324378967,-0.02059175819158554,-1.1275875568389893,-6.12526273727417,-0.24501051008701324,2.7751502784667537e-05,0.89128178358078,0.03565127030014992,0.6690006256103516,27.560283660888672,1.1024113893508911,0.8163506388664246,24.802352905273438,0.992094099521637,0.584818959236145,20.47596549987793,0.8190386295318604,0.0008944525034166873,1.8678350448608398,0.07471340149641037,0.8087740540504456,23.676481246948242,0.9470592737197876,0.014284633100032806,9.429311752319336,0.37717247009277344,0.5013556480407715,19.834449768066406,0.7933779954910278,0.12928050756454468,11.639093399047852,0.46556374430656433,0.0,0.0,5,5
aa_3-a-1_kv_kv-no1-gorakhpur_06082025-000000-1_EN-OL-RC-235_1,3,smiled,smiled,c,18.0,18.57,S M AY L D,c,0,* S M AY L D *,S M AY L D,900,929,29,-0.13065488636493683,-0.1683768779039383,-0.005806099157780409,-0.6055557131767273,-6.365494251251221,-0.21949979662895203,2.4105373086058535e-05,0.5836547613143921,0.02012602612376213,0.5782315731048584,30.72324562072754,1.059422254562378,0.9478326439857483,28.932552337646484,0.9976742267608643,0.7152401208877563,23.98661231994629,0.8271245360374451,0.008112969808280468,2.2329213619232178,0.0769972875714302,0.8991389274597168,27.596240997314453,0.9515945315361023,0.10636432468891144,11.160713195800781,0.38485217094421387,0.6566007137298584,23.2562255859375,0.8019388318061829,0.25228607654571533,13.7470121383667,0.4740349054336548,0.0,0.0,5,5
aa_3-a-1_kv_kv-no1-gorakhpur_06082025-000000-1_EN-OL-RC-235_1,3,at,at,c,18.57,18.93,AE T,c,0,* AE T *,AE T,928,947,19,-0.3122883141040802,-0.5761264562606812,-0.030322445556521416,-0.7051681876182556,-4.531915187835693,-0.23852185904979706,1.6844043784658425e-05,1.2860194444656372,0.06768523156642914,0.5286126136779785,19.302560806274414,1.0159242153167725,0.8780843615531921,18.773488998413086,0.9880783557891846,0.6926233768463135,15.872034072875977,0.8353702425956726,0.005535004194825888,1.5572526454925537,0.08196066319942474,0.8912115693092346,18.09056282043457,0.952134907245636,0.08918769657611847,7.425477504730225,0.3908146023750305,0.6398493051528931,15.277036666870117,0.8040545582771301,0.2352330982685089,9.091296195983887,0.4784892797470093,0.0,0.0,2,2
aa_3-a-1_kv_kv-no1-gorakhpur_06082025-000000-1_EN-OL-RC-235_1,3,him,him,c,18.93,19.35,HH IH M,c,0,* HH IH M *,HH IH M,946,968,22,-0.03122333064675331,-0.03968408703804016,-0.0018038221169263124,-0.453205406665802,-4.3930888175964355,-0.19968585669994354,2.8476992156356573e-05,0.20201800763607025,0.009182636626064777,0.6505684852600098,22.13901710510254,1.0063189268112183,0.9873780012130737,21.983945846557617,0.9992702603340149,0.709980845451355,18.392040252685547,0.8360018134117126,0.007422738708555698,1.8068113327026367,0.08212778717279434,0.9075736999511719,21.014406204223633,0.9552002549171448,0.1282869577407837,8.845654487609863,0.4020752012729645,0.6753560304641724,17.855649948120117,0.8116204738616943,0.2727227509021759,10.731122970581055,0.48777830600738525,0.0,0.0,3,3
aa_3-a-1_kv_kv-no1-gorakhpur_06082025-000000-1_EN-OL-RC-235_1,3,but,but,c,19.35,19.74,B AH T,c,0,B AH T * SIL,B AH T,967,987,20,-0.05142287537455559,-0.055877041071653366,-0.0027938520070165396,-0.6742590665817261,-3.887423038482666,-0.19437114894390106,2.0917217625537887e-05,0.23668703436851501,0.011834351345896721,0.5627880692481995,19.53342628479004,0.9766713380813599,0.9792644381523132,19.977458953857422,0.9988729357719421,0.6629123687744141,16.770727157592773,0.8385363817214966,0.003349389648064971,1.8711597919464111,0.09355799108743668,0.8723169565200806,19.116235733032227,0.9558117985725403,0.05861268565058708,8.430343627929688,0.42151719331741333,0.6028993725776672,16.328365325927734,0.8164182901382446,0.20127037167549133,10.042379379272461,0.5021189451217651,0.0,0.0,3,3
aa_3-a-1_kv_kv-no1-gorakhpur_06082025-000000-1_EN-OL-RC-235_1,3,one,one,c,20.04,20.46,W AH N,c,0,W AH N *,W AH N,1001,1023,22,-0.10008417814970016,-0.14816318452358246,-0.00673469016328454,-0.5205426812171936,-4.079129695892334,-0.18541498482227325,2.0964918803656474e-05,0.513308048248291,0.023332184180617332,0.5903306603431702,20.30225372314453,0.9228296875953674,0.9598866701126099,21.940486907958984,0.9972948431968689,0.7298353910446167,18.649961471557617,0.847725510597229,0.01038351934403181,2.0763533115386963,0.09437969326972961,0.9194426536560059,21.09676742553711,0.9589439630508423,0.16699574887752533,9.485143661499023,0.4311428964138031,0.7035847902297974,18.120357513427734,0.8236526250839233,0.30638617277145386,11.229098320007324,0.5104135870933533,0.0,0.0,3,3
aa_3-a-1_kv_kv-no1-gorakhpur_06082025-000000-1_EN-OL-RC-235_1,3,day,day,c,20.46,20.85,D EY,c,0,D EY * SIL,D EY,1023,1043,20,-0.03716748580336571,-0.05267437547445297,-0.0026337187737226486,-0.522462010383606,-4.081313133239746,-0.20406565070152283,2.889778625103645e-05,0.24916046857833862,0.012458023615181446,0.6552309989929199,20.364553451538086,1.0182276964187622,0.9849860668182373,19.97870445251465,0.9989352226257324,0.7253223061561584,16.648279190063477,0.8324139714241028,0.009620722383260727,1.6386058330535889,0.08193029463291168,0.9101752638816833,19.078828811645508,0.9539414644241333,0.13592052459716797,8.034337997436523,0.4017168879508972,0.6813507080078125,16.18497085571289,0.8092485666275024,0.27957049012184143,9.739790916442871,0.4869895577430725,0.0,0.0,2,2
aa_3-a-1_kv_kv-no1-gorakhpur_06082025-000000-1_EN-OL-RC-235_1,3,the,the,c,21.6,22.14,DH AH,c,0,DH AH *,DH AH,1080,1107,27,-0.18139174580574036,-0.20983418822288513,-0.007771636825054884,-0.6097334623336792,-4.9144744873046875,-0.18201757967472076,1.6279327610391192e-05,0.6055378317832947,0.022427327930927277,0.554623007774353,24.36604118347168,0.9024459719657898,0.9280296564102173,26.916507720947266,0.9969077110290527,0.713866114616394,22.937406539916992,0.8495335578918457,0.007926680147647858,2.7475693225860596,0.1017618253827095,0.8974711894989014,25.902835845947266,0.9593642950057983,0.10249534249305725,12.013294219970703,0.4449368119239807,0.6530091166496277,22.327716827392578,0.8269524574279785,0.24853715300559998,14.056483268737793,0.520610511302948,0.0,0.0,2,2
aa_3-a-1_kv_kv-no1-gorakhpur_06082025-000000-1_EN-OL-RC-235_1,3,animals,animals,c,22.14,22.83,AE N AH M AH L Z,c,0,AE N IH M AH L Z * SIL *,AE N IH M AH L Z,1107,1142,35,-0.18998782336711884,-0.2173961102962494,-0.0062113176099956036,-0.7417649030685425,-7.803306579589844,-0.22295162081718445,1.7589796698302962e-05,0.6452996134757996,0.018437132239341736,0.5800170302391052,37.40875244140625,1.0688215494155884,0.9246992468833923,34.9135856628418,0.997530996799469,0.6883430480957031,28.911405563354492,0.8260401487350464,0.005148608237504959,2.796802043914795,0.07990863174200058,0.8784797787666321,33.28238296508789,0.9509252309799194,0.06721349060535431,13.473316192626953,0.3849518895149231,0.6145259141921997,28.0286865234375,0.8008196353912354,0.21144358813762665,16.58731460571289,0.4739232659339905,2.8059285653833057,1.0,7,7
aa_3-a-1_kv_kv-no1-gorakhpur_06082025-000000-1_EN-OL-RC-235_1,3,were,were,c,23.1,23.4,W AH R,c,0,W AH R *,W AH R,1155,1170,15,-0.015934506431221962,-0.031625326722860336,-0.002108355052769184,-0.5506839752197266,-3.120609760284424,-0.20804065465927124,2.3001808585831895e-05,0.18390510976314545,0.012260341085493565,0.5253097414970398,14.953231811523438,0.9968821406364441,0.993546187877655,14.987184524536133,0.9991456270217896,0.6967313289642334,12.56175422668457,0.8374502658843994,0.005933081731200218,1.439747929573059,0.09598319232463837,0.8919744491577148,14.31568717956543,0.954379141330719,0.0907122790813446,6.199202537536621,0.4132801592350006,0.6414268016815186,12.182082176208496,0.8121387958526611,0.23679277300834656,7.445980072021484,0.4963986575603485,0.0,0.0,3,3
aa_3-a-1_kv_kv-no1-gorakhpur_06082025-000000-1_EN-OL-RC-235_1,3,angry,angry,c,23.4,24.06,AE NG G R IY,c,0,* AE NG R IY *,AE NG R IY,1170,1203,33,-0.6498141288757324,-1.408407211303711,-0.04267900809645653,-1.119783878326416,-8.78521728515625,-0.2662186920642853,1.5502148016821593e-05,2.122558116912842,0.06431994587182999,0.5665102601051331,36.26565933227539,1.0989593267440796,0.7565909624099731,32.46202850341797,0.9836978316307068,0.5984435677528381,27.01287269592285,0.818571925163269,0.0011261574691161513,2.614562511444092,0.07922916859388351,0.8199981451034546,31.188854217529297,0.9451168179512024,0.018330303952097893,12.591028213500977,0.3815463185310364,0.5172719955444336,26.10289764404297,0.7909969091415405,0.13879990577697754,15.426192283630371,0.46746036410331726,3.5357451304938885,1.0,5,4
aa_3-a-1_kv_kv-no1-gorakhpur_06082025-000000-1_EN-OL-RC-235_1,3,with,with,c,24.06,24.57,W IH DH,c,0,* W IH DH *,W IH DH,1203,1229,26,-0.6312105059623718,-0.769425094127655,-0.029593272134661674,-0.8154150247573853,-6.37839412689209,-0.24532285332679749,1.7014363038470037e-05,1.181261658668518,0.04543314129114151,0.5940091013908386,28.419906616210938,1.0930733680725098,0.7630237936973572,25.707555770874023,0.9887521266937256,0.6855302453041077,21.37843894958496,0.8222476243972778,0.0049094948917627335,1.9194767475128174,0.07382602989673615,0.8799291849136353,24.670305252075195,0.9488579034805298,0.0694132074713707,9.642690658569336,0.37087270617485046,0.6173176169395447,20.658283233642578,0.7945493459701538,0.21395456790924072,12.030908584594727,0.46272724866867065,0.0,0.0,3,3
aa_3-a-1_kv_kv-no1-gorakhpur_06082025-000000-1_EN-OL-RC-235_1,3,him,him,c,24.57,25.05,HH IH M,c,0,HH IH M * SIL *,HH IH M,1228,1253,25,-0.5498831272125244,-0.5969998240470886,-0.023879993706941605,-0.8079873323440552,-6.01844596862793,-0.24073784053325653,3.5465622204355896e-05,0.9323931336402893,0.03729572519659996,0.7217799425125122,27.48077392578125,1.0992310047149658,0.7914994359016418,24.772432327270508,0.9908972978591919,0.7090814113616943,20.563650131225586,0.8225460052490234,0.007310719229280949,1.6726958751678467,0.0669078379869461,0.9015909433364868,23.73517608642578,0.9494070410728455,0.11231949925422668,9.075786590576172,0.3630314767360687,0.661949634552002,19.850494384765625,0.7940197587013245,0.25796565413475037,11.431177139282227,0.4572470784187317,0.0,0.0,3,3
aa_3-a-1_kv_kv-no1-gorakhpur_06082025-000000-1_EN-OL-RC-235_1,3,because,because,c,25.23,25.89,B IH K AO Z,c,0,B IH K AO Z *,B IH K AO Z,1261,1295,34,-0.04689507186412811,-0.061644066125154495,-0.0018130607204511762,-0.5148376822471619,-6.787065505981445,-0.1996195763349533,2.5634586563683115e-05,0.28611886501312256,0.00841526035219431,0.6053597927093506,34.482200622558594,1.0141823291778564,0.981079638004303,33.975101470947266,0.9992676973342896,0.6724023818969727,28.333566665649414,0.8333401679992676,0.003932295832782984,2.793203830718994,0.08215305209159851,0.8920513391494751,32.452789306640625,0.9544938206672668,0.09086737036705017,13.732662200927734,0.4039018154144287,0.641586184501648,27.565311431884766,0.8107444643974304,0.23695087432861328,16.611698150634766,0.4885793626308441,0.0,0.0,5,5
aa_3-a-1_kv_kv-no1-gorakhpur_06082025-000000-1_EN-OL-RC-235_1,3,he,he,c,25.89,26.25,HH IY,c,0,HH IY *,HH IY,1294,1313,19,-0.060183241963386536,-0.10979559272527695,-0.00577871548011899,-0.6049805283546448,-4.141583442687988,-0.2179780751466751,2.5634586563683115e-05,0.4654170274734497,0.02449563331902027,0.649628221988678,19.5805606842041,1.0305558443069458,0.9757585525512695,18.9556827545166,0.9976674914360046,0.6882772445678711,15.792350769042969,0.8311763405799866,0.005142878741025925,1.4978183507919312,0.07883254438638687,0.8850928544998169,18.095979690551758,0.9524199962615967,0.07785128057003021,7.473809242248535,0.39335837960243225,0.6274492740631104,15.29712200164795,0.8051117062568665,0.2232959121465683,9.121404647827148,0.4800739288330078,0.0,0.0,2,2
aa_3-a-1_kv_kv-no1-gorakhpur_06082025-000000-1_EN-OL-RC-235_1,3,was,was,c,26.25,26.76,W AA Z,c,0,* W AO Z * SIL *,W AO Z,1312,1338,26,-0.6190505623817444,-1.2527321577072144,-0.04818200692534447,-0.9054336547851562,-6.629510402679443,-0.2549811601638794,1.9614981283666566e-05,1.6727498769760132,0.06433653086423874,0.5755162239074707,27.70226287841797,1.0654716491699219,0.7672447562217712,25.525714874267578,0.9817582368850708,0.6869465112686157,21.490570068359375,0.826560378074646,0.005028464365750551,2.197328567504883,0.0845126360654831,0.8796119689941406,24.677043914794922,0.9491170644760132,0.06892573088407516,9.987469673156738,0.3841334581375122,0.6167047619819641,20.73223114013672,0.7973935008049011,0.21340100467205048,12.293588638305664,0.47283032536506653,0.406100786224316,1.0,3,3
aa_3-a-1_kv_kv-no1-gorakhpur_06082025-000000-1_EN-OL-RC-235_1,3,proud,proud,c,26.94,27.42,P R AW D,c,0,P R AW D *,P R AW D,1347,1371,24,-0.0027013516519218683,-0.006872813683003187,-0.00028636722709052265,-0.5880643129348755,-4.814289093017578,-0.20059537887573242,1.954823892447166e-05,0.05445077270269394,0.0022687821183353662,0.6597135663032532,25.441123962402344,1.0600467920303345,0.9989041090011597,23.99721336364746,0.9998838901519775,0.6395981311798096,19.774856567382812,0.8239523768424988,0.002258294727653265,1.7170528173446655,0.0715438649058342,0.875227689743042,22.864383697509766,0.9526826739311218,0.06252842396497726,9.281429290771484,0.3867262303829193,0.6083423495292664,19.305456161499023,0.804394006729126,0.20597663521766663,11.410971641540527,0.47545716166496277,0.0,0.0,4,4
aa_3-a-1_kv_kv-no1-gorakhpur_06082025-000000-1_EN-OL-RC-235_1,3,and,and,c,27.42,27.81,AH N D,c,0,AE N D *,AE N D,1371,1391,20,-0.48607009649276733,-0.5273440480232239,-0.026367202401161194,-0.762962818145752,-4.576104640960693,-0.22880522906780243,1.80131355591584e-05,0.8785505890846252,0.04392752796411514,0.5610988736152649,20.428897857666016,1.0214449167251587,0.8142514824867249,19.79754638671875,0.9898773431777954,0.7062705755233765,16.655088424682617,0.8327544331550598,0.0069714258424937725,1.7403045892715454,0.08701522648334503,0.8983099460601807,19.044864654541016,0.9522432088851929,0.1044231578707695,7.987541675567627,0.39937707781791687,0.6548107266426086,16.115856170654297,0.8057928085327148,0.2504112422466278,9.698456764221191,0.4849228262901306,2.95656721210025,1.0,3,3
aa_3-a-1_kv_kv-no1-gorakhpur_06082025-000000-1_EN-OL-RC-235_1,3,they,they,c,27.81,28.05,DH EY,c,0,DH EY *,DH EY,1390,1403,13,-0.010099396109580994,-0.017605558037757874,-0.0013542736414819956,-0.3796130418777466,-2.89180850982666,-0.22244681417942047,3.6877878301311284e-05,0.10710194706916809,0.008238611742854118,0.6320828795433044,14.411218643188477,1.1085553169250488,0.9959065914154053,12.992862701416016,0.9994509816169739,0.7298998832702637,10.672224998474121,0.820940375328064,0.010394844226539135,0.8782468438148499,0.0675574466586113,0.9196584224700928,12.354438781738281,0.9503414630889893,0.16779831051826477,4.717093467712402,0.36285334825515747,0.704119861125946,10.342206001281738,0.7955542802810669,0.30706000328063965,5.9562201499938965,0.4581707715988159,0.0,0.0,2,2
aa_3-a-1_kv_kv-no1-gorakhpur_06082025-000000-1_EN-OL-RC-235_1,3,ran,ran,c,28.05,28.59,R AE N,s,1,* R AE N * SIL *,R AE N,1402,1430,28,-0.1418844759464264,-0.20765501260757446,-0.00741625064983964,-0.6009541749954224,-5.869935989379883,-0.20964057743549347,2.4758974177530035e-05,0.7190632224082947,0.02568082883954048,0.6176657676696777,27.953350067138672,0.9983339309692383,0.9434279203414917,27.916828155517578,0.9970296025276184,0.7086812257766724,23.422012329101562,0.8365004658699036,0.00726141594350338,2.438898801803589,0.08710353076457977,0.9038381576538086,26.722105026245117,0.9543609023094177,0.11806970834732056,11.37314224243164,0.406183660030365,0.6669249534606934,22.70221519470215,0.810793399810791,0.2633540630340576,13.741663932800293,0.4907737076282501,0.0,0.0,3,3
aa_3-a-1_kv_kv-no1-gorakhpur_06082025-000000-1_EN-OL-RC-235_1,3,away,away,c,28.77,29.34,AH W EY,c,0,AH W EY * SIL *,AH W EY,1438,1467,29,-0.025037039071321487,-0.02892971783876419,-0.0009975765133276582,-0.5234894752502441,-4.913990020751953,-0.16944792866706848,1.6136000340338796e-05,0.15987896919250488,0.005513067822903395,0.5821151733398438,26.022165298461914,0.897316038608551,0.9898708462715149,28.988292694091797,0.9995962977409363,0.7150454521179199,24.617149353027344,0.8488672375679016,0.008086316287517548,3.075131416320801,0.10603901743888855,0.908502459526062,27.84418487548828,0.9601442813873291,0.13096174597740173,13.157309532165527,0.45370033383369446,0.677484393119812,24.067420959472656,0.8299110531806946,0.27513599395751953,15.300127029418945,0.5275905728340149,0.0,0.0,3,3
aa_3-a-1_kv_kv-no1-gorakhpur_06082025-000000-1_EN-OL-RC-235_1,3,the,the,c,29.52,29.79,DH AH,c,0,DH AH *,DH AH,1476,1490,14,-0.18206748366355896,-0.20076265931129456,-0.014340190216898918,-0.6195970177650452,-3.0290560722351074,-0.2163611501455307,2.2845757484901696e-05,0.5507450103759766,0.03933892771601677,0.607326865196228,13.971551895141602,0.9979680180549622,0.9277675151824951,13.920195579528809,0.9942997097969055,0.7242529392242432,11.714712142944336,0.8367651700973511,0.009448344819247723,1.2193094491958618,0.0870935320854187,0.9030751585960388,13.355170249938965,0.953940749168396,0.11608505249023438,5.669075012207031,0.4049339294433594,0.6652276515960693,11.337605476379395,0.8098289370536804,0.26150432229042053,6.854366779327393,0.4895976185798645,0.0,0.0,2,2
aa_3-a-1_kv_kv-no1-gorakhpur_06082025-000000-1_EN-OL-RC-235_1,3,peacock,peacock,c,29.79,30.33,P IY K AA K,c,0,* P IH K AO K *,P IH K AO K,1489,1517,28,-0.3121710419654846,-0.4844045639038086,-0.017300162464380264,-0.8493556976318359,-6.953603744506836,-0.24834299087524414,3.633794403867796e-05,1.1150447130203247,0.0398230254650116,0.6234647035598755,31.42070770263672,1.1221681833267212,0.8781285285949707,27.80953025817871,0.993197500705719,0.6470975875854492,22.914344787597656,0.818369448184967,0.0025635738857090473,1.8986355066299438,0.06780841201543808,0.849920392036438,26.513355255126953,0.9469055533409119,0.03563592955470085,10.153644561767578,0.362630158662796,0.563642680644989,22.119760513305664,0.7899914383888245,0.1700819879770279,12.743577003479004,0.4551277458667755,3.650352984817883,2.0,5,5
aa_3-a-1_kv_kv-no1-gorakhpur_06082025-000000-1_EN-OL-RC-235_1,3,shouted,shouted,c,30.33,30.93,SH AW T AH D,s,1,* SH AW T EH D *,SH AW T EH D,1516,1547,31,-0.3121710419654846,-0.44810545444488525,-0.01445501483976841,-0.9343728423118591,-8.975290298461914,-0.28952547907829285,2.1898684281040914e-05,1.1747944355010986,0.037896595895290375,0.6019936203956604,38.95414352416992,1.2565852403640747,0.8781285285949707,30.823463439941406,0.9943052530288696,0.5767937898635864,24.75261116027832,0.7984713315963745,0.0007809624657966197,1.7307214736938477,0.0558297261595726,0.8122138977050781,29.09041404724121,0.9384004473686218,0.01541913766413927,9.948211669921875,0.3209100663661957,0.5061566829681396,23.797164916992188,0.7676504850387573,0.13209110498428345,13.061381340026855,0.4213348925113678,3.069714006777209,1.0,5,5
aa_3-a-1_kv_kv-no1-gorakhpur_06082025-000000-1_EN-OL-RC-235_1,3,and,and,c,30.93,31.17,AH N D,c,0,AE N D *,AE N D,1546,1559,13,-0.21303275227546692,-0.29241302609443665,-0.022493310272693634,-0.6316307783126831,-3.449274778366089,-0.2653288245201111,4.4131051254225895e-05,0.7805185914039612,0.06003989279270172,0.6765750050544739,14.844865798950195,1.1419126987457275,0.9158063530921936,12.883879661560059,0.99106764793396,0.7120527029037476,10.64323902130127,0.8187106847763062,0.00768734747543931,0.8178665637969971,0.06291281431913376,0.9040862321853638,12.30345630645752,0.9464197158813477,0.11872221529483795,4.432200908660889,0.340938538312912,0.6674785614013672,10.198789596557617,0.784522294998169,0.26395997405052185,5.726789951324463,0.44052231311798096,2.95656721210025,1.0,3,3
aa_3-a-1_kv_kv-no1-gorakhpur_06082025-000000-1_EN-OL-RC-235_1,3,shouted,shouted,c,31.17,31.68,SH AW T AH D,s,1,SH AW T EH D *,SH AW T EH D,1558,1584,26,-0.693504273891449,-0.9480516314506531,-0.036463525146245956,-1.1604242324829102,-8.897846221923828,-0.3422248661518097,4.275786704965867e-05,1.4741846323013306,0.05669941008090973,0.6760533452033997,36.43907928466797,1.401503086090088,0.7416008114814758,25.64059829711914,0.9861768484115601,0.5848263502120972,20.222122192382812,0.777773916721344,0.0008945637964643538,1.0614241361618042,0.040824003517627716,0.8204813003540039,24.173309326171875,0.929742693901062,0.018528131768107414,7.032926559448242,0.2704971730709076,0.517973780632019,19.322914123535156,0.7431889772415161,0.13923311233520508,9.92202091217041,0.38161617517471313,3.069714006777209,1.0,5,5
aa_3-a-1_kv_kv-no1-gorakhpur_06082025-000000-1_EN-OL-RC-235_1,3,all,all,c,32.79,33.12,AO L,c,0,AO L *,AO L,1639,1656,17,-0.35379230976104736,-0.4877708852291107,-0.02869240567088127,-0.8829346895217896,-5.550446510314941,-0.32649683952331543,7.996180647751316e-05,1.1087902784347534,0.06522295624017715,0.8909605741500854,22.73293113708496,1.3372312784194946,0.862586259841919,16.808847427368164,0.9887557029724121,0.6254950761795044,13.461464881896973,0.7918508648872375,0.0017792147118598223,0.6619899868965149,0.038940586149692535,0.8368583917617798,15.890402793884277,0.9347295761108398,0.026659589260816574,4.669336318969727,0.27466684579849243,0.5426373481750488,12.786027908325195,0.7521193027496338,0.15522202849388123,6.584244728088379,0.3873085081577301,0.0,0.0,2,2
aa_3-a-1_kv_kv-no1-gorakhpur_06082025-000000-1_EN-OL-RC-235_1,3,day,day,c,33.12,33.54,D EY,c,0,* D EY * SIL *,D EY,1655,1677,22,-0.35379230976104736,-0.3953735828399658,-0.017971526831388474,-0.723872721195221,-4.830731391906738,-0.21957869827747345,2.5576351617928594e-05,0.820044755935669,0.037274762988090515,0.6126713156700134,22.23670196533203,1.0107592344284058,0.862586259841919,21.84577751159668,0.9929898977279663,0.7288044691085815,18.365137100219727,0.8347789645195007,0.010204103775322437,1.8692162036895752,0.08496437221765518,0.9047436118125916,20.973234176635742,0.9533288478851318,0.12046902626752853,8.830168724060059,0.4013713002204895,0.6689499616622925,17.777563095092773,0.8080710768699646,0.26557672023773193,10.706974029541016,0.48668062686920166,0.0,0.0,2,2
aa_3-a-1_kv_kv-no1-gorakhpur_06082025-000000-1_EN-OL-RC-235_1,3,long,long,c,33.87,34.32,L AO NG,c,0,L AO NG *,L AO NG,1693,1716,23,-0.27444618940353394,-0.4512852132320404,-0.019621096551418304,-1.0815904140472412,-7.22261905670166,-0.31402692198753357,4.497315239859745e-05,1.2421611547470093,0.05400700494647026,0.7341008186340332,30.083049774169922,1.307958722114563,0.8923559784889221,22.82127571105957,0.9922294020652771,0.5778012275695801,18.20781898498535,0.791644275188446,0.0007943789823912084,1.1374313831329346,0.04945353791117668,0.8024120330810547,21.497966766357422,0.934694230556488,0.012401736341416836,6.9124226570129395,0.30054011940956116,0.49264681339263916,17.423580169677734,0.7575469613075256,0.12431224435567856,9.316995620727539,0.4050867557525635,0.0,0.0,3,3
aa_3-a-1_kv_kv-no1-gorakhpur_06082025-000000-1_EN-OL-RC-235_1,3,hoping,hoping,c,34.32,35.01,HH OW P IH NG,c,0,HH OW P IH NG * SIL *,HH OW P IH NG,1716,1751,35,-0.6868681311607361,-1.292389988899231,-0.03692542761564255,-1.0676229000091553,-10.579368591308594,-0.3022676706314087,3.845566970994696e-05,1.7697137594223022,0.05056324973702431,0.6742931604385376,44.27867889404297,1.265105128288269,0.7438671588897705,34.5122184753418,0.9860633611679077,0.6258100867271423,27.921646118164062,0.7977613210678101,0.0017887151334434748,1.8482314348220825,0.052806612104177475,0.8433117270469666,32.8305549621582,0.938015878200531,0.03076956979930401,10.986479759216309,0.313899427652359,0.5528568625450134,26.792152404785156,0.7654900550842285,0.16230247914791107,14.563920021057129,0.4161120057106018,0.0,0.0,5,5
aa_3-a-1_kv_kv-no1-gorakhpur_06082025-000000-1_EN-OL-RC-235_1,3,for,for,c,35.25,35.61,F AO R,c,0,F AO R *,F AO R,1762,1781,19,-0.024382947012782097,-0.02763039991259575,-0.0014542315620929003,-0.5159357786178589,-3.8083927631378174,-0.20044171810150146,1.517210421297932e-05,0.14336934685707092,0.007545755244791508,0.5862012505531311,19.447513580322266,1.0235533714294434,0.9901347756385803,18.98881721496582,0.999411404132843,0.7333850264549255,15.826567649841309,0.8329772353172302,0.01102573424577713,1.5071377754211426,0.07932303845882416,0.9049727320671082,18.13615608215332,0.9545345306396484,0.12108375132083893,7.533732891082764,0.3965122699737549,0.669464111328125,15.378211975097656,0.8093795776367188,0.2661438584327698,9.188499450683594,0.4836052358150482,0.0,0.0,3,3
aa_3-a-1_kv_kv-no1-gorakhpur_06082025-000000-1_EN-OL-RC-235_1,3,them,them,c,35.61,36.0,DH EH M,c,0,* DH EH M *,DH EH M,1780,1800,20,-0.6784037351608276,-0.9027444124221802,-0.04513721913099289,-0.822330117225647,-4.800938606262207,-0.2400469332933426,2.371676055190619e-05,1.2184468507766724,0.06092234328389168,0.5773045420646667,20.793973922729492,1.0396987199783325,0.746763288974762,19.658159255981445,0.9829079508781433,0.7244008779525757,16.628122329711914,0.8314061164855957,0.009472008794546127,1.5912578105926514,0.07956288754940033,0.9089107513427734,19.035776138305664,0.9517887830734253,0.13215512037277222,7.699151992797852,0.38495761156082153,0.6784241199493408,16.045377731323242,0.8022688627243042,0.2762077748775482,9.48824405670166,0.474412202835083,0.0,0.0,3,3
aa_3-a-1_kv_kv-no1-gorakhpur_06082025-000000-1_EN-OL-RC-235_1,3,to,to,c,36.0,36.33,T UW,c,0,T UW * SIL,T UW,1800,1817,17,-0.2551223337650299,-0.2725468873977661,-0.01603217050433159,-0.8658314347267151,-4.026778221130371,-0.23686930537223816,2.2832782633486204e-05,0.632306694984436,0.03719451278448105,0.5890413522720337,18.690614700317383,1.0994479656219482,0.8996959924697876,16.892637252807617,0.9936845302581787,0.6398364901542664,13.927165031433105,0.8192449808120728,0.002267413539811969,1.2154765129089355,0.07149861752986908,0.8513616323471069,16.121658325195312,0.9483328461647034,0.03679551184177399,6.3284430503845215,0.3722613453865051,0.5660400390625,13.502222061157227,0.7942483425140381,0.171855166554451,7.871969223022461,0.4630570113658905,0.0,0.0,2,2
aa_3-a-1_kv_kv-no1-gorakhpur_06082025-000000-1_EN-OL-RC-235_1,3,come,come,c,36.33,36.72,K AH M,c,0,SIL * K AH M *,K AH M,1816,1836,20,-0.32157379388809204,-0.5796422958374023,-0.028982114046812057,-0.8658314347267151,-4.653011322021484,-0.23265056312084198,2.0458670405787416e-05,1.1480275392532349,0.0574013777077198,0.5486851334571838,20.646617889404297,1.032330870628357,0.8746030926704407,19.773103713989258,0.9886552095413208,0.6398364901542664,16.58739471435547,0.8293697237968445,0.002267413539811969,1.7171134948730469,0.08585567772388458,0.8513616323471069,19.020244598388672,0.9510122537612915,0.03679551184177399,7.955732822418213,0.3977866470813751,0.5660400390625,16.072866439819336,0.8036433458328247,0.171855166554451,9.65793514251709,0.48289674520492554,0.0,0.0,3,3
aa_3-a-1_kv_kv-no1-gorakhpur_06082025-000000-1_EN-OL-RC-235_1,3,back,back,c,36.72,37.08,B AE K,c,0,B AE K *,B AE K,1836,1854,18,-0.006554760504513979,-0.017370086163282394,-0.0009650047868490219,-0.5195764899253845,-3.8188257217407227,-0.2121569812297821,3.9673413994023576e-05,0.11616037786006927,0.006453354377299547,0.6683381795883179,19.141067504882812,1.0633926391601562,0.997342050075531,17.99295425415039,0.99960857629776,0.6915968656539917,14.897089004516602,0.8276160359382629,0.005439775064587593,1.2976282835006714,0.07209046185016632,0.8945779800415039,17.143722534179688,0.9524290561676025,0.09611424803733826,6.842205047607422,0.38012251257896423,0.6468648314476013,14.44765853881836,0.8026477098464966,0.2422420233488083,8.472015380859375,0.4706675112247467,0.0,0.0,3,3
aa_3-a-1_kv_kv-no1-gorakhpur_06082025-000000-1_EN-OL-RC-235_1,3,but,but,c,37.08,37.44,B AH T,c,0,* B AH T *,B AH T,1853,1872,19,-0.15642431378364563,-0.15854448080062866,-0.008344446308910847,-0.5885226726531982,-3.608185291290283,-0.18990449607372284,2.542573565733619e-05,0.4331904649734497,0.022799497470259666,0.5685497522354126,18.101900100708008,0.9527316093444824,0.9377433061599731,18.9368839263916,0.9966781139373779,0.7497894763946533,16.020845413208008,0.8432024121284485,0.014549757353961468,1.7184510231018066,0.09044478833675385,0.915209949016571,18.196277618408203,0.9576988220214844,0.1520073115825653,8.000883102416992,0.42109909653663635,0.6932534575462341,15.571694374084473,0.8195628523826599,0.29364174604415894,9.553022384643555,0.502790629863739,0.0,0.0,3,3
aa_3-a-1_kv_kv-no1-gorakhpur_06082025-000000-1_EN-OL-RC-235_1,3,the,the,c,37.44,37.92,DH AH,c,0,* DH AH * SIL *,DH AH,1871,1896,25,-0.05354795977473259,-0.09547817707061768,-0.0038191271014511585,-0.5354384183883667,-5.226800918579102,-0.2090720385313034,2.1369542082538828e-05,0.42210060358047485,0.01688402332365513,0.5841673016548157,25.557994842529297,1.0223197937011719,0.9784133434295654,24.96144676208496,0.9984578490257263,0.7246650457382202,20.860591888427734,0.8344236612319946,0.009514410980045795,2.0045530796051025,0.08018212020397186,0.9063906669616699,23.852537155151367,0.9541015028953552,0.12495902925729752,9.836501121520996,0.3934600353240967,0.6726638078689575,20.200571060180664,0.8080228567123413,0.2696981728076935,12.034750938415527,0.4813900291919708,0.0,0.0,2,2
aa_3-a-1_kv_kv-no1-gorakhpur_06082025-000000-1_EN-OL-RC-235_1,3,animals,animals,c,38.34,38.91,AE N AH M AH L Z,c,0,AE N IH M AH L Z *,AE N IH M AH L Z,1917,1946,29,-0.2303861826658249,-0.3963773846626282,-0.013668186031281948,-0.7472983002662659,-7.488275527954102,-0.25821641087532043,2.5709323381306604e-05,1.0912818908691406,0.03763040900230408,0.6250941157341003,33.62834167480469,1.1595979928970337,0.9091436266899109,28.842613220214844,0.9945728778839111,0.702505350112915,23.616928100585938,0.8143768310546875,0.0065414742566645145,1.8736642599105835,0.0646091103553772,0.8848235607147217,27.423404693603516,0.945634663105011,0.07738690078258514,10.021636962890625,0.34557369351387024,0.6269135475158691,22.73764419555664,0.7840567231178284,0.2227928787469864,12.85334587097168,0.44321882724761963,2.8059285653833057,1.0,7,7
aa_3-a-1_kv_kv-no1-gorakhpur_06082025-000000-1_EN-OL-RC-235_1,3,did,did,c,38.91,39.21,D IH D,c,0,D IH D *,D IH D,1945,1961,16,-0.12522298097610474,-0.12825734913349152,-0.00801608432084322,-0.5581315755844116,-3.5093562602996826,-0.21933476626873016,2.0934305211994797e-05,0.3885774314403534,0.024286089465022087,0.6094878315925598,17.13958168029785,1.0712238550186157,0.9499678015708923,15.948738098144531,0.9967961311340332,0.7412410974502563,13.227228164672852,0.8267017602920532,0.012591867707669735,1.1271460056304932,0.07044662535190582,0.9181302189826965,15.231648445129395,0.9519780278205872,0.1621967852115631,5.960254192352295,0.37251588702201843,0.7003485560417175,12.805136680603027,0.8003210425376892,0.30233970284461975,7.448898792266846,0.46555617451667786,0.0,0.0,3,3
aa_3-a-1_kv_kv-no1-gorakhpur_06082025-000000-1_EN-OL-RC-235_1,3,not,not,c,39.21,39.6,N AA T,c,0,* N AO T *,N AO T,1960,1980,20,-0.024276863783597946,-0.039694979786872864,-0.001984748989343643,-0.456427663564682,-3.9465649127960205,-0.19732823967933655,2.89051477011526e-05,0.2089734971523285,0.01044867467135191,0.5619825124740601,19.842329025268555,0.9921164512634277,0.990177571773529,19.98392677307129,0.9991963505744934,0.7237857580184937,16.737638473510742,0.8368819355964661,0.009374012239277363,1.7684681415557861,0.08842340856790543,0.9123626351356506,19.110004425048828,0.9555002450942993,0.14268912374973297,8.219242095947266,0.4109621047973633,0.6864720582962036,16.274219512939453,0.8137109875679016,0.28554636240005493,9.896100044250488,0.4948050081729889,0.406100786224316,1.0,3,3
aa_3-a-1_kv_kv-no1-gorakhpur_06082025-000000-1_EN-OL-RC-235_1,3,come,come,c,39.6,39.87,K AH M,c,0,K AH M *,K AH M,1980,1994,14,-0.2093265950679779,-0.4053308963775635,-0.028952207416296005,-0.6235949397087097,-3.4890785217285156,-0.2492198944091797,2.2764690584153868e-05,0.963827908039093,0.06884484738111496,0.5465606451034546,15.013587951660156,1.0723991394042969,0.9172330498695374,13.839582443237305,0.9885416030883789,0.7429189682006836,11.588813781738281,0.8277724385261536,0.01295417733490467,1.0636374950408936,0.07597410678863525,0.912945568561554,13.29781723022461,0.9498440623283386,0.14454913139343262,5.170380592346191,0.36931291222572327,0.6878497004508972,11.141758918762207,0.7958399057388306,0.2871739864349365,6.477293491363525,0.46266382932662964,0.0,0.0,3,3
aa_3-a-1_kv_kv-no1-gorakhpur_06082025-000000-1_EN-OL-RC-235_1,3,back,back,c,39.87,40.2,B AE K,c,0,* B AE K *,B AE K,1993,2010,17,-0.0063166022300720215,-0.008370429277420044,-0.0004923781962133944,-0.5320990681648254,-3.256633758544922,-0.19156669080257416,2.536155079724267e-05,0.05761367827653885,0.003389040008187294,0.6209255456924438,17.12220001220703,1.0071882009506226,0.9974384903907776,16.996606826782227,0.9998003840446472,0.6866732835769653,14.166635513305664,0.8333315253257751,0.005005295388400555,1.3747782707214355,0.08086930960416794,0.8921732902526855,16.239938735961914,0.9552904963493347,0.09111388027667999,6.904722690582275,0.4061601459980011,0.6418390870094299,13.814016342163086,0.812589168548584,0.23720194399356842,8.339399337768555,0.4905529022216797,0.0,0.0,3,3
as_3-a-8_kv_kv-no2-3brd-chandigarh_06082025-000000-1_EN-OL-RC-235_1,3,long,long,c,0.99,1.44,L AO NG,c,0,L AO NG *,L AO NG,49,72,23,-0.06817538291215897,-0.08803161978721619,-0.003827461740002036,-0.5236070156097412,-5.129954814910889,-0.22304151952266693,4.143802652833983e-05,0.36371782422065735,0.01581381820142269,0.7393561005592346,25.275650024414062,1.0989413261413574,0.9725667834281921,22.964519500732422,0.9984573721885681,0.7155745625495911,18.900081634521484,0.8217426538467407,0.008158973418176174,1.4846047163009644,0.06454803049564362,0.9118397831916809,21.86009979248047,0.9504390954971313,0.14104123413562775,8.38070297241211,0.3643783926963806,0.6852411031723022,18.310495376586914,0.7961084842681885,0.2840992510318756,10.548335075378418,0.4586232602596283,0.0,0.0,3,3
as_3-a-8_kv_kv-no2-3brd-chandigarh_06082025-000000-1_EN-OL-RC-235_1,3,long,long,c,1.44,1.98,L AO NG,c,0,L AO NG * SIL *,L AO NG,72,99,27,-0.5797255635261536,-1.2107348442077637,-0.044842030853033066,-0.821835458278656,-7.393274307250977,-0.2738249599933624,3.986525916843675e-05,1.828061580657959,0.06770598143339157,0.7070682048797607,31.40509796142578,1.163151741027832,0.7809830904006958,26.537322998046875,0.9828638434410095,0.7063887119293213,21.956844329833984,0.8132164478302002,0.00698535842821002,1.5840773582458496,0.05866953358054161,0.885031521320343,25.513633728027344,0.9449493885040283,0.07774527370929718,9.119047164916992,0.33774247765541077,0.6273272037506104,21.099170684814453,0.7814507484436035,0.22318118810653687,11.801045417785645,0.43707576394081116,0.0,0.0,3,3
as_3-a-8_kv_kv-no2-3brd-chandigarh_06082025-000000-1_EN-OL-RC-235_1,3,ago,ago,c,2.16,2.73,AH G OW,c,0,AH G OW * SIL *,AH G OW,108,137,29,-0.31277820467948914,-0.33634647727012634,-0.011598153971135616,-0.6874613761901855,-5.6259565353393555,-0.19399850070476532,1.593539309396874e-05,0.7116318345069885,0.024539029225707054,0.5796412229537964,27.749187469482422,0.9568685293197632,0.8779005408287048,28.868356704711914,0.995460569858551,0.7210941314697266,24.413543701171875,0.8418463468551636,0.008957000449299812,2.627321243286133,0.09059728682041168,0.9097636342048645,27.754924774169922,0.9570663571357727,0.13468310236930847,12.226823806762695,0.4216146171092987,0.680395245552063,23.73699188232422,0.8185169696807861,0.278468519449234,14.582334518432617,0.5028391480445862,0.0,0.0,3,3
as_3-a-8_kv_kv-no2-3brd-chandigarh_06082025-000000-1_EN-OL-RC-235_1,3,the,the,c,3.03,3.3,DH AH,c,0,DH AH *,DH AH,151,165,14,-0.0006437585107050836,-0.0015134208370000124,-0.0001081014852388762,-0.3114978075027466,-2.163353443145752,-0.1545252501964569,1.5759489542688243e-05,0.014312772080302238,0.001022340846247971,0.560667872428894,12.112602233886719,0.8651858568191528,0.9997387528419495,13.999385833740234,0.9999561309814453,0.7549651861190796,11.963667869567871,0.8545476794242859,0.015880273655056953,1.4675750732421875,0.10482679307460785,0.9306150078773499,13.479978561401367,0.9628556370735168,0.2140459418296814,6.440035343170166,0.46000251173973083,0.7324254512786865,11.7041015625,0.8360072374343872,0.34475043416023254,7.461641788482666,0.5329744219779968,0.0,0.0,2,2
as_3-a-8_kv_kv-no2-3brd-chandigarh_06082025-000000-1_EN-OL-RC-235_1,3,peacock,peacock,c,3.3,3.93,P IY K AA K,c,0,* P IH K AO K *,P IH K AO K,165,197,32,-0.5308444499969482,-0.6222091317176819,-0.01944403536617756,-1.067407250404358,-8.22740364074707,-0.25710636377334595,2.4438953914796002e-05,1.124889612197876,0.035152800381183624,0.6057549118995667,36.47529602050781,1.1398530006408691,0.7982494235038757,31.761371612548828,0.9925428628921509,0.6296483278274536,26.098819732666016,0.815588116645813,0.0019086390966549516,2.270007371902466,0.07093773037195206,0.8319006562232971,30.253782272338867,0.9454306960105896,0.023879030719399452,11.559377670288086,0.3612305521965027,0.5349850654602051,25.18886947631836,0.7871521711349487,0.1500987410545349,14.519220352172852,0.4537256360054016,3.650352984817883,2.0,5,5
as_3-a-8_kv_kv-no2-3brd-chandigarh_06082025-000000-1_EN-OL-RC-235_1,3,had,had,c,3.93,4.35,HH AE D,c,0,* HH AE D *,HH AE D,196,218,22,-0.2947951853275299,-0.3932878375053406,-0.017876720055937767,-0.8859077095985413,-5.128907680511475,-0.23313216865062714,1.4397520317288581e-05,0.9265421628952026,0.042115554213523865,0.5592400431632996,23.216854095458984,1.0553115606307983,0.8846648335456848,21.845104217529297,0.9929592609405518,0.6557480692863464,18.178762435913086,0.8263073563575745,0.0029673033859580755,1.720584750175476,0.07820839434862137,0.8534402847290039,20.895523071289062,0.9497964978218079,0.03853464126586914,8.573946952819824,0.38972485065460205,0.5695267915725708,17.605934143066406,0.8002697229385376,0.17446336150169373,10.460834503173828,0.4754924774169922,0.0,0.0,3,3
as_3-a-8_kv_kv-no2-3brd-chandigarh_06082025-000000-1_EN-OL-RC-235_1,3,a,a,c,4.35,4.5,AH,c,0,AH,AH,217,225,8,-0.0006142356432974339,-0.0008089187904261053,-0.00010111484880326316,-0.2854488492012024,-1.1420910358428955,-0.14276137948036194,4.466305472305976e-05,0.007330679334700108,0.0009163349168375134,0.5827082395553589,6.576834201812744,0.822104275226593,0.9997507929801941,7.999671459197998,0.9999589323997498,0.7763500213623047,6.882410526275635,0.8603013157844543,0.02279680036008358,0.8614391088485718,0.10767988860607147,0.9363182783126831,7.720313549041748,0.9650391936302185,0.24296167492866516,3.799328327178955,0.4749160408973694,0.7481235265731812,6.741809368133545,0.8427261710166931,0.3674825429916382,4.353192329406738,0.5441490411758423,0.0,0.0,1,1
as_3-a-8_kv_kv-no2-3brd-chandigarh_06082025-000000-1_EN-OL-RC-235_1,3,lovely,lovely,c,4.5,5.01,L AH V L IY,c,0,* L AH W L IY *,L AH W L IY,225,251,26,-0.43081679940223694,-0.5900616645812988,-0.022694678977131844,-1.1823376417160034,-6.178238391876221,-0.23762455582618713,1.8132635887013748e-05,1.1405874490737915,0.04386874660849571,0.5828291773796082,27.551403045654297,1.0596693754196167,0.8342470526695251,25.77079963684082,0.9911845922470093,0.5355533957481384,21.484722137451172,0.8263354897499084,0.00038886762922629714,2.043555498123169,0.07859829068183899,0.7845004796981812,24.680904388427734,0.9492655396461487,0.008330178447067738,10.049927711486816,0.3865356743335724,0.46923673152923584,20.786558151245117,0.7994830012321472,0.11174992471933365,12.31047248840332,0.4734797179698944,0.9200152371878334,1.0,5,5
as_3-a-8_kv_kv-no2-3brd-chandigarh_06082025-000000-1_EN-OL-RC-235_1,3,voice,voice,c,5.01,5.43,V OY S,c,0,W OY S *,W OY S,250,272,22,-0.15350869297981262,-0.2925577461719513,-0.013298079371452332,-0.898574709892273,-5.120349884033203,-0.23274317383766174,2.4084745746222325e-05,0.8938538432121277,0.04062971845269203,0.5826529860496521,22.997713088989258,1.0453505516052246,0.938881516456604,21.883155822753906,0.9946889281272888,0.5955058336257935,18.18582534790039,0.8266284465789795,0.0010715893004089594,1.7379850149154663,0.07899931818246841,0.8284956216812134,20.8933162689209,0.9496961832046509,0.02213917300105095,8.64552116394043,0.3929782211780548,0.5298250913619995,17.619766235351562,0.8008984923362732,0.1467278003692627,10.513079643249512,0.4778672456741333,0.9200152371878334,1.0,3,3
as_3-a-8_kv_kv-no2-3brd-chandigarh_06082025-000000-1_EN-OL-RC-235_1,3,and,and,c,5.43,5.7,AH N D,c,0,AE N D *,AE N D,271,285,14,-0.018214114010334015,-0.020847918465733528,-0.001489137066528201,-0.4254893362522125,-2.7941226959228516,-0.19958019256591797,1.802519545890391e-05,0.11379208415746689,0.008128006011247635,0.5571537017822266,14.122333526611328,1.0087381601333618,0.9926249384880066,13.991558074951172,0.9993969798088074,0.7201383113861084,11.697405815124512,0.8355289697647095,0.008813422173261642,1.1845790147781372,0.08461278676986694,0.910831868648529,13.37180233001709,0.9551287293434143,0.13791783154010773,5.637030124664307,0.4026450216770172,0.6828801035881042,11.361359596252441,0.8115257024765015,0.2813428044319153,6.841372013092041,0.48866942524909973,2.95656721210025,1.0,3,3
as_3-a-8_kv_kv-no2-3brd-chandigarh_06082025-000000-1_EN-OL-RC-235_1,3,beautiful,beautiful,c,5.7,6.42,B Y UW T AH F AH L,c,0,* B Y UW T IH F UH L *,B Y UW T IH F UH L,285,321,36,-0.583024263381958,-0.9273481965065002,-0.02575967274606228,-1.0233979225158691,-9.10529899597168,-0.25292497873306274,2.368391324125696e-05,1.6272666454315186,0.045201852917671204,0.6381174921989441,40.857120513916016,1.1349200010299683,0.7798255681991577,35.643009185791016,0.9900835752487183,0.6234860420227051,29.316192626953125,0.8143386840820312,0.0017197942361235619,2.4721457958221436,0.06867071986198425,0.8395090103149414,34.05609130859375,0.9460025429725647,0.02827673777937889,12.982694625854492,0.3606303930282593,0.5467987060546875,28.368913650512695,0.7880253791809082,0.15807175636291504,16.334308624267578,0.4537307918071747,7.293274914435145,2.0,8,8
as_3-a-8_kv_kv-no2-3brd-chandigarh_06082025-000000-1_EN-OL-RC-235_1,3,feathers,feathers,c,6.42,7.02,F EH DH AH R Z,c,0,* F EH DH AH R S * SIL,F EH DH AH R S,321,351,30,-0.012249384075403214,-0.03665540739893913,-0.0012218469055369496,-0.6275448799133301,-6.442475318908691,-0.21474917232990265,2.7061223590862937e-05,0.23202161490917206,0.007734053768217564,0.5907354354858398,31.47146987915039,1.0490490198135376,0.9950364828109741,29.98514175415039,0.9995047450065613,0.6508453488349915,24.864927291870117,0.828830897808075,0.0027312643360346556,2.4791362285614014,0.08263787627220154,0.8723231554031372,28.557405471801758,0.9519135355949402,0.05862077698111534,11.852090835571289,0.3950696885585785,0.6029108762741089,24.137550354003906,0.8045850396156311,0.20128020644187927,14.436854362487793,0.48122847080230713,2.250333956628733,1.0,6,6
as_3-a-8_kv_kv-no2-3brd-chandigarh_06082025-000000-1_EN-OL-RC-235_1,3,every,every,c,7.23,7.77,EH V AH R IY,c,0,EH V R IY *,EH V R IY,361,389,28,-0.14137670397758484,-0.17988567054271698,-0.0064244880340993404,-0.7345203757286072,-5.918030261993408,-0.2113582193851471,1.4050858226255514e-05,0.6236554384231567,0.022273408249020576,0.5512281656265259,27.863338470458984,0.9951192140579224,0.943626880645752,27.928022384643555,0.997429370880127,0.6118472814559937,23.37505340576172,0.8348233103752136,0.0014125960879027843,2.580768585205078,0.09217030555009842,0.8503906726837158,26.69021224975586,0.95322185754776,0.036010220646858215,11.67841625213623,0.41708630323410034,0.5644230842590332,22.713733673095703,0.8112047910690308,0.1706574261188507,13.925939559936523,0.49735498428344727,3.56735060199773,1.0,5,4
as_3-a-8_kv_kv-no2-3brd-chandigarh_06082025-000000-1_EN-OL-RC-235_1,3,day,day,c,7.77,8.04,D EY,c,0,* D EY *,D EY,388,402,14,-0.07661595195531845,-0.10482505708932877,-0.007487504277378321,-0.5296865105628967,-3.1903598308563232,-0.22788284718990326,2.246933217975311e-05,0.4165803790092468,0.029755741357803345,0.6297488212585449,14.76617431640625,1.0547267198562622,0.9692026376724243,13.957772254943848,0.9969837069511414,0.7314400672912598,11.626986503601074,0.8304990530014038,0.010669073089957237,1.045581579208374,0.07468439638614655,0.915580153465271,13.326179504394531,0.9518699645996094,0.15326280891895294,5.2634429931640625,0.37596020102500916,0.6941449642181396,11.210484504699707,0.800748884677887,0.2947217524051666,6.552794933319092,0.4680567681789398,0.0,0.0,2,2
as_3-a-8_kv_kv-no2-3brd-chandigarh_06082025-000000-1_EN-OL-RC-235_1,3,he,he,c,8.04,8.31,HH IY,c,0,* HH IY *,HH IY,401,416,15,-0.077421173453331,-0.10115942358970642,-0.006743961479514837,-0.5096261501312256,-3.5886025428771973,-0.23924016952514648,2.4227654648711905e-05,0.39756864309310913,0.026504576206207275,0.6512966156005859,16.698162078857422,1.1132107973098755,0.9688822031021118,14.959266662597656,0.997284471988678,0.7170416116714478,12.321199417114258,0.8214132785797119,0.008363873697817326,0.9842260479927063,0.06561507284641266,0.9067169427871704,14.234461784362793,0.9489641189575195,0.1258680671453476,5.341790199279785,0.3561193346977234,0.6734042167663574,11.87862777709961,0.7919085025787354,0.27052685618400574,6.786493301391602,0.45243290066719055,0.0,0.0,2,2
as_3-a-8_kv_kv-no2-3brd-chandigarh_06082025-000000-1_EN-OL-RC-235_1,3,walked,walked,c,8.31,9.06,W AO K T,c,0,* W AO K D * SIL *,W AO K D,415,453,38,-0.05173887312412262,-0.09967740625143051,-0.002623089589178562,-0.6648149490356445,-7.753374099731445,-0.2040361613035202,2.3206901460071094e-05,0.4672239124774933,0.012295366264879704,0.600296139717102,38.54402542114258,1.014316439628601,0.9791380167007446,37.95973205566406,0.9989402890205383,0.6720657348632812,31.694576263427734,0.8340678215026855,0.003909972961992025,3.080946445465088,0.08107753843069077,0.8755673170089722,36.25701141357422,0.9541319012641907,0.06300202757120132,15.263642311096191,0.4016748070716858,0.608983039855957,30.77217674255371,0.8097941279411316,0.20653708279132843,18.495670318603516,0.48672816157341003,3.8933488049826166,1.0,4,4
as_3-a-8_kv_kv-no2-3brd-chandigarh_06082025-000000-1_EN-OL-RC-235_1,3,in,in,c,9.93,10.26,IH N,c,0,IH N *,IH N,496,513,17,-0.34207889437675476,-0.5823965072631836,-0.03425861895084381,-0.7886395454406738,-3.712139368057251,-0.21836113929748535,2.5138213459285907e-05,1.1296614408493042,0.06645067036151886,0.6083060503005981,16.192604064941406,0.9525061249732971,0.866943895816803,16.772274017333984,0.9866043329238892,0.7325575351715088,14.315269470214844,0.8420746922492981,0.010872557759284973,1.5898634195327759,0.09352137893438339,0.8868447542190552,16.234159469604492,0.9549505710601807,0.08094119280576706,7.207038879394531,0.4239434599876404,0.6309546232223511,13.860895156860352,0.8153467774391174,0.22661328315734863,8.551692008972168,0.5030407309532166,0.0,0.0,2,2
as_3-a-8_kv_kv-no2-3brd-chandigarh_06082025-000000-1_EN-OL-RC-235_1,3,front,front,c,10.26,10.89,F R AH N T,s,1,F AO R AH N T * SIL *,F AO R AH N T,513,545,32,-0.5899463891983032,-1.292292833328247,-0.04038415104150772,-1.3901077508926392,-9.743694305419922,-0.30449044704437256,3.818916229647584e-05,2.254441022872925,0.0704512819647789,0.6660631895065308,39.65037536621094,1.2390742301940918,0.777399480342865,31.50516700744629,0.9845364689826965,0.5424908399581909,25.65137481689453,0.8016054630279541,0.0004372648545540869,1.787731409072876,0.055866606533527374,0.7546026706695557,30.017061233520508,0.9380331635475159,0.004287182353436947,10.277085304260254,0.32115891575813293,0.43335872888565063,24.56778335571289,0.7677432298660278,0.09455495327711105,13.488965034484863,0.421530157327652,4.049981288321418,1.0,5,6
as_3-a-8_kv_kv-no2-3brd-chandigarh_06082025-000000-1_EN-OL-RC-235_1,3,of,of,c,10.92,11.31,AH V,c,0,AO F * SIL,AO F,546,566,20,-0.009447959251701832,-0.010922376997768879,-0.0005461188266053796,-0.4629402756690979,-3.3982014656066895,-0.16991007328033447,1.9578428691602312e-05,0.06775185465812683,0.0033875927329063416,0.6017892360687256,18.359647750854492,0.9179823994636536,0.9961702227592468,19.99557113647461,0.9997785687446594,0.7028077840805054,16.896987915039062,0.8448494076728821,0.006575010251253843,1.9660100936889648,0.098300501704216,0.9088876843452454,19.188003540039062,0.9594001770019531,0.13208742439746857,8.889513969421387,0.4444757103919983,0.6783709526062012,16.538841247558594,0.8269420862197876,0.2761470675468445,10.403324127197266,0.5201662182807922,4.411563432609308,2.0,2,2
as_3-a-8_kv_kv-no2-3brd-chandigarh_06082025-000000-1_EN-OL-RC-235_1,3,all,all,c,11.37,11.94,AO L,c,0,AO L *,AO L,568,597,29,-0.3489297032356262,-0.5446277260780334,-0.018780266866087914,-1.0065993070602417,-5.829611778259277,-0.20102109014987946,2.347875852137804e-05,1.1211351156234741,0.03865983337163925,0.630072295665741,27.326942443847656,0.9423083662986755,0.8643938302993774,28.786813735961914,0.992648720741272,0.5706814527511597,24.374216079711914,0.8404902219772339,0.0007042845827527344,2.7495875358581543,0.09481336176395416,0.8091996312141418,27.703317642211914,0.9552868008613586,0.0144203444942832,12.65821361541748,0.43649011850357056,0.5019460320472717,23.750478744506836,0.8189820051193237,0.12962335348129272,14.83373737335205,0.5115081667900085,0.0,0.0,2,2
as_3-a-8_kv_kv-no2-3brd-chandigarh_06082025-000000-1_EN-OL-RC-235_1,3,the,the,c,12.12,12.48,DH AH,s,1,DH AH *,DH AH,606,624,18,-0.5013563632965088,-0.5076078176498413,-0.028200434520840645,-0.7622702121734619,-3.711258888244629,-0.20618104934692383,5.144073293195106e-05,0.7150672078132629,0.039725955575704575,0.646569550037384,17.415481567382812,0.9675267338752747,0.808768093585968,17.806232452392578,0.9892351627349854,0.7507905960083008,15.173484802246094,0.8429713845252991,0.014798113144934177,1.501807689666748,0.08343376219272614,0.9098831415176392,17.22292709350586,0.956829309463501,0.13504120707511902,7.353287696838379,0.408515989780426,0.6806724071502686,14.683551788330078,0.8157528638839722,0.2787877321243286,8.872617721557617,0.49292320013046265,0.0,0.0,2,2
as_3-a-8_kv_kv-no2-3brd-chandigarh_06082025-000000-1_EN-OL-RC-235_1,3,other,other,c,12.48,12.87,AH DH AH R,c,0,AH DH AH R *,AH DH AH R,624,644,20,-0.34873756766319275,-0.43646836280822754,-0.021823417395353317,-0.7705968022346497,-4.584346294403076,-0.2292173206806183,2.9031283702352084e-05,0.9571121335029602,0.04785560816526413,0.5775386095046997,20.58043670654297,1.0290218591690063,0.8644651770591736,19.829103469848633,0.9914551973342896,0.7169474363327026,16.64021110534668,0.8320105671882629,0.008350563235580921,1.696158528327942,0.08480792492628098,0.8908010125160217,19.041061401367188,0.9520530700683594,0.08837791532278061,7.872713088989258,0.39363566040992737,0.6390033960342407,16.08697509765625,0.8043487668037415,0.23440061509609222,9.618978500366211,0.48094892501831055,0.0,0.0,4,4
as_3-a-8_kv_kv-no2-3brd-chandigarh_06082025-000000-1_EN-OL-RC-235_1,3,animals,animals,c,12.87,13.74,AE N AH M AH L Z,c,0,* AE N IH M AH L Z * SIL *,AE N IH M AH L Z,643,687,44,-0.1116580218076706,-0.19290882349014282,-0.004384291358292103,-0.5215381979942322,-8.475444793701172,-0.19262374937534332,2.2896670998306945e-05,0.6777786612510681,0.01540406048297882,0.594917893409729,42.616966247558594,0.968567430973053,0.955312192440033,43.92258071899414,0.9982404708862305,0.7033058404922485,36.97209930419922,0.84027498960495,0.006630599964410067,3.9785873889923096,0.09042244404554367,0.9017184972763062,42.0941162109375,0.9566844701766968,0.1126381903886795,18.421972274780273,0.41868117451667786,0.6622300148010254,35.96047592163086,0.817283570766449,0.2582666873931885,22.028213500976562,0.5006412267684937,2.8059285653833057,1.0,7,7
as_3-a-8_kv_kv-no2-3brd-chandigarh_06082025-000000-1_EN-OL-RC-235_1,3,he,he,c,13.86,14.64,HH IY,c,0,HH IY * L EY * SIL *,HH IY L EY,693,732,39,-0.365387499332428,-1.106705904006958,-0.028377074748277664,-0.9672911167144775,-11.17768383026123,-0.2866072654724121,1.6556170521653257e-05,2.7100813388824463,0.0694892629981041,0.5799481272697449,44.28590393066406,1.1355359554290771,0.8582850694656372,38.56589126586914,0.9888690114021301,0.6091160774230957,31.848766326904297,0.816635012626648,0.0013488497352227569,2.9614837169647217,0.0759354829788208,0.8427228331565857,36.75788497924805,0.9425098896026611,0.030369626358151436,14.130640983581543,0.3623241186141968,0.5519117712974548,30.512468338012695,0.7823709845542908,0.16163600981235504,17.6633243560791,0.4529057443141937,10.082365760938966,2.0,2,4
as_3-a-8_kv_kv-no2-3brd-chandigarh_06082025-000000-1_EN-OL-RC-235_1,3,liked,liked,c,14.7,15.36,L AY K T,c,0,L AY K D * SIL *,L AY K D,735,768,33,-0.011631038039922714,-0.026103178039193153,-0.0007910053827799857,-0.6052152514457703,-6.538370609283447,-0.1981324404478073,1.981496825465001e-05,0.17411909997463226,0.005276336334645748,0.6403723359107971,33.3897819519043,1.01181161403656,0.9952865839004517,32.989418029785156,0.9996793270111084,0.6837151050567627,27.49616241455078,0.8332170248031616,0.00476111751049757,2.7239346504211426,0.08254347741603851,0.8829228281974792,31.498491287231445,0.9544997215270996,0.07418695092201233,13.40311336517334,0.40615496039390564,0.6231554746627808,26.769004821777344,0.8111819624900818,0.2192928045988083,16.176054000854492,0.49018344283103943,3.8933488049826166,1.0,4,4
as_3-a-8_kv_kv-no2-3brd-chandigarh_06082025-000000-1_EN-OL-RC-235_1,3,to,to,c,15.87,16.14,T UW,c,0,T UW *,T UW,793,807,14,-0.002945704385638237,-0.0039654262363910675,-0.0002832447353284806,-0.34760338068008423,-2.2250852584838867,-0.15893466770648956,1.8324953998671845e-05,0.029822777956724167,0.002130198525264859,0.5707760453224182,12.258079528808594,0.8755770921707153,0.9988049864768982,13.998391151428223,0.999885082244873,0.7416384220123291,11.92916488647461,0.8520832061767578,0.012676740996539593,1.4649617671966553,0.10464012622833252,0.9233269691467285,13.467041969299316,0.961931586265564,0.18204760551452637,6.412876129150391,0.4580625891685486,0.7133433818817139,11.67544937133789,0.8339606523513794,0.31889593601226807,7.437129497528076,0.5312235355377197,0.0,0.0,2,2
as_3-a-8_kv_kv-no2-3brd-chandigarh_06082025-000000-1_EN-OL-RC-235_1,3,show,show,c,16.14,16.68,SH OW,c,0,* SH OW *,SH OW,807,834,27,-0.10744908452033997,-0.11353027820587158,-0.004204825032502413,-0.549680233001709,-5.5720930099487305,-0.20637381076812744,3.0073091693338938e-05,0.37807291746139526,0.014002700336277485,0.6251237392425537,28.51416015625,1.0560799837112427,0.9569741487503052,26.954505920410156,0.9983150362968445,0.6784294843673706,22.33279037475586,0.8271403908729553,0.004354110453277826,1.811009407043457,0.06707442551851273,0.8947438597679138,25.734729766845703,0.9531381130218506,0.09646910429000854,10.213757514953613,0.37828731536865234,0.6472141742706299,21.69705581665039,0.8035946488380432,0.24259601533412933,12.680426597595215,0.4696454405784607,0.0,0.0,2,2
as_3-a-8_kv_kv-no2-3brd-chandigarh_06082025-000000-1_EN-OL-RC-235_1,3,off,off,c,16.68,17.07,AO F,c,0,AO F *,AO F,834,854,20,-0.26546400785446167,-0.26801997423171997,-0.013400998897850513,-0.6833624839782715,-3.9430530071258545,-0.19715264439582825,4.046905451104976e-05,0.5655561685562134,0.0282778088003397,0.6694527864456177,19.609140396118164,0.9804570078849792,0.8957632184028625,19.894725799560547,0.9947363138198853,0.7280086278915405,16.771772384643555,0.8385885953903198,0.010067727416753769,1.6031607389450073,0.0801580399274826,0.9047044515609741,19.1258544921875,0.9562927484512329,0.12036427110433578,8.155498504638672,0.4077749252319336,0.6688621044158936,16.2935791015625,0.814678966999054,0.2654799818992615,9.839421272277832,0.49197107553482056,0.0,0.0,2,2
as_3-a-8_kv_kv-no2-3brd-chandigarh_06082025-000000-1_EN-OL-RC-235_1,3,his,his,c,17.1,17.61,HH IH Z,c,0,* HH IH Z * SIL *,HH IH Z,855,881,26,-0.0019494210137054324,-0.0053162225522100925,-0.00020447009592317045,-0.4683934152126312,-4.851190567016602,-0.1865842491388321,1.587993756402284e-05,0.04707252234220505,0.0018104816554114223,0.5600903034210205,25.601293563842773,0.9846651554107666,0.999208927154541,25.99784278869629,0.9999170303344727,0.6920920014381409,21.757848739624023,0.8368403315544128,0.005485499743372202,2.2946882247924805,0.08825723826885223,0.9015491008758545,24.864831924438477,0.9563397169113159,0.11221519112586975,10.870965957641602,0.4181140661239624,0.6618576645851135,21.23227310180664,0.8166258931159973,0.2578670382499695,12.993766784667969,0.4997602701187134,0.0,0.0,3,3
as_3-a-8_kv_kv-no2-3brd-chandigarh_06082025-000000-1_EN-OL-RC-235_1,3,beautiful,beautiful,c,18.09,18.84,B Y UW T AH F AH L,c,0,B Y UW T IH F UH L *,B Y UW T IH F UH L,904,942,38,-0.21022555232048035,-0.3422749638557434,-0.009007235988974571,-0.8496283292770386,-9.508472442626953,-0.25022295117378235,2.322658838238567e-05,1.018766164779663,0.026809636503458023,0.6273825168609619,44.19523620605469,1.1630325317382812,0.9168869256973267,37.86372756958008,0.9964138865470886,0.6519476771354675,30.847679138183594,0.8117810487747192,0.0027826428413391113,2.476611375808716,0.06517398357391357,0.8536067605018616,35.93123245239258,0.9455587267875671,0.03867747262120247,13.286886215209961,0.3496549129486084,0.5698076486587524,29.825180053710938,0.7848731875419617,0.17467497289180756,16.94906234741211,0.4460279643535614,7.293274914435145,2.0,8,8
as_3-a-8_kv_kv-no2-3brd-chandigarh_06082025-000000-1_EN-OL-RC-235_1,3,feathers,feathers,c,18.84,19.65,F EH DH AH R Z,c,0,F EH DH AH R S * SIL *,F EH DH AH R S,942,983,41,-0.47207552194595337,-0.566929817199707,-0.013827556744217873,-0.779901385307312,-9.42754077911377,-0.2299400120973587,2.6865527615882456e-05,1.1201770305633545,0.02732139080762863,0.6466556787490845,43.614505767822266,1.0637683868408203,0.8192899227142334,40.78097915649414,0.9946580529212952,0.6354207396507263,33.92957305908203,0.8275505900382996,0.0021043026354163885,3.1190242767333984,0.07607376575469971,0.8643418550491333,38.97724914550781,0.9506646394729614,0.04909538850188255,15.711421966552734,0.3832054138183594,0.5884081125259399,32.80813217163086,0.8001983165740967,0.18920829892158508,19.34442710876465,0.471815288066864,2.250333956628733,1.0,6,6
as_3-a-8_kv_kv-no2-3brd-chandigarh_06082025-000000-1_EN-OL-RC-235_1,3,the,the,c,20.07,20.4,DH AH,c,0,DH AH *,DH AH,1003,1020,17,-0.013456958346068859,-0.01615237444639206,-0.0009501396561972797,-0.47991877794265747,-2.9575181007385254,-0.17397165298461914,2.2438194719143212e-05,0.0951204001903534,0.005595317576080561,0.5744444131851196,15.554946899414062,0.914996862411499,0.9945478439331055,16.993453979492188,0.999614953994751,0.7361006736755371,14.416182518005371,0.8480107188224792,0.01154374796897173,1.6799882650375366,0.09882283955812454,0.9089325070381165,16.315860748291016,0.9597564935684204,0.13221894204616547,7.491117477416992,0.4406539797782898,0.6784741878509521,14.056760787963867,0.8268682956695557,0.276265025138855,8.801667213439941,0.5177451372146606,0.0,0.0,2,2
as_3-a-8_kv_kv-no2-3brd-chandigarh_06082025-000000-1_EN-OL-RC-235_1,3,animals,animals,c,20.4,21.03,AE N AH M AH L Z,c,0,* AE N IH M AH L Z *,AE N IH M AH L Z,1019,1052,33,-0.6865487098693848,-0.8000488877296448,-0.024243906140327454,-0.94775390625,-8.201801300048828,-0.24853943288326263,2.446475082251709e-05,1.1871000528335571,0.035972729325294495,0.5645978450775146,36.714168548583984,1.1125506162643433,0.7439762353897095,32.6982421875,0.9908558130264282,0.6707137823104858,27.04582405090332,0.8195704221725464,0.0038216181565076113,2.3483121395111084,0.07116097211837769,0.8758207559585571,31.274377822875977,0.9477084279060364,0.06335776299238205,12.062288284301758,0.3655238747596741,0.6094618439674377,26.123029708862305,0.7916069626808167,0.20695681869983673,15.117536544799805,0.4581071734428406,2.8059285653833057,1.0,7,7
as_3-a-8_kv_kv-no2-3brd-chandigarh_06082025-000000-1_EN-OL-RC-235_1,3,always,always,c,21.09,21.9,AO L W EY Z,c,0,AO L W EY Z * SIL,AO L W EY Z,1054,1095,41,-0.2604181468486786,-0.274962842464447,-0.0067064110189676285,-1.008734107017517,-8.060099601745605,-0.19658780097961426,1.859967778727878e-05,0.6812094449996948,0.016614863649010658,0.5831516981124878,40.18019485473633,0.9800047278404236,0.8976807594299316,40.89177703857422,0.9973604083061218,0.5989129543304443,34.29499053955078,0.836463212966919,0.0011351305292919278,3.615321159362793,0.08817856758832932,0.8195376992225647,39.15483474731445,0.9549959897994995,0.01814374327659607,17.254581451416016,0.4208434522151947,0.5166045427322388,33.42443084716797,0.8152300119400024,0.13838894665241241,20.52079200744629,0.500507116317749,0.0,0.0,5,5
as_3-a-8_kv_kv-no2-3brd-chandigarh_06082025-000000-1_EN-OL-RC-235_1,3,smiled,smiled,c,22.26,22.92,S M AY L D,c,0,S M AY L D *,S M AY L D,1113,1146,33,-0.25152724981307983,-0.2578877806663513,-0.007814780808985233,-1.0342411994934082,-6.872931480407715,-0.20827065408229828,2.4787754227872938e-05,0.6120601296424866,0.01854727603495121,0.6365916132926941,33.95216369628906,1.028853416442871,0.9010652899742126,32.89848709106445,0.9969238638877869,0.5852641463279724,27.368236541748047,0.8293405175209045,0.0009012106456793845,2.6241047382354736,0.07951832562685013,0.8112797737121582,31.430484771728516,0.9524389505386353,0.015102428384125233,13.266572952270508,0.40201735496520996,0.5048463344573975,26.644567489624023,0.8074111342430115,0.13131888210773468,16.028406143188477,0.4857092797756195,0.0,0.0,5,5
as_3-a-8_kv_kv-no2-3brd-chandigarh_06082025-000000-1_EN-OL-RC-235_1,3,at,at,c,22.95,23.28,AE T,c,0,* AE T *,AE T,1147,1164,17,-0.4644525647163391,-0.48136597871780396,-0.028315646573901176,-0.7582448720932007,-3.7804558277130127,-0.22237975895404816,2.4389319150941446e-05,0.766261875629425,0.0450742281973362,0.5211809873580933,17.01272964477539,1.0007487535476685,0.8220418095588684,16.815183639526367,0.9891284704208374,0.7189618349075317,14.243597030639648,0.8378586769104004,0.008639847859740257,1.42075777053833,0.08357398957014084,0.9070688486099243,16.221988677978516,0.9542346000671387,0.12685611844062805,6.771736145019531,0.3983374238014221,0.6742045879364014,13.755855560302734,0.8091679811477661,0.27142536640167236,8.24378776550293,0.484928697347641,0.0,0.0,2,2
as_3-a-8_kv_kv-no2-3brd-chandigarh_06082025-000000-1_EN-OL-RC-235_1,3,him,him,c,23.28,23.67,HH IH M,c,0,HH IH M * SIL *,HH IH M,1164,1184,20,-0.5973668694496155,-0.623354971408844,-0.03116774931550026,-0.8051827549934387,-5.298095703125,-0.26490479707717896,3.90018722100649e-05,0.8465473651885986,0.04232736676931381,0.5881767868995667,23.47809600830078,1.1739047765731812,0.7748033404350281,19.764278411865234,0.9882138967514038,0.7056794166564941,16.261646270751953,0.8130823373794556,0.006902096327394247,1.1920502185821533,0.059602510184049606,0.9055378437042236,18.91278648376465,0.9456393122673035,0.1226135864853859,6.692272663116455,0.3346136212348938,0.6707358360290527,15.63903522491455,0.7819517850875854,0.2675513029098511,8.714162826538086,0.4357081353664398,0.0,0.0,3,3
as_3-a-8_kv_kv-no2-3brd-chandigarh_06082025-000000-1_EN-OL-RC-235_1,3,but,but,c,23.82,24.3,B AH T,c,0,B AH T *,B AH T,1191,1215,24,-0.5044037103652954,-0.5525944232940674,-0.023024767637252808,-0.7788428068161011,-4.763113975524902,-0.1984630823135376,1.5650397472199984e-05,0.9014958739280701,0.037562329322099686,0.5436670184135437,22.186830520629883,0.9244512915611267,0.8076775670051575,23.788185119628906,0.9911743998527527,0.6919399499893188,20.273704528808594,0.844737708568573,0.005471416283398867,2.5273866653442383,0.10530778020620346,0.8896854519844055,22.972375869750977,0.9571823477745056,0.0862143263220787,10.601736068725586,0.4417389929294586,0.6367149353027344,19.738113403320312,0.8224213719367981,0.2321620136499405,12.426392555236816,0.5177663564682007,0.0,0.0,3,3
as_3-a-8_kv_kv-no2-3brd-chandigarh_06082025-000000-1_EN-OL-RC-235_1,3,one,one,c,24.33,24.78,W AH N,c,0,W AH N *,W AH N,1216,1239,23,-0.025824520736932755,-0.028057876974344254,-0.0012199076591059566,-0.40663009881973267,-3.820514678955078,-0.1661093384027481,1.4741052837052848e-05,0.1394626647233963,0.00606359401717782,0.5759762525558472,20.544736862182617,0.8932494521141052,0.9895533919334412,22.988645553588867,0.9995063543319702,0.7314193248748779,19.56723403930664,0.8507493138313293,0.010665333829820156,2.318606376647949,0.10080897063016891,0.9209679961204529,22.1064453125,0.9611498117446899,0.17275212705135345,10.286794662475586,0.44725194573402405,0.707384467124939,19.103376388549805,0.8305816054344177,0.3112014830112457,12.03212833404541,0.5231360197067261,0.0,0.0,3,3
as_3-a-8_kv_kv-no2-3brd-chandigarh_06082025-000000-1_EN-OL-RC-235_1,3,day,day,c,24.78,25.14,D EY,c,0,D EY *,D EY,1239,1257,18,-0.006389183457940817,-0.007003896404057741,-0.00038910534931346774,-0.38866597414016724,-2.7099461555480957,-0.15055257081985474,1.9045437511522323e-05,0.04539220780134201,0.002521789399906993,0.5973635911941528,15.185504913330078,0.8436391353607178,0.9974091053009033,17.997159957885742,0.9998422265052795,0.721458375453949,15.400157928466797,0.8555643558502197,0.009012327529489994,1.9164352416992188,0.10646862536668777,0.9150182008743286,17.339523315429688,0.9633068442344666,0.15136118233203888,8.46925163269043,0.4705139696598053,0.6927926540374756,15.097738265991211,0.8387632369995117,0.293084979057312,9.726120948791504,0.5403400659561157,0.0,0.0,2,2
as_3-a-8_kv_kv-no2-3brd-chandigarh_06082025-000000-1_EN-OL-RC-235_1,3,the,the,c,25.14,25.44,DH AH,c,0,* DH AH *,DH AH,1257,1272,15,-0.06996180862188339,-0.10313165187835693,-0.006875443272292614,-0.4933779239654541,-3.3347830772399902,-0.2223188728094101,2.2693870050716214e-05,0.42179766297340393,0.02811984345316887,0.5740367770195007,15.590676307678223,1.0393784046173096,0.971854031085968,14.958419799804688,0.9972279667854309,0.749407947063446,12.501108169555664,0.8334072232246399,0.014456210657954216,1.148747444152832,0.07658316195011139,0.923417866230011,14.295692443847656,0.9530461430549622,0.18241563439369202,5.691450595855713,0.37943002581596375,0.7135751247406006,12.052457809448242,0.8034971952438354,0.3191986382007599,7.068668365478516,0.47124454379081726,0.0,0.0,2,2
as_3-a-8_kv_kv-no2-3brd-chandigarh_06082025-000000-1_EN-OL-RC-235_1,3,animals,animals,c,25.44,26.28,AE N AH M AH L Z,c,0,AE N IH M AH L Z *,AE N IH M AH L Z,1272,1314,42,-0.47283461689949036,-0.49109703302383423,-0.01169278658926487,-0.8686486482620239,-8.090271949768066,-0.1926255226135254,1.3282868167152628e-05,0.7928791046142578,0.01887807436287403,0.5520428419113159,40.278621673583984,0.9590147733688354,0.81901615858078,41.811614990234375,0.9955146312713623,0.693215012550354,35.290550231933594,0.8402512073516846,0.005590646993368864,3.9363467693328857,0.09372254461050034,0.8767430782318115,40.1788215637207,0.9566386342048645,0.06466947495937347,17.926631927490234,0.42682456970214844,0.6112101078033447,34.3897705078125,0.8188040852546692,0.20849595963954926,21.263853073120117,0.5062822103500366,2.8059285653833057,1.0,7,7
as_3-a-8_kv_kv-no2-3brd-chandigarh_06082025-000000-1_EN-OL-RC-235_1,3,were,were,c,26.28,26.61,W AH R,c,0,W AH R *,W AH R,1314,1331,17,-0.013012846931815147,-0.014811770990490913,-0.0008712806738913059,-0.6285891532897949,-3.127990484237671,-0.1839994341135025,1.766371315170545e-05,0.09521884471178055,0.00560110853984952,0.5287714004516602,15.999688148498535,0.9411581158638,0.9947274923324585,16.99399757385254,0.9996469020843506,0.672899603843689,14.343005180358887,0.8437061905860901,0.003965487238019705,1.7115825414657593,0.10068132728338242,0.8777675628662109,16.280393600463867,0.9576702117919922,0.06615834683179855,7.423089981079102,0.43665236234664917,0.6131622791290283,13.983402252197266,0.8225530982017517,0.2102268785238266,8.733654022216797,0.5137443542480469,0.0,0.0,3,3
as_3-a-8_kv_kv-no2-3brd-chandigarh_06082025-000000-1_EN-OL-RC-235_1,3,angry,angry,c,26.61,27.12,AE NG G R IY,c,0,AE NG R IY,AE NG R IY,1330,1356,26,-0.06361064314842224,-0.07399757206439972,-0.0028460605535656214,-0.7324073910713196,-5.4685516357421875,-0.21032890677452087,2.2904647266841494e-05,0.31356382369995117,0.012060146778821945,0.6178649663925171,27.110759735107422,1.0427215099334717,0.9743888974189758,25.97017478942871,0.9988528490066528,0.6548529863357544,21.555156707763672,0.8290444612503052,0.002922738203778863,2.005258560180664,0.07712532579898834,0.8629060983657837,24.766773223876953,0.9525681734085083,0.04755396768450737,10.205463409423828,0.3925178349018097,0.5858620405197144,20.938932418823242,0.8053435683250427,0.1871572732925415,12.462944984436035,0.47934404015541077,3.5357451304938885,1.0,5,4
as_3-a-8_kv_kv-no2-3brd-chandigarh_06082025-000000-1_EN-OL-RC-235_1,3,with,with,c,27.12,27.45,W IH DH,c,0,* W IH DH *,W IH DH,1356,1373,17,-0.6263634562492371,-1.7411518096923828,-0.10242069512605667,-0.826973021030426,-5.408607482910156,-0.31815338134765625,2.768526246654801e-05,2.0677740573883057,0.12163376808166504,0.5994934439659119,20.120990753173828,1.183587670326233,0.7647047638893127,16.342647552490234,0.9613322019577026,0.6939259767532349,13.809175491333008,0.8123044371604919,0.005658245179802179,1.0310616493225098,0.06065068393945694,0.9030534029006958,16.023313522338867,0.9425478577613831,0.11602896451950073,5.50063419342041,0.3235667049884796,0.6651793718338013,13.164433479309082,0.7743784189224243,0.2614519000053406,7.251443386077881,0.42655548453330994,0.0,0.0,3,3
as_3-a-8_kv_kv-no2-3brd-chandigarh_06082025-000000-1_EN-OL-RC-235_1,3,him,him,c,27.45,27.84,HH IH M,c,0,HH IH M * SIL *,HH IH M,1372,1392,20,-0.008536611683666706,-0.012896950356662273,-0.0006448475178331137,-0.43460017442703247,-4.139495372772217,-0.20697477459907532,4.4722139136865735e-05,0.08610489219427109,0.0043052444234490395,0.5994934439659119,21.116300582885742,1.0558149814605713,0.9965392351150513,19.994770050048828,0.9997385144233704,0.7099176645278931,16.541614532470703,0.8270807266235352,0.007414814550429583,1.5871362686157227,0.07935681194067001,0.9093838930130005,19.052692413330078,0.9526346325874329,0.13355155289173126,7.816476821899414,0.3908238410949707,0.6795161962509155,16.097354888916016,0.8048677444458008,0.27745816111564636,9.57817268371582,0.47890862822532654,0.0,0.0,3,3
as_3-a-8_kv_kv-no2-3brd-chandigarh_06082025-000000-1_EN-OL-RC-235_1,3,because,because,c,28.35,28.98,B IH K AO Z,c,0,B IH K AO Z *,B IH K AO Z,1417,1449,32,-0.01979758031666279,-0.027447525411844254,-0.0008577351691201329,-0.5284008979797363,-5.597525119781494,-0.1749226599931717,2.4930983272497542e-05,0.15037567913532257,0.00469923997297883,0.5952553153038025,29.913286209106445,0.9347901940345764,0.9919853210449219,31.98888397216797,0.999652624130249,0.6878634691238403,26.974956512451172,0.8429673910140991,0.00510702608153224,3.0136523246765137,0.09417663514614105,0.8943856954574585,30.675609588623047,0.9586127996444702,0.09570448100566864,13.957956314086914,0.43618613481521606,0.646460235118866,26.369226455688477,0.8240383267402649,0.24183271825313568,16.438827514648438,0.5137133598327637,0.0,0.0,5,5
as_3-a-8_kv_kv-no2-3brd-chandigarh_06082025-000000-1_EN-OL-RC-235_1,3,he,he,c,28.98,29.25,HH IY,c,0,HH IY,HH IY,1449,1463,14,-0.34806689620018005,-0.5737480521202087,-0.04098200425505638,-0.7246401309967041,-3.7097015380859375,-0.26497867703437805,3.4128384868381545e-05,1.1700618267059326,0.08357584476470947,0.6311126351356506,14.999221801757812,1.0713729858398438,0.8647146821022034,13.775404930114746,0.9839574694633484,0.7010447978973389,11.578214645385742,0.8270153403282166,0.006381922401487827,1.073194980621338,0.0766567811369896,0.8967514634132385,13.27413558959961,0.9481525421142578,0.10086933523416519,5.2169575691223145,0.37263983488082886,0.6514703631401062,11.11011791229248,0.7935798764228821,0.24694672226905823,6.489648818969727,0.4635463356971741,0.0,0.0,2,2
as_3-a-8_kv_kv-no2-3brd-chandigarh_06082025-000000-1_EN-OL-RC-235_1,3,was,was,c,29.25,29.67,W AA Z,c,0,* W AO Z *,W AO Z,1462,1484,22,-0.34806689620018005,-0.3612291216850281,-0.016419505700469017,-0.7246401309967041,-4.997740745544434,-0.22717003524303436,2.849522206815891e-05,0.6948133111000061,0.03158242255449295,0.643105149269104,23.60634994506836,1.0730159282684326,0.8647146821022034,21.859378814697266,0.9936081171035767,0.6860754489898682,18.153562545776367,0.8251619338989258,0.004954956471920013,1.6355525255203247,0.07434329390525818,0.9015219807624817,20.920839309692383,0.9509472250938416,0.11214759945869446,8.299120903015137,0.37723276019096375,0.6617981195449829,17.586227416992188,0.799373984336853,0.25780317187309265,10.303971290588379,0.46836233139038086,0.406100786224316,1.0,3,3
as_3-a-8_kv_kv-no2-3brd-chandigarh_06082025-000000-1_EN-OL-RC-235_1,3,proud,proud,c,29.67,30.18,P R AW D,c,0,* P R AW D *,P R AW D,1483,1509,26,-0.02783939428627491,-0.05161677300930023,-0.0019852605182677507,-0.6192120909690857,-5.479529857635498,-0.21075114607810974,2.0666871932917275e-05,0.25766879320144653,0.009910338558256626,0.5951266884803772,27.710704803466797,1.0657963752746582,0.9887410998344421,25.979110717773438,0.9991965889930725,0.6648008823394775,21.428668975830078,0.8241795897483826,0.003458057763054967,1.865742564201355,0.07175932824611664,0.877778172492981,24.74713134765625,0.951812744140625,0.06617388874292374,9.937557220458984,0.3822137415409088,0.6131824851036072,20.852008819580078,0.8020003437995911,0.21024486422538757,12.269530296325684,0.47190502285957336,0.0,0.0,4,4
as_3-a-8_kv_kv-no2-3brd-chandigarh_06082025-000000-1_EN-OL-RC-235_1,3,and,and,c,30.21,30.63,AH N D,c,0,AE N D *,AE N D,1510,1532,22,-0.6692950129508972,-1.3031713962554932,-0.05923506245017052,-0.8267022967338562,-4.730297088623047,-0.2150135040283203,1.4440464838116895e-05,1.420923113822937,0.06458741426467896,0.5423418283462524,20.048803329467773,0.9113092422485352,0.749886691570282,21.511699676513672,0.9778045415878296,0.7092087268829346,18.66559410095215,0.8484361171722412,0.007326472084969282,2.2971408367156982,0.10441549122333527,0.9038643836975098,21.066822052001953,0.9575828313827515,0.11813858151435852,9.660619735717773,0.4391190707683563,0.6669834852218628,18.097980499267578,0.8226354718208313,0.2634180188179016,11.356558799743652,0.516207218170166,2.95656721210025,1.0,3,3
as_3-a-8_kv_kv-no2-3brd-chandigarh_06082025-000000-1_EN-OL-RC-235_1,3,they,they,c,30.63,31.11,DH EY,c,0,DH EY * SIL *,DH EY,1531,1556,25,-0.008059467189013958,-0.010635051876306534,-0.00042540207505226135,-0.3854524791240692,-4.1395158767700195,-0.1655806303024292,2.5632738470449112e-05,0.07126617431640625,0.002850647084414959,0.5935361981391907,22.514610290527344,0.9005843997001648,0.9967324733734131,24.99568748474121,0.99982750415802,0.7182013988494873,21.21787452697754,0.8487150073051453,0.008529487997293472,2.470012903213501,0.09880051761865616,0.9161987900733948,24.016761779785156,0.9606704711914062,0.15538381040096283,11.183972358703613,0.4473589062690735,0.6956397891044617,20.743610382080078,0.8297443985939026,0.2965407967567444,13.069270133972168,0.5227708220481873,0.0,0.0,2,2
as_3-a-8_kv_kv-no2-3brd-chandigarh_06082025-000000-1_EN-OL-RC-235_1,3,ran,ran,c,31.32,31.77,R AE N,c,0,R AE N *,R AE N,1566,1589,23,-0.581380307674408,-0.9046632051467896,-0.03933318331837654,-0.9920581579208374,-5.283178329467773,-0.2297034114599228,1.4103075955063105e-05,1.400038242340088,0.06087122857570648,0.552650511264801,22.318220138549805,0.9703574180603027,0.7804023623466492,22.65374755859375,0.98494553565979,0.6623632907867432,19.286876678466797,0.8385598659515381,0.0033184390049427748,2.2840471267700195,0.09930639714002609,0.8540310859680176,21.91651153564453,0.9528918266296387,0.03904378414154053,9.774893760681152,0.42499539256095886,0.5705242156982422,18.681529998779297,0.8122404217720032,0.1752159148454666,11.572240829467773,0.503140926361084,0.0,0.0,3,3
as_3-a-8_kv_kv-no2-3brd-chandigarh_06082025-000000-1_EN-OL-RC-235_1,3,away,away,c,31.8,32.34,AH W EY,c,0,AH W EY * SIL *,AH W EY,1590,1618,28,-0.01175936870276928,-0.017195602878928185,-0.0006141286576166749,-0.4566153883934021,-4.956955909729004,-0.1770341396331787,2.1523635950870812e-05,0.11624687165021896,0.00415167398750782,0.5734755992889404,26.131351470947266,0.9332625269889832,0.9952347278594971,27.99302864074707,0.9997510313987732,0.7038888335227966,23.643068313598633,0.8443952798843384,0.006696282420307398,2.7089571952819824,0.0967484712600708,0.9041595458984375,26.844409942626953,0.9587289094924927,0.11891581863164902,12.21146297454834,0.43612366914749146,0.66764235496521,23.07701873779297,0.8241792321205139,0.2641395330429077,14.393163681030273,0.514041543006897,0.0,0.0,3,3
as_3-a-8_kv_kv-no2-3brd-chandigarh_06082025-000000-1_EN-OL-RC-235_1,3,the,the,c,32.67,32.94,DH AH,c,0,DH AH *,DH AH,1633,1647,14,-0.0212964229285717,-0.05543637275695801,-0.003959740977734327,-0.5176771283149719,-2.9707367420196533,-0.212195485830307,2.2082025679992512e-05,0.2786845266819,0.01990603841841221,0.6147416234016418,14.117895126342773,1.0084210634231567,0.9913802742958069,13.977556228637695,0.9983968734741211,0.7277569770812988,11.70572280883789,0.8361230492591858,0.01002498622983694,1.1967847347259521,0.08548462390899658,0.9034117460250854,13.356720924377441,0.9540514945983887,0.11695650219917297,5.603526592254639,0.4002518951892853,0.6659754514694214,11.327945709228516,0.8091389536857605,0.26231780648231506,6.810953140258789,0.4864966571331024,0.0,0.0,2,2
as_3-a-8_kv_kv-no2-3brd-chandigarh_06082025-000000-1_EN-OL-RC-235_1,3,peacock,peacock,c,32.94,33.45,P IY K AA K,c,0,* P IH K AO K *,P IH K AO K,1646,1673,27,-0.34258797764778137,-0.5042740702629089,-0.018676817417144775,-0.8428767919540405,-6.797614097595215,-0.2517634928226471,2.5240840841433965e-05,1.2118722200393677,0.04488415643572807,0.6072242856025696,30.16953468322754,1.1173901557922363,0.8667542338371277,26.801725387573242,0.9926564693450928,0.6677227020263672,22.1081600189209,0.8188207149505615,0.003633165266364813,1.878818154335022,0.06958585977554321,0.8679749965667725,25.564125061035156,0.9468194246292114,0.05322267860174179,9.813577651977539,0.3634658455848694,0.5949351191520691,21.326261520385742,0.7898615598678589,0.19455839693546295,12.309011459350586,0.4558893144130707,3.650352984817883,2.0,5,5
as_3-a-8_kv_kv-no2-3brd-chandigarh_06082025-000000-1_EN-OL-RC-235_1,3,shouted,shouted,c,33.45,34.29,SH AW T AH D,c,0,* SH AW T EH D * SIL *,SH AW T EH D,1672,1715,43,-0.016064360737800598,-0.038031838834285736,-0.0008844613912515342,-0.6848085522651672,-8.618586540222168,-0.20043224096298218,2.059891812677961e-05,0.2393653839826584,0.00556663703173399,0.581864595413208,43.86894989013672,1.0202081203460693,0.9934935569763184,42.984588623046875,0.9996415972709656,0.6279562711715698,35.75579071044922,0.8315300345420837,0.0018548102816566825,3.579528570175171,0.08324485272169113,0.8604313135147095,41.017333984375,0.9538915157318115,0.045009881258010864,17.390867233276367,0.4044387638568878,0.5815167427062988,34.82347106933594,0.8098481893539429,0.1837027668952942,21.020526885986328,0.4888494610786438,3.069714006777209,1.0,5,5
as_3-a-8_kv_kv-no2-3brd-chandigarh_06082025-000000-1_EN-OL-RC-235_1,3,and,and,c,36.33,36.78,AH N D,c,0,AE N D *,AE N D,1816,1839,23,-0.2990282475948334,-0.3312247395515442,-0.014401075430214405,-0.7003980875015259,-4.240036487579346,-0.1843494176864624,1.3458874491334427e-05,0.7323033213615417,0.0318392738699913,0.5324479937553406,20.363292694091797,0.8853605389595032,0.8830698728561401,22.87004280090332,0.9943496584892273,0.7081397175788879,19.582469940185547,0.851411759853363,0.00719524547457695,2.540363311767578,0.11045058071613312,0.9027764797210693,22.071008682250977,0.9596090912818909,0.11531724780797958,10.455096244812012,0.45456939935684204,0.6645654439926147,19.069326400756836,0.8291011452674866,0.26078593730926514,12.151169776916504,0.5283117294311523,2.95656721210025,1.0,3,3
as_3-a-8_kv_kv-no2-3brd-chandigarh_06082025-000000-1_EN-OL-RC-235_1,3,shouted,shouted,c,36.78,37.47,SH AW T AH D,c,0,SH AW T EH D * SIL *,SH AW T EH D,1839,1874,35,-0.518194854259491,-0.6380353569984436,-0.01822958141565323,-0.9938004016876221,-8.78388500213623,-0.2509681284427643,1.861037344497163e-05,1.3012357950210571,0.0371781662106514,0.5581875443458557,39.686092376708984,1.1338883638381958,0.8027522563934326,34.75444412231445,0.9929841160774231,0.6446208357810974,28.553546905517578,0.8158156275749207,0.002458441536873579,2.3567090034484863,0.06733454018831253,0.8613887429237366,33.121864318847656,0.946338951587677,0.04597754031419754,12.558281898498535,0.3588080406188965,0.5831913948059082,27.5837345123291,0.7881066799163818,0.18502728641033173,15.837079048156738,0.452487975358963,3.069714006777209,1.0,5,5
as_3-a-8_kv_kv-no2-3brd-chandigarh_06082025-000000-1_EN-OL-RC-235_1,3,all,all,c,37.62,38.16,AO L,c,0,AO L * SIL,AO L,1880,1908,28,-0.00277193752117455,-0.008580663241446018,-0.0003064522461500019,-0.4449979066848755,-4.451310157775879,-0.15897536277770996,1.6264631994999945e-05,0.06531956046819687,0.0023328415118157864,0.6099313497543335,24.495576858520508,0.8748420476913452,0.9988754391670227,27.996519088745117,0.9998756647109985,0.7197301983833313,23.86356544494629,0.8522701859474182,0.008752820082008839,2.8061587810516357,0.1002199575304985,0.9087085723876953,26.93424415588379,0.9619373083114624,0.13156282901763916,12.772676467895508,0.4561670124530792,0.6779584884643555,23.343294143676758,0.8336890935897827,0.2756761908531189,14.821151733398438,0.529326856136322,0.0,0.0,2,2
as_3-a-8_kv_kv-no2-3brd-chandigarh_06082025-000000-1_EN-OL-RC-235_1,3,day,day,c,38.19,38.58,D EY,c,0,* D EY *,D EY,1909,1929,20,-0.009337191469967365,-0.013249036855995655,-0.0006624518427997828,-0.4757557511329651,-3.6769275665283203,-0.1838463842868805,2.103895167238079e-05,0.08618232607841492,0.004309116397053003,0.6305047869682312,19.337406158447266,0.9668703079223633,0.9962151050567627,19.99462890625,0.9997314214706421,0.700674295425415,16.796913146972656,0.8398456573486328,0.006342072039842606,1.6997652053833008,0.08498825877904892,0.9013711214065552,19.145801544189453,0.9572900533676147,0.11177229136228561,8.380829811096191,0.4190414845943451,0.6614667177200317,16.370655059814453,0.8185327649116516,0.25744813680648804,10.011608123779297,0.5005804300308228,0.0,0.0,2,2
as_3-a-8_kv_kv-no2-3brd-chandigarh_06082025-000000-1_EN-OL-RC-235_1,3,long,long,c,38.58,39.09,L AO NG,c,0,* L AO NG *,L AO NG,1928,1955,27,-0.04199884459376335,-0.0752313882112503,-0.0027863476425409317,-0.5704763531684875,-5.992944240570068,-0.2219609022140503,2.8812459277105518e-05,0.35384565591812134,0.013105394318699837,0.6505162715911865,29.579639434814453,1.0955421924591064,0.9830447435379028,26.969587326049805,0.9988735914230347,0.712957501411438,22.188194274902344,0.8217849731445312,0.0078058489598333836,1.8481944799423218,0.0684516504406929,0.8956618309020996,25.66021728515625,0.95037841796875,0.0984567329287529,9.973636627197266,0.3693939447402954,0.6491538286209106,21.51751708984375,0.7969450950622559,0.24456994235515594,12.48194408416748,0.46229422092437744,0.0,0.0,3,3
as_3-a-8_kv_kv-no2-3brd-chandigarh_06082025-000000-1_EN-OL-RC-235_1,3,hoping,hoping,c,39.09,39.75,HH OW P IH NG,s,1,* HH AO P IH NG *,HH AO P IH NG,1954,1988,34,-0.04199884459376335,-0.06535042822360992,-0.0019220714457333088,-0.5704763531684875,-7.627081394195557,-0.22432592511177063,3.6478792026173323e-05,0.31373241543769836,0.009227423928678036,0.6746186017990112,37.866085052490234,1.1137083768844604,0.9830447435379028,33.97358322143555,0.9992230534553528,0.6668320894241333,27.878007888793945,0.8199414014816284,0.003578872885555029,2.224003791809082,0.06541187316179276,0.8867228627204895,32.28939437866211,0.9496880769729614,0.08072234690189362,12.366052627563477,0.36370742321014404,0.630709707736969,27.020925521850586,0.7947331070899963,0.22637996077537537,15.558642387390137,0.45760712027549744,3.8512170750087504,1.0,5,5
as_3-a-8_kv_kv-no2-3brd-chandigarh_06082025-000000-1_EN-OL-RC-235_1,3,for,for,c,39.75,40.26,F AO R,c,0,* F AO R * SIL,F AO R,1987,2013,26,-0.002770025050267577,-0.007169664837419987,-0.0002757563488557935,-0.4351939558982849,-4.858136177062988,-0.1868513971567154,2.475800101819914e-05,0.05995327606797218,0.002305895322933793,0.5745452046394348,25.367080688476562,0.9756569266319275,0.9988762140274048,25.997093200683594,0.9998881816864014,0.7187193632125854,21.816030502319336,0.8390780687332153,0.008604509755969048,2.465754747390747,0.09483671933412552,0.90920090675354,24.874940872192383,0.9567285180091858,0.13300976157188416,11.003406524658203,0.42320793867111206,0.6790934801101685,21.27194595336914,0.8181517720222473,0.27697354555130005,13.110994338989258,0.504269003868103,0.0,0.0,3,3
as_3-a-8_kv_kv-no2-3brd-chandigarh_06082025-000000-1_EN-OL-RC-235_1,3,them,them,c,40.56,41.01,DH EH M,c,0,DH EH M * SIL *,DH EH M,2028,2051,23,-0.010507399216294289,-0.015780169516801834,-0.0006860943394713104,-0.4485400319099426,-4.344920635223389,-0.1889095902442932,2.58754789683735e-05,0.10747205466032028,0.004672698210924864,0.5641525983810425,22.453439712524414,0.9762365221977234,0.9957413673400879,22.993602752685547,0.999721884727478,0.7189885377883911,19.2956600189209,0.838941752910614,0.008643750101327896,2.112308979034424,0.09183952212333679,0.9080146551132202,22.000822067260742,0.9565574526786804,0.12954995036125183,9.666375160217285,0.4202771782875061,0.6763648986816406,18.798583984375,0.8173297643661499,0.27386412024497986,11.54285717010498,0.5018633604049683,0.0,0.0,3,3
as_3-a-8_kv_kv-no2-3brd-chandigarh_06082025-000000-1_EN-OL-RC-235_1,3,to,to,c,41.22,41.52,T UW,c,0,T UW *,T UW,2061,2076,15,-0.0027971607632935047,-0.0035718553699553013,-0.00023812368453945965,-0.35289227962493896,-2.7104482650756836,-0.1806965470314026,1.8727645510807633e-05,0.027658069506287575,0.0018438713159412146,0.5571708083152771,14.724405288696289,0.9816270470619202,0.9988651871681213,14.998550415039062,0.9999033808708191,0.7400342226028442,12.546497344970703,0.8364331722259521,0.012337541207671165,1.2723524570465088,0.08482349663972855,0.9224548935890198,14.356245040893555,0.957082986831665,0.1785544604063034,6.222010135650635,0.4148006737232208,0.7111287117004395,12.259214401245117,0.8172809481620789,0.31601566076278687,7.471332550048828,0.4980888366699219,0.0,0.0,2,2
as_3-a-8_kv_kv-no2-3brd-chandigarh_06082025-000000-1_EN-OL-RC-235_1,3,come,come,c,41.52,41.82,K AH M,c,0,* K AH M *,K AH M,2076,2091,15,-0.0026993195060640574,-0.004965394735336304,-0.0003310263273306191,-0.3482891917228699,-2.8118464946746826,-0.1874564290046692,2.5245890356018208e-05,0.03900347650051117,0.002600231673568487,0.5427115559577942,14.838505744934082,0.9892337322235107,0.9989048838615417,14.99798583984375,0.999865710735321,0.7422857880592346,12.564897537231445,0.8376598358154297,0.012816241942346096,1.295959234237671,0.08639728277921677,0.9232997298240662,14.350371360778809,0.9566914439201355,0.18193762004375458,6.165283203125,0.41101887822151184,0.7132741212844849,12.238255500793457,0.8158836960792542,0.31880542635917664,7.428854942321777,0.4952569901943207,0.0,0.0,3,3
as_3-a-8_kv_kv-no2-3brd-chandigarh_06082025-000000-1_EN-OL-RC-235_1,3,back,back,c,41.82,42.15,B AE K,c,0,B AE K *,B AE K,2091,2108,17,-0.20136767625808716,-0.23978763818740845,-0.014105155132710934,-0.7176933288574219,-4.254456996917725,-0.25026217103004456,4.609511961461976e-05,0.6708767414093018,0.039463337510824203,0.6031835079193115,19.188756942749023,1.1287504434585571,0.9203014969825745,16.904752731323242,0.9943972229957581,0.7031769752502441,13.905577659606934,0.8179751634597778,0.006616172846406698,1.1515792608261108,0.06773995608091354,0.8855351209640503,16.102264404296875,0.9471920132637024,0.07862001657485962,6.038722038269043,0.35521894693374634,0.6283308267593384,13.407217979431152,0.7886598706245422,0.22412605583667755,7.663076877593994,0.45076921582221985,0.0,0.0,3,3
as_3-a-8_kv_kv-no2-3brd-chandigarh_06082025-000000-1_EN-OL-RC-235_1,3,but,but,c,42.15,42.57,B AH T,c,0,* B AH T * SIL,B AH T,2107,2129,22,-0.019640494138002396,-0.037985529750585556,-0.001726615009829402,-0.42373818159103394,-4.826101779937744,-0.21936826407909393,1.9798204448306933e-05,0.2198711633682251,0.0099941436201334,0.5492353439331055,23.627628326416016,1.073983073234558,0.9920487403869629,21.984607696533203,0.9993003606796265,0.7349570989608765,18.197298049926758,0.8271499276161194,0.011322705075144768,1.667386770248413,0.07579030841588974,0.9198999404907227,20.93865394592285,0.95175701379776,0.16870108246803284,8.279031753540039,0.37631961703300476,0.704719603061676,17.612430572509766,0.8005650043487549,0.3078169822692871,10.308810234069824,0.46858227252960205,0.0,0.0,3,3
as_3-a-8_kv_kv-no2-3brd-chandigarh_06082025-000000-1_EN-OL-RC-235_1,3,the,the,c,42.72,43.17,DH AH,c,0,DH AH * SIL *,DH AH,2136,2159,23,-0.04527737945318222,-0.11342334747314453,-0.004931449890136719,-0.6222964525222778,-4.755059242248535,-0.20674170553684235,2.291601413162425e-05,0.5062247514724731,0.022009771317243576,0.5803767442703247,22.68268394470215,0.986203670501709,0.9817286133766174,22.954179763793945,0.9980078339576721,0.7205100059509277,19.272153854370117,0.8379197120666504,0.008868982084095478,2.088129997253418,0.09078826010227203,0.8915267586708069,21.95722007751465,0.9546617269515991,0.08981451392173767,9.511116981506348,0.41352683305740356,0.6405002474784851,18.693286895751953,0.8127515912055969,0.23587557673454285,11.408055305480957,0.4960024058818817,0.0,0.0,2,2
as_3-a-8_kv_kv-no2-3brd-chandigarh_06082025-000000-1_EN-OL-RC-235_1,3,animals,animals,c,43.47,44.13,AE N AH M AH L Z,c,0,AE N IH M AH L Z *,AE N IH M AH L Z,2173,2207,34,-0.38866183161735535,-0.3931082487106323,-0.01156200747936964,-0.7291549444198608,-6.57925271987915,-0.19350743293762207,2.9783277568640187e-05,0.6691403985023499,0.019680600613355637,0.6007870435714722,33.274574279785156,0.9786639213562012,0.8496893048286438,33.84788513183594,0.9955260157585144,0.705689549446106,28.483827590942383,0.8377596139907837,0.006903281435370445,2.9440481662750244,0.08658964931964874,0.9053696393966675,32.514495849609375,0.9563087224960327,0.12215618044137955,14.126330375671387,0.4154803156852722,0.6703567504882812,27.745906829833984,0.8160560727119446,0.26713109016418457,16.92940902709961,0.4979237914085388,2.8059285653833057,1.0,7,7
as_3-a-8_kv_kv-no2-3brd-chandigarh_06082025-000000-1_EN-OL-RC-235_1,3,did,did,c,44.13,44.46,D IH D,c,0,D IH D *,D IH D,2206,2223,17,-0.38866183161735535,-0.39044857025146484,-0.022967562079429626,-0.7291549444198608,-3.642615556716919,-0.21427150070667267,2.8959871997358277e-05,0.6460268497467041,0.03800157830119133,0.6200253963470459,17.27602767944336,1.0162369012832642,0.8496893048286438,16.84896469116211,0.9911155700683594,0.725749671459198,14.182353973388672,0.834256112575531,0.009690480306744576,1.3423335552215576,0.07896079868078232,0.9069195985794067,16.220012664794922,0.9541183710098267,0.12643621861934662,6.71878719329834,0.3952227830886841,0.6738649606704712,13.74287223815918,0.808404266834259,0.2710437774658203,8.2003812789917,0.4823753833770752,0.0,0.0,3,3
as_3-a-8_kv_kv-no2-3brd-chandigarh_06082025-000000-1_EN-OL-RC-235_1,3,not,not,c,44.46,44.82,N AA T,c,0,* N AO T *,N AO T,2223,2241,18,-0.2616027593612671,-0.271068811416626,-0.015059377998113632,-0.6553200483322144,-3.880176067352295,-0.21556533873081207,2.2581376470043324e-05,0.6026080846786499,0.03347822651267052,0.5840270519256592,18.396821975708008,1.022045612335205,0.8972305059432983,17.89339256286621,0.9940773844718933,0.7317558526992798,15.000036239624023,0.8333353400230408,0.010726183652877808,1.4717206954956055,0.08176226168870926,0.9112257361412048,17.16419792175293,0.9535665512084961,0.13912998139858246,7.107827663421631,0.3948793113231659,0.6838007569313049,14.531400680541992,0.8073000311851501,0.2824147045612335,8.679551124572754,0.48219728469848633,0.406100786224316,1.0,3,3
as_3-a-8_kv_kv-no2-3brd-chandigarh_06082025-000000-1_EN-OL-RC-235_1,3,come,come,c,44.82,45.15,K AH M,c,0,* K AH M *,K AH M,2241,2258,17,-0.010486859828233719,-0.012540148571133614,-0.0007376557914540172,-0.36359500885009766,-3.071342945098877,-0.1806672364473343,2.2009466192685068e-05,0.07689400762319565,0.004523176699876785,0.5475804209709167,16.181882858276367,0.9518754482269287,0.9957496523857117,16.994916915893555,0.9997010231018066,0.7305425405502319,14.318708419799805,0.8422769904136658,0.010508407838642597,1.6156666278839111,0.09503921121358871,0.9194229245185852,16.288209915161133,0.9581300020217896,0.16692259907722473,7.270902156829834,0.42770013213157654,0.7035359740257263,13.965673446655273,0.8215101957321167,0.3063247501850128,8.637041091918945,0.5080612301826477,0.0,0.0,3,3
as_3-a-8_kv_kv-no2-3brd-chandigarh_06082025-000000-1_EN-OL-RC-235_1,3,back,back,c,45.15,45.66,B AE K,c,0,* B AE K * SIL,B AE K,2257,2283,26,-0.010486859828233719,-0.021356550976634026,-0.0008214057888835669,-0.5120121240615845,-5.051263332366943,-0.19427935779094696,1.9035900550079532e-05,0.13828283548355103,0.005318570416420698,0.5732568502426147,25.90013313293457,0.9961589574813843,0.9957496523857117,25.99134063720703,0.9996669292449951,0.6867964267730713,21.711191177368164,0.8350458145141602,0.005015726666897535,2.2605695724487305,0.08694498240947723,0.8943219780921936,24.836368560791016,0.9552449584007263,0.09556906670331955,10.746678352355957,0.4133337736129761,0.6463263034820557,21.158552169799805,0.8137904405593872,0.241697296500206,12.891434669494629,0.49582439661026,0.0,0.0,3,3
gw_3-a-2_kv_kv-no2-crpf-langjing-imphal_22082024-000000-1_EN-OL-RC-235_2,3,soon,soon,c,0.99,1.86,S UW N,c,0,S UW N * SIL,S UW N,49,93,44,-0.0013315001269802451,-0.003029285464435816,-6.884739559609443e-05,-0.48604053258895874,-5.810955047607422,-0.13206715881824493,1.6220581528614275e-05,0.02747790887951851,0.0006244979449547827,0.5765131711959839,34.2199821472168,0.7777268886566162,0.9994596242904663,43.9987678527832,0.9999719858169556,0.6921337246894836,38.00922393798828,0.8638460040092468,0.005489372182637453,5.238042831420898,0.11904642730951309,0.8982603549957275,42.52452850341797,0.9664665460586548,0.10430824756622314,21.978479385375977,0.49951088428497314,0.6547039747238159,37.389915466308594,0.8497707843780518,0.250299870967865,24.76065444946289,0.5627421736717224,0.0,0.0,3,3
gw_3-a-2_kv_kv-no2-crpf-langjing-imphal_22082024-000000-1_EN-OL-RC-235_2,3,his,his,c,2.34,3.24,HH IH Z,c,0,HH IH Z * SIL *,HH IH Z,116,162,46,-0.3768954873085022,-0.401642769575119,-0.008731364272534847,-0.8852808475494385,-8.818244934082031,-0.1917009800672531,1.3989426406624261e-05,0.8154710531234741,0.017727632075548172,0.5481826066970825,44.106788635253906,0.9588432312011719,0.8540286421775818,45.843994140625,0.996608555316925,0.6856579780578613,38.68696594238281,0.8410210013389587,0.004920111037790775,4.191348552703857,0.0911162719130516,0.8695300221443176,44.00923156738281,0.9567224383354187,0.05509354919195175,19.556468963623047,0.4251406192779541,0.5977665185928345,37.66120529174805,0.8187218308448792,0.1969211995601654,23.222530364990234,0.5048376321792603,0.0,0.0,3,3
gw_3-a-2_kv_kv-no2-crpf-langjing-imphal_22082024-000000-1_EN-OL-RC-235_2,3,voice,voice,c,3.33,4.05,V OY S,c,0,W OY S * SIL *,W OY S,166,203,37,-0.16265298426151276,-0.23792007565498352,-0.006430272478610277,-0.6724729537963867,-7.919598579406738,-0.21404320001602173,2.6539686587057076e-05,0.7572079300880432,0.020465079694986343,0.7075839042663574,38.499427795410156,1.0405250787734985,0.9353142380714417,36.904964447021484,0.9974314570426941,0.626216471195221,30.614723205566406,0.827424943447113,0.0018010474741458893,2.792046546936035,0.07546071708202362,0.8614367842674255,35.21710968017578,0.9518137574195862,0.04602666571736336,14.596799850463867,0.39450809359550476,0.5832756161689758,29.765052795410156,0.804460883140564,0.1850941777229309,17.75946044921875,0.47998541593551636,0.9200152371878334,1.0,3,3
gw_3-a-2_kv_kv-no2-crpf-langjing-imphal_22082024-000000-1_EN-OL-RC-235_2,3,became,became,c,4.14,4.92,B IH K EY M,c,0,B IH G AE N *,B IH G AE N,206,246,40,-0.3572866916656494,-0.5726242661476135,-0.014315607026219368,-1.1459450721740723,-11.895477294921875,-0.29738694429397583,3.070244565606117e-05,1.6368955373764038,0.040922388434410095,0.6677943468093872,50.28450012207031,1.2571125030517578,0.8612887263298035,39.77463912963867,0.9943659901618958,0.5547735691070557,31.988521575927734,0.7997130155563354,0.0005381925730034709,2.2326953411102295,0.0558173842728138,0.7907524108886719,37.501834869384766,0.937545895576477,0.009571481496095657,12.799515724182129,0.3199878931045532,0.47723037004470825,30.651697158813477,0.7662924528121948,0.11591348797082901,16.81071662902832,0.42026790976524353,16.021504272064167,3.0,5,5
gw_3-a-2_kv_kv-no2-crpf-langjing-imphal_22082024-000000-1_EN-OL-RC-235_2,3,bad,bad,c,5.13,5.76,B AE D,c,0,B AE TH * SIL *,B AE TH,256,288,32,-0.6785474419593811,-1.3495413064956665,-0.04217316582798958,-1.508481502532959,-9.1812162399292,-0.2869130074977875,4.212974454276264e-05,1.996074914932251,0.06237734109163284,0.6684170365333557,37.49473571777344,1.17171049118042,0.7467141151428223,31.491899490356445,0.9841218590736389,0.4798516631126404,25.903499603271484,0.8094843626022339,0.00015161374176386744,2.018702745437622,0.06308446079492569,0.7195079922676086,30.087099075317383,0.9402218461036682,0.0019658233504742384,11.211644172668457,0.3503638803958893,0.39547795057296753,24.912498474121094,0.7785155773162842,0.07878942787647247,14.165903091430664,0.44268447160720825,9.661927391906842,1.0,3,3
gw_3-a-2_kv_kv-no2-crpf-langjing-imphal_22082024-000000-1_EN-OL-RC-235_2,3,days,days,c,6.33,7.08,D EY Z,c,0,DH EY S *,DH EY S,316,354,38,-0.5548616647720337,-0.7112546563148499,-0.01871722750365734,-1.2088514566421509,-9.093730926513672,-0.23930871486663818,2.3482736651203595e-05,1.4632093906402588,0.03850550949573517,0.6035718321800232,40.19959259033203,1.0578839778900146,0.7897395491600037,37.7266845703125,0.9928075075149536,0.581956684589386,31.42495346069336,0.826972484588623,0.0008521975832991302,3.0040082931518555,0.07905285060405731,0.8029614090919495,36.047603607177734,0.9486211538314819,0.012554028071463108,14.86839485168457,0.391273558139801,0.4933902621269226,30.372190475463867,0.7992681860923767,0.1247299388051033,18.084918975830078,0.4759189188480377,8.082003433862631,2.0,3,3
gw_3-a-2_kv_kv-no2-crpf-langjing-imphal_22082024-000000-1_EN-OL-RC-235_2,3,went,went,c,7.08,7.53,W EH N T,c,0,W EH N T * SIL,W EH N T,354,377,23,-0.12331587821245193,-0.12811201810836792,-0.00557008758187294,-0.7192559242248535,-5.029043674468994,-0.218654066324234,2.64397676801309e-05,0.43560853600502014,0.01893950067460537,0.6302770376205444,24.431446075439453,1.0622367858886719,0.9507179856300354,22.94877052307129,0.9977726340293884,0.7093148231506348,19.01127052307129,0.8265770077705383,0.007339619565755129,1.7871829271316528,0.07770360261201859,0.88550865650177,21.881818771362305,0.9513834118843079,0.07857389748096466,8.889636039733887,0.3865059018135071,0.6282781362533569,18.444278717041016,0.8019251823425293,0.22407636046409607,10.925312042236328,0.4750135540962219,0.0,0.0,4,4
gw_3-a-2_kv_kv-no2-crpf-langjing-imphal_22082024-000000-1_EN-OL-RC-235_2,3,by,by,c,7.56,8.1,B AY,c,0,* B AY * SIL *,B AY,378,405,27,-0.21368925273418427,-0.43379080295562744,-0.016066325828433037,-0.7642101049423218,-6.060687065124512,-0.2244698852300644,2.3745624275761656e-05,1.0704493522644043,0.039646271616220474,0.632284939289093,28.041528701782227,1.0385751724243164,0.9155537486076355,26.82842254638672,0.9936452507972717,0.7036296129226685,22.418798446655273,0.8303258419036865,0.0066669960506260395,2.0758745670318604,0.07688423991203308,0.8826736211776733,25.700435638427734,0.9518679976463318,0.07377731055021286,10.514444351196289,0.3894238770008087,0.6226657629013062,21.691932678222656,0.8034049272537231,0.21884039044380188,12.879587173461914,0.4770217537879944,0.0,0.0,2,2
gw_3-a-2_kv_kv-no2-crpf-langjing-imphal_22082024-000000-1_EN-OL-RC-235_2,3,the,the,c,8.55,8.97,DH AH,c,0,DH AH * SIL,DH AH,427,449,22,-0.5408271551132202,-0.7107509970664978,-0.032306864857673645,-1.0383731126785278,-5.0334978103637695,-0.2287953495979309,2.6687714125728235e-05,1.2115195989608765,0.05506907403469086,0.5637343525886536,21.706954956054688,0.9866797924041748,0.7947061657905579,21.726852416992188,0.9875841736793518,0.6137719750404358,18.36798667907715,0.8349084854125977,0.0014593192609027028,2.1360602378845215,0.09709364920854568,0.8340058922767639,20.94290542602539,0.9519502520561218,0.02502245083451271,9.287847518920898,0.4221749007701874,0.5382139682769775,17.823984146118164,0.8101810812950134,0.1522422432899475,11.008914947509766,0.5004052519798279,0.0,0.0,2,2
gw_3-a-2_kv_kv-no2-crpf-langjing-imphal_22082024-000000-1_EN-OL-RC-235_2,3,peacock,peacock,c,8.97,9.72,P IY K AA K,c,0,SIL * P IY * K AO K *,P IY K AO K,448,486,38,-0.5940077304840088,-2.350027561187744,-0.06184282898902893,-1.181692123413086,-14.30272388458252,-0.37638747692108154,5.0278842536499724e-05,4.153585910797119,0.10930489003658295,0.7162945866584778,52.483177185058594,1.3811362981796265,0.7759779691696167,37.096458435058594,0.976222574710846,0.5593196153640747,29.652803421020508,0.7803369164466858,0.0005811917362734675,1.7392555475234985,0.04576988145709038,0.7817366719245911,35.21324157714844,0.9266642332077026,0.0078340545296669,10.576295852661133,0.27832356095314026,0.46576064825057983,28.1195125579834,0.7399871945381165,0.10997874289751053,14.618398666381836,0.3846946954727173,0.406100786224316,1.0,5,5
gw_3-a-2_kv_kv-no2-crpf-langjing-imphal_22082024-000000-1_EN-OL-RC-235_2,3,was,was,c,9.78,10.47,W AA Z,c,0,* W AO Z * SIL *,W AO Z,488,524,36,-0.3802701234817505,-0.4146677255630493,-0.011518548242747784,-0.7641391754150391,-7.467119216918945,-0.2074199765920639,2.9190900022513233e-05,0.8213945627212524,0.02281651645898819,0.6359361410140991,36.30168914794922,1.0083802938461304,0.8527828454971313,35.83885192871094,0.9955236911773682,0.662949800491333,30.029661178588867,0.8341572284698486,0.0033515081740915775,2.9580585956573486,0.08216829597949982,0.8761708736419678,34.348182678222656,0.95411616563797,0.06385248899459839,14.549264907836914,0.4041462540626526,0.6101243495941162,29.165306091308594,0.8101474046707153,0.2075389176607132,17.58873748779297,0.4885760545730591,0.406100786224316,1.0,3,3
gw_3-a-2_kv_kv-no2-crpf-langjing-imphal_22082024-000000-1_EN-OL-RC-235_2,3,very,very,c,10.74,11.19,V EH R IY,c,0,W EH R IY *,W EH R IY,537,560,23,-0.4362792670726776,-0.444975882768631,-0.019346777349710464,-0.7462683916091919,-4.722586154937744,-0.20532983541488647,2.2906637241248973e-05,0.7144868969917297,0.031064648181200027,0.6084187626838684,22.475994110107422,0.9772171378135681,0.832257866859436,22.8287296295166,0.9925534725189209,0.709931492805481,19.280872344970703,0.8382987976074219,0.007416547276079655,2.09737229347229,0.09119009971618652,0.9049491882324219,21.973407745361328,0.9553655385971069,0.12102051824331284,9.615266799926758,0.41805508732795715,0.669411301612854,18.74053382873535,0.814805805683136,0.26608559489250183,11.488728523254395,0.49950993061065674,0.9200152371878334,1.0,4,4
gw_3-a-2_kv_kv-no2-crpf-langjing-imphal_22082024-000000-1_EN-OL-RC-235_2,3,sad,sad,c,11.19,11.7,S AE D,c,0,* S AE D,S AE D,559,585,26,-0.4362792670726776,-0.7032018303871155,-0.02704622410237789,-0.7462683916091919,-5.822478771209717,-0.22394149005413055,2.558717278589029e-05,1.3404123783111572,0.051554322242736816,0.5799873471260071,25.639240264892578,0.9861246347427368,0.832257866859436,25.726709365844727,0.9894888401031494,0.6469714641571045,21.776599884033203,0.8375615477561951,0.002558110747486353,2.309140205383301,0.08881308138370514,0.8693675398826599,24.786117553710938,0.9533122181892395,0.05489502474665642,10.723831176757812,0.4124550521373749,0.5974695682525635,21.07221794128418,0.810469925403595,0.19667218625545502,12.836648941040039,0.4937172532081604,0.0,0.0,3,3
gw_3-a-2_kv_kv-no2-crpf-langjing-imphal_22082024-000000-1_EN-OL-RC-235_2,3,he,he,c,12.36,12.78,HH IY,c,0,HH IY *,HH IY,618,639,21,-0.022310776636004448,-0.04660468176007271,-0.0022192704491317272,-0.5854621529579163,-4.033119201660156,-0.19205328822135925,1.4110709344095085e-05,0.24366693198680878,0.011603186838328838,0.5589168071746826,20.21141815185547,0.9624484777450562,0.9909707307815552,20.981128692626953,0.9991013407707214,0.6682082414627075,17.650217056274414,0.8404865264892578,0.0036631140392273664,1.8645535707473755,0.08878826349973679,0.8818742632865906,20.084854125976562,0.9564216136932373,0.07247857749462128,8.867910385131836,0.4222814440727234,0.6210994720458984,17.172075271606445,0.8177178502082825,0.21739910542964935,10.55041217803955,0.5024005770683289,0.0,0.0,2,2
gw_3-a-2_kv_kv-no2-crpf-langjing-imphal_22082024-000000-1_EN-OL-RC-235_2,3,did,did,c,12.78,13.11,D IH D,c,0,* D IH D,D IH D,639,656,17,-0.3706616461277008,-0.4499565660953522,-0.026468032971024513,-0.9010590314865112,-4.742249488830566,-0.2789558470249176,2.0677029169746675e-05,0.9434547424316406,0.05549733713269234,0.5864166021347046,19.803123474121094,1.1648895740509033,0.8563328981399536,16.82440185546875,0.9896706938743591,0.6433550119400024,13.804298400878906,0.812017560005188,0.002406387822702527,1.1867618560791016,0.06980951875448227,0.8543640971183777,16.020156860351562,0.9423621892929077,0.039333734661340714,6.026613712310791,0.3545067012310028,0.5710877180099487,13.272749900817871,0.7807499766349792,0.17564231157302856,7.594779968261719,0.44675177335739136,0.0,0.0,3,3
gw_3-a-2_kv_kv-no2-crpf-langjing-imphal_22082024-000000-1_EN-OL-RC-235_2,3,not,not,c,13.14,13.71,N AA T,c,0,* N AO T *,N AO T,657,686,29,-0.03302232548594475,-0.07217245548963547,-0.0024887053295969963,-0.5228390693664551,-5.625009536743164,-0.1939658522605896,1.59559931489639e-05,0.34662967920303345,0.011952747590839863,0.5638799667358398,27.993375778198242,0.9652888178825378,0.9866536259651184,28.970815658569336,0.9989936351776123,0.69986891746521,24.380674362182617,0.8407129049301147,0.006256302818655968,2.702955961227417,0.09320537745952606,0.8956464529037476,27.73394775390625,0.9563430547714233,0.0984230488538742,12.286413192749023,0.4236694276332855,0.6491211652755737,23.710956573486328,0.8176192045211792,0.2445366382598877,14.615328788757324,0.5039768815040588,0.406100786224316,1.0,3,3
gw_3-a-2_kv_kv-no2-crpf-langjing-imphal_22082024-000000-1_EN-OL-RC-235_2,3,shout,shout,c,13.83,14.64,SH AW T,c,0,SH AW T * SIL *,SH AW T,691,732,41,-0.1642794907093048,-0.30356159806251526,-0.007403941359370947,-1.101728916168213,-10.570281982421875,-0.2578117549419403,4.7389086830662563e-05,1.0867156982421875,0.026505261659622192,0.7458763718605042,48.89537048339844,1.1925699710845947,0.9346805214881897,40.878570556640625,0.9970383048057556,0.542182207107544,33.04912185668945,0.806076169013977,0.0004349889059085399,2.235799551010132,0.05453169718384743,0.783769428730011,38.66375732421875,0.9430184960365295,0.008195968344807625,13.845015525817871,0.3376833200454712,0.46831387281417847,31.944427490234375,0.7791323661804199,0.11127740144729614,17.84833335876465,0.4353252053260803,0.0,0.0,3,3
gw_3-a-2_kv_kv-no2-crpf-langjing-imphal_22082024-000000-1_EN-OL-RC-235_2,3,any,any,c,14.7,15.27,EH N IY,c,0,EH N IY,EH N IY,735,764,29,-0.0027963239699602127,-0.0042851995676755905,-0.00014776550233364105,-0.5369992852210999,-4.452132225036621,-0.1535218060016632,2.8854610718553886e-05,0.03688301146030426,0.0012718279613181949,0.5752072930335999,24.976337432861328,0.861253023147583,0.9988656640052795,28.998262405395508,0.9999400973320007,0.6878896355628967,24.755517959594727,0.8536385297775269,0.005109291523694992,2.95719575881958,0.10197226703166962,0.8914875984191895,27.9141845703125,0.9625580906867981,0.08973630517721176,13.44034194946289,0.4634600579738617,0.6404191851615906,24.250444412231445,0.836222231388092,0.2357955127954483,15.500137329101562,0.5344874858856201,0.0,0.0,3,3
gw_3-a-2_kv_kv-no2-crpf-langjing-imphal_22082024-000000-1_EN-OL-RC-235_2,3,more,more,c,15.27,15.81,M AO R,c,0,* M OW R * SIL,M OW R,763,791,28,-0.6324033141136169,-1.9291861057281494,-0.06889950484037399,-1.1600852012634277,-8.114678382873535,-0.2898099422454834,2.2773179807700217e-05,3.3494534492492676,0.1196233406662941,0.5702911019325256,29.490646362304688,1.0532373189926147,0.7626105546951294,27.25825309753418,0.9735090136528015,0.5734242796897888,23.17869758605957,0.8278106451034546,0.0007377148722298443,2.542266845703125,0.09079524129629135,0.79377281665802,26.462329864501953,0.9450832009315491,0.010235829278826714,10.986169815063477,0.39236322045326233,0.481158971786499,22.20599937438965,0.7930713891983032,0.11800690740346909,13.319870948791504,0.4757096767425537,2.9381690051141307,1.0,3,3
gw_3-a-2_kv_kv-no2-crpf-langjing-imphal_22082024-000000-1_EN-OL-RC-235_2,3,he,he,c,16.62,17.22,HH IY,c,0,HH IY * SIL *,HH IY,831,861,30,-0.5680587291717529,-1.8533246517181396,-0.06177748739719391,-0.8888379335403442,-8.200357437133789,-0.2733452618122101,1.2186171261419076e-05,3.0670037269592285,0.10223345458507538,0.5194119215011597,31.50578498840332,1.0501928329467773,0.785085141658783,29.286836624145508,0.976227879524231,0.6458313465118408,24.83130645751953,0.8277102112770081,0.0025092726573348045,2.4797117710113525,0.08265706151723862,0.8569682240486145,28.4188232421875,0.9472941160202026,0.04167662933468819,11.615472793579102,0.38718241453170776,0.5755258202552795,23.858959197998047,0.7952986359596252,0.17903314530849457,14.188127517700195,0.47293758392333984,0.0,0.0,2,2
gw_3-a-2_kv_kv-no2-crpf-langjing-imphal_22082024-000000-1_EN-OL-RC-235_2,3,had,had,c,17.37,17.79,HH AE D,c,0,HH AE D * SIL,HH AE D,868,890,22,-0.07976902276277542,-0.12340234220027924,-0.0056091975420713425,-0.8174926042556763,-5.534793853759766,-0.2515815496444702,1.7911816030391492e-05,0.5179713368415833,0.023544151335954666,0.5880224704742432,25.102176666259766,1.1410080194473267,0.9679477214813232,21.950284957885742,0.9977402091026306,0.6054955720901489,17.94515609741211,0.8156889081001282,0.0012687592534348369,1.5056334733963013,0.06843788176774979,0.8373602628707886,20.80293846130371,0.9455881118774414,0.02695850469172001,7.90609073638916,0.3593677580356598,0.5434214472770691,17.317256927490234,0.7871480584144592,0.15575553476810455,9.950824737548828,0.4523102045059204,0.0,0.0,3,3
gw_3-a-2_kv_kv-no2-crpf-langjing-imphal_22082024-000000-1_EN-OL-RC-235_2,3,lost,lost,c,17.85,18.48,L AO S T,c,0,* L AO S T *,L AO S T,892,924,32,-0.03834986686706543,-0.08664333075284958,-0.0027076040860265493,-0.6382569670677185,-6.480458736419678,-0.20251433551311493,2.0058041627635248e-05,0.40752607583999634,0.012735189869999886,0.5985699892044067,32.10425567626953,1.0032579898834229,0.9845107793807983,31.96497344970703,0.9989054203033447,0.6794661283493042,26.68003273010254,0.8337510228157043,0.004431094974279404,2.749016284942627,0.08590675890445709,0.8796923160552979,30.52851104736328,0.9540159702301025,0.06904879212379456,13.16617202758789,0.4114428758621216,0.6168597936630249,25.964550018310547,0.8113921880722046,0.2135409265756607,15.792472839355469,0.4935147762298584,0.0,0.0,4,4
gw_3-a-2_kv_kv-no2-crpf-langjing-imphal_22082024-000000-1_EN-OL-RC-235_2,3,his,his,c,18.48,18.87,HH IH Z,c,0,* HH IH Z *,HH IH Z,924,944,20,-0.2293381690979004,-0.5108563303947449,-0.025542816147208214,-0.7505619525909424,-5.05694580078125,-0.252847284078598,1.8263042875332758e-05,1.2995415925979614,0.06497707962989807,0.5238717794418335,21.58353614807129,1.0791767835617065,0.9095450043678284,19.797313690185547,0.9898656606674194,0.6881527900695801,16.49893569946289,0.8249467611312866,0.005132073070853949,1.5854363441467285,0.0792718157172203,0.873241126537323,18.96670150756836,0.9483350515365601,0.05982862412929535,7.507579326629639,0.37537896633148193,0.6046183109283447,15.889874458312988,0.7944937348365784,0.20274609327316284,9.316692352294922,0.4658346176147461,0.0,0.0,3,3
gw_3-a-2_kv_kv-no2-crpf-langjing-imphal_22082024-000000-1_EN-OL-RC-235_2,3,lovely,lovely,c,18.87,19.5,L AH V L IY,c,0,* L AH V L IY *,L AH V L IY,943,975,32,-0.23595064878463745,-0.46146219968795776,-0.01442069374024868,-1.0320155620574951,-6.452632904052734,-0.20164477825164795,2.58586023846874e-05,1.067012071609497,0.03334412723779678,0.5980501174926758,30.781177520751953,0.9619117975234985,0.9070131182670593,31.817930221557617,0.9943103194236755,0.5636464357376099,26.836606979370117,0.8386439681053162,0.0006253033643588424,2.930955171585083,0.09159234911203384,0.8060616850852966,30.55963897705078,0.9549887180328369,0.013449227437376976,13.641200065612793,0.4262875020503998,0.4976159930229187,26.127532958984375,0.8164854049682617,0.1271267980337143,16.142532348632812,0.5044541358947754,0.0,0.0,5,5
gw_3-a-2_kv_kv-no2-crpf-langjing-imphal_22082024-000000-1_EN-OL-RC-235_2,3,voice,voice,c,19.5,19.95,V OY S,c,0,W OY S *,W OY S,975,998,23,-0.002685035578906536,-0.008301347494125366,-0.000360928155714646,-0.5306110978126526,-4.180332660675049,-0.18175359070301056,1.4389404896064661e-05,0.06711579114198685,0.002918077865615487,0.5673925280570984,21.898157119750977,0.952093780040741,0.998910665512085,22.996631622314453,0.9998535513877869,0.6609363555908203,19.32724380493164,0.8403149247169495,0.0032393396832048893,2.1020452976226807,0.09139327704906464,0.8865436315536499,22.018199920654297,0.957313060760498,0.08040158450603485,9.91657543182373,0.4311554431915283,0.6303497552871704,18.880319595336914,0.8208834528923035,0.22603759169578552,11.709341049194336,0.5091018080711365,0.9200152371878334,1.0,3,3
gw_3-a-2_kv_kv-no2-crpf-langjing-imphal_22082024-000000-1_EN-OL-RC-235_2,3,a,a,c,20.79,21.06,AH,c,0,AH,AH,1039,1053,14,-0.20827838778495789,-0.21137942373752594,-0.015098529867827892,-0.7352450489997864,-2.628425121307373,-0.1877446472644806,4.054138116771355e-05,0.5083749890327454,0.03631249815225601,0.6259857416152954,12.599837303161621,0.8999883532524109,0.9176368713378906,13.916379928588867,0.9940271377563477,0.7195103168487549,11.899914741516113,0.849993884563446,0.008720338344573975,1.3642951250076294,0.0974496528506279,0.8840409517288208,13.425079345703125,0.9589342474937439,0.0760529562830925,6.205542087554932,0.4432530105113983,0.6253612637519836,11.565171241760254,0.8260836601257324,0.221341073513031,7.2554121017456055,0.5182437300682068,0.0,0.0,1,1
gw_3-a-2_kv_kv-no2-crpf-langjing-imphal_22082024-000000-1_EN-OL-RC-235_2,3,monkey,monkey,c,21.06,21.87,M AH NG K IY,c,0,* M AH N K IY * SIL *,M AH N K IY,1053,1094,41,-0.40532204508781433,-0.4620780944824219,-0.011270197108387947,-0.9944819211959839,-8.59072208404541,-0.2095298022031784,2.1482346710399725e-05,1.1745659112930298,0.028647949919104576,0.5633026361465454,40.62559127807617,0.990868091583252,0.84356689453125,40.820587158203125,0.9956240653991699,0.6522635817527771,34.29951477050781,0.8365735411643982,0.0027975437697023153,3.6634445190429688,0.08935230225324631,0.8564428091049194,39.114559173583984,0.9540136456489563,0.04119294881820679,16.99407196044922,0.4144895672798157,0.5746257901191711,33.293304443359375,0.8120318055152893,0.17834089696407318,20.33037567138672,0.49586281180381775,2.668363644587786,1.0,5,5
gw_3-a-2_kv_kv-no2-crpf-langjing-imphal_22082024-000000-1_EN-OL-RC-235_2,3,saw,saw,c,22.02,22.68,S AO,c,0,S AO *,S AO,1101,1134,33,-0.00947395246475935,-0.015673881396651268,-0.00047496610204689205,-0.5473483204841614,-5.288092136383057,-0.16024520993232727,2.2232157789403573e-05,0.09969611465930939,0.0030210944823920727,0.6067602634429932,29.127445220947266,0.882649838924408,0.9961596727371216,32.99364471435547,0.9998074173927307,0.6848299503326416,28.066850662231445,0.8505105972290039,0.004851709119975567,3.268667697906494,0.09905053675174713,0.8897221684455872,31.726200103759766,0.961400032043457,0.08628473430871964,14.992940902709961,0.45433154702186584,0.6367900967597961,27.47015380859375,0.8324289321899414,0.23223519325256348,17.41493034362793,0.5277251601219177,0.0,0.0,2,2
gw_3-a-2_kv_kv-no2-crpf-langjing-imphal_22082024-000000-1_EN-OL-RC-235_2,3,the,the,c,22.68,22.92,DH AH,c,0,* DH AH,DH AH,1134,1146,12,-0.08581895381212234,-0.087552510201931,-0.007296042516827583,-0.5050386786460876,-2.5626351833343506,-0.21355293691158295,3.530068352119997e-05,0.3004229962825775,0.025035249069333076,0.6451743245124817,12.373343467712402,1.0311119556427002,0.9655428528785706,11.964839935302734,0.9970700144767761,0.7558638453483582,10.013971328735352,0.8344976305961609,0.01612338423728943,0.9277781248092651,0.0773148462176323,0.9242096543312073,11.447616577148438,0.9539680480957031,0.18565309047698975,4.63087272644043,0.38590607047080994,0.7155996561050415,9.676511764526367,0.8063759803771973,0.32185542583465576,5.711021900177002,0.4759185016155243,0.0,0.0,2,2
gw_3-a-2_kv_kv-no2-crpf-langjing-imphal_22082024-000000-1_EN-OL-RC-235_2,3,sad,sad,c,22.92,23.43,S AE D,c,0,* S AE D * SIL,S AE D,1146,1172,26,-0.5654132962226868,-1.53018319606781,-0.05885320156812668,-1.3522424697875977,-9.047082901000977,-0.34796473383903503,2.9806606107740663e-05,2.5933899879455566,0.09974576532840729,0.6172003746032715,33.667335510253906,1.2948975563049316,0.7860169410705566,25.4135684967041,0.9774449467658997,0.5117705464363098,20.627553939819336,0.7933674454689026,0.00026010797591879964,1.3640693426132202,0.05246420577168465,0.7528735995292664,24.22913360595703,0.9318897724151611,0.004125607665628195,7.883995056152344,0.3032305836677551,0.4313925504684448,19.616138458251953,0.7544668912887573,0.09367922693490982,10.539178848266602,0.40535303950309753,0.0,0.0,3,3
gw_3-a-2_kv_kv-no2-crpf-langjing-imphal_22082024-000000-1_EN-OL-RC-235_2,3,peacock,peacock,c,23.52,24.27,P IY K AA K,c,0,TH IY * K AO K *,TH IY K AO K,1176,1214,38,-0.5827169418334961,-2.3943631649017334,-0.06300956010818481,-1.4748384952545166,-14.61663818359375,-0.3846483826637268,3.6227495002094656e-05,3.9101226329803467,0.10289796441793442,0.6625581979751587,53.65789794921875,1.4120498895645142,0.7799334526062012,37.08542251586914,0.9759321808815002,0.47551923990249634,29.514291763305664,0.7766919136047363,0.0001409023825544864,1.661963939666748,0.043735891580581665,0.7187860012054443,35.147396087646484,0.9249314665794373,0.001934542553499341,10.168747901916504,0.26759862899780273,0.39474034309387207,27.949392318725586,0.7355103492736816,0.07850456982851028,14.328312873840332,0.3770608603954315,9.29275020359602,2.0,5,5
gw_3-a-2_kv_kv-no2-crpf-langjing-imphal_22082024-000000-1_EN-OL-RC-235_2,3,and,and,c,24.27,24.57,AH N D,c,0,AE N D *,AE N D,1213,1229,16,-0.0462920181453228,-0.07051049172878265,-0.004406905733048916,-0.58806312084198,-3.9582881927490234,-0.24739301204681396,2.1379513782449067e-05,0.3370164632797241,0.021063528954982758,0.5946273803710938,18.09993553161621,1.1312459707260132,0.981321394443512,15.971501350402832,0.998218834400177,0.712702751159668,13.113746643066406,0.8196091651916504,0.007772291544824839,1.1367685794830322,0.07104803621768951,0.8934627771377563,15.159846305847168,0.947490394115448,0.09376200288534164,5.702286243438721,0.35639289021492004,0.6445250511169434,12.628626823425293,0.7892891764640808,0.23988352715969086,7.236342430114746,0.45227140188217163,2.95656721210025,1.0,3,3
gw_3-a-2_kv_kv-no2-crpf-langjing-imphal_22082024-000000-1_EN-OL-RC-235_2,3,smiled,smiled,c,24.57,25.2,S M AY L D,c,0,* S M EH L D *,S M EH L D,1228,1260,32,-1.2045891284942627,-2.6451056003570557,-0.08265955001115799,-1.9680283069610596,-11.952071189880371,-0.3735022246837616,6.66626583551988e-05,3.8896358013153076,0.12155111879110336,0.6939606666564941,42.984222412109375,1.343256950378418,0.5778839588165283,31.03944969177246,0.9699828028678894,0.41931384801864624,24.99651336669922,0.7811410427093506,5.445202623377554e-05,1.5291038751602173,0.04778449609875679,0.6286967396736145,29.56011962890625,0.9237537384033203,0.00026140286354348063,9.503766059875488,0.296992689371109,0.3131468892097473,23.84713363647461,0.7452229261398315,0.0514790341258049,12.733063697814941,0.3979082405567169,5.941145938565743,1.0,5,5
gw_3-a-2_kv_kv-no2-crpf-langjing-imphal_22082024-000000-1_EN-OL-RC-235_2,3,he,he,c,25.47,25.74,HH IY,c,0,HH IY,HH IY,1273,1287,14,-0.016177330166101456,-0.04024925082921982,-0.002874946454539895,-0.5683298707008362,-2.982067823410034,-0.21300484240055084,1.723774585116189e-05,0.21652965247631073,0.015466404147446156,0.5841600894927979,14.231963157653809,1.0165687799453735,0.9934479594230652,13.983695983886719,0.9988354444503784,0.6860799789428711,11.669719696044922,0.8335514068603516,0.004955334588885307,1.1796997785568237,0.08426427096128464,0.8899150490760803,13.342934608459473,0.9530667662620544,0.08665531128644943,5.640870094299316,0.40291929244995117,0.637184739112854,11.313733100891113,0.808123767375946,0.2326200306415558,6.819121360778809,0.48708009719848633,0.0,0.0,2,2
gw_3-a-2_kv_kv-no2-crpf-langjing-imphal_22082024-000000-1_EN-OL-RC-235_2,3,told,told,c,25.74,26.25,T OW L D,c,0,* T OW L D,T OW L D,1287,1313,26,-0.03252523019909859,-0.06421652436256409,-0.0024698663037270308,-0.8114739060401917,-5.773886680603027,-0.222072571516037,1.7265823771595024e-05,0.33646225929260254,0.012940855696797371,0.5575587749481201,27.48200225830078,1.0570000410079956,0.9868536591529846,25.974010467529297,0.9990004301071167,0.5921496152877808,21.484317779541016,0.8263199329376221,0.0010124759282916784,2.141777276992798,0.08237604796886444,0.8359925746917725,24.71139907836914,0.9504384398460388,0.026151683181524277,10.261565208435059,0.3946755826473236,0.5412888526916504,20.857534408569336,0.8022128343582153,0.1543082743883133,12.477669715881348,0.47991037368774414,0.0,0.0,4,4
gw_3-a-2_kv_kv-no2-crpf-langjing-imphal_22082024-000000-1_EN-OL-RC-235_2,3,the,the,c,26.43,26.82,DH AH,c,0,DH AH * SIL,DH AH,1321,1341,20,-0.047781988978385925,-0.05172109976410866,-0.0025860550813376904,-0.5779135823249817,-3.9152894020080566,-0.1957644671201706,2.6464056645636447e-05,0.23008249700069427,0.011504124850034714,0.6324990391731262,19.84777069091797,0.9923885464668274,0.9807238578796387,19.9791259765625,0.9989563226699829,0.7198139429092407,16.746212005615234,0.8373106122016907,0.008765220642089844,1.6638484001159668,0.08319242298603058,0.902321994304657,19.114540100097656,0.9557269811630249,0.11415868997573853,8.165340423583984,0.4082670211791992,0.6635603308677673,16.27437400817871,0.8137186765670776,0.25969889760017395,9.845670700073242,0.49228352308273315,0.0,0.0,2,2
gw_3-a-2_kv_kv-no2-crpf-langjing-imphal_22082024-000000-1_EN-OL-RC-235_2,3,animals,animals,c,26.97,27.78,AE N AH M AH L Z,c,0,AE N IH M AH L Z *,AE N IH M AH L Z,1348,1389,41,-0.2661464214324951,-0.29274705052375793,-0.007140172179788351,-0.7842716574668884,-7.8661112785339355,-0.19185636937618256,1.385456562275067e-05,0.7059756517410278,0.01721891760826111,0.5647176504135132,39.40437316894531,0.9610822796821594,0.8955041766166687,40.884727478027344,0.9971884489059448,0.6747634410858154,34.41499328613281,0.8393900990486145,0.004092438146471977,3.8929429054260254,0.09494982659816742,0.8768813610076904,39.20842361450195,0.9563030004501343,0.06486842781305313,17.569805145263672,0.42853182554244995,0.6114729046821594,33.55979537963867,0.8185315728187561,0.20872822403907776,20.801376342773438,0.5073506236076355,2.8059285653833057,1.0,7,7
gw_3-a-2_kv_kv-no2-crpf-langjing-imphal_22082024-000000-1_EN-OL-RC-235_2,3,how,how,c,27.78,28.26,HH AW,c,0,HH AW,HH AW,1389,1413,24,-0.18107359111309052,-0.19299820065498352,-0.008041591383516788,-0.5940069556236267,-4.714083671569824,-0.19642014801502228,1.1321952115395106e-05,0.5306508541107178,0.022110452875494957,0.523934006690979,23.278352737426758,0.9699313640594482,0.9281530380249023,23.923315048217773,0.9968047738075256,0.6635119915008545,20.119850158691406,0.8383271098136902,0.003383517498150468,2.1590750217437744,0.0899614617228508,0.8833264708518982,22.939416885375977,0.9558090567588806,0.07485520839691162,10.096732139587402,0.4206971824169159,0.6239501237869263,19.58954429626465,0.8162310123443604,0.22002871334552765,12.033882141113281,0.5014117360115051,0.0,0.0,2,2
gw_3-a-2_kv_kv-no2-crpf-langjing-imphal_22082024-000000-1_EN-OL-RC-235_2,3,sad,sad,c,28.26,28.71,S AE D,c,0,* S AE D *,S AE D,1413,1436,23,-0.12060554325580597,-0.3580626845359802,-0.015567942522466183,-0.9410749673843384,-7.38704776763916,-0.3211759924888611,6.965154898352921e-05,1.3901662826538086,0.060442011803388596,0.7250117063522339,29.284866333007812,1.2732551097869873,0.9517850279808044,22.8560848236084,0.993742823600769,0.5970500707626343,18.386856079101562,0.7994285225868225,0.0010999352671205997,1.2372920513153076,0.053795307874679565,0.8192251920700073,21.5114803314209,0.9352817535400391,0.018018212169408798,7.067044258117676,0.3072628080844879,0.5161523222923279,17.47738265991211,0.7598862051963806,0.13811109960079193,9.427053451538086,0.4098718762397766,0.0,0.0,3,3
gw_3-a-2_kv_kv-no2-crpf-langjing-imphal_22082024-000000-1_EN-OL-RC-235_2,3,the,the,c,28.71,28.95,DH AH,c,0,DH AH *,DH AH,1435,1448,13,-0.005853405687958002,-0.01110154204070568,-0.0008539647678844631,-0.5312793254852295,-3.0980422496795654,-0.23831094801425934,0.00016930063429754227,0.07968064397573471,0.00612928019836545,0.7917720079421997,15.008355140686035,1.1544888019561768,0.9976261854171753,12.995497703552246,0.999653697013855,0.6809840798377991,10.63565731048584,0.8181275129318237,0.004546287003904581,0.766859233379364,0.05898917093873024,0.8904216885566711,12.325641632080078,0.9481262564659119,0.08763625472784042,4.463380336761475,0.34333693981170654,0.6382235884666443,10.246593475341797,0.7881994843482971,0.23363563418388367,5.751228332519531,0.442402184009552,0.0,0.0,2,2
gw_3-a-2_kv_kv-no2-crpf-langjing-imphal_22082024-000000-1_EN-OL-RC-235_2,3,peacock,peacock,c,28.95,29.58,P IY K AA K,c,0,* P IY K AO K,P IY K AO K,1447,1479,32,-0.40784651041030884,-1.0587091445922852,-0.03308466076850891,-1.0337107181549072,-8.400039672851562,-0.26250123977661133,3.9614944398636e-05,1.907565951347351,0.05961143597960472,0.6384539604187012,36.28194046020508,1.1338106393814087,0.8426413536071777,31.588777542114258,0.9871492981910706,0.5934351682662964,26.156957626342773,0.8174049258232117,0.0010347231291234493,2.026590585708618,0.06333095580339432,0.8228237628936768,30.271211624145508,0.9459753632545471,0.019517960026860237,11.284440994262695,0.35263878107070923,0.521396279335022,25.170948028564453,0.7865921258926392,0.14136268198490143,14.32165241241455,0.4475516378879547,0.406100786224316,1.0,5,5
gw_3-a-2_kv_kv-no2-crpf-langjing-imphal_22082024-000000-1_EN-OL-RC-235_2,3,was,was,c,29.58,30.12,W AA Z,c,0,* W AO Z * SIL *,W AO Z,1478,1506,28,-0.533480167388916,-0.7167482972145081,-0.025598153471946716,-0.8018183708190918,-8.369610786437988,-0.29891467094421387,3.709353768499568e-05,1.44875168800354,0.05174113065004349,0.6719183325767517,35.38518524169922,1.2637566328048706,0.7973131537437439,27.723464965820312,0.9901237487792969,0.6303528547286987,22.431787490844727,0.801135241985321,0.0019315100507810712,1.3735334873199463,0.049054767936468124,0.8553962111473083,26.3051700592041,0.9394703507423401,0.0402461402118206,8.469919204711914,0.30249711871147156,0.5728399753570557,21.427974700927734,0.7652848362922668,0.17697419226169586,11.468581199645996,0.4095921814441681,0.406100786224316,1.0,3,3
gw_3-a-2_kv_kv-no2-crpf-langjing-imphal_22082024-000000-1_EN-OL-RC-235_2,3,soon,soon,c,30.57,31.35,S UW N,c,0,S UW N * SIL *,S UW N,1528,1568,40,-0.3930226266384125,-0.4493710398674011,-0.011234275996685028,-0.7151093482971191,-7.145812034606934,-0.1786452978849411,1.71853753272444e-05,0.9031627774238586,0.022579070180654526,0.5771491527557373,35.71479415893555,0.8928698301315308,0.8480842709541321,39.825313568115234,0.9956328272819519,0.6992796063423157,33.962379455566406,0.8490594625473022,0.006194277200847864,4.168915271759033,0.10422287881374359,0.895107090473175,38.38402557373047,0.9596006274223328,0.09725073724985123,18.08350944519043,0.45208773016929626,0.6479803323745728,33.14759826660156,0.8286899328231812,0.24337400496006012,21.036922454833984,0.5259230732917786,0.0,0.0,3,3
gw_3-a-2_kv_kv-no2-crpf-langjing-imphal_22082024-000000-1_EN-OL-RC-235_2,3,they,they,c,31.71,32.28,DH EY,c,0,DH EY *,DH EY,1585,1614,29,-0.0003627004334703088,-0.0013453048886731267,-4.638982500182465e-05,-0.37272751331329346,-4.0967793464660645,-0.14126825332641602,1.7516696971142665e-05,0.014058475382626057,0.0004847750242333859,0.5566750168800354,23.831623077392578,0.8217800855636597,0.9998528957366943,28.99945640563965,0.9999812841415405,0.7261370420455933,24.89937973022461,0.8585993051528931,0.009754154831171036,3.1838953495025635,0.10978949815034866,0.9176772236824036,27.978275299072266,0.96476811170578,0.16057239472866058,13.886895179748535,0.47885844111442566,0.6992383599281311,24.444904327392578,0.8429277539253235,0.30096304416656494,15.866646766662598,0.5471257567405701,0.0,0.0,2,2
gw_3-a-2_kv_kv-no2-crpf-langjing-imphal_22082024-000000-1_EN-OL-RC-235_2,3,all,all,c,32.31,32.7,AO L,c,0,AO L *,AO L,1615,1635,20,-0.007232771720737219,-0.00935386959463358,-0.00046769349137321115,-0.41628497838974,-3.4507148265838623,-0.1725357472896576,2.0035100533277728e-05,0.062163639813661575,0.0031081819906830788,0.6386181116104126,18.71060562133789,0.9355303049087524,0.997067391872406,19.996206283569336,0.9998103380203247,0.7242258787155151,16.881908416748047,0.8440954089164734,0.009444020688533783,1.7442060708999634,0.08721030503511429,0.9125984907150269,19.184541702270508,0.9592270851135254,0.14343880116939545,8.590187072753906,0.42950934171676636,0.6870287656784058,16.478927612304688,0.8239463567733765,0.2862030863761902,10.17603874206543,0.5088019371032715,0.0,0.0,2,2
gw_3-a-2_kv_kv-no2-crpf-langjing-imphal_22082024-000000-1_EN-OL-RC-235_2,3,came,came,c,32.7,33.27,K EY M,c,0,* K EY M *,K EY M,1635,1664,29,-0.27235865592956543,-0.32437822222709656,-0.011185456067323685,-0.6752031445503235,-5.724548816680908,-0.19739823043346405,1.8123877453035675e-05,0.8005629777908325,0.02760561928153038,0.5899026989936829,27.976787567138672,0.9647167921066284,0.8931471705436707,28.872106552124023,0.9955898523330688,0.7308788299560547,24.386812210083008,0.8409245610237122,0.01056831143796444,2.5556747913360596,0.08812671899795532,0.908153235912323,27.743642807006836,0.9566773176193237,0.12994952499866486,12.044178009033203,0.41531649231910706,0.6766825914382935,23.68268585205078,0.8166443109512329,0.27422454953193665,14.452181816101074,0.4983510971069336,0.0,0.0,3,3
gw_3-a-2_kv_kv-no2-crpf-langjing-imphal_22082024-000000-1_EN-OL-RC-235_2,3,back,back,c,33.27,33.72,B AE K,c,0,B AE K * SIL *,B AE K,1663,1686,23,-0.34630995988845825,-0.3550643026828766,-0.015437578782439232,-0.8415302634239197,-4.950422763824463,-0.21523576974868774,2.2557231204700656e-05,0.6865959763526917,0.029851999133825302,0.6115645170211792,23.675304412841797,1.0293610095977783,0.8653684258460999,22.861820220947266,0.9939922094345093,0.6907011270523071,19.106042861938477,0.8306975364685059,0.005358012858778238,1.8155840635299683,0.07893843948841095,0.8770250082015991,21.912919998168945,0.9527356624603271,0.0650758445262909,9.120214462280273,0.3965310752391815,0.6117461919784546,18.545913696289062,0.8063440918922424,0.2089700698852539,11.091939926147461,0.48225826025009155,0.0,0.0,3,3
gw_3-a-2_kv_kv-no2-crpf-langjing-imphal_22082024-000000-1_EN-OL-RC-235_2,3,the,the,c,34.38,34.86,DH AH,c,0,DH AH * SIL,DH AH,1719,1743,24,-0.63963383436203,-0.6508910655975342,-0.02712046168744564,-0.9460526704788208,-4.489390850067139,-0.1870579570531845,2.012564982578624e-05,0.7687532305717468,0.032031383365392685,0.5583932995796204,21.358179092407227,0.8899241089820862,0.7601074576377869,23.755544662475586,0.9898143410682678,0.6850607395172119,20.385238647460938,0.8493849635124207,0.00487067736685276,2.577099084854126,0.10737913101911545,0.8729879260063171,23.018077850341797,0.9590865969657898,0.059493016451597214,10.94444751739502,0.4560186564922333,0.6041465997695923,19.887935638427734,0.8286640048027039,0.20234012603759766,12.677339553833008,0.5282225012779236,0.0,0.0,2,2
gw_3-a-2_kv_kv-no2-crpf-langjing-imphal_22082024-000000-1_EN-OL-RC-235_2,3,peacock,peacock,c,34.89,35.55,P IY K AA K,c,0,* B IH * K AO K *,B IH K AO K,1744,1778,34,-0.7118957042694092,-2.375941753387451,-0.0698806419968605,-1.3486334085464478,-13.061671257019043,-0.38416680693626404,5.055284054833464e-05,4.4999895095825195,0.13235263526439667,0.7001111507415771,46.09922790527344,1.355859637260437,0.7353394031524658,33.08766174316406,0.9731665253639221,0.5599710941314697,26.642250061035156,0.7835955619812012,0.0005876291543245316,1.6102080345153809,0.04735906049609184,0.7761119604110718,31.506214141845703,0.9266533851623535,0.006913752760738134,9.611213684082031,0.28268274664878845,0.45879167318344116,25.1966609954834,0.74107825756073,0.10649804770946503,13.17984390258789,0.3876424729824066,9.10211909198395,3.0,5,5
gw_3-a-2_kv_kv-no2-crpf-langjing-imphal_22082024-000000-1_EN-OL-RC-235_2,3,was,was,c,35.55,35.91,W AA Z,c,0,* W AO Z *,W AO Z,1777,1796,19,-0.41132819652557373,-0.5222283005714417,-0.027485700324177742,-0.9315676689147949,-4.944182395935059,-0.26022014021873474,1.756902020133566e-05,1.0188138484954834,0.05362178012728691,0.5987110137939453,21.572525024414062,1.1353960037231445,0.8413659334182739,18.796897888183594,0.9893104434013367,0.654884934425354,15.505247116088867,0.8160656094551086,0.002924313535913825,1.3103156089782715,0.06896398216485977,0.8524975180625916,17.972187042236328,0.945904552936554,0.03773593157529831,6.7695231437683105,0.35629069805145264,0.5679410696029663,14.950458526611328,0.7868662476539612,0.17327289283275604,8.563104629516602,0.4506897032260895,0.406100786224316,1.0,3,3
gw_3-a-2_kv_kv-no2-crpf-langjing-imphal_22082024-000000-1_EN-OL-RC-235_2,3,very,very,c,35.91,36.45,V EH R IY,c,0,* W EH R IY *,W EH R IY,1795,1823,28,-0.04959256947040558,-0.058125827461481094,-0.002075922442600131,-0.5774560570716858,-5.289921283721924,-0.18892575800418854,1.9268394680693746e-05,0.2583213746547699,0.009225763380527496,0.6028587222099304,27.190364837646484,0.971084475517273,0.979997992515564,27.976537704467773,0.9991620779037476,0.7092540264129639,23.473857879638672,0.8383520841598511,0.007332081440836191,2.504424810409546,0.08944374322891235,0.8972597718238831,26.780500411987305,0.9564464688301086,0.10201497375965118,11.803170204162598,0.4215417802333832,0.6525563597679138,22.888200759887695,0.8174357414245605,0.24806824326515198,14.063403129577637,0.5022643804550171,0.9200152371878334,1.0,4,4
gw_3-a-2_kv_kv-no2-crpf-langjing-imphal_22082024-000000-1_EN-OL-RC-235_2,3,happy,happy,c,36.45,37.14,HH AE P IY,c,0,* HH AE P IY * SIL *,HH AE P IY,1822,1857,35,-0.0191195048391819,-0.055642977356910706,-0.0015897992998361588,-0.4727570414543152,-7.099034786224365,-0.20282956957817078,1.8353382984059863e-05,0.3202173113822937,0.009149066172540188,0.574776828289032,35.498748779296875,1.0142499208450317,0.9922592043876648,34.97745132446289,0.9993557333946228,0.7070594429969788,29.176660537719727,0.8336188793182373,0.007065027952194214,2.919304609298706,0.08340870589017868,0.9032725095748901,33.40134048461914,0.9543240070343018,0.11659523099660873,14.087478637695312,0.40249937772750854,0.6656659245491028,28.352439880371094,0.810069739818573,0.261980801820755,17.078981399536133,0.48797088861465454,0.0,0.0,4,4
gw_3-a-2_kv_kv-no2-crpf-langjing-imphal_22082024-000000-1_EN-OL-RC-235_2,3,but,but,c,37.83,38.31,B AH T,c,0,B AH T *,B AH T,1891,1916,25,-0.0965072363615036,-0.2547975480556488,-0.010191901586949825,-0.6293023228645325,-6.077709197998047,-0.2431083619594574,1.750375668052584e-05,0.9854036569595337,0.03941614553332329,0.5338191986083984,26.49029541015625,1.0596117973327637,0.9613029360771179,24.89738655090332,0.9958954453468323,0.680614709854126,20.667449951171875,0.8266980051994324,0.004517985042184591,2.28385066986084,0.09135402739048004,0.8817475438117981,23.71994400024414,0.9487977623939514,0.07227484881877899,9.841365814208984,0.39365464448928833,0.6208518743515015,19.966554641723633,0.7986621856689453,0.21717211604118347,11.986714363098145,0.47946858406066895,0.0,0.0,3,3
gw_3-a-2_kv_kv-no2-crpf-langjing-imphal_22082024-000000-1_EN-OL-RC-235_2,3,his,his,c,38.31,38.82,HH IH Z,c,0,* HH IH Z *,HH IH Z,1915,1941,26,-0.034946151077747345,-0.08973192423582077,-0.0034512279089540243,-0.589539647102356,-6.126330375671387,-0.23562809824943542,1.617045927559957e-05,0.4480350613594055,0.017232118174433708,0.5697018504142761,28.907955169677734,1.1118444204330444,0.9858795404434204,25.96369171142578,0.9986035227775574,0.693769633769989,21.331544876098633,0.8204440474510193,0.0056433118879795074,1.8578319549560547,0.07145507633686066,0.8888845443725586,24.668169021606445,0.9487757086753845,0.08469382673501968,9.47281265258789,0.3643389344215393,0.6350812911987305,20.62150764465332,0.7931349277496338,0.23057590425014496,11.916378021240234,0.4583222270011902,0.0,0.0,3,3
gw_3-a-2_kv_kv-no2-crpf-langjing-imphal_22082024-000000-1_EN-OL-RC-235_2,3,voice,voice,c,38.82,39.39,V OY S,c,0,W OY S *,W OY S,1941,1970,29,-0.29256191849708557,-0.30598288774490356,-0.010551134124398232,-0.694652259349823,-6.005135536193848,-0.2070736438035965,1.807313492463436e-05,0.6579900979995728,0.02268931455910206,0.6407137513160706,29.717744827270508,1.0247498750686646,0.8855069875717163,28.88006591796875,0.9958643317222595,0.647632360458374,24.072158813476562,0.8300744295120239,0.0025868562515825033,2.164278984069824,0.07463031262159348,0.8744365572929382,27.649394989013672,0.9534274339675903,0.06143895164132118,11.478476524353027,0.395809531211853,0.6068545579910278,23.417264938354492,0.8074918985366821,0.2046804279088974,13.973001480102539,0.48182764649391174,0.9200152371878334,1.0,3,3
gw_3-a-2_kv_kv-no2-crpf-langjing-imphal_22082024-000000-1_EN-OL-RC-235_2,3,never,never,c,39.39,40.14,N EH V AH R,c,0,* N EH W AH R *,N EH W AH R,1969,2007,38,-0.1701025813817978,-0.26666775345802307,-0.007017572410404682,-0.7370499968528748,-7.014043807983398,-0.18458010256290436,1.720472027955111e-05,0.8234066367149353,0.02166859619319439,0.5426303744316101,35.209171295166016,0.9265571236610413,0.9324140548706055,37.89348602294922,0.9971969723701477,0.6907526850700378,32.11566925048828,0.8451492190361023,0.0053626857697963715,3.689781904220581,0.09709952026605606,0.8762478232383728,36.41533660888672,0.9582983255386353,0.06396176666021347,16.559295654296875,0.4357709288597107,0.6102702021598816,31.289989471435547,0.8234207630157471,0.20766721665859222,19.513017654418945,0.513500452041626,0.9200152371878334,1.0,5,5
gw_3-a-2_kv_kv-no2-crpf-langjing-imphal_22082024-000000-1_EN-OL-RC-235_2,3,became,became,c,40.2,40.62,B IH K EY M,s,1,K EY M * SIL,K EY M,2010,2031,21,-0.3317404091358185,-0.5371824502944946,-0.025580117478966713,-0.7672977447509766,-4.721814155578613,-0.22484830021858215,2.370863876421936e-05,1.119200348854065,0.053295254707336426,0.6113792061805725,21.158052444458008,1.0075262784957886,0.8708006739616394,20.789440155029297,0.9899733662605286,0.717677116394043,17.51484489440918,0.8340402245521545,0.0084542166441679,1.8411465883255005,0.08767364919185638,0.8791547417640686,20.00658416748047,0.9526944756507874,0.06822908669710159,8.50135612487793,0.40482649207115173,0.6158232092857361,16.961116790771484,0.8076722025871277,0.21260711550712585,10.266070365905762,0.48886048793792725,8.74028336825827,2.0,5,3
gw_3-a-2_kv_kv-no2-crpf-langjing-imphal_22082024-000000-1_EN-OL-RC-235_2,3,lovely,lovely,c,40.86,41.46,L AH V L IY,c,0,L AH W L IY *,L AH W L IY,2043,2073,30,-0.30894792079925537,-0.4509720504283905,-0.01503240130841732,-0.8890108466148376,-6.456141948699951,-0.21520473062992096,2.3752369088470004e-05,1.1218838691711426,0.037396129220724106,0.5877540111541748,29.796621322631836,0.9932206869125366,0.8793386816978455,29.822172164916992,0.9940723776817322,0.579064130783081,25.05176544189453,0.835058867931366,0.0008115230011753738,2.682276487350464,0.08940921723842621,0.8235470652580261,28.59685707092285,0.9532285928726196,0.019834136590361595,12.38642406463623,0.4128808081150055,0.522459864616394,24.317974090576172,0.810599148273468,0.14203016459941864,14.834485054016113,0.4944828450679779,0.9200152371878334,1.0,5,5
gw_3-a-2_kv_kv-no2-crpf-langjing-imphal_22082024-000000-1_EN-OL-RC-235_2,3,again,again,c,41.46,42.42,AH G EH N,c,0,AH G EY N * SIL,AH G EY N,2073,2121,48,-0.005249426234513521,-0.007798593956977129,-0.00016247070743702352,-0.4854193329811096,-6.5367960929870605,-0.1361832469701767,1.290822729060892e-05,0.057782210409641266,0.0012037960113957524,0.5607011318206787,37.64481735229492,0.784267008304596,0.9978709816932678,47.9968376159668,0.9999341368675232,0.6651301383972168,41.44563293457031,0.8634507060050964,0.003477358026430011,5.838284015655518,0.12163091450929642,0.8927594423294067,46.36497116088867,0.9659368991851807,0.09230825304985046,23.951539993286133,0.49899041652679443,0.6430574655532837,40.73858642578125,0.8487205505371094,0.2384149581193924,26.990394592285156,0.562299907207489,1.9619857293066822,1.0,4,4
ut_3-b-36_kv_kv-no2-crpf-langjing-imphal_22082024-000000-1_EN-OL-RC-244_2,3,when,when,c,0.99,1.26,W EH N,c,0,W EH N *,W EH N,49,63,14,-0.015643972903490067,-0.01618611253798008,-0.0011561509454622865,-0.3892959952354431,-2.662369966506958,-0.1901692897081375,1.670922210905701e-05,0.08665304630994797,0.006189503241330385,0.551331639289856,13.901710510253906,0.9929793477058411,0.9936636090278625,13.993444442749023,0.9995317459106445,0.7221676111221313,11.695749282836914,0.8354106545448303,0.009121036157011986,1.2527130842208862,0.08947950601577759,0.91504967212677,13.382619857788086,0.9559014439582825,0.1514669805765152,5.792082786560059,0.41372019052505493,0.6928682327270508,11.408823013305664,0.8149159550666809,0.29317617416381836,6.960305213928223,0.49716466665267944,0.0,0.0,3,3
ut_3-b-36_kv_kv-no2-crpf-langjing-imphal_22082024-000000-1_EN-OL-RC-244_2,3,you,you,c,1.26,1.41,Y UW,c,0,Y UW *,Y UW,63,71,8,-0.019091982394456863,-0.021732410416007042,-0.0027165513020008802,-0.3751611113548279,-2.0100769996643066,-0.25125962495803833,3.583238139981404e-05,0.11567287147045135,0.01445910893380642,0.6933935284614563,9.522109985351562,1.1902637481689453,0.9922703504562378,7.991199016571045,0.9988998770713806,0.7252869606018066,6.493003845214844,0.8116254806518555,0.00961497612297535,0.4466474652290344,0.0558309331536293,0.9177318215370178,7.568648338317871,0.9460810422897339,0.1607673019170761,2.6161370277404785,0.3270171284675598,0.6993719339370728,6.250716686248779,0.7813395857810974,0.30112841725349426,3.4439122676849365,0.43048903346061707,0.0,0.0,2,2
ut_3-b-36_kv_kv-no2-crpf-langjing-imphal_22082024-000000-1_EN-OL-RC-244_2,3,eat,eat,c,1.41,1.68,IY T,c,0,* IY T *,IY T,70,84,14,-0.011535825207829475,-0.027706965804100037,-0.001979069085791707,-0.5824888348579407,-2.9560980796813965,-0.21114985644817352,2.3239768779603764e-05,0.16308549046516418,0.011648963205516338,0.6263238191604614,14.220527648925781,1.0157519578933716,0.9953250885009766,13.988768577575684,0.999197781085968,0.6689905524253845,11.67593002319336,0.83399498462677,0.003711884841322899,1.2032839059829712,0.08594884723424911,0.8828269839286804,13.34733772277832,0.9533812403678894,0.07402915507555008,5.653464317321777,0.40381887555122375,0.6229671239852905,11.32334041595459,0.8088100552558899,0.21911866962909698,6.832275390625,0.4880196750164032,0.0,0.0,2,2
ut_3-b-36_kv_kv-no2-crpf-langjing-imphal_22082024-000000-1_EN-OL-RC-244_2,3,a,a,c,1.68,1.8,AH,c,0,* AH *,AH,84,90,6,-0.16775521636009216,-0.20035095512866974,-0.03339182585477829,-0.7676938772201538,-3.126626491546631,-0.5211043953895569,0.0017088354798033834,0.6163115501403809,0.10271859169006348,1.5156276226043701,11.061229705810547,1.8435382843017578,0.9333274364471436,5.920127868652344,0.986687958240509,0.6153539419174194,4.312192440032959,0.7186987400054932,0.0014988770708441734,0.06601016968488693,0.011001694947481155,0.8466434478759766,5.398466110229492,0.8997443318367004,0.033133652061223984,0.7584439516067505,0.12640732526779175,0.5582528114318848,3.9772958755493164,0.6628826260566711,0.16615425050258636,1.5934380292892456,0.26557299494743347,0.0,0.0,1,1
ut_3-b-36_kv_kv-no2-crpf-langjing-imphal_22082024-000000-1_EN-OL-RC-244_2,3,banana,banana,c,1.8,2.4,B AH N AE N AH,c,0,* B AH N AA N AA *,B AH N AA N AA,90,120,30,-0.026123719289898872,-0.034242015331983566,-0.0011414005421102047,-0.5580018162727356,-5.941812992095947,-0.19806043803691864,3.502358595142141e-05,0.1852116584777832,0.006173721980303526,0.5908598899841309,30.483884811401367,1.016129493713379,0.989432692527771,29.986141204833984,0.9995380640029907,0.6730031371116638,24.993213653564453,0.8331071138381958,0.0039724367670714855,2.4197745323181152,0.08065915107727051,0.8857190608978271,28.637697219848633,0.9545899033546448,0.07894204556941986,12.067665100097656,0.40225550532341003,0.6286983489990234,24.31966209411621,0.810655415058136,0.22447285056114197,14.621213912963867,0.48737379908561707,6.104000205878067,2.0,6,6
ut_3-b-36_kv_kv-no2-crpf-langjing-imphal_22082024-000000-1_EN-OL-RC-244_2,3,you,you,c,2.4,2.61,Y UW,c,0,* Y UW *,Y UW,120,131,11,-0.5626562833786011,-0.7553414106369019,-0.06866740435361862,-0.810495138168335,-3.5827832221984863,-0.3257075548171997,4.000403350801207e-05,1.1641722917556763,0.10583384335041046,0.6730673313140869,13.772247314453125,1.2520225048065186,0.7869887351989746,10.710613250732422,0.9736921191215515,0.6991782188415527,8.823720932006836,0.8021564483642578,0.006183667574077845,0.5724243521690369,0.05203857645392418,0.8873014450073242,10.321762084960938,0.9383420348167419,0.08176669478416443,3.3497085571289062,0.3045189678668976,0.6318744421005249,8.398863792419434,0.7635330557823181,0.22749102115631104,4.514161109924316,0.41037827730178833,0.0,0.0,2,2
ut_3-b-36_kv_kv-no2-crpf-langjing-imphal_22082024-000000-1_EN-OL-RC-244_2,3,see,see,c,2.61,2.85,S IY,c,0,* S IY *,S IY,130,143,13,-0.4929150938987732,-0.8484334349632263,-0.06526411324739456,-0.9093884825706482,-6.207972526550293,-0.4775363504886627,0.00035755542921833694,1.7023062705993652,0.13094663619995117,1.0858267545700073,21.563962936401367,1.6587663888931274,0.8117935657501221,12.670339584350586,0.9746415019035339,0.6101788878440857,9.665054321289062,0.7434657216072083,0.0013733060332015157,0.28635454177856445,0.02202727273106575,0.8444604277610779,11.828765869140625,0.9099050760269165,0.03156496211886406,2.3642983436584473,0.18186910450458527,0.5547077655792236,8.990111351013184,0.6915470361709595,0.16361480951309204,4.013973236083984,0.308767169713974,0.0,0.0,2,2
ut_3-b-36_kv_kv-no2-crpf-langjing-imphal_22082024-000000-1_EN-OL-RC-244_2,3,small,small,c,2.85,3.48,S M AO L,c,0,* S M AO L *,S M AO L,142,174,32,-0.5790273547172546,-0.8816618323326111,-0.027551932260394096,-0.9197365641593933,-7.66754674911499,-0.23961083590984344,2.07286484510405e-05,1.7042114734649658,0.05325660854578018,0.6007975935935974,32.946815490722656,1.029587984085083,0.7812283039093018,31.659963607788086,0.9893738627433777,0.6875825524330139,26.577821731567383,0.8305569291114807,0.005082831252366304,2.8536388874053955,0.08917621523141861,0.873050332069397,30.410541534423828,0.9503294229507446,0.05957554280757904,12.850671768188477,0.4015834927558899,0.6042627096176147,25.696388244628906,0.8030121326446533,0.2024400234222412,15.52496337890625,0.4851551055908203,0.0,0.0,4,4
ut_3-b-36_kv_kv-no2-crpf-langjing-imphal_22082024-000000-1_EN-OL-RC-244_2,3,soft,soft,c,3.48,4.02,S AA F T,c,0,* S AO F T *,S AO F T,174,201,27,-0.3840324878692627,-0.464396595954895,-0.01719987392425537,-0.7489758133888245,-5.901668548583984,-0.21858032047748566,2.0477506041061133e-05,0.9720772504806519,0.036002859473228455,0.5846238136291504,27.371116638183594,1.0137450695037842,0.8513950705528259,26.81896209716797,0.993294894695282,0.6440174579620361,22.523386001586914,0.8341994881629944,0.002433490240946412,2.233182907104492,0.08271047472953796,0.8578823804855347,25.73480224609375,0.9531407952308655,0.04253176599740982,10.80518913269043,0.4001922011375427,0.5770972967147827,21.81109046936035,0.8078181743621826,0.1802476942539215,13.099413871765137,0.48516348004341125,0.406100786224316,1.0,4,4
ut_3-b-36_kv_kv-no2-crpf-langjing-imphal_22082024-000000-1_EN-OL-RC-244_2,3,black,black,c,4.02,4.47,B L AE K,c,0,B L AE K *,B L AE K,200,224,24,-0.4526050090789795,-0.4616250693798065,-0.01923437789082527,-0.7642998099327087,-4.974961280822754,-0.20729005336761475,1.9301021893625148e-05,0.7226720452308655,0.03011133521795273,0.6056683659553528,23.82377815246582,0.9926574230194092,0.8263291120529175,23.82267189025879,0.9926113486289978,0.6761623620986938,20.08788299560547,0.8369951248168945,0.004190379753708839,2.020984411239624,0.084207683801651,0.886130154132843,22.91986846923828,0.9549944996833801,0.07966631650924683,9.791016578674316,0.4079590141773224,0.6295205950737,19.497678756713867,0.8124032616615295,0.2252507358789444,11.80027961730957,0.4916783273220062,0.0,0.0,4,4
ut_3-b-36_kv_kv-no2-crpf-langjing-imphal_22082024-000000-1_EN-OL-RC-244_2,3,seeds,seeds,c,4.47,4.89,S IY D Z,c,0,SH IY T S *,SH IY T S,223,245,22,-0.5707876682281494,-1.1513150930404663,-0.05233250558376312,-1.2274608612060547,-6.577281951904297,-0.2989673614501953,1.7327716705040075e-05,1.6298216581344604,0.07408279925584793,0.5432446599006653,25.68095588684082,1.167316198348999,0.7841246724128723,21.563533782958984,0.980160653591156,0.5573098659515381,17.804309844970703,0.8092868328094482,0.0005617739516310394,1.529706597328186,0.0695321187376976,0.7885450124740601,20.661161422729492,0.939143717288971,0.009113381616771221,7.875661373138428,0.35798460245132446,0.47438693046569824,17.11308479309082,0.7778674960136414,0.11441783607006073,9.830378532409668,0.44683539867401123,12.165530333965886,3.0,4,4
ut_3-b-36_kv_kv-no2-crpf-langjing-imphal_22082024-000000-1_EN-OL-RC-244_2,3,inside,inside,c,4.89,5.43,IH N S AY D,c,0,* IH N S AY D *,IH N S AY D,244,272,28,-0.5107452869415283,-0.7374008297920227,-0.026335744187235832,-0.7778890132904053,-6.444322109222412,-0.2301543653011322,2.751783176790923e-05,1.2731348276138306,0.04546910151839256,0.6254799365997314,29.42007064819336,1.050716757774353,0.805410623550415,27.715547561645508,0.9898409843444824,0.7201761603355408,23.222545623779297,0.8293766379356384,0.00881905946880579,2.1622982025146484,0.07722493261098862,0.9065622687339783,26.650917053222656,0.9518184661865234,0.12543632090091705,10.697358131408691,0.38204851746559143,0.6730530261993408,22.449979782104492,0.8017849922180176,0.27013352513313293,13.22481918334961,0.4723149836063385,0.0,0.0,5,5
ut_3-b-36_kv_kv-no2-crpf-langjing-imphal_22082024-000000-1_EN-OL-RC-244_2,3,the,the,c,5.43,5.61,DH AH,c,0,* DH AH *,DH AH,271,281,10,-0.5107452869415283,-0.5545575022697449,-0.05545575171709061,-0.7778890132904053,-3.6559643745422363,-0.3655964434146881,5.372023588279262e-05,0.8767566084861755,0.08767566084861755,0.6742231249809265,14.045708656311035,1.4045708179473877,0.805410623550415,9.78770923614502,0.978770911693573,0.6905655264854431,7.851766586303711,0.7851766347885132,0.005345743149518967,0.39223992824554443,0.039223991334438324,0.8972616195678711,9.310979843139648,0.9310979843139648,0.10201922804117203,2.4908628463745117,0.24908629059791565,0.6525603532791138,7.400121688842773,0.7400121688842773,0.24807237088680267,3.6878228187561035,0.36878228187561035,0.0,0.0,2,2
ut_3-b-36_kv_kv-no2-crpf-langjing-imphal_22082024-000000-1_EN-OL-RC-244_2,3,fruit,fruit,c,5.61,6.06,F R UW T,c,0,* F R UW T *,F R UW T,280,303,23,-0.4410758316516876,-0.8479108214378357,-0.03686568886041641,-0.7928822040557861,-6.269373416900635,-0.27258145809173584,2.2174996047397144e-05,1.593498945236206,0.06928256154060364,0.5747902393341064,26.364273071289062,1.1462727785110474,0.8305134773254395,22.670326232910156,0.9856663346290588,0.6761265993118286,18.767330169677734,0.8159708976745605,0.004187846556305885,1.5076243877410889,0.06554888933897018,0.8796948194503784,21.739233016967773,0.945184051990509,0.06905265897512436,7.981723785400391,0.34703147411346436,0.6168646812438965,18.022823333740234,0.7836009860038757,0.2135453075170517,10.212143898010254,0.4440062642097473,0.0,0.0,4,4
ut_3-b-36_kv_kv-no2-crpf-langjing-imphal_22082024-000000-1_EN-OL-RC-244_2,3,these,these,c,6.39,6.72,DH IY Z,c,0,DH IY Z *,DH IY Z,319,336,17,-0.032139044255018234,-0.044404346495866776,-0.00261202035471797,-0.7979126572608948,-4.076447486877441,-0.23979103565216064,1.7858137653092854e-05,0.2558046281337738,0.015047331340610981,0.5856364965438843,18.77860450744629,1.104623794555664,0.9870091080665588,16.982036590576172,0.9989433288574219,0.633236289024353,13.933573722839355,0.8196219801902771,0.002028003567829728,1.333982229232788,0.07846954464912415,0.8470009565353394,16.101049423217773,0.9471205472946167,0.0333978533744812,6.462997913360596,0.3801763355731964,0.5588366985321045,13.493807792663574,0.7937533855438232,0.1665758490562439,7.952811241149902,0.4678124189376831,0.0,0.0,3,3
ut_3-b-36_kv_kv-no2-crpf-langjing-imphal_22082024-000000-1_EN-OL-RC-244_2,3,seeds,seeds,c,6.72,7.11,S IY D Z,c,0,S IY T S *,S IY T S,336,356,20,-0.22285546362400055,-0.46839356422424316,-0.023419678211212158,-1.0475176572799683,-5.694305896759033,-0.28471529483795166,3.533645940478891e-05,1.2869772911071777,0.06434886157512665,0.6151389479637146,23.118921279907227,1.1559460163116455,0.9120312929153442,19.814117431640625,0.9907058477401733,0.575793445110321,16.224626541137695,0.8112313151359558,0.0007678651018068194,1.4400895833969116,0.07200448215007782,0.8051090836524963,18.8156795501709,0.9407839775085449,0.013167573139071465,7.19997501373291,0.35999876260757446,0.49631214141845703,15.600247383117676,0.7800123691558838,0.12638309597969055,8.993135452270508,0.44965678453445435,6.7338744867176725,2.0,4,4
ut_3-b-36_kv_kv-no2-crpf-langjing-imphal_22082024-000000-1_EN-OL-RC-244_2,3,are,are,c,7.11,7.53,AA R,c,0,* AA R * SIL *,AA R,355,377,22,-0.08159860223531723,-0.13789114356040955,-0.006267779041081667,-0.5723593235015869,-5.141854763031006,-0.23372067511081696,3.831455614999868e-05,0.534008264541626,0.02427310310304165,0.6358554363250732,24.106718063354492,1.0957598686218262,0.96722012758255,21.94448471069336,0.9974765777587891,0.6887732744216919,18.10869598388672,0.8231225609779358,0.00518618943169713,1.5769078731536865,0.07167763262987137,0.894550085067749,20.88888168334961,0.9494946002960205,0.09605462104082108,8.118099212646484,0.3690045177936554,0.646806001663208,17.496734619140625,0.7953061461448669,0.24218253791332245,10.15500259399414,0.46159103512763977,0.0,0.0,2,2
ut_3-b-36_kv_kv-no2-crpf-langjing-imphal_22082024-000000-1_EN-OL-RC-244_2,3,of,of,c,7.71,7.98,AH V,c,0,AO F *,AO F,385,399,14,-0.11305736005306244,-0.11380190402269363,-0.00812870729714632,-0.5739426016807556,-3.038203477859497,-0.21701453626155853,2.14670981222298e-05,0.34877151250839233,0.02491225115954876,0.6329025030136108,14.889965057373047,1.0635689496994019,0.9547600746154785,13.954459190368652,0.9967470765113831,0.6984614133834839,11.55474853515625,0.8253391981124878,0.0061091892421245575,1.032109260559082,0.07372208684682846,0.905177652835846,13.323213577270508,0.9516581296920776,0.12163630872964859,5.346428871154785,0.3818877637386322,0.6699247360229492,11.221405029296875,0.8015289306640625,0.2666528820991516,6.605989933013916,0.47185641527175903,4.411563432609308,2.0,2,2
ut_3-b-36_kv_kv-no2-crpf-langjing-imphal_22082024-000000-1_EN-OL-RC-244_2,3,no,no,c,7.98,8.31,N OW,c,0,* N OW *,N OW,399,416,17,-0.5462822318077087,-0.6169651746749878,-0.03629206866025925,-0.9415477514266968,-4.154349327087402,-0.24437348544597626,2.1500296497833915e-05,1.0007230043411255,0.05886605754494667,0.5795485973358154,17.673059463500977,1.0395917892456055,0.7927736043930054,16.764204025268555,0.986129641532898,0.6805431842803955,14.113153457641602,0.8301854729652405,0.004512524697929621,1.3947875499725342,0.08204632997512817,0.8634669184684753,16.158540725708008,0.9505023956298828,0.04815023019909859,6.604649543762207,0.38850879669189453,0.5868543386459351,13.61541748046875,0.8009068965911865,0.18795426189899445,8.093870162963867,0.4761100113391876,0.0,0.0,2,2
ut_3-b-36_kv_kv-no2-crpf-langjing-imphal_22082024-000000-1_EN-OL-RC-244_2,3,use,use,c,8.31,8.58,Y UW S,c,0,* Y UW S,Y UW S,415,429,14,-0.03882433846592903,-0.04182609170675278,-0.002987578045576811,-0.4497206509113312,-3.17132568359375,-0.2265232652425766,4.392218033899553e-05,0.18848946690559387,0.013463533483445644,0.6731368899345398,15.463623046875,1.1045445203781128,0.9843201041221619,13.983101844787598,0.9987930059432983,0.7076040506362915,11.4910888671875,0.8207920789718628,0.0071303751319646835,0.997999906539917,0.07128570973873138,0.9089125394821167,13.296069145202637,0.949719250202179,0.13216032087802887,5.169231414794922,0.36923080682754517,0.6784281730651855,11.139163970947266,0.7956545948982239,0.2762124538421631,6.469472885131836,0.4621052145957947,0.0,0.0,3,3
ut_3-b-36_kv_kv-no2-crpf-langjing-imphal_22082024-000000-1_EN-OL-RC-244_2,3,at,at,c,8.61,8.85,AE T,c,0,* AE T *,AE T,430,443,13,-0.49924612045288086,-0.682560920715332,-0.052504684776067734,-0.7740136384963989,-4.022507667541504,-0.30942365527153015,5.8900150179397315e-05,1.256729006767273,0.096671462059021,0.7394710779190063,15.63656997680664,1.2028130292892456,0.8095239400863647,12.736164093017578,0.9797049164772034,0.7385880947113037,10.56208610534668,0.8124681711196899,0.012039553374052048,0.7174737453460693,0.05519028753042221,0.906381368637085,12.246969223022461,0.9420745372772217,0.1249331682920456,4.037522315979004,0.3105786442756653,0.672642707824707,10.02367877960205,0.7710522413253784,0.2696746289730072,5.4239325523376465,0.41722556948661804,0.0,0.0,2,2
ut_3-b-36_kv_kv-no2-crpf-langjing-imphal_22082024-000000-1_EN-OL-RC-244_2,3,all,all,c,8.85,9.24,AO L,c,0,* AO L * SIL,AO L,442,462,20,-0.49924612045288086,-0.5578972697257996,-0.027894863858819008,-0.7740136384963989,-4.534892559051514,-0.2267446219921112,4.6889814257156104e-05,0.9013805985450745,0.04506903141736984,0.682765543460846,20.782350540161133,1.0391175746917725,0.8095239400863647,19.785884857177734,0.9892942309379578,0.7217159867286682,16.610761642456055,0.8305380940437317,0.009051661007106304,1.5223641395568848,0.07611820846796036,0.906381368637085,19.046749114990234,0.9523374438285828,0.1249331682920456,7.728420257568359,0.3864210247993469,0.672642707824707,16.071582794189453,0.8035791516304016,0.2696745693683624,9.504398345947266,0.4752199053764343,0.0,0.0,2,2
ut_3-b-36_kv_kv-no2-crpf-langjing-imphal_22082024-000000-1_EN-OL-RC-244_2,3,to,to,c,9.51,9.69,T UW,c,0,T UW *,T UW,475,485,10,-0.12442425638437271,-0.13278065621852875,-0.013278065249323845,-0.5737757682800293,-2.5899953842163086,-0.2589995265007019,3.130309778498486e-05,0.41567638516426086,0.041567638516426086,0.640116274356842,11.444182395935059,1.1444182395935059,0.9502819180488586,9.946893692016602,0.9946893453598022,0.7007016539573669,8.17436408996582,0.8174363970756531,0.006345009431242943,0.6840764284133911,0.06840763986110687,0.9028608798980713,9.462214469909668,0.9462214708328247,0.115533746778965,3.499168634414673,0.34991687536239624,0.6647524833679199,7.858153343200684,0.7858153581619263,0.26098865270614624,4.468949317932129,0.44689494371414185,0.0,0.0,2,2
ut_3-b-36_kv_kv-no2-crpf-langjing-imphal_22082024-000000-1_EN-OL-RC-244_2,3,the,the,c,9.69,9.78,DH AH,c,0,* DH AH,DH AH,484,489,5,-0.12442425638437271,-0.1502697616815567,-0.03005395270884037,-0.5737757682800293,-2.079464912414551,-0.41589298844337463,0.0008464331040158868,0.49054524302482605,0.09810905158519745,0.8531550765037537,7.703272819519043,1.5406545400619507,0.9502819180488586,4.939822673797607,0.9879645109176636,0.7123523950576782,3.8296890258789062,0.7659378051757812,0.00772639736533165,0.15246888995170593,0.030493777245283127,0.9022562503814697,4.6078996658325195,0.9215799570083618,0.11399202048778534,1.01157546043396,0.202315092086792,0.6634151339530945,3.571089744567871,0.7142179608345032,0.25954222679138184,1.656686544418335,0.3313373029232025,0.0,0.0,2,2
ut_3-b-36_kv_kv-no2-crpf-langjing-imphal_22082024-000000-1_EN-OL-RC-244_2,3,banana,banana,c,9.81,10.29,B AH N AE N AH,c,0,* B AH N AA N AA *,B AH N AA N AA,490,515,25,-0.17878296971321106,-0.25614431500434875,-0.010245773009955883,-0.6406484842300415,-6.555173873901367,-0.26220694184303284,3.4169675927842036e-05,0.8142156004905701,0.03256862238049507,0.6183614134788513,29.420001983642578,1.1768001317977905,0.9290417432785034,24.897798538208008,0.9959119558334351,0.6558688879013062,20.319284439086914,0.8127713799476624,0.002973371185362339,1.5516812801361084,0.06206725165247917,0.8719396591186523,23.62196922302246,0.9448787569999695,0.05812343955039978,8.434497833251953,0.33737990260124207,0.6022000312805176,19.53156852722168,0.7812627553939819,0.20067280530929565,10.929460525512695,0.43717843294143677,6.104000205878067,2.0,6,6
ut_3-b-36_kv_kv-no2-crpf-langjing-imphal_22082024-000000-1_EN-OL-RC-244_2,3,plant,plant,c,10.29,10.8,P L AE N T,c,0,* P L AA N T * SIL,P L AA N T,514,540,26,-0.2708420157432556,-0.5851044654846191,-0.022504018619656563,-0.7230221033096313,-7.572357177734375,-0.2912445068359375,3.0977666028775275e-05,1.5384080410003662,0.05916953831911087,0.6615124940872192,31.810836791992188,1.2234936952590942,0.8937223553657532,25.768484115600586,0.9910955429077148,0.66005939245224,20.950395584106445,0.8057844638824463,0.003191667376086116,1.494685411453247,0.05748790130019188,0.8751475214958191,24.46556854248047,0.9409834146499634,0.0624171607196331,8.29753303527832,0.3191358745098114,0.6081913113594055,20.044649124145508,0.770948052406311,0.2058447152376175,10.978126525878906,0.4222356379032135,1.8273272771167965,1.0,5,5
ut_3-b-36_kv_kv-no2-crpf-langjing-imphal_22082024-000000-1_EN-OL-RC-244_2,3,new,new,c,11.04,11.37,N UW,c,0,N Y UW,N Y UW,552,569,17,-0.5784754157066345,-0.6556165218353271,-0.03856567665934563,-0.8442462682723999,-4.972785472869873,-0.2925167977809906,2.2851594621897675e-05,1.0235693454742432,0.060209959745407104,0.5849688649177551,20.528541564941406,1.2075612545013428,0.7814221382141113,16.75029754638672,0.9853116273880005,0.6713094115257263,13.695984840393066,0.8056461811065674,0.0038602978456765413,1.1312782764434814,0.06654578447341919,0.8736780881881714,15.995019912719727,0.9408835172653198,0.06041226536035538,5.719451427459717,0.3364383280277252,0.6054340600967407,13.158099174499512,0.7740058302879333,0.20344975590705872,7.386801719665527,0.4345177412033081,5.016703330405624,1.0,2,3
ut_3-b-36_kv_kv-no2-crpf-langjing-imphal_22082024-000000-1_EN-OL-RC-244_2,3,plants,plants,c,11.37,11.94,P L AE N T S,c,0,* P L AA N T S *,P L AA N T S,568,597,29,-0.6257395148277283,-1.2218908071517944,-0.04213416576385498,-0.9326947927474976,-6.945868015289307,-0.23951269686222076,2.201932693424169e-05,1.4935357570648193,0.051501233130693436,0.5774111747741699,30.453001022338867,1.0501034259796143,0.7649211883544922,28.53917694091797,0.9841095209121704,0.6640299558639526,24.015779495239258,0.828130304813385,0.0034132779110223055,2.3443639278411865,0.08084013313055038,0.8741790652275085,27.570056915283203,0.9506916403770447,0.06108847260475159,11.273177146911621,0.3887302577495575,0.6063716411590576,23.236282348632812,0.8012511134147644,0.20426133275032043,13.808673858642578,0.4761611819267273,1.8273272771167965,1.0,6,6
ut_3-b-36_kv_kv-no2-crpf-langjing-imphal_22082024-000000-1_EN-OL-RC-244_2,3,do,do,c,11.94,12.15,D UW,c,0,D UW,D UW,597,608,11,-0.06373826414346695,-0.10331006348133087,-0.009391823783516884,-0.4695209860801697,-2.7439534664154053,-0.24945031106472015,2.201782990596257e-05,0.40216735005378723,0.03656066954135895,0.6109251976013184,12.471698760986328,1.1337908506393433,0.9743379354476929,10.958354949951172,0.9962140917778015,0.7403528690338135,9.017906188964844,0.8198096752166748,0.012404187582433224,0.6988354921340942,0.06353049725294113,0.9238942861557007,10.427680015563965,0.9479709267616272,0.18435679376125336,3.784846067428589,0.34407690167427063,0.7147918939590454,8.665912628173828,0.7878102660179138,0.32079291343688965,4.882950782775879,0.4439046084880829,0.0,0.0,2,2
ut_3-b-36_kv_kv-no2-crpf-langjing-imphal_22082024-000000-1_EN-OL-RC-244_2,3,not,not,c,12.15,12.45,N AA T,c,0,* N AO T *,N AO T,607,623,16,-0.22376689314842224,-0.3074360489845276,-0.019214753061532974,-0.6475077867507935,-4.256814479827881,-0.26605090498924255,4.891591379418969e-05,0.8827682733535767,0.05517301708459854,0.6337151527404785,18.183324813842773,1.1364578008651733,0.9116816520690918,15.877856254577637,0.9923660159111023,0.7258604764938354,13.122361183166504,0.8201475739479065,0.009708652272820473,1.0692156553268433,0.0668259784579277,0.909127950668335,15.144868850708008,0.9465543031692505,0.13279426097869873,5.498452663421631,0.34365329146385193,0.6789249181747437,12.563064575195312,0.785191535949707,0.2767805755138397,7.0864033699035645,0.4429002106189728,0.406100786224316,1.0,3,3
ut_3-b-36_kv_kv-no2-crpf-langjing-imphal_22082024-000000-1_EN-OL-RC-244_2,3,grow,grow,c,12.45,12.72,G R OW,c,0,G R OW *,G R OW,622,636,14,-0.005580350290983915,-0.00770988455042243,-0.0005507060559466481,-0.4267316460609436,-3.1419262886047363,-0.22442330420017242,8.946021989686415e-05,0.05491906404495239,0.003922790288925171,0.7291807532310486,15.959249496459961,1.1399463415145874,0.997736930847168,13.99687385559082,0.9997767210006714,0.718662679195404,11.429971694946289,0.8164265751838684,0.008596266619861126,0.8230528235435486,0.058789487928152084,0.9102731347084045,13.289233207702637,0.949230968952179,0.13621638715267181,4.9116973876953125,0.35083553194999695,0.6815782785415649,11.080348014831543,0.7914534211158752,0.27983349561691284,6.277977466583252,0.4484269618988037,0.0,0.0,3,3
ut_3-b-36_kv_kv-no2-crpf-langjing-imphal_22082024-000000-1_EN-OL-RC-244_2,3,from,from,c,12.72,12.99,F R AH M,c,0,* F R AO M *,F R AO M,636,650,14,-0.01701824553310871,-0.03450217843055725,-0.0024644413497298956,-0.45477187633514404,-3.7723746299743652,-0.26945534348487854,7.874399307183921e-05,0.19450660049915314,0.013893328607082367,0.7324984073638916,17.646291732788086,1.2604494094848633,0.9931080937385559,13.986019134521484,0.9990013837814331,0.7265063524246216,11.225478172302246,0.8018198609352112,0.009815247729420662,0.6876154541969299,0.049115389585494995,0.9147202968597412,13.192571640014648,0.942326545715332,0.15036256611347198,4.2615180015563965,0.3043941557407379,0.6920777559280396,10.784749984741211,0.77033931016922,0.292223185300827,5.782951831817627,0.4130679965019226,2.9596412198778177,1.0,4,4
ut_3-b-36_kv_kv-no2-crpf-langjing-imphal_22082024-000000-1_EN-OL-RC-244_2,3,the,the,c,12.99,13.11,DH AH,c,0,* DH AH,DH AH,649,656,7,-0.01701824553310871,-0.019716762006282806,-0.0028166803531348705,-0.5138568878173828,-1.970443844795227,-0.2814919650554657,0.00018630537670105696,0.1096978560090065,0.015671122819185257,0.8131735324859619,8.856640815734863,1.265234351158142,0.9931080937385559,6.992013454437256,0.9988590478897095,0.6971914768218994,5.614083290100098,0.8020119071006775,0.005979415960609913,0.3778006136417389,0.05397151783108711,0.8959178328514099,6.584548473358154,0.9406498074531555,0.0990183874964714,2.1725730895996094,0.3103675842285156,0.6496967673301697,5.380346298217773,0.7686209082603455,0.24512511491775513,2.9105496406555176,0.4157927930355072,0.0,0.0,2,2
ut_3-b-36_kv_kv-no2-crpf-langjing-imphal_22082024-000000-1_EN-OL-RC-244_2,3,seeds,seeds,c,13.11,13.65,S IY D Z,c,0,* S IY D S * SIL,S IY D S,655,683,28,-0.47288721799850464,-0.5675055384635925,-0.02026805467903614,-1.277625322341919,-7.5231122970581055,-0.2686825692653656,2.6807831090991385e-05,1.274928092956543,0.04553314670920372,0.6156634092330933,31.463775634765625,1.1237062215805054,0.8189971446990967,27.780719757080078,0.9921685457229614,0.538543701171875,22.887248992919922,0.8174017667770386,0.00040903451736085117,2.1257987022399902,0.07592137902975082,0.7688907980918884,26.418941497802734,0.9435335993766785,0.005888945423066616,10.392016410827637,0.3711434304714203,0.45004451274871826,22.033796310424805,0.7869213223457336,0.10225861519575119,12.860273361206055,0.45929548144340515,2.250333956628733,1.0,4,4
ut_3-b-36_kv_kv-no2-crpf-langjing-imphal_22082024-000000-1_EN-OL-RC-244_2,3,new,new,c,13.92,14.13,N UW,c,0,N Y UW *,N Y UW,696,707,11,-0.003648072713986039,-0.010998746380209923,-0.0009998860768973827,-0.610313355922699,-3.1131820678710938,-0.283016562461853,3.1933956051943824e-05,0.0830594003200531,0.007550854701548815,0.6174800395965576,14.304530143737793,1.3004118204116821,0.9985201358795166,10.995537757873535,0.9995943307876587,0.6395570635795593,8.714617729187012,0.7922379970550537,0.0022567282430827618,0.5657885670661926,0.05143532529473305,0.8721915483474731,10.31975269317627,0.9381593465805054,0.058449581265449524,3.3836193084716797,0.3076017498970032,0.6026667356491089,8.40441608428955,0.7640378475189209,0.20107139647006989,4.533446788787842,0.41213151812553406,5.016703330405624,1.0,2,3
ut_3-b-36_kv_kv-no2-crpf-langjing-imphal_22082024-000000-1_EN-OL-RC-244_2,3,banana,banana,c,14.13,14.58,B AH N AE N AH,c,0,* B AH N AA N AA,B AH N AA N AA,706,729,23,-0.003246026812121272,-0.00784419383853674,-0.0003410518984310329,-0.5728449821472168,-4.888068199157715,-0.21252469718456268,3.690582889248617e-05,0.06501492112874985,0.00282673561014235,0.6345908045768738,24.869632720947266,1.0812883377075195,0.9986832737922668,22.99681854248047,0.9998616576194763,0.6723616123199463,18.96009063720703,0.8243517875671387,0.0039295838214457035,1.6756956577301025,0.07285632938146591,0.8837996125221252,21.88431167602539,0.9514918327331543,0.07564622908830643,8.731230735778809,0.37961873412132263,0.6248839497566223,18.421463012695312,0.8009331822395325,0.220896378159523,10.806257247924805,0.4698372781276703,6.104000205878067,2.0,6,6
ut_3-b-36_kv_kv-no2-crpf-langjing-imphal_22082024-000000-1_EN-OL-RC-244_2,3,plants,plants,c,14.58,15.21,P L AE N T S,c,0,* P L AA N T S *,P L AA N T S,729,761,32,-0.06906694918870926,-0.14447367191314697,-0.004514802247285843,-0.6313059329986572,-6.986209869384766,-0.21831905841827393,2.3536471417173743e-05,0.6139190196990967,0.01918496936559677,0.5883502960205078,33.611534118652344,1.0503604412078857,0.9722110033035278,31.94170570373535,0.9981783032417297,0.6575517058372498,26.523469924926758,0.8288584351539612,0.0030591797549277544,2.5280046463012695,0.07900014519691467,0.8741123676300049,30.463584899902344,0.9519870281219482,0.06099800765514374,12.403460502624512,0.387608140707016,0.6062467098236084,25.702590942382812,0.8032059669494629,0.20415300130844116,15.240019798278809,0.47625061869621277,1.8273272771167965,1.0,6,6
ut_3-b-36_kv_kv-no2-crpf-langjing-imphal_22082024-000000-1_EN-OL-RC-244_2,3,grow,grow,c,15.24,15.57,G R OW,c,0,G R OW *,G R OW,762,779,17,-0.20327067375183105,-0.20494604110717773,-0.012055649422109127,-0.6571703553199768,-3.849102258682251,-0.22641777992248535,2.41647594521055e-05,0.4942436218261719,0.02907315455377102,0.6960756778717041,18.697097778320312,1.0998293161392212,0.919567346572876,16.918888092041016,0.9952287077903748,0.7167551517486572,13.96338939666748,0.821375846862793,0.008323467336595058,1.0913355350494385,0.06419620662927628,0.9040293097496033,16.154138565063477,0.9502434730529785,0.11857215315103531,6.180887222290039,0.3635815978050232,0.6673513650894165,13.525899887084961,0.7956411838531494,0.26382070779800415,7.78479528427124,0.4579291343688965,0.0,0.0,3,3
ut_3-b-36_kv_kv-no2-crpf-langjing-imphal_22082024-000000-1_EN-OL-RC-244_2,3,from,from,c,15.57,15.84,F R AH M,c,0,* F R AO M *,F R AO M,778,792,14,-0.5318166613578796,-1.0374672412872314,-0.07410480082035065,-0.9533100724220276,-5.351229667663574,-0.3822306990623474,4.875009835814126e-05,1.750087857246399,0.1250062733888626,0.6600311398506165,19.43412208557129,1.3881515264511108,0.7979040741920471,13.600717544555664,0.9714798331260681,0.6801944971084595,10.9738187789917,0.7838441729545593,0.004485998768359423,0.6005093455314636,0.04289352521300316,0.8607342839241028,13.011646270751953,0.9294033050537109,0.045313864946365356,3.5787973403930664,0.255628377199173,0.5820457935333252,10.339750289916992,0.7385535836219788,0.1841202825307846,5.210547924041748,0.3721819818019867,2.9596412198778177,1.0,4,4
ut_3-b-36_kv_kv-no2-crpf-langjing-imphal_22082024-000000-1_EN-OL-RC-244_2,3,the,the,c,15.84,15.96,DH AH,c,0,DH AH *,DH AH,792,798,6,-0.23948076367378235,-0.24508927762508392,-0.04084821417927742,-0.73149573802948,-2.4430510997772217,-0.4071751832962036,0.0004988425644114614,0.5636911988258362,0.09394853562116623,1.003196358680725,9.313459396362305,1.5522432327270508,0.9056630730628967,5.903387546539307,0.9838979244232178,0.7023229598999023,4.573561668395996,0.7622602581977844,0.006521329749375582,0.15307961404323578,0.025513269007205963,0.8897837400436401,5.529881477355957,0.9216468930244446,0.08640285581350327,1.2260202169418335,0.20433670282363892,0.6369159817695618,4.290337562561035,0.7150562405586243,0.232357919216156,1.9924834966659546,0.33208057284355164,0.0,0.0,2,2
ut_3-b-36_kv_kv-no2-crpf-langjing-imphal_22082024-000000-1_EN-OL-RC-244_2,3,old,old,c,15.96,16.32,OW L D,c,0,OW L D * SIL,OW L D,798,816,18,-0.5048081874847412,-0.9229971170425415,-0.05127761885523796,-1.3559025526046753,-6.605374813079834,-0.36696526408195496,8.091408381005749e-05,1.6283293962478638,0.09046274423599243,0.7995604872703552,25.140439987182617,1.396691083908081,0.8075329661369324,17.64573860168457,0.9803187847137451,0.5027626752853394,13.985905647277832,0.7769947648048401,0.00022335819085128605,0.7547379732131958,0.04192988574504852,0.7390360236167908,16.667348861694336,0.925963819026947,0.0030336796771734953,4.921545028686523,0.27341917157173157,0.4160459041595459,13.311115264892578,0.7395064234733582,0.08706541359424591,6.866631984710693,0.38147956132888794,0.0,0.0,3,3
ut_3-b-36_kv_kv-no2-crpf-langjing-imphal_22082024-000000-1_EN-OL-RC-244_2,3,plant,plant,c,16.38,16.83,P L AE N T,c,0,P L AA N T * SIL,P L AA N T,818,842,24,-0.0562090128660202,-0.061040181666612625,-0.002543340902775526,-0.7443038821220398,-5.414663314819336,-0.22561097145080566,2.4019807824515738e-05,0.25822699069976807,0.01075945794582367,0.6328834891319275,26.765226364135742,1.1152178049087524,0.9773480892181396,23.975387573242188,0.9989745020866394,0.6415510177612305,19.655635833740234,0.8189848065376282,0.0023341032210737467,1.653432011604309,0.06889300048351288,0.8579646348953247,22.781112670898438,0.9492130279541016,0.04260950908064842,8.799705505371094,0.3666543960571289,0.577238917350769,19.06968116760254,0.7945700287818909,0.18035753071308136,11.032794952392578,0.4596997797489166,1.8273272771167965,1.0,5,5
ut_3-b-36_kv_kv-no2-crpf-langjing-imphal_22082024-000000-1_EN-OL-RC-244_2,3,they,they,c,17.07,17.25,DH EY,c,0,DH EY *,DH EY,853,863,10,-0.0023969504982233047,-0.0033777919597923756,-0.00033777920180000365,-0.35925012826919556,-2.2074100971221924,-0.22074100375175476,3.151474447804503e-05,0.027211930602788925,0.002721193013712764,0.6386973857879639,11.309569358825684,1.1309568881988525,0.9990276098251343,9.99863052368164,0.9998630285263062,0.7327767014503479,8.181406021118164,0.8181406259536743,0.01091291569173336,0.6283101439476013,0.06283101439476013,0.921144962310791,9.499682426452637,0.9499682188034058,0.17343272268772125,3.550124168395996,0.3550124168395996,0.7078279852867126,7.9348649978637695,0.793486475944519,0.31176820397377014,4.5219011306762695,0.452190101146698,0.0,0.0,2,2
ut_3-b-36_kv_kv-no2-crpf-langjing-imphal_22082024-000000-1_EN-OL-RC-244_2,3,look,look,c,17.25,17.46,L UH K,c,0,* L UH K *,L UH K,862,873,11,-0.015068179927766323,-0.018536370247602463,-0.0016851245891302824,-0.5009220838546753,-2.8778340816497803,-0.26162126660346985,4.022145731141791e-05,0.10659615695476532,0.009690559469163418,0.7251030206680298,13.754406929016113,1.2504006624221802,0.9938963055610657,10.992488861083984,0.9993171691894531,0.6665772199630737,8.802730560302734,0.8002482056617737,0.0035634839441627264,0.5794491767883301,0.05267719924449921,0.8912394642829895,10.36715030670166,0.9424682259559631,0.08924301713705063,3.476715564727783,0.3160650432109833,0.6399068832397461,8.501846313476562,0.772895097732544,0.23528991639614105,4.631121635437012,0.4210110604763031,0.0,0.0,3,3
ut_3-b-36_kv_kv-no2-crpf-langjing-imphal_22082024-000000-1_EN-OL-RC-244_2,3,just,<eps>,d,,,JH AH S T,d,1,,,,,,,,,,,,,,,,,,,,,,,,,,,,,,,,,,,,,,,,,,
ut_3-b-36_kv_kv-no2-crpf-langjing-imphal_22082024-000000-1_EN-OL-RC-244_2,3,like,like,c,17.46,17.79,L AY K,c,0,* L AY K *,L AY K,873,890,17,-0.5096026659011841,-0.5130394101142883,-0.030178789049386978,-0.78587406873703,-4.195316314697266,-0.2467833161354065,2.718279938562773e-05,0.7040364742279053,0.04141391068696976,0.5826153755187988,19.200342178344727,1.1294318437576294,0.8058188557624817,16.804424285888672,0.9884955286979675,0.689696729183197,13.897849082946777,0.8175205588340759,0.005267797969281673,1.0992236137390137,0.0646602138876915,0.9009907245635986,16.11758041381836,0.9480929374694824,0.11083168536424637,6.021476745605469,0.3542045056819916,0.6606327295303345,13.43050479888916,0.7900297045707703,0.25655654072761536,7.659255027770996,0.45054441690444946,0.0,0.0,3,3
ut_3-b-36_kv_kv-no2-crpf-langjing-imphal_22082024-000000-1_EN-OL-RC-244_2,3,the,the,c,17.79,18.12,DH AH,c,0,* DH AH * SIL *,DH AH,889,906,17,-0.09907133877277374,-0.13667406141757965,-0.00803965050727129,-0.5291765332221985,-5.395670413970947,-0.31739237904548645,4.516322587733157e-05,0.541495144367218,0.03185265511274338,0.674934983253479,23.191871643066406,1.3642277717590332,0.9602874517440796,16.945049285888672,0.9967675805091858,0.7081353664398193,13.419179916381836,0.7893635034561157,0.007194713689386845,0.7189772129058838,0.04229277744889259,0.9061485528945923,15.899188995361328,0.9352464079856873,0.12428853660821915,4.561139106750488,0.2683022916316986,0.6721153259277344,12.765936851501465,0.7509374618530273,0.2690857946872711,6.535233020782471,0.38442546129226685,0.0,0.0,2,2
ut_3-b-36_kv_kv-no2-crpf-langjing-imphal_22082024-000000-1_EN-OL-RC-244_2,3,full,full,c,18.3,18.69,F UH L,c,0,F UH L,F UH L,915,935,20,-0.26335328817367554,-0.29136621952056885,-0.014568311162292957,-0.7351171374320984,-4.391336441040039,-0.21956682205200195,2.204168231401127e-05,0.6801413893699646,0.03400706872344017,0.6278328895568848,20.752527236938477,1.0376263856887817,0.8965651392936707,19.88523292541504,0.994261622428894,0.7154829502105713,16.595317840576172,0.8297659158706665,0.008146346546709538,1.554053783416748,0.07770268619060516,0.8918176889419556,19.04431915283203,0.9522159695625305,0.09039682894945145,7.8376383781433105,0.39188191294670105,0.6411020159721375,16.088428497314453,0.8044214248657227,0.23647087812423706,9.579792022705078,0.4789896011352539,0.0,0.0,3,3
ut_3-b-36_kv_kv-no2-crpf-langjing-imphal_22082024-000000-1_EN-OL-RC-244_2,3,grown,grown,c,18.69,19.05,G R OW N,c,0,G R OW N *,G R OW N,934,953,19,-0.26335328817367554,-0.26610079407691956,-0.014005305245518684,-0.7351171374320984,-4.4404754638671875,-0.23370923101902008,4.896390237263404e-05,0.5694951415061951,0.029973428696393967,0.7168757915496826,21.160898208618164,1.1137315034866333,0.8965651392936707,18.895448684692383,0.9944972991943359,0.7207987904548645,15.593921661376953,0.8207327127456665,0.008912385441362858,1.2018522024154663,0.06325537711381912,0.8918176889419556,18.039228439331055,0.9494330883026123,0.09039682894945145,6.8048906326293945,0.3581521511077881,0.6411020159721375,15.071441650390625,0.7932337522506714,0.23647087812423706,8.617670059204102,0.45356157422065735,0.0,0.0,4,4
ut_3-b-36_kv_kv-no2-crpf-langjing-imphal_22082024-000000-1_EN-OL-RC-244_2,3,plant,plant,c,19.05,19.44,P L AE N T,c,0,* P L AA N T S,P L AA N T S,952,972,20,-0.04614219814538956,-0.1274004429578781,-0.006370021961629391,-0.7004275918006897,-5.781896591186523,-0.28909483551979065,4.182164047961123e-05,0.5917485356330872,0.029587427154183388,0.6857343912124634,25.181615829467773,1.2590807676315308,0.9813815951347351,19.948514938354492,0.9974257349967957,0.6540372371673584,16.00140380859375,0.8000701665878296,0.002882705070078373,1.0958772897720337,0.054793864488601685,0.8658583760261536,18.78658103942871,0.9393290281295776,0.05077773332595825,6.269027233123779,0.31345134973526,0.5911176204681396,15.341695785522461,0.7670847773551941,0.19141307473182678,8.342504501342773,0.41712522506713867,5.324249606799672,2.0,5,6
ut_3-b-36_kv_kv-no2-crpf-langjing-imphal_22082024-000000-1_EN-OL-RC-244_2,3,there,they,s,19.44,19.68,DH EH R,c,0,* DH EY,DH EY,972,984,12,-0.1977948546409607,-0.24255649745464325,-0.020213041454553604,-0.7995070815086365,-5.119713306427002,-0.4266427755355835,0.00014974625082686543,0.7149834036827087,0.059581950306892395,0.86336350440979,19.60907554626465,1.6340895891189575,0.9216809272766113,11.903568267822266,0.9919640421867371,0.5537252426147461,8.947961807250977,0.7456634640693665,0.0005287373787723482,0.34051430225372314,0.02837619185447693,0.8267017602920532,10.971240043640137,0.9142699837684631,0.02127418853342533,2.4246764183044434,0.20205636322498322,0.5271371603012085,8.435373306274414,0.7029477953910828,0.14499805867671967,3.9065909385681152,0.32554924488067627,6.03928414024006,2.0,3,2
ut_3-b-36_kv_kv-no2-crpf-langjing-imphal_22082024-000000-1_EN-OL-RC-244_2,3,are,are,c,19.68,19.89,AA R,c,0,AA R *,AA R,984,995,11,-0.43079203367233276,-1.0838452577590942,-0.09853138774633408,-1.0045915842056274,-6.079112529754639,-0.5526465773582458,0.0011924636783078313,2.2382946014404297,0.20348133146762848,1.043940782546997,18.996746063232422,1.7269768714904785,0.8342561721801758,10.578680038452148,0.9616981744766235,0.616117000579834,8.0756254196167,0.7341477870941162,0.001518339035101235,0.22722512483596802,0.020656829699873924,0.8325673341751099,9.902289390563965,0.9002081155776978,0.02423536591231823,1.7538001537322998,0.15943637490272522,0.5360044240951538,7.3840203285217285,0.6712746024131775,0.15077254176139832,3.160320281982422,0.28730183839797974,0.0,0.0,2,2
ut_3-b-36_kv_kv-no2-crpf-langjing-imphal_22082024-000000-1_EN-OL-RC-244_2,3,some,some,c,19.89,20.13,S AH M,c,0,* S AH M *,S AH M,994,1007,13,-0.17858655750751495,-0.23143163323402405,-0.017802434042096138,-0.6318457722663879,-3.544475793838501,-0.2726519703865051,4.4118452933616936e-05,0.6611981391906738,0.05086139589548111,0.6515372395515442,15.497904777526855,1.1921465396881104,0.9291179776191711,12.907803535461426,0.9929079413414001,0.7272562384605408,10.552595138549805,0.8117380738258362,0.009940479882061481,0.783419668674469,0.060263052582740784,0.9079105854034424,12.273597717285156,0.9441229104995728,0.12925080955028534,4.261736869812012,0.3278259038925171,0.6761265397071838,10.113092422485352,0.7779302000999451,0.27359411120414734,5.594511032104492,0.4303469955921173,0.0,0.0,3,3
ut_3-b-36_kv_kv-no2-crpf-langjing-imphal_22082024-000000-1_EN-OL-RC-244_2,3,bananas,bananas,c,21.75,22.5,B AH N AE N AH Z,s,1,B AH N AA N AA,B AH N AA N AA,1087,1125,38,-0.016407305374741554,-0.045206062495708466,-0.001189633272588253,-0.6367295980453491,-9.056453704833984,-0.2383277267217636,3.955303691327572e-05,0.28669053316116333,0.007544487714767456,0.6384570598602295,43.712608337402344,1.1503318548202515,0.9933550357818604,37.9816780090332,0.9995178580284119,0.6541944146156311,30.96827507019043,0.8149545788764954,0.0028903745114803314,2.499591112136841,0.0657787099480629,0.8721210956573486,35.987159729003906,0.9470305442810059,0.05835817754268646,13.519161224365234,0.3557673990726471,0.602536141872406,29.967327117919922,0.7886138558387756,0.20095980167388916,17.128427505493164,0.450748085975647,8.960736928941769,3.0,7,6
ut_3-b-36_kv_kv-no2-crpf-langjing-imphal_22082024-000000-1_EN-OL-RC-244_2,3,which,which,c,22.53,22.8,W IH CH,c,0,* W IH CH *,W IH CH,1126,1140,14,-0.47948524355888367,-0.5509836673736572,-0.03935597464442253,-0.8018831014633179,-4.263636112213135,-0.30454543232917786,4.5489541662391275e-05,0.9637120366096497,0.06883657723665237,0.7195388674736023,17.8550968170166,1.2753640413284302,0.8166201114654541,13.78777027130127,0.9848407506942749,0.685687780380249,11.166040420532227,0.7975743412971497,0.004922591615468264,0.6585522890090942,0.0470394492149353,0.8960090279579163,13.147765159606934,0.9391260743141174,0.09921912103891373,4.136448860168457,0.29546064138412476,0.6498903036117554,10.683119773864746,0.7630800008773804,0.24532324075698853,5.667439937591553,0.404817134141922,0.0,0.0,3,3
ut_3-b-36_kv_kv-no2-crpf-langjing-imphal_22082024-000000-1_EN-OL-RC-244_2,3,are,are,c,22.8,22.98,AA R,c,0,AA R *,AA R,1140,1149,9,-0.050129685550928116,-0.05146119371056557,-0.00571791036054492,-0.4658646583557129,-2.24920654296875,-0.2499118447303772,6.511816900456324e-05,0.20841464400291443,0.023157183080911636,0.70063316822052,10.5450439453125,1.1716715097427368,0.9797827005386353,8.979242324829102,0.9976935982704163,0.7012277841567993,7.319940567016602,0.8133267164230347,0.006401693914085627,0.5490455627441406,0.061005063354969025,0.9045128226280212,8.51711654663086,0.9463462829589844,0.11985277384519577,3.0428266525268555,0.3380918502807617,0.6684325933456421,7.05471658706665,0.7838574051856995,0.26500725746154785,3.9467809200286865,0.43853121995925903,0.0,0.0,2,2
ut_3-b-36_kv_kv-no2-crpf-langjing-imphal_22082024-000000-1_EN-OL-RC-244_2,3,called,called,c,22.98,23.4,K AO L D,c,0,K AO L D *,K AO L D,1149,1170,21,-0.06654451787471771,-0.14970926940441132,-0.007129012607038021,-0.7655437588691711,-5.631200313568115,-0.2681523859500885,2.9655373509740457e-05,0.6118401885032654,0.029135247692465782,0.6015625,25.294631958007812,1.204506278038025,0.9732175469398499,20.93963623046875,0.997125506401062,0.624872624874115,16.937593460083008,0.8065520524978638,0.0017605882603675127,1.3242379426956177,0.06305895000696182,0.8522433042526245,19.79754638671875,0.9427403211593628,0.03752340376377106,7.028408050537109,0.3346861004829407,0.5675147175788879,16.319618225097656,0.7771247029304504,0.17295405268669128,9.11685562133789,0.43413597345352173,0.0,0.0,4,4
ut_3-b-36_kv_kv-no2-crpf-langjing-imphal_22082024-000000-1_EN-OL-RC-244_2,3,plantains,plantains,c,23.46,24.51,P L AE N T AH N Z,c,0,P L AA T AH N S * SIL *,P L AA T AH N S,1173,1226,53,-0.369449257850647,-1.142203450202942,-0.021551009267568588,-1.2395879030227661,-18.571231842041016,-0.3504005968570709,4.465952224563807e-05,3.314622640609741,0.06254004687070847,0.7061933875083923,74.0152359008789,1.3965139389038086,0.8567814230918884,52.54960632324219,0.9915019869804382,0.5645978450775146,41.342498779296875,0.7800471186637878,0.0006354434881359339,2.2420456409454346,0.04230274632573128,0.772667646408081,49.18867492675781,0.9280881881713867,0.006404425948858261,14.462794303894043,0.2728829085826874,0.45459210872650146,39.297855377197266,0.7414689660072327,0.1044449508190155,20.25189971923828,0.3821113109588623,8.947270647108912,3.0,8,7
ut_3-b-36_kv_kv-no2-crpf-langjing-imphal_22082024-000000-1_EN-OL-RC-244_2,3,in,in,c,24.78,24.96,IH N,c,0,IH N *,IH N,1239,1248,9,-0.4473140835762024,-0.4535265862941742,-0.05039184167981148,-0.7542838454246521,-2.299340009689331,-0.2554822266101837,2.2241452825255692e-05,0.6935963034629822,0.07706625759601593,0.5688546895980835,9.47608470916748,1.0528982877731323,0.8282478451728821,8.825728416442871,0.980636477470398,0.7172710299491882,7.459901809692383,0.8288779854774475,0.008396373130381107,0.7878471612930298,0.08753857016563416,0.9061684012413025,8.548587799072266,0.9498431086540222,0.12434342503547668,3.468515634536743,0.38539063930511475,0.672160267829895,7.188678741455078,0.7987420558929443,0.2691359519958496,4.27196741104126,0.47466304898262024,0.0,0.0,2,2
ut_3-b-36_kv_kv-no2-crpf-langjing-imphal_22082024-000000-1_EN-OL-RC-244_2,3,many,many,c,24.96,25.26,M EH N IY,c,0,* M EH N IY *,M EH N IY,1248,1263,15,-0.5049638748168945,-0.5153977274894714,-0.034359849989414215,-0.7793009877204895,-4.16883659362793,-0.27792245149612427,2.2274223738349974e-05,0.7454097867012024,0.049693986773490906,0.5899056792259216,18.200008392333984,1.2133338451385498,0.8074772357940674,14.803244590759277,0.9868829846382141,0.7121980786323547,12.10338306427002,0.8068922162055969,0.007706263568252325,0.897307813167572,0.059820521622896194,0.9053384065628052,14.1489839553833,0.9432656168937683,0.12207148224115372,4.8582305908203125,0.3238820433616638,0.6702864766120911,11.634208679199219,0.7756139039993286,0.2670532166957855,6.413559913635254,0.4275706708431244,0.0,0.0,4,4
ut_3-b-36_kv_kv-no2-crpf-langjing-imphal_22082024-000000-1_EN-OL-RC-244_2,3,countries,countries,c,25.26,25.89,K AH N T R IY Z,c,0,K AH N T R IY Z *,K AH N T R IY Z,1263,1295,32,-0.6098393797874451,-1.2982205152511597,-0.04056939110159874,-0.9582352042198181,-8.957830429077148,-0.2799322009086609,1.4220288903743494e-05,2.312164306640625,0.07225513458251953,0.5403520464897156,36.98165512084961,1.1556767225265503,0.7704505920410156,31.500089645385742,0.9843778014183044,0.6900269985198975,26.059263229370117,0.8143519759178162,0.005297292023897171,2.2146880626678467,0.06920900195837021,0.8661162257194519,30.215669631958008,0.9442396759986877,0.051069460809230804,11.061671257019043,0.3456772267818451,0.5915804505348206,25.01239013671875,0.7816371917724609,0.19179193675518036,14.17811393737793,0.4430660605430603,0.0,0.0,7,7
ut_3-b-36_kv_kv-no2-crpf-langjing-imphal_22082024-000000-1_EN-OL-RC-244_2,3,plantains,plantains,c,25.89,26.61,P L AE N T AH N Z,c,0,* P L AA T AH N T S *,P L AA T AH N T S,1294,1331,37,-0.44954854249954224,-0.8482306599617004,-0.022925153374671936,-1.2888362407684326,-13.812714576721191,-0.37331661581993103,2.9584723961306736e-05,2.1409082412719727,0.05786238610744476,0.646575391292572,54.251930236816406,1.4662684202194214,0.8274373412132263,36.6702766418457,0.9910885691642761,0.5582623481750488,28.51209259033203,0.7705971002578735,0.0005708948592655361,1.4288448095321655,0.03861742839217186,0.7594379782676697,34.17950439453125,0.9237703680992126,0.004773395135998726,9.342718124389648,0.252505898475647,0.4389163851737976,27.019102096557617,0.7302460074424744,0.09706640988588333,13.541584014892578,0.36598876118659973,13.581359621057654,4.0,8,8
ut_3-b-36_kv_kv-no2-crpf-langjing-imphal_22082024-000000-1_EN-OL-RC-244_2,3,are,are,c,26.61,26.79,AA R,c,0,* AA R,AA R,1330,1340,10,-0.4374108910560608,-0.4384843409061432,-0.0438484326004982,-0.770927906036377,-2.6209359169006348,-0.26209360361099243,3.5311135434312746e-05,0.6613394021987915,0.06613393872976303,0.6462960839271545,11.250171661376953,1.1250171661376953,0.8318462371826172,9.83141040802002,0.9831410646438599,0.6986967921257019,8.186671257019043,0.8186671137809753,0.006133544724434614,0.7011614441871643,0.07011614739894867,0.900471031665802,9.470060348510742,0.9470060467720032,0.1095593199133873,3.575255870819092,0.3575255870819092,0.6594964265823364,7.887019157409668,0.7887018918991089,0.2553463876247406,4.524318695068359,0.452431857585907,0.0,0.0,2,2
ut_3-b-36_kv_kv-no2-crpf-langjing-imphal_22082024-000000-1_EN-OL-RC-244_2,3,not,not,c,26.79,27.06,N AA T,c,0,* N AO T *,N AO T,1339,1353,14,-0.45623791217803955,-0.6740238666534424,-0.04814456030726433,-0.7556672692298889,-4.258941650390625,-0.3042101263999939,0.000126496292068623,1.1855273246765137,0.08468051999807358,0.69830322265625,17.35874366760254,1.2399102449417114,0.8250131607055664,13.738890647888184,0.9813493490219116,0.7218383550643921,11.288354873657227,0.8063110709190369,0.009070413187146187,0.686075747013092,0.0490054115653038,0.9068779945373535,13.178184509277344,0.9412989020347595,0.12631937861442566,4.1965532302856445,0.2997538149356842,0.6737703680992126,10.747939109802246,0.7677099108695984,0.27093759179115295,5.726856708526611,0.4090611934661865,0.406100786224316,1.0,3,3
ut_3-b-36_kv_kv-no2-crpf-langjing-imphal_22082024-000000-1_EN-OL-RC-244_2,3,eaten,eaten,c,27.06,27.45,IY T AH N,c,0,IY T AH N *,IY T AH N,1353,1373,20,-0.02498026378452778,-0.03697587549686432,-0.0018487938214093447,-0.4925493597984314,-4.416942596435547,-0.22084712982177734,3.1643670808989555e-05,0.20457196235656738,0.010228598490357399,0.6034491062164307,21.3211669921875,1.0660583972930908,0.9898938536643982,19.985029220581055,0.9992514848709106,0.7181274890899658,16.577993392944336,0.8288996815681458,0.008518838323652744,1.6108472347259521,0.08054236322641373,0.9029802680015564,19.033920288085938,0.9516960382461548,0.11584065109491348,7.669491767883301,0.38347458839416504,0.6650171875953674,16.0362606048584,0.801813006401062,0.2612757980823517,9.469392776489258,0.47346964478492737,0.0,0.0,4,4
ut_3-b-36_kv_kv-no2-crpf-langjing-imphal_22082024-000000-1_EN-OL-RC-244_2,3,as,as,c,27.45,27.66,AE Z,c,0,AE Z *,AE Z,1372,1383,11,-0.2971310019493103,-0.32916563749313354,-0.029924148693680763,-0.743480384349823,-3.2756457328796387,-0.2977859675884247,3.1128711270866916e-05,0.7336171269416809,0.06669246405363083,0.6492664813995361,13.58413028717041,1.2349209785461426,0.8837845921516418,10.870817184448242,0.9882560968399048,0.7018696665763855,8.860177040100098,0.8054706454277039,0.006471545901149511,0.610019326210022,0.05545630306005478,0.8934240937232971,10.347916603088379,0.9407196640968323,0.09368143230676651,3.433706760406494,0.312155157327652,0.6444441080093384,8.459453582763672,0.7690412402153015,0.23980234563350677,4.591670513153076,0.41742458939552307,0.0,0.0,2,2
ut_3-b-36_kv_kv-no2-crpf-langjing-imphal_22082024-000000-1_EN-OL-RC-244_2,3,fruit,fruit,c,27.66,28.05,F R UW T,s,1,F R UW T S * SIL,F R UW T S,1383,1403,20,-0.09134601801633835,-0.20609436929225922,-0.010304718278348446,-0.990378737449646,-6.905141830444336,-0.34525710344314575,5.3762072639074177e-05,0.8588710427284241,0.042943552136421204,0.5994701981544495,28.0003719329834,1.400018572807312,0.9633490443229675,19.917078018188477,0.9958539009094238,0.568626880645752,15.549560546875,0.777478039264679,0.0006802392308600247,0.9614603519439697,0.04807301610708237,0.8037416934967041,18.562129974365234,0.9281064867973328,0.012773561291396618,5.574599742889404,0.27872997522354126,0.49444901943206787,14.838166236877441,0.7419083118438721,0.12532682716846466,7.731480598449707,0.38657402992248535,3.496922329682875,1.0,4,5
ut_3-b-36_kv_kv-no2-crpf-langjing-imphal_22082024-000000-1_EN-OL-RC-244_2,3,they,they,c,28.32,28.47,DH EY,c,0,DH EY *,DH EY,1416,1424,8,-0.03935787081718445,-0.04542938247323036,-0.005678672809153795,-0.48636358976364136,-2.3161911964416504,-0.2895238995552063,2.425765705993399e-05,0.20519010722637177,0.02564876340329647,0.6254129409790039,10.408330917358398,1.3010413646697998,0.9841057062149048,7.981643199920654,0.9977053999900818,0.7140383720397949,6.364645004272461,0.7955806255340576,0.00794979277998209,0.38632890582084656,0.04829111322760582,0.912826418876648,7.513498306274414,0.9391872882843018,0.144166961312294,2.3365671634674072,0.2920708954334259,0.6875676512718201,6.099255561828613,0.7624069452285767,0.2868400812149048,3.224626302719116,0.4030782878398895,0.0,0.0,2,2
ut_3-b-36_kv_kv-no2-crpf-langjing-imphal_22082024-000000-1_EN-OL-RC-244_2,3,are,are,c,28.47,28.65,AA R,c,0,* AA R *,AA R,1423,1433,10,-0.03935787081718445,-0.06721947342157364,-0.006721947342157364,-0.4987189769744873,-2.913973569869995,-0.291397362947464,0.00019345773034729064,0.31249335408210754,0.031249335035681725,0.7007511258125305,12.743192672729492,1.2743192911148071,0.9841057062149048,9.972824096679688,0.9972823858261108,0.6896311044692993,8.012965202331543,0.8012965321540833,0.0052619557827711105,0.4868769645690918,0.04868769645690918,0.8962162733078003,9.401493072509766,0.9401493072509766,0.09967701137065887,2.9576034545898438,0.2957603335380554,0.650330662727356,7.649328231811523,0.7649328112602234,0.24577471613883972,4.057343006134033,0.4057343006134033,0.0,0.0,2,2
ut_3-b-36_kv_kv-no2-crpf-langjing-imphal_22082024-000000-1_EN-OL-RC-244_2,3,cooked,cooked,c,28.65,28.92,K UH K T,c,0,* K UH K D,K UH K D,1432,1446,14,-0.28290969133377075,-0.4268941879272461,-0.030492441728711128,-1.034360408782959,-4.39512825012207,-0.3139377236366272,7.1497488534078e-05,1.0562487840652466,0.07544634491205215,0.6983729600906372,17.867889404296875,1.276277780532837,0.8891523480415344,13.831483840942383,0.9879631400108337,0.5943453311920166,11.147493362426758,0.796249508857727,0.0010507688857614994,0.7267220616340637,0.051908720284700394,0.8152105808258057,13.106965065002441,0.9362117648124695,0.01648065634071827,4.272235870361328,0.30515971779823303,0.5103937983512878,10.655198097229004,0.761085569858551,0.13461485505104065,5.731526851654053,0.409394770860672,3.8933488049826166,1.0,4,4
ut_3-b-36_kv_kv-no2-crpf-langjing-imphal_22082024-000000-1_EN-OL-RC-244_2,3,as,as,c,28.95,29.19,AE Z,c,0,* AE Z *,AE Z,1447,1460,13,-0.015526463277637959,-0.022041285410523415,-0.0016954834572970867,-0.5321633815765381,-3.3293700218200684,-0.2561053931713104,6.14521632087417e-05,0.12902802228927612,0.009925232268869877,0.7434366941452026,15.813122749328613,1.216394066810608,0.993710994720459,12.991067886352539,0.9993129372596741,0.6652987599372864,10.46268367767334,0.8048218488693237,0.0034872880205512047,0.7275818586349487,0.05596783384680748,0.8896501660346985,12.267338752746582,0.9436414241790771,0.0861467644572258,4.287341117858887,0.3297954797744751,0.6366428136825562,10.110182762145996,0.7777063846588135,0.2320917695760727,5.597870349884033,0.430605411529541,0.0,0.0,2,2
ut_3-b-36_kv_kv-no2-crpf-langjing-imphal_22082024-000000-1_EN-OL-RC-244_2,3,vegetables,vegetables,c,29.19,30.24,V EH JH T AH B AH L Z,c,0,* W EH JH T AH B AH L Z * SIL,W EH JH T AH B AH L Z,1459,1512,53,-0.2277919352054596,-0.4081651270389557,-0.007701228838413954,-0.7156481742858887,-12.554895401000977,-0.23688481748104095,1.8003960576606914e-05,1.307901382446289,0.02467738464474678,0.5989878177642822,57.60161209106445,1.0868228673934937,0.9101377129554749,52.83747863769531,0.9969335794448853,0.629800021648407,43.6158332824707,0.8229402303695679,0.0019135400652885437,4.200777053833008,0.0792599469423294,0.8574923276901245,50.27410888671875,0.9485681056976318,0.042164746671915054,20.264610290527344,0.3823511302471161,0.5764258503913879,42.20875930786133,0.7963916659355164,0.17972786724567413,24.930463790893555,0.4703861176967621,0.9200152371878334,1.0,9,9
an_4-a-1_kv_kv-no2-hubli_06082025-000000-1_EN-OL-RC-300_2,4,it,it,c,0.99,1.2,IH T,c,0,IH T *,IH T,49,60,11,-0.027186958119273186,-0.04043193906545639,-0.003675630781799555,-0.4494377374649048,-2.8721988201141357,-0.26110899448394775,2.4890072381822392e-05,0.21259716153144836,0.019327014684677124,0.6654970049858093,12.966334342956543,1.178757667541504,0.9890039563179016,10.98363208770752,0.9985120296478271,0.6971492767333984,8.960424423217773,0.8145840167999268,0.005975151900202036,0.7097569108009338,0.0645233541727066,0.9032997488975525,10.399323463439941,0.9453930258750916,0.116665780544281,3.6994354724884033,0.33631232380867004,0.6657264232635498,8.59963321685791,0.7817848324775696,0.2620466351509094,4.807807445526123,0.43707340955734253,0.0,0.0,2,2
an_4-a-1_kv_kv-no2-hubli_06082025-000000-1_EN-OL-RC-300_2,4,is,is,c,1.2,1.41,IH Z,c,0,IH Z *,IH Z,60,71,11,-0.6139438152313232,-0.636121392250061,-0.05782921612262726,-0.8169054388999939,-3.4786620140075684,-0.3162420094013214,3.6795194318983704e-05,0.8234257102012634,0.07485688477754593,0.6096184849739075,13.629340171813965,1.2390309572219849,0.7690210938453674,10.760031700134277,0.978184700012207,0.6595714092254639,8.8577241897583,0.8052476644515991,0.0031654417980462313,0.6541969180107117,0.05947244539856911,0.8824978470802307,10.335563659667969,0.9395967125892639,0.07348975539207458,3.4520113468170166,0.31381919980049133,0.6223207712173462,8.44194221496582,0.7674493193626404,0.21852216124534607,4.5987935066223145,0.4180721342563629,0.0,0.0,2,2
an_4-a-1_kv_kv-no2-hubli_06082025-000000-1_EN-OL-RC-300_2,4,a,a,c,1.44,1.62,AH,c,0,AH *,AH,72,81,9,-0.02680784836411476,-0.02739792875945568,-0.0030442143324762583,-0.4065302312374115,-1.8233145475387573,-0.20259051024913788,6.020852015353739e-05,0.12852337956428528,0.014280375093221664,0.6826706528663635,9.150242805480957,1.0166935920715332,0.9891569018363953,8.98891830444336,0.99876868724823,0.7503714561462402,7.52360725402832,0.835956335067749,0.014693627133965492,0.6647727489471436,0.07386364042758942,0.9266833066940308,8.597031593322754,0.9552257061004639,0.19614192843437195,3.5035746097564697,0.389286071062088,0.7220016717910767,7.283935546875,0.809326171875,0.3303932547569275,4.306581974029541,0.4785090982913971,0.0,0.0,1,1
an_4-a-1_kv_kv-no2-hubli_06082025-000000-1_EN-OL-RC-300_2,4,thick,thick,c,1.62,1.92,TH IH K,c,0,TH IH K *,TH IH K,81,96,15,-0.05836332216858864,-0.08226238191127777,-0.005484158638864756,-0.4513505697250366,-3.4044530391693115,-0.22696353495121002,2.3300450266106054e-05,0.3362768590450287,0.02241845801472664,0.5846714973449707,16.34883689880371,1.0899224281311035,0.9764862656593323,14.966812133789062,0.9977874755859375,0.7127589583396912,12.360733032226562,0.8240488767623901,0.007779685314744711,1.0414798259735107,0.06943199038505554,0.9112899303436279,14.25973892211914,0.9506492614746094,0.1393287181854248,5.49569034576416,0.36637935042381287,0.6839511394500732,11.951967239379883,0.7967978119850159,0.28259018063545227,6.908649921417236,0.4605766534805298,0.0,0.0,3,3
an_4-a-1_kv_kv-no2-hubli_06082025-000000-1_EN-OL-RC-300_2,4,coat,coat,c,1.92,2.25,K OW T,c,0,* K OW T *,K OW T,96,113,17,-0.14632578194141388,-0.18051965534687042,-0.010618803091347218,-0.6166031956672668,-4.003766059875488,-0.23551565408706665,2.994837996084243e-05,0.5754629373550415,0.03385075926780701,0.5686988234519958,18.443546295166016,1.0849144458770752,0.9416892528533936,16.927845001220703,0.9957556128501892,0.7140402793884277,14.039660453796387,0.8258624076843262,0.007950054481625557,1.1925935745239258,0.07015256583690643,0.9064749479293823,16.153669357299805,0.9502158164978027,0.12519323825836182,6.232084274291992,0.3665931820869446,0.6728549003601074,13.533666610717773,0.7960980534553528,0.26991188526153564,7.826292991638184,0.46037018299102783,0.0,0.0,3,3
an_4-a-1_kv_kv-no2-hubli_06082025-000000-1_EN-OL-RC-300_2,4,of,of,c,2.25,2.49,AH V,c,0,* AO F *,AO F,112,125,13,-0.14632578194141388,-0.21465624868869781,-0.01651201955974102,-0.6166031956672668,-3.4385743141174316,-0.2645057141780853,2.488373138476163e-05,0.6704513430595398,0.05157317966222763,0.610758900642395,14.975099563598633,1.1519306898117065,0.9416892528533936,12.914149284362793,0.9933961033821106,0.7295181751251221,10.613823890686035,0.8164479732513428,0.010327981784939766,0.853111743927002,0.06562398374080658,0.9064749479293823,12.294822692871094,0.9457556009292603,0.12519323825836182,4.454431056976318,0.34264853596687317,0.6728549003601074,10.1865234375,0.7835787534713745,0.26991188526153564,5.742858409881592,0.44175833463668823,4.411563432609308,2.0,2,2
an_4-a-1_kv_kv-no2-hubli_06082025-000000-1_EN-OL-RC-300_2,4,short,short,c,2.49,3.06,SH AO R T,c,0,* SH AO R T * SIL *,SH AO R T,124,153,29,-0.2848844826221466,-0.6007505059242249,-0.020715534687042236,-0.8330076932907104,-11.287392616271973,-0.3892204463481903,3.4950175177073106e-05,1.909838318824768,0.06585649400949478,0.6899838447570801,43.29235076904297,1.4928396940231323,0.8884058594703674,28.761104583740234,0.9917622208595276,0.6035324335098267,22.260997772216797,0.7676206231117249,0.001227340311743319,1.0854878425598145,0.03743061423301697,0.835948646068573,26.754934310913086,0.9225839376449585,0.026126163080334663,6.927319526672363,0.23887309432029724,0.5412205457687378,21.003631591796875,0.7242631316184998,0.15426211059093475,10.319458961486816,0.3558434247970581,0.0,0.0,4,4
an_4-a-1_kv_kv-no2-hubli_06082025-000000-1_EN-OL-RC-300_2,4,soft,soft,c,3.45,3.9,S AA F T,c,0,S AO F T *,S AO F T,172,195,23,-0.0038536437787115574,-0.010476729832589626,-0.00045550998765975237,-0.5970903635025024,-4.871888637542725,-0.21182124316692352,2.469803803251125e-05,0.08428413420915604,0.003664527554064989,0.6340205669403076,24.463361740112305,1.063624382019043,0.9984367489814758,22.995750427246094,0.9998152256011963,0.6627966165542603,19.00412368774414,0.8262662291526794,0.003342843148857355,1.7378568649291992,0.07555899769067764,0.8786745667457581,21.88799285888672,0.9516518712043762,0.06750498712062836,8.94693374633789,0.3889971077442169,0.614899754524231,18.47071647644043,0.8030746579170227,0.21177829802036285,10.951030731201172,0.47613176703453064,0.406100786224316,1.0,4,4
an_4-a-1_kv_kv-no2-hubli_06082025-000000-1_EN-OL-RC-300_2,4,hair,hair,c,3.93,4.35,HH EH R,c,0,* HH EY R *,HH EY R,196,218,22,-0.03594417870044708,-0.049346715211868286,-0.00224303244613111,-0.553036093711853,-4.977599143981934,-0.22625450789928436,1.987165342143271e-05,0.2541218400001526,0.011550992727279663,0.6400665044784546,23.936630249023438,1.0880286693572998,0.9854781031608582,21.980043411254883,0.9990928769111633,0.6968815922737122,18.14326286315918,0.8246937394142151,0.005948174279183149,1.6338664293289185,0.07426665723323822,0.9008678197860718,20.908245086669922,0.9503747820854187,0.11052940785884857,8.234987258911133,0.37431761622428894,0.6603636145591736,17.55205726623535,0.7978208065032959,0.2562694549560547,10.251709938049316,0.46598681807518005,1.9619857293066822,1.0,3,3
an_4-a-1_kv_kv-no2-hubli_06082025-000000-1_EN-OL-RC-300_2,4,it,it,c,4.35,4.68,IH T,c,0,IH T *,IH T,217,234,17,-0.21721209585666656,-0.25941574573516846,-0.015259750187397003,-0.7552709579467773,-3.6802122592926025,-0.21648307144641876,1.2496036106313113e-05,0.6770018935203552,0.03982364013791084,0.5090015530586243,16.913904190063477,0.9949355125427246,0.9141989946365356,16.89715576171875,0.993950366973877,0.7108619809150696,14.229982376098633,0.8370577692985535,0.007534139323979616,1.5736373662948608,0.09256690740585327,0.8799102306365967,16.21570587158203,0.9538650512695312,0.06938391923904419,6.962913513183594,0.4095831513404846,0.6172809600830078,13.78095817565918,0.8106446266174316,0.21392138302326202,8.382830619812012,0.4931076765060425,0.0,0.0,2,2
an_4-a-1_kv_kv-no2-hubli_06082025-000000-1_EN-OL-RC-300_2,4,keeps,keSIL,c,4.68,5.07,K IY P S,c,0,K IY P S *,K IY P S,233,254,21,-0.3331490755081177,-0.35931840538978577,-0.017110399901866913,-0.7069305777549744,-4.747340679168701,-0.22606384754180908,1.611334300832823e-05,0.7310246825218201,0.03481069952249527,0.5765490531921387,22.268695831298828,1.0604140758514404,0.8702746033668518,20.859683990478516,0.9933182597160339,0.7111639976501465,17.35759162902832,0.8265519738197327,0.0075727105140686035,1.643518328666687,0.07826277613639832,0.9064886569976807,19.976638793945312,0.9512684941291809,0.12523138523101807,8.05678653717041,0.38365650177001953,0.6728860139846802,16.822845458984375,0.8010878562927246,0.2699466645717621,9.938617706298828,0.47326749563217163,0.0,0.0,4,4
an_4-a-1_kv_kv-no2-hubli_06082025-000000-1_EN-OL-RC-300_2,4,the,the,c,5.1,5.34,DH AH,c,0,* DH AH,DH AH,254,267,13,-0.0018867159960791469,-0.0034016594290733337,-0.0002616661076899618,-0.31975576281547546,-2.3203043937683105,-0.1784849464893341,1.7553513316670433e-05,0.027935706079006195,0.0021489004138857126,0.5826197862625122,12.478692054748535,0.959899365901947,0.9992344975471497,12.99862003326416,0.999893844127655,0.7476469278335571,10.9387845993042,0.8414449691772461,0.014032152481377125,1.13653564453125,0.08742582052946091,0.9273877143859863,12.45759391784668,0.9582764506340027,0.19923566281795502,5.465088844299316,0.4203914403915405,0.7238463163375854,10.666189193725586,0.8204761147499084,0.3328924775123596,6.5334792137146,0.5025753378868103,0.0,0.0,2,2
an_4-a-1_kv_kv-no2-hubli_06082025-000000-1_EN-OL-RC-300_2,4,yak,yak,c,5.34,5.79,Y AE K,c,0,* Y AA K *,Y AA K,267,290,23,-0.029547089710831642,-0.07620610296726227,-0.0033133088145405054,-0.8424931764602661,-7.493338108062744,-0.32579731941223145,0.00021037241094745696,0.4443516433238983,0.01931963674724102,0.8034771680831909,32.75508499145508,1.4241341352462769,0.988053023815155,22.969146728515625,0.9986585378646851,0.613888144493103,17.854230880737305,0.7762709259986877,0.0014621870359405875,0.7778006792068481,0.03381742164492607,0.8354979753494263,21.40591812133789,0.9306920766830444,0.025865869596600533,5.9254255294799805,0.2576271891593933,0.5405207872390747,17.065505981445312,0.7419785261154175,0.1537899225950241,8.584901809692383,0.3732565939426422,1.8273272771167965,1.0,3,3
an_4-a-1_kv_kv-no2-hubli_06082025-000000-1_EN-OL-RC-300_2,4,very,very,c,5.79,6.15,V EH R IY,c,0,* W EH R IY *,W EH R IY,289,308,19,-0.5295664668083191,-0.5395110249519348,-0.028395317494869232,-0.8050343990325928,-4.207240581512451,-0.22143371403217316,1.3807491995976306e-05,0.7447059750556946,0.03919504955410957,0.5787125825881958,19.37701988220215,1.0198431015014648,0.7987039089202881,18.7946720123291,0.9891932606697083,0.7235054969787598,15.818216323852539,0.8325377106666565,0.009329699911177158,1.6135385036468506,0.08492308109998703,0.9002491235733032,18.10978889465332,0.953146755695343,0.10902046412229538,7.585568904876709,0.3992404639720917,0.6590123176574707,15.33908462524414,0.807320237159729,0.2548324167728424,9.222651481628418,0.4854027032852173,0.9200152371878334,1.0,4,4
an_4-a-1_kv_kv-no2-hubli_06082025-000000-1_EN-OL-RC-300_2,4,warm,warm,c,6.15,6.54,W AO R M,c,0,* W AO R M * SIL *,W AO R M,307,327,20,-0.6906116008758545,-1.1172775030136108,-0.0558638758957386,-0.8873066902160645,-6.531206130981445,-0.3265603184700012,0.00012405076995491982,1.6101006269454956,0.08050502836704254,0.8241894841194153,26.500280380249023,1.3250139951705933,0.7425881624221802,19.575557708740234,0.9787778854370117,0.7106392979621887,15.841116905212402,0.7920558452606201,0.007505828980356455,0.8252437710762024,0.041262187063694,0.8805344700813293,18.727886199951172,0.9363943338394165,0.0703529343008995,5.518830299377441,0.27594152092933655,0.6184900999069214,15.09300422668457,0.7546502351760864,0.21501712501049042,7.7933783531188965,0.38966891169548035,0.0,0.0,4,4
an_4-a-1_kv_kv-no2-hubli_06082025-000000-1_EN-OL-RC-300_2,4,as,as,c,6.81,7.08,AE Z,c,0,AE Z *,AE Z,340,354,14,-0.20000754296779633,-0.20444877445697784,-0.014603483490645885,-0.6504965424537659,-3.551706314086914,-0.2536933124065399,3.868918793159537e-05,0.5100852251052856,0.036434657871723175,0.7492337226867676,16.225873947143555,1.1589909791946411,0.9208265542984009,13.919024467468262,0.9942160248756409,0.6480956077575684,11.399038314819336,0.8142170310020447,0.0026071954052895308,0.829299807548523,0.059235699474811554,0.8807775378227234,13.245326042175293,0.9460946917533875,0.07073387503623962,4.807838439941406,0.3434170186519623,0.6189619898796082,10.98556137084961,0.7846829295158386,0.21544617414474487,6.176804065704346,0.44120028614997864,0.0,0.0,2,2
an_4-a-1_kv_kv-no2-hubli_06082025-000000-1_EN-OL-RC-300_2,4,the,the,c,7.08,7.38,DH AH,c,0,DH AH *,DH AH,354,369,15,-0.004088881891220808,-0.01025261078029871,-0.0006835073581896722,-0.5174555778503418,-3.3907155990600586,-0.22604770958423615,4.674886804423295e-05,0.0732712373137474,0.004884749185293913,0.6783875823020935,16.876541137695312,1.1251027584075928,0.9983415007591248,14.995842933654785,0.9997228384017944,0.6775150299072266,12.27437973022461,0.818291962146759,0.00428731320425868,0.9986897706985474,0.06657931953668594,0.8916531205177307,14.236083030700684,0.9490721821784973,0.09006696939468384,5.444820404052734,0.36298802495002747,0.6407614946365356,11.902255058288574,0.7934836745262146,0.23613384366035461,6.853468894958496,0.45689791440963745,0.0,0.0,2,2
an_4-a-1_kv_kv-no2-hubli_06082025-000000-1_EN-OL-RC-300_2,4,harsh,harsh,c,7.38,7.98,HH AA R SH,s,1,* HH AA R S * SIL *,HH AA R S,369,399,30,-0.6547635197639465,-1.0065710544586182,-0.033552367240190506,-1.3836586475372314,-12.65951156616211,-0.4219837188720703,9.014092938741669e-05,2.388901472091675,0.079630047082901,0.8327268958091736,46.501407623291016,1.5500469207763672,0.7548846006393433,29.613296508789062,0.987109899520874,0.5215005874633789,22.610570907592773,0.753685712814331,0.00030662468634545803,0.9695098400115967,0.03231699392199516,0.7609409093856812,27.422746658325195,0.9140915274620056,0.004935476928949356,6.9884934425354,0.23294977843761444,0.4406620264053345,21.3555908203125,0.71185302734375,0.09786635637283325,10.384271621704102,0.34614238142967224,2.3964357087511416,1.0,4,4
an_4-a-1_kv_kv-no2-hubli_06082025-000000-1_EN-OL-RC-300_2,4,winter,winter,c,8.49,8.94,W IH N T AH R,c,0,W IH N T AH R *,W IH N T AH R,424,447,23,-0.051989227533340454,-0.053626447916030884,-0.0023315846920013428,-0.5240422487258911,-4.450002670288086,-0.19347837567329407,2.2946878743823618e-05,0.21838800609111786,0.009495130740106106,0.5943517088890076,23.00403594970703,1.0001754760742188,0.9790375232696533,22.978374481201172,0.9990597367286682,0.7278173565864563,19.219661712646484,0.8356374502182007,0.010035226121544838,1.9403661489486694,0.08436374366283417,0.9122106432914734,21.98056411743164,0.9556766748428345,0.14220808446407318,9.37129020690918,0.4074473977088928,0.6861137747764587,18.708452224731445,0.8134109377861023,0.28512445092201233,11.31760025024414,0.4920695722103119,0.0,0.0,6,6
an_4-a-1_kv_kv-no2-hubli_06082025-000000-1_EN-OL-RC-300_2,4,slowly,slowly,c,8.94,9.42,S L OW L IY,c,0,* S L OW L IY *,S L OW L IY,446,471,25,-0.051989227533340454,-0.05772537365555763,-0.0023090150207281113,-0.5240422487258911,-5.217964172363281,-0.20871856808662415,3.284062404418364e-05,0.24899108707904816,0.009959643706679344,0.7091681957244873,26.413803100585938,1.0565521717071533,0.9790375232696533,24.97671127319336,0.9990684390068054,0.7172374725341797,20.708402633666992,0.8283361196517944,0.00839160941541195,1.7982277870178223,0.07192911207675934,0.9114716649055481,23.824199676513672,0.9529680013656616,0.1398923397064209,9.549530982971191,0.3819812536239624,0.6843769550323486,20.097408294677734,0.8038963079452515,0.28308743238449097,11.807978630065918,0.4723191559314728,0.0,0.0,5,5
an_4-a-1_kv_kv-no2-hubli_06082025-000000-1_EN-OL-RC-300_2,4,fades,fades,c,9.42,9.84,F EY D Z,c,0,F IY D S *,F IY D S,471,492,21,-0.22346404194831848,-0.3356325030326843,-0.015982499346137047,-1.1620774269104004,-6.2185750007629395,-0.29612261056900024,1.8114371414412744e-05,1.1727770566940308,0.055846527218818665,0.5778946876525879,25.477130889892578,1.2131967544555664,0.911797821521759,20.866518020629883,0.9936437010765076,0.5736740827560425,16.88901138305664,0.8042386174201965,0.0007408368983305991,1.3615953922271729,0.06483787298202515,0.7837080955505371,19.697643280029297,0.9379830360412598,0.008184813894331455,7.112234115600586,0.3386778235435486,0.4682365655899048,16.196765899658203,0.7712745666503906,0.11123790591955185,9.100787162780762,0.43337082862854004,7.7833709457614395,2.0,4,4
an_4-a-1_kv_kv-no2-hubli_06082025-000000-1_EN-OL-RC-300_2,4,the,the,c,9.87,10.11,DH AH,c,0,* DH AH *,DH AH,493,506,13,-0.14045266807079315,-0.14231827855110168,-0.010947559960186481,-0.5729218125343323,-2.9746828079223633,-0.2288217544555664,1.9606050045695156e-05,0.4064199924468994,0.0312630757689476,0.5795269012451172,14.083230972290039,1.0833255052566528,0.9439889192581177,12.943231582641602,0.9956331849098206,0.7383410334587097,10.734435081481934,0.825725793838501,0.011989373713731766,0.9407908916473389,0.07236853241920471,0.916790246963501,12.361373901367188,0.950874924659729,0.15743917226791382,4.8055033683776855,0.36965411901474,0.6970750093460083,10.370991706848145,0.7977685928344727,0.2982972264289856,6.022830486297607,0.46329465508461,0.0,0.0,2,2
an_4-a-1_kv_kv-no2-hubli_06082025-000000-1_EN-OL-RC-300_2,4,yak's,yak's,c,10.11,10.68,Y AE K S,s,1,* AE K S * SIL *,AE K S,505,534,29,-0.4324183762073517,-0.9121273756027222,-0.031452666968107224,-1.1420780420303345,-10.965658187866211,-0.3781261444091797,5.3953099268255755e-05,2.3180575370788574,0.07993301749229431,0.6956634521484375,42.033355712890625,1.4494260549545288,0.8336636424064636,28.64282989501953,0.9876837730407715,0.5579662322998047,22.33198356628418,0.7700684070587158,0.0005680431495420635,1.1252326965332031,0.038801126182079315,0.774928867816925,26.767070770263672,0.9230024218559265,0.006734391208738089,7.507065773010254,0.2588643431663513,0.4573434591293335,21.188720703125,0.7306455373764038,0.10578631609678268,10.712597846984863,0.36939993500709534,3.6603203302623726,1.0,4,3
an_4-a-1_kv_kv-no2-hubli_06082025-000000-1_EN-OL-RC-300_2,4,thick,thick,c,11.43,11.82,TH IH K,c,0,TH IH K *,TH IH K,571,591,20,-0.058767735958099365,-0.06253668665885925,-0.003126834286376834,-0.5138950347900391,-4.146476745605469,-0.2073238343000412,1.5974859707057476e-05,0.2523899972438812,0.012619500048458576,0.5770816206932068,20.782325744628906,1.0391162633895874,0.9763244390487671,19.974796295166016,0.9987398386001587,0.6833876371383667,16.59531593322754,0.829765796661377,0.004734836984425783,1.5644402503967285,0.07822201400995255,0.8931803703308105,19.06515884399414,0.9532579183578491,0.09317560493946075,7.839859962463379,0.39199298620224,0.6439350843429565,16.125471115112305,0.8062735795974731,0.23929214477539062,9.597837448120117,0.4798918664455414,0.0,0.0,3,3
an_4-a-1_kv_kv-no2-hubli_06082025-000000-1_EN-OL-RC-300_2,4,winter,winter,c,11.82,12.24,W IH N T AH R,c,0,W IH N T AH R *,W IH N T AH R,591,612,21,-0.0016564729157835245,-0.003851806977763772,-0.00018341938266530633,-0.38068386912345886,-3.9629008769989014,-0.1887095719575882,1.8540154997026548e-05,0.033567942678928375,0.0015984734054654837,0.5594995021820068,21.140705108642578,1.0067002773284912,0.9993279576301575,20.998435974121094,0.9999254941940308,0.7212749719619751,17.526762008666992,0.834607720375061,0.00898442417383194,1.7551504373550415,0.08357859402894974,0.9158244132995605,20.075794219970703,0.955990195274353,0.15409669280052185,8.508441925048828,0.4051639139652252,0.6947343349456787,17.08436393737793,0.8135411143302917,0.2954377233982086,10.307279586791992,0.49082285165786743,0.0,0.0,6,6
an_4-a-1_kv_kv-no2-hubli_06082025-000000-1_EN-OL-RC-300_2,4,coat,coat,c,12.24,12.6,K OW T,c,0,* K OW T *,K OW T,612,630,18,-0.03381001949310303,-0.04392081871628761,-0.002440045587718487,-0.456848680973053,-3.8947222232818604,-0.21637345850467682,3.404487142688595e-05,0.21423867344856262,0.011902148835361004,0.5768518447875977,19.239181518554688,1.0688433647155762,0.9863366484642029,17.982234954833984,0.9990130662918091,0.712017297744751,14.881508827209473,0.8267505168914795,0.00768274487927556,1.313873052597046,0.0729929506778717,0.9057026505470276,17.133838653564453,0.9518799185752869,0.12306343019008636,6.813234806060791,0.37851303815841675,0.6711075901985168,14.423200607299805,0.801288902759552,0.26796409487724304,8.45268440246582,0.4695935845375061,0.0,0.0,3,3
an_4-a-1_kv_kv-no2-hubli_06082025-000000-1_EN-OL-RC-300_2,4,starts,starts,c,12.6,13.08,S T AA R T S,c,0,* S T AA R T S *,S T AA R T S,630,654,24,-0.5186036825180054,-0.5570894479751587,-0.02321206033229828,-0.7890103459358215,-6.775949001312256,-0.2823311984539032,2.7276682885712944e-05,0.9086892008781433,0.03786205127835274,0.6412704586982727,29.76966094970703,1.2404025793075562,0.802606463432312,23.78700828552246,0.9911253452301025,0.6789871454238892,19.322444915771484,0.8051018714904785,0.004395357798784971,1.311525583267212,0.054646898061037064,0.8938195705413818,22.612491607666016,0.9421871304512024,0.09450824558734894,7.486278533935547,0.31192827224731445,0.645271897315979,18.517004013061523,0.7715418338775635,0.24063409864902496,10.038497924804688,0.4182707369327545,0.0,0.0,6,6
an_4-a-1_kv_kv-no2-hubli_06082025-000000-1_EN-OL-RC-300_2,4,to,to,c,13.08,13.29,T UW,c,0,T UW *,T UW,654,665,11,-0.015561090782284737,-0.019081080332398415,-0.0017346437089145184,-0.4638364911079407,-2.767674446105957,-0.2516067624092102,2.2884170903125778e-05,0.10958551615476608,0.009962319396436214,0.6276451945304871,13.145581245422363,1.1950528621673584,0.9936970472335815,10.992268562316895,0.9992971420288086,0.6954494118690491,8.899542808532715,0.8090493679046631,0.005805875174701214,0.6772118210792542,0.06156470999121666,0.9012564420700073,10.393845558166504,0.9448950290679932,0.11148791760206223,3.7234792709350586,0.3384981155395508,0.66121506690979,8.595024108886719,0.7813658118247986,0.2571788430213928,4.818314075469971,0.4380285441875458,0.0,0.0,2,2
an_4-a-1_kv_kv-no2-hubli_06082025-000000-1_EN-OL-RC-300_2,4,shed,shed,c,13.29,13.62,SH EH D,c,0,* S EH T * SIL,S EH T,664,681,17,-0.2865217328071594,-0.6685606241226196,-0.039327096194028854,-1.2937971353530884,-8.676348686218262,-0.5103734731674194,0.00028328507323749363,1.9386030435562134,0.1140354722738266,1.150387167930603,30.295860290527344,1.7821093797683716,0.8877871632575989,16.73689842224121,0.9845234155654907,0.5029466152191162,12.186809539794922,0.7168711423873901,0.0002240538306068629,0.2836534380912781,0.016685497015714645,0.7535787224769592,15.230621337890625,0.8959189057350159,0.004190748557448387,2.8288869857788086,0.1664051115512848,0.43219298124313354,11.396810531616211,0.6704006195068359,0.09403494745492935,4.94249153137207,0.29073479771614075,6.879976238840081,2.0,3,3
an_4-a-1_kv_kv-no2-hubli_06082025-000000-1_EN-OL-RC-300_2,4,the,the,c,13.8,14.1,DH AH,c,0,DH AH *,DH AH,690,705,15,-0.01112788449972868,-0.015656765550374985,-0.0010437843156978488,-0.5582287907600403,-2.9703779220581055,-0.1980251967906952,2.01928305614274e-05,0.09691710025072098,0.006461140234023333,0.6087720990180969,14.949894905090332,0.9966596364974976,0.9954901933670044,14.993653297424316,0.9995768666267395,0.6589743494987488,12.525691032409668,0.8350460529327393,0.0031336527317762375,1.3481595516204834,0.08987729996442795,0.8826791644096375,14.320777893066406,0.9547185301780701,0.07378639280796051,6.241209983825684,0.41608065366744995,0.6226766109466553,12.201152801513672,0.8134101629257202,0.21885040402412415,7.4636311531066895,0.49757540225982666,0.0,0.0,2,2
an_4-a-1_kv_kv-no2-hubli_06082025-000000-1_EN-OL-RC-300_2,4,yak,yak,c,14.1,14.49,Y AE K,s,1,* AE K,AE K,705,725,20,-0.54445481300354,-0.9923363924026489,-0.049616821110248566,-1.183321237564087,-10.991076469421387,-0.5495538115501404,0.000373932154616341,2.5244452953338623,0.12622226774692535,1.059434175491333,36.78623962402344,1.839311957359314,0.7934208512306213,19.613515853881836,0.9806758165359497,0.5418044328689575,14.26028060913086,0.7130140066146851,0.00043221909436397254,0.32948631048202515,0.016474315896630287,0.763146162033081,17.8594913482666,0.8929745554924011,0.005183309782296419,2.9242372512817383,0.14621186256408691,0.4432394504547119,13.167818069458008,0.6583908796310425,0.09905724227428436,5.4851765632629395,0.2742588222026825,3.6603203302623726,1.0,3,2
an_4-a-1_kv_kv-no2-hubli_06082025-000000-1_EN-OL-RC-300_2,4,stands,stands,c,14.49,14.97,S T AE N D Z,c,0,* S T AE N D S *,S T AE N D S,724,749,25,-0.6640706658363342,-1.0342057943344116,-0.04136823117733002,-0.9345494508743286,-8.545964241027832,-0.3418385684490204,3.56145974365063e-05,2.0910067558288574,0.08364026993513107,0.585533618927002,32.04401779174805,1.2817606925964355,0.7516815066337585,24.60297966003418,0.984119176864624,0.6224579215049744,19.958375930786133,0.7983350157737732,0.0016901596682146192,1.470404028892517,0.05881616100668907,0.8408851027488708,23.353771209716797,0.9341508746147156,0.029154596850275993,7.64456033706665,0.30578240752220154,0.5489788055419922,18.920974731445312,0.7568389773368835,0.1595829427242279,10.221232414245605,0.40884929895401,2.250333956628733,1.0,6,6
an_4-a-1_kv_kv-no2-hubli_06082025-000000-1_EN-OL-RC-300_2,4,in,in,c,15.0,15.24,IH N,c,0,IH N *,IH N,750,762,12,-0.37860405445098877,-0.3839576840400696,-0.0319964736700058,-0.7274633049964905,-2.7797815799713135,-0.23164846003055573,2.3007394702290185e-05,0.6639549136161804,0.0553295761346817,0.5861455798149109,12.207290649414062,1.017274260520935,0.8533976674079895,11.851225852966309,0.987602174282074,0.7435390949249268,10.03034496307373,0.8358621001243591,0.013090700842440128,1.0151829719543457,0.08459857851266861,0.9065338373184204,11.437394142150879,0.9531161785125732,0.12535721063613892,4.7075676918029785,0.39229729771614075,0.6729885339736938,9.671915054321289,0.8059929013252258,0.2700613737106323,5.765956878662109,0.4804964065551758,0.0,0.0,2,2
an_4-a-1_kv_kv-no2-hubli_06082025-000000-1_EN-OL-RC-300_2,4,the,the,c,15.24,15.48,DH AH,c,0,DH AH * SIL *,DH AH,762,774,12,-0.1175953596830368,-0.1880817413330078,-0.015673479065299034,-0.7186571359634399,-3.612696409225464,-0.3010580241680145,7.44881181162782e-05,0.6628090143203735,0.05523408576846123,0.6748975515365601,15.177034378051758,1.2647528648376465,0.9529706239700317,11.924578666687012,0.9937148690223694,0.7049187421798706,9.628670692443848,0.8023892045021057,0.006813901010900736,0.6075060963630676,0.0506255067884922,0.8851203322410583,11.273563385009766,0.9394636154174805,0.07789885252714157,3.578619956970215,0.29821833968162537,0.6275039911270142,9.170947074890137,0.7642455697059631,0.22334741055965424,4.884035110473633,0.40700292587280273,0.0,0.0,2,2
an_4-a-1_kv_kv-no2-hubli_06082025-000000-1_EN-OL-RC-300_2,4,sun,sun,c,15.6,15.96,S AH N,c,0,S AH N *,S AH N,780,798,18,-0.0006616516038775444,-0.001744366018101573,-9.69092216109857e-05,-0.33230799436569214,-2.8533687591552734,-0.15852048993110657,1.5111804714251775e-05,0.016696343198418617,0.0009275746415369213,0.5866955518722534,15.99993896484375,0.888885498046875,0.9997314810752869,17.999292373657227,0.9999606609344482,0.7473385334014893,15.305965423583984,0.8503314256668091,0.013959182426333427,1.78934907913208,0.09940828382968903,0.9260119795799255,17.3112735748291,0.9617373943328857,0.19323816895484924,8.103680610656738,0.4502044916152954,0.720252513885498,14.979483604431152,0.8321935534477234,0.3280397951602936,9.4578857421875,0.5254380702972412,0.0,0.0,3,3
an_4-a-1_kv_kv-no2-hubli_06082025-000000-1_EN-OL-RC-300_2,4,and,and,c,15.99,16.38,AH N D,c,0,AE N D *,AE N D,799,819,20,-0.6232917904853821,-0.6276163458824158,-0.03138081729412079,-0.933596134185791,-4.248632431030273,-0.2124316245317459,1.5561467080260627e-05,0.7293075323104858,0.03646537661552429,0.5701623558998108,19.66542625427246,0.9832713007926941,0.7657710909843445,19.764019012451172,0.9882009625434875,0.7015591859817505,16.754680633544922,0.837734043598175,0.006437662523239851,1.8240892887115479,0.09120446443557739,0.8729079961776733,19.096437454223633,0.9548218846321106,0.059387437999248505,8.31503677368164,0.4157518446445465,0.6039977073669434,16.271554946899414,0.8135777711868286,0.20221218466758728,9.95068645477295,0.4975343346595764,2.95656721210025,1.0,3,3
an_4-a-1_kv_kv-no2-hubli_06082025-000000-1_EN-OL-RC-300_2,4,the,the,c,16.38,16.74,DH AH,c,0,DH AH * SIL *,DH AH,818,837,19,-0.21505039930343628,-0.3135533332824707,-0.016502806916832924,-0.7763673067092896,-4.730587005615234,-0.24897825717926025,2.8394642868079245e-05,0.864782452583313,0.04551486670970917,0.5832408666610718,20.93505096435547,1.1018447875976562,0.9150301814079285,18.87545394897461,0.9934449195861816,0.7064996957778931,15.631688117980957,0.8227204084396362,0.006998477969318628,1.4047073125839233,0.07393196225166321,0.8778494596481323,18.014522552490234,0.9481327533721924,0.06627877801656723,6.955850601196289,0.3660973906517029,0.6133187413215637,15.054880142211914,0.7923620939254761,0.2103661447763443,8.722322463989258,0.4590696096420288,0.0,0.0,2,2
an_4-a-1_kv_kv-no2-hubli_06082025-000000-1_EN-OL-RC-300_2,4,old,old,c,16.89,17.34,OW L D,c,0,OW L D *,OW L D,844,867,23,-0.33675581216812134,-0.5332862734794617,-0.02318635955452919,-0.7006397247314453,-5.500049591064453,-0.2391325980424881,2.3552640413981862e-05,1.2546268701553345,0.054548993706703186,0.6413483023643494,23.93486213684082,1.0406461954116821,0.8689284920692444,22.790298461914062,0.9908825159072876,0.711841344833374,19.086545944213867,0.8298498392105103,0.0076599265448749065,1.876098394393921,0.08156949281692505,0.9018733501434326,21.864280700683594,0.9506208896636963,0.11302643269300461,8.94589614868164,0.38895201683044434,0.6625709533691406,18.421749114990234,0.8009456396102905,0.25863298773765564,10.960477828979492,0.47654250264167786,0.0,0.0,3,3
an_4-a-1_kv_kv-no2-hubli_06082025-000000-1_EN-OL-RC-300_2,4,coat,coat,c,17.34,17.76,K OW T,c,0,K OW T * SIL *,K OW T,867,889,22,-0.010417473502457142,-0.020674336701631546,-0.0009397426038049161,-0.4001677334308624,-4.416038990020752,-0.20072904229164124,1.9333667296450585e-05,0.13110125064849854,0.005959147587418556,0.5813339352607727,22.578115463256836,1.026278018951416,0.9957777261734009,21.991619110107422,0.9996190667152405,0.7223485112190247,18.29878807067871,0.8317630887031555,0.009148979559540749,1.7763668298721313,0.0807439461350441,0.9138621687889099,20.994590759277344,0.9542995691299438,0.14752301573753357,8.736828804016113,0.3971285820007324,0.6900269985198975,17.797914505004883,0.8089961409568787,0.2897639274597168,10.655109405517578,0.4843231439590454,0.0,0.0,3,3
an_4-a-1_kv_kv-no2-hubli_06082025-000000-1_EN-OL-RC-300_2,4,gradually,gradually,c,17.79,18.63,G R AE JH UW AH L IY,s,1,G R AO D L IY * SIL *,G R AO D L IY,889,932,43,-0.39750999212265015,-0.5527450442314148,-0.012854536063969135,-1.2488077878952026,-12.920089721679688,-0.30046719312667847,2.418816802673973e-05,1.5254347324371338,0.0354752279818058,0.687466025352478,55.81637191772461,1.2980551719665527,0.8464345335960388,42.78367614746094,0.9949691891670227,0.5547922849655151,34.14337158203125,0.7940319180488586,0.0005383627722039819,2.1590089797973633,0.05020951107144356,0.7735437154769897,40.27775192260742,0.9366918802261353,0.006530302576720715,13.008639335632324,0.3025265038013458,0.4556555151939392,32.725730895996094,0.7610635161399841,0.10496170073747635,17.554153442382812,0.4082361161708832,17.93442958721898,4.0,8,6
an_4-a-1_kv_kv-no2-hubli_06082025-000000-1_EN-OL-RC-300_2,4,falls,falls,c,19.11,19.62,F AO L Z,c,0,F AO L S *,F AO L S,955,981,26,-0.10220891982316971,-0.2291262000799179,-0.00881254579871893,-0.8765708804130554,-7.178627967834473,-0.27610108256340027,2.8618285796255805e-05,0.8137078881263733,0.03129645809531212,0.6798841953277588,31.91368865966797,1.2274495363235474,0.9590458273887634,25.908063888549805,0.9964640140533447,0.6156761646270752,20.896862030029297,0.8037254810333252,0.0015070638619363308,1.480156421661377,0.0569290928542614,0.8350504040718079,24.467439651489258,0.9410553574562073,0.025609929114580154,8.500591278076172,0.32694581151008606,0.5398271679878235,20.099449157714844,0.7730557322502136,0.15332314372062683,11.108235359191895,0.4272398352622986,2.250333956628733,1.0,4,4
an_4-a-1_kv_kv-no2-hubli_06082025-000000-1_EN-OL-RC-300_2,4,off,off,c,19.62,19.98,AO F,c,0,AO F *,AO F,981,999,18,-0.5845505595207214,-0.6186529397964478,-0.03436960652470589,-0.8515202403068542,-4.849877834320068,-0.26943767070770264,4.0330651245312765e-05,0.8668599724769592,0.04815888777375221,0.7402327060699463,21.261499404907227,1.1811944246292114,0.7792902588844299,17.765483856201172,0.9869713187217712,0.6951131224632263,14.57908821105957,0.8099493384361267,0.005772960372269154,1.076030969619751,0.05977949872612953,0.8914974331855774,16.997909545898438,0.9443283081054688,0.08975596725940704,6.075708389282227,0.33753934502601624,0.6404395699501038,14.045049667358398,0.7802805304527283,0.2358156442642212,7.860359191894531,0.436686635017395,0.0,0.0,2,2
an_4-a-1_kv_kv-no2-hubli_06082025-000000-1_EN-OL-RC-300_2,4,leaving,leaving,c,20.01,20.55,L IY V IH NG,c,0,* L IH V IH NG * SIL,L IH V IH NG,1000,1028,28,-0.1440446674823761,-0.31493526697158813,-0.011247687973082066,-0.7964938879013062,-7.691261291503906,-0.27468791604042053,2.908368333010003e-05,1.0956931114196777,0.03913189843297005,0.6751967668533325,33.8835563659668,1.2101269960403442,0.9425821304321289,27.873977661132812,0.9954991936683655,0.6455343961715698,22.539609909057617,0.8049860596656799,0.0024967084173113108,1.6819474697113037,0.060069553554058075,0.8660515546798706,26.364452362060547,0.9415875673294067,0.0509960912168026,9.349748611450195,0.33391958475112915,0.5914642810821533,21.702110290527344,0.775075376033783,0.19169676303863525,12.106712341308594,0.43238258361816406,3.2442521985935673,1.0,5,5
an_4-a-1_kv_kv-no2-hubli_06082025-000000-1_EN-OL-RC-300_2,4,a,a,c,20.61,21.03,AH,c,0,AH SIL *,AH,1030,1052,22,-0.587359607219696,-0.5944322347640991,-0.027019647881388664,-1.0962495803833008,-5.437612533569336,-0.24716420471668243,3.6602756154024974e-05,1.0273330211639404,0.04669695720076561,0.6035608053207397,24.432924270629883,1.110587477684021,0.7783055305480957,21.775436401367188,0.9897925853729248,0.6830791234970093,18.06758689880371,0.8212539553642273,0.004710203502327204,1.5227247476577759,0.06921476125717163,0.846457839012146,20.8543758392334,0.9479261636734009,0.032997310161590576,8.024479866027832,0.36474907398223877,0.5579500198364258,17.427350997924805,0.7921523451805115,0.16593597829341888,10.064236640930176,0.4574652910232544,0.0,0.0,1,1
an_4-a-1_kv_kv-no2-hubli_06082025-000000-1_EN-OL-RC-300_2,4,lighter,lighter,c,21.18,21.84,L AY T AH R,c,0,L EY T AH R * SIL *,L EY T AH R,1059,1092,33,-0.05033287778496742,-0.09065799415111542,-0.0027472118381410837,-0.6642516851425171,-7.261049747467041,-0.22003181278705597,2.7269803467788734e-05,0.485241562128067,0.014704289846122265,0.5883790254592896,34.43812942504883,1.0435796976089478,0.9797012209892273,32.963356018066406,0.9988895654678345,0.6324384212493896,27.426000595092773,0.8310909271240234,0.002000828506425023,2.7081658840179443,0.0820656344294548,0.863715410232544,31.418245315551758,0.952068030834198,0.048416804522275925,12.90883731842041,0.39117687940597534,0.5872949361801147,26.53474235534668,0.8040831089019775,0.18830911815166473,15.80010986328125,0.478791207075119,5.429883512383896,1.0,5,5
an_4-a-1_kv_kv-no2-hubli_06082025-000000-1_EN-OL-RC-300_2,4,summer,summer,c,21.99,22.56,S AH M AH R,c,0,S AH M AH R *,S AH M AH R,1099,1128,29,-0.010595947504043579,-0.013233312405645847,-0.00045632111141458154,-0.3806708753108978,-5.030697822570801,-0.1734723448753357,2.7109377697343007e-05,0.08446641266345978,0.0029126349836587906,0.5763318538665771,27.137903213500977,0.9357897639274597,0.9957055449485779,28.9946346282959,0.9998149871826172,0.7367653846740723,24.49725341796875,0.8447328805923462,0.011674203909933567,2.7291171550750732,0.094107486307621,0.9235124588012695,27.819015502929688,0.9592763781547546,0.1827995628118515,12.5341796875,0.43221309781074524,0.7138164043426514,23.908740997314453,0.8244393467903137,0.3195142447948456,14.83359146118164,0.5115031599998474,0.0,0.0,5,5
an_4-a-1_kv_kv-no2-hubli_06082025-000000-1_EN-OL-RC-300_2,4,coat,coat,c,22.56,23.13,K OW T,c,0,K OW T * SIL *,K OW T,1128,1157,29,-0.055658791214227676,-0.08848711848258972,-0.0030512800440192223,-0.611741304397583,-6.549582481384277,-0.22584767639636993,2.6905849153990857e-05,0.41302967071533203,0.014242402277886868,0.5683857202529907,31.436626434326172,1.0840215682983398,0.9775683283805847,28.964263916015625,0.9987677335739136,0.6620966196060181,23.923248291015625,0.8249396085739136,0.003303512930870056,2.140620708465576,0.0738145038485527,0.8767271041870117,27.561758041381836,0.950405478477478,0.06464650481939316,10.892595291137695,0.3756067454814911,0.6111797094345093,23.147993087768555,0.7982066869735718,0.20846909284591675,13.536483764648438,0.4667752981185913,0.0,0.0,3,3
an_4-a-1_kv_kv-no2-hubli_06082025-000000-1_EN-OL-RC-300_2,4,behind,behind,c,23.4,23.94,B IH HH AY N D,c,0,B IH HH AY N D * SIL *,B IH HH AY N D,1170,1197,27,-0.027194369584321976,-0.0699620172381401,-0.002591185737401247,-0.5503793954849243,-6.866540431976318,-0.2543163001537323,1.7525286239106208e-05,0.3758581578731537,0.013920672237873077,0.5589978694915771,32.204063415527344,1.1927430629730225,0.9890009760856628,26.971668243408203,0.9989506602287292,0.7029526233673096,21.828506469726562,0.8084632158279419,0.006591129582375288,1.8163363933563232,0.06727171689271927,0.8978737592697144,25.503692626953125,0.9445812106132507,0.10341615229845047,9.213251113891602,0.3412315249443054,0.6538726687431335,21.092266082763672,0.7811950445175171,0.24943383038043976,11.89620590209961,0.4406002163887024,0.0,0.0,6,6
an_4-a-1_kv_kv-no2-hubli_06082025-000000-1_EN-OL-RC-300_2,4,the,the,c,24.09,24.69,DH AH,c,0,DH AH * SIL * L,DH AH L,1204,1235,31,-0.47620126605033875,-1.126568078994751,-0.03634090721607208,-1.1816082000732422,-9.98503303527832,-0.3220978379249573,2.0400491848704405e-05,2.5391712188720703,0.08190874755382538,0.5754461884498596,38.20956039428711,1.232566475868225,0.8178027272224426,30.559677124023438,0.9857960343360901,0.585111141204834,24.793594360351562,0.7997933626174927,0.0008988826884888113,2.202347993850708,0.0710434839129448,0.7982656955718994,28.980485916137695,0.9348543882369995,0.011310306377708912,10.5460786819458,0.34019607305526733,0.4870859384536743,23.739543914794922,0.7657917141914368,0.12122542411088943,13.426856994628906,0.4331244230270386,5.334334063551648,1.0,2,3
an_4-a-1_kv_kv-no2-hubli_06082025-000000-1_EN-OL-RC-300_2,4,yak,yak,c,24.69,25.26,Y AE K,c,0,Y AA K * SIL *,Y AA K,1234,1263,29,-0.4025813043117523,-0.7594025135040283,-0.026186292991042137,-1.2820045948028564,-11.726242065429688,-0.40435317158699036,4.250483470968902e-05,2.259147882461548,0.07790165394544601,0.6717414855957031,44.688743591308594,1.540991187095642,0.8445722460746765,28.701478958129883,0.9897061586380005,0.5341952443122864,22.02948760986328,0.7596374750137329,0.00038003947702236474,0.8348352909088135,0.02878742292523384,0.7625211477279663,26.63536834716797,0.9184609651565552,0.005111832171678543,6.417950630187988,0.2213086485862732,0.44250696897506714,20.75830841064453,0.7158037424087524,0.09871763736009598,9.909119606018066,0.34169378876686096,1.8273272771167965,1.0,3,3
an_4-a-1_kv_kv-no2-hubli_06082025-000000-1_EN-OL-RC-300_2,4,enjoys,enjoys,c,25.5,26.07,EH N JH OY Z,c,0,EH N JH OY Z *,EH N JH OY Z,1275,1304,29,-0.44683533906936646,-0.4826858937740326,-0.016644341871142387,-0.7542775273323059,-7.608371734619141,-0.2623576521873474,2.3460646843886934e-05,0.8804929852485657,0.030361827462911606,0.6559604406356812,34.3651237487793,1.1850042343139648,0.8284217715263367,28.81389617919922,0.9935826063156128,0.6202801465988159,23.457242965698242,0.8088704347610474,0.0016290612984448671,1.794874668121338,0.061892230063676834,0.853847086429596,27.372642517089844,0.9438842535018921,0.038884520530700684,9.9183931350708,0.34201356768608093,0.5702133178710938,22.63850212097168,0.7806379795074463,0.1749810129404068,12.741743087768555,0.43937045335769653,0.0,0.0,5,5
an_4-a-1_kv_kv-no2-hubli_06082025-000000-1_EN-OL-RC-300_2,4,this,this,c,26.07,26.46,DH IH S,c,0,DH IH S *,DH IH S,1303,1323,20,-0.07721349596977234,-0.08865664154291153,-0.0044328318908810616,-0.523329496383667,-3.943587303161621,-0.19717936217784882,1.4206259947968647e-05,0.3374500572681427,0.016872502863407135,0.5335766077041626,19.590721130371094,0.9795360565185547,0.9689648151397705,19.964324951171875,0.9982162714004517,0.7239853143692017,16.786590576171875,0.8393295407295227,0.00940568558871746,1.8227105140686035,0.09113552421331406,0.9172091484069824,19.122604370117188,0.9561302065849304,0.15891127288341522,8.27983570098877,0.413991779088974,0.6980950832366943,16.307659149169922,0.8153829574584961,0.29955145716667175,9.948734283447266,0.4974367022514343,0.0,0.0,3,3
an_4-a-1_kv_kv-no2-hubli_06082025-000000-1_EN-OL-RC-300_2,4,change,change,c,26.46,26.88,CH EY N JH,c,0,CH EY N JH * SIL *,CH EY N JH,1323,1344,21,-0.12355412542819977,-0.13529404997825623,-0.006442573852837086,-0.7065196633338928,-6.0528340339660645,-0.28823018074035645,2.3666909328312613e-05,0.46339675784111023,0.0220665130764246,0.6326450705528259,27.53567123413086,1.3112224340438843,0.9506241679191589,20.94586181640625,0.9974219799041748,0.6227924823760986,16.626501083374023,0.7917381525039673,0.0016997461207211018,0.9457248449325562,0.04503451660275459,0.8559215664863586,19.697555541992188,0.9379788637161255,0.040718648582696915,6.190893173217773,0.2948044240474701,0.573735237121582,15.986879348754883,0.7612799406051636,0.17765817046165466,8.471624374389648,0.4034106731414795,0.0,0.0,4,4
an_4-a-1_kv_kv-no2-hubli_06082025-000000-1_EN-OL-RC-300_2,4,as,as,c,27.15,27.48,AE Z,c,0,AE Z *,AE Z,1357,1374,17,-0.018025657162070274,-0.03383602574467659,-0.00199035438708961,-0.5120841264724731,-3.8439042568206787,-0.2261120080947876,2.93961311399471e-05,0.18174095451831818,0.010690644383430481,0.699162483215332,18.859203338623047,1.1093648672103882,0.99270099401474,16.98629379272461,0.9991937279701233,0.6638270020484924,13.955007553100586,0.8208827972412109,0.0034015856217592955,1.0899507999420166,0.06411474943161011,0.889251708984375,16.146121978759766,0.9497718811035156,0.08538752049207687,6.1632184982299805,0.3625422716140747,0.6358292698860168,13.510133743286133,0.7947137355804443,0.23130086064338684,7.7637505531311035,0.4566912055015564,0.0,0.0,2,2
an_4-a-1_kv_kv-no2-hubli_06082025-000000-1_EN-OL-RC-300_2,4,it,it,c,27.48,27.66,IH T,c,0,IH T *,IH T,1374,1383,9,-0.134266197681427,-0.13696542382240295,-0.015218380838632584,-0.5727154016494751,-2.3351962566375732,-0.2594662606716156,6.937337457202375e-05,0.4007236063480377,0.044524844735860825,0.656041145324707,10.410320281982422,1.1567022800445557,0.9464147090911865,8.945320129394531,0.9939244389533997,0.7276015281677246,7.3575944900512695,0.8175104856491089,0.009998677298426628,0.5545986294746399,0.06162206828594208,0.9159117341041565,8.519750595092773,0.9466389417648315,0.15439598262310028,3.0315089225769043,0.3368343114852905,0.6949453353881836,7.057415962219238,0.7841573357582092,0.2956944704055786,3.938546895980835,0.4376163184642792,0.0,0.0,2,2
an_4-a-1_kv_kv-no2-hubli_06082025-000000-1_EN-OL-RC-300_2,4,can,can,c,27.66,27.96,K AE N,c,0,K AE N *,K AE N,1383,1398,15,-0.30338722467422485,-0.3110600411891937,-0.020737336948513985,-0.8197287321090698,-3.8458306789398193,-0.25638872385025024,4.2189429223071784e-05,0.635193943977356,0.04234626144170761,0.5829713940620422,17.05681610107422,1.1371210813522339,0.8814291954040527,14.878317832946777,0.9918878674507141,0.6968820095062256,12.267023086547852,0.8178015351295471,0.005948216654360294,1.0657262802124023,0.07104841619729996,0.8723591566085815,14.196313858032227,0.9464209079742432,0.05866771191358566,5.362029075622559,0.3574686050415039,0.6029777526855469,11.817347526550293,0.7878231406211853,0.20133745670318604,6.779367446899414,0.4519578218460083,0.0,0.0,3,3
an_4-a-1_kv_kv-no2-hubli_06082025-000000-1_EN-OL-RC-300_2,4,now,now,c,27.96,28.23,N AW,c,0,N AW,N AW,1398,1412,14,-0.008281873539090157,-0.008694898337125778,-0.0006210641586221755,-0.6852774024009705,-3.0646591186523438,-0.21890422701835632,5.7951343478634953e-05,0.06102924793958664,0.004359231796115637,0.6238692998886108,15.599491119384766,1.114249348640442,0.9966424107551575,13.996475219726562,0.9997482299804688,0.6376473903656006,11.44127368927002,0.8172338604927063,0.0021850282792001963,0.8999134302139282,0.06427953392267227,0.8622428774833679,13.290420532226562,0.9493157267570496,0.04685840755701065,5.14235258102417,0.36731091141700745,0.5846922397613525,11.13123893737793,0.7950884699821472,0.1862216293811798,6.4341840744018555,0.4595845639705658,0.0,0.0,2,2
an_4-a-1_kv_kv-no2-hubli_06082025-000000-1_EN-OL-RC-300_2,4,move,move,c,28.23,28.65,M UW V,c,0,* M UW *,M UW,1411,1433,22,-0.3912871479988098,-0.6067386865615845,-0.027579031884670258,-1.2873444557189941,-6.691764831542969,-0.3041711151599884,2.5457369702053256e-05,1.586866855621338,0.07213031500577927,0.6125555634498596,26.384817123413086,1.1993098258972168,0.8487227559089661,21.76219367980957,0.9891906380653381,0.5204300880432129,17.6562557220459,0.8025570511817932,0.0003011242370121181,1.5016815662384033,0.06825825572013855,0.7570598721504211,20.59874153137207,0.9363064169883728,0.004527735058218241,7.708242893218994,0.35037466883659363,0.43617182970046997,16.973081588745117,0.7715036869049072,0.09581952542066574,9.688568115234375,0.4403894543647766,4.280670803477605,1.0,3,2
an_4-a-1_kv_kv-no2-hubli_06082025-000000-1_EN-OL-RC-300_2,4,more,more,c,28.65,29.16,M AO R,c,0,* M OW R * SIL *,M OW R,1432,1458,26,-0.5904209017753601,-1.0949273109436035,-0.04211258888244629,-1.103132724761963,-7.198436260223389,-0.2768629193305969,1.9781491573667154e-05,2.0222291946411133,0.07777804881334305,0.5873726606369019,28.93922996520996,1.1130473613739014,0.7772333025932312,25.577871322631836,0.9837642908096313,0.5667487382888794,21.262672424316406,0.8177950978279114,0.0006589777767658234,2.0389163494110107,0.07841985672712326,0.7980651259422302,24.54929542541504,0.9442036747932434,0.011260014027357101,9.62370491027832,0.37014248967170715,0.48681914806365967,20.46430778503418,0.7870887517929077,0.1210789754986763,11.954643249511719,0.45979398488998413,2.9381690051141307,1.0,3,3
an_4-a-1_kv_kv-no2-hubli_06082025-000000-1_EN-OL-RC-300_2,4,freely,freely,c,29.4,30.0,F R IY L IY,c,0,F R EY L IY *,F R EY L IY,1470,1500,30,-0.5627700686454773,-1.0108137130737305,-0.033693790435791016,-1.212230920791626,-8.889899253845215,-0.29632997512817383,4.0779137634672225e-05,1.8788458108901978,0.06262819468975067,0.5344067215919495,36.759735107421875,1.2253245115280151,0.7869486212730408,29.61233139038086,0.9870777130126953,0.5728152990341187,24.117572784423828,0.8039190769195557,0.0007301582954823971,1.6824758052825928,0.056082528084516525,0.7844932079315186,28.18085289001465,0.9393617510795593,0.008328840136528015,9.737836837768555,0.32459455728530884,0.46922755241394043,23.111143112182617,0.7703714370727539,0.11174523085355759,12.733479499816895,0.4244493246078491,6.111309351166965,1.0,5,5
an_4-a-1_kv_kv-no2-hubli_06082025-000000-1_EN-OL-RC-300_2,4,and,and,c,30.0,30.45,AH N D,c,0,AE N D * SIL *,AE N D,1500,1523,23,-0.24483104050159454,-0.25552335381507874,-0.011109710671007633,-0.6626908183097839,-4.926584243774414,-0.21419931948184967,2.0100460460525937e-05,0.5995092988014221,0.02606562152504921,0.5979551076889038,23.86687469482422,1.0376901626586914,0.9036195278167725,22.899280548095703,0.9956209063529968,0.7161178588867188,19.08950424194336,0.8299784660339355,0.008234262466430664,1.8024978637695312,0.07836947590112686,0.9078965187072754,21.916702270507812,0.9529001116752625,0.12921038269996643,8.985156059265137,0.3906589448451996,0.6760942935943604,18.52273941040039,0.8053364753723145,0.2735576033592224,11.014718055725098,0.4789007902145386,2.95656721210025,1.0,3,3
an_4-a-1_kv_kv-no2-hubli_06082025-000000-1_EN-OL-RC-300_2,4,is,is,c,30.48,30.78,IH Z,c,0,IH Z *,IH Z,1524,1539,15,-0.029845992103219032,-0.03206480294466019,-0.0021376535296440125,-0.5613325834274292,-3.4898903369903564,-0.23265935480594635,1.845447695814073e-05,0.1548805832862854,0.010325372219085693,0.6372566223144531,17.051528930664062,1.1367685794830322,0.9879326224327087,14.987032890319824,0.9991355538368225,0.6461238265037537,12.230921745300293,0.8153947591781616,0.002521713962778449,0.9986790418624878,0.06657860428094864,0.8795517086982727,14.217785835266113,0.947852373123169,0.06883344799280167,5.402214527130127,0.360147625207901,0.6165883541107178,11.86275863647461,0.7908505797386169,0.2132960706949234,6.8164496421813965,0.4544299840927124,0.0,0.0,2,2
an_4-a-1_kv_kv-no2-hubli_06082025-000000-1_EN-OL-RC-300_2,4,more,more,c,30.78,31.26,M AO R,c,0,* M OW R * SIL *,M OW R,1539,1563,24,-0.2529247999191284,-0.4501860439777374,-0.01875775121152401,-1.0913081169128418,-5.783957481384277,-0.24099822342395782,1.9136985429213382e-05,1.1245838403701782,0.04685765877366066,0.5896865129470825,25.527151107788086,1.063631296157837,0.9005328416824341,23.822307586669922,0.9925961494445801,0.5662269592285156,19.78121566772461,0.8242173194885254,0.000653190421871841,2.022954225540161,0.08428975939750671,0.7971031665802002,22.753986358642578,0.9480827450752258,0.011021914891898632,9.425679206848145,0.39273664355278015,0.4855425953865051,19.160764694213867,0.7983651757240295,0.12038029730319977,11.46015453338623,0.4775064289569855,2.9381690051141307,1.0,3,3
an_4-a-1_kv_kv-no2-hubli_06082025-000000-1_EN-OL-RC-300_2,4,comfortable,comfortable,c,31.5,32.34,K AH M F AH R T AH B AH L,c,0,K AH M F AH R T AH B AH L * SIL *,K AH M F AH R T AH B AH L,1575,1618,43,-0.4645404815673828,-1.3390858173370361,-0.031141530722379684,-1.1288347244262695,-11.660585403442383,-0.27117639780044556,3.701814421219751e-05,2.3131847381591797,0.053794994950294495,0.674974799156189,50.011680603027344,1.163062334060669,0.8220099806785583,42.48356628417969,0.9879899024963379,0.5960359573364258,34.872276306152344,0.8109831809997559,0.0010812361724674702,2.9251973628997803,0.06802784651517868,0.8097611665725708,40.56103515625,0.9432798624038696,0.01460136566311121,15.203044891357422,0.3535591959953308,0.5027265548706055,33.634830474853516,0.78220534324646,0.1300778090953827,19.222482681274414,0.44703447818756104,0.0,0.0,11,11
an_4-a-1_kv_kv-no2-hubli_06082025-000000-1_EN-OL-RC-300_2,4,in,in,c,32.97,33.27,IH N,c,0,IH N * DH,IH N DH,1648,1664,16,-0.01967775821685791,-0.03826666250824928,-0.00239166640676558,-0.39515596628189087,-3.4897282123565674,-0.21810801327228546,1.9641984181362204e-05,0.20565231144428253,0.012853269465267658,0.6087342500686646,16.87969207763672,1.054980754852295,0.9920337200164795,15.984500885009766,0.9990313053131104,0.7323337197303772,13.285494804382324,0.8303434252738953,0.010831492021679878,1.2784059047698975,0.07990036904811859,0.91990065574646,15.240424156188965,0.9525265097618103,0.16870376467704773,6.1281208992004395,0.38300755620002747,0.7047213912010193,12.850809097290039,0.8031755685806274,0.3078192472457886,7.580420970916748,0.47377631068229675,4.779781386037812,1.0,2,3
an_4-a-1_kv_kv-no2-hubli_06082025-000000-1_EN-OL-RC-300_2,4,the,the,c,33.27,33.57,DH AH,c,0,DH AH * SIL *,DH AH,1663,1679,16,-0.28987234830856323,-0.3603278398513794,-0.022520489990711212,-0.6918767690658569,-4.329192161560059,-0.27057451009750366,3.4875098208431154e-05,0.8716721534729004,0.054479509592056274,0.6012760400772095,18.63694953918457,1.1648093461990356,0.8865218758583069,15.858083724975586,0.9911302328109741,0.7241183519363403,13.041667938232422,0.8151042461395264,0.009426864795386791,1.0142322778701782,0.06338951736688614,0.8952593803405762,15.12148380279541,0.9450927376747131,0.09758035838603973,5.3891921043396,0.336824506521225,0.6483020782470703,12.502278327941895,0.7813923954963684,0.24370139837265015,6.993921279907227,0.43712007999420166,0.0,0.0,2,2
an_4-a-1_kv_kv-no2-hubli_06082025-000000-1_EN-OL-RC-300_2,4,warmer,warmer,c,33.69,34.29,W AO R M AH R,s,1,W AO R M * SIL *,W AO R M,1684,1715,31,-0.00120808114297688,-0.0036476915702223778,-0.0001176674704765901,-0.4269442558288574,-5.325456619262695,-0.17178891599178314,2.1882920918869786e-05,0.03372056037187576,0.0010877599706873298,0.6033281683921814,29.304527282714844,0.9453073143959045,0.999509871006012,30.99852180480957,0.9999523162841797,0.721880316734314,26.0992431640625,0.8419110774993896,0.009076842106878757,2.76169490814209,0.08908693492412567,0.9109593629837036,29.725122451782227,0.9588749408721924,0.13830901682376862,13.297992706298828,0.42896750569343567,0.6831778287887573,25.51811981201172,0.8231651782989502,0.28168901801109314,15.766427993774414,0.5085944533348083,7.644649012931108,2.0,6,4
an_4-a-1_kv_kv-no2-hubli_06082025-000000-1_EN-OL-RC-300_2,4,weather,weather,c,34.38,34.92,W EH DH AH R,c,0,W EH DH AH R * SIL,W EH DH AH R,1719,1746,27,-0.5988548994064331,-1.2763105630874634,-0.0472707599401474,-1.0668553113937378,-7.323361873626709,-0.2712356150150299,1.7087411833927035e-05,2.1676745414733887,0.0802842453122139,0.6045594215393066,30.308237075805664,1.1225272417068481,0.7742833495140076,26.51056480407715,0.9818727970123291,0.6715870499610901,22.072118759155273,0.8174858689308167,0.0038784609641879797,1.9734957218170166,0.07309243083000183,0.8557953834533691,25.527423858642578,0.9454601407051086,0.04060465842485428,9.801076889038086,0.36300283670425415,0.5735199451446533,21.25481414794922,0.7872153520584106,0.17749354243278503,12.295151710510254,0.455375999212265,0.0,0.0,5,5
ay_4-a-3_kv_kv-dlw-varanasi_22082024-000000-1_EN-OL-RC-313_1,4,jacob,jacob,c,0.99,1.5,JH EY K AH B,c,0,JH EY K AH P *,JH EY K AH P,49,75,26,-0.43797561526298523,-0.7731790542602539,-0.029737655073404312,-1.1513307094573975,-7.918642997741699,-0.3045631945133209,2.7816542569780722e-05,1.8374780416488647,0.07067222893238068,0.6718292236328125,31.923160552978516,1.2278138399124146,0.8316407203674316,25.697235107421875,0.9883552193641663,0.5708326101303101,20.81365966796875,0.8005253672599792,0.0007060870411805809,1.5525555610656738,0.05971367657184601,0.798696756362915,24.367807388305664,0.9372233748435974,0.011419154703617096,8.60768985748291,0.33106499910354614,0.48765993118286133,19.971542358398438,0.7681362628936768,0.12154103070497513,11.112581253051758,0.4274069666862488,4.572332468261702,1.0,5,5
ay_4-a-3_kv_kv-dlw-varanasi_22082024-000000-1_EN-OL-RC-313_1,4,the,the,c,1.5,1.62,DH AH,c,0,DH AH *,DH AH,75,81,6,-0.0030190576799213886,-0.003639955073595047,-0.0006066591595299542,-0.3269721269607544,-1.454941987991333,-0.24249033629894257,0.00016997703642118722,0.02719368040561676,0.004532279912382364,0.8526312112808228,7.242164611816406,1.2070274353027344,0.9987753033638,5.998523712158203,0.9997539520263672,0.7494069337844849,4.860911846160889,0.810151994228363,0.014455948956310749,0.28859496116638184,0.04809916019439697,0.9269170165061951,5.680097579956055,0.9466829299926758,0.19716303050518036,1.9092644453048706,0.31821075081825256,0.7226126194000244,4.684948444366455,0.7808247208595276,0.33121904730796814,2.546653985977173,0.424442321062088,0.0,0.0,2,2
ay_4-a-3_kv_kv-dlw-varanasi_22082024-000000-1_EN-OL-RC-313_1,4,beggar,beggar,c,1.62,2.04,B EH G AH R,c,0,B EH G AH R * SIL,B EH G AH R,81,102,21,-0.33578619360923767,-0.3419494330883026,-0.0162833072245121,-0.7010225057601929,-5.014690399169922,-0.23879477381706238,2.5992027076426893e-05,0.6470295190811157,0.030810929834842682,0.6543583273887634,23.746286392211914,1.1307755708694458,0.8692901730537415,20.866790771484375,0.9936566948890686,0.7126860022544861,17.163707733154297,0.817319393157959,0.007770097814500332,1.3461501598358154,0.06410238891839981,0.9088579416275024,19.917118072509766,0.9484341740608215,0.13200005888938904,7.437807559967041,0.35418131947517395,0.6783023476600647,16.602338790893555,0.7905875444412231,0.27606865763664246,9.466113090515137,0.45076727867126465,0.0,0.0,5,5
ay_4-a-3_kv_kv-dlw-varanasi_22082024-000000-1_EN-OL-RC-313_1,4,who,who,c,2.31,2.64,HH UW,c,0,HH UW * SIL *,HH UW,115,132,17,-0.2133619785308838,-0.22032344341278076,-0.012960202991962433,-0.7631285190582275,-4.24191427230835,-0.24952436983585358,1.977196370717138e-05,0.5592949986457825,0.032899707555770874,0.6469821333885193,19.546449661254883,1.1497911214828491,0.9156797528266907,16.91285514831543,0.9948738217353821,0.7007200717926025,13.831254959106445,0.8136032223701477,0.006346982438117266,1.1093266010284424,0.06525450944900513,0.8821575045585632,16.08451271057129,0.9461477994918823,0.07293611019849777,5.999230861663818,0.35289594531059265,0.62165367603302,13.368892669677734,0.7864054441452026,0.2179080694913864,7.6255292892456055,0.44856053590774536,0.0,0.0,2,2
ay_4-a-3_kv_kv-dlw-varanasi_22082024-000000-1_EN-OL-RC-313_1,4,could,could,c,2.82,3.06,K UH D,c,0,K UH D *,K UH D,141,153,12,-0.010404645465314388,-0.011048957705497742,-0.0009207464754581451,-0.36445701122283936,-2.7085859775543213,-0.2257155030965805,3.7464800698217005e-05,0.06543390452861786,0.0054528252221643925,0.7117955684661865,13.78242015838623,1.1485350131988525,0.9957829713821411,11.995522499084473,0.999626874923706,0.7270479202270508,9.778558731079102,0.8148798942565918,0.00990552268922329,0.7214342951774597,0.06011952459812164,0.9187155961990356,11.386844635009766,0.9489037394523621,0.1643199771642685,4.179808139801025,0.34831735491752625,0.7017883062362671,9.483856201171875,0.7903213500976562,0.30413374304771423,5.364395618438721,0.44703295826911926,0.0,0.0,3,3
ay_4-a-3_kv_kv-dlw-varanasi_22082024-000000-1_EN-OL-RC-313_1,4,not,not,c,3.06,3.39,N AA T,c,0,* N AO T *,N AO T,153,170,17,-0.08519164472818375,-0.10369903594255447,-0.006099943071603775,-0.5388692617416382,-3.8918886184692383,-0.2289346307516098,5.37243286089506e-05,0.3958129584789276,0.023283114656805992,0.6519052982330322,18.5132999420166,1.089017629623413,0.9657921195030212,16.958290100097656,0.9975464940071106,0.7210167646408081,14.037940979003906,0.8257612586021423,0.008945297449827194,1.1563961505889893,0.06802330166101456,0.9120805859565735,16.164310455322266,0.9508417844772339,0.14179770648479462,6.182464122772217,0.3636743724346161,0.6858074069023132,13.543561935424805,0.7966800928115845,0.2847641408443451,7.7953572273254395,0.45855042338371277,0.406100786224316,1.0,3,3
ay_4-a-3_kv_kv-dlw-varanasi_22082024-000000-1_EN-OL-RC-313_1,4,see,see,c,3.39,3.78,S IY,c,0,S IY * SIL *,S IY,169,189,20,-0.2843860387802124,-0.2992407977581024,-0.01496203988790512,-0.9265823364257812,-5.0029802322387695,-0.2501490116119385,2.6657453418010846e-05,0.8302254676818848,0.04151127487421036,0.5943904519081116,22.481687545776367,1.1240843534469604,0.8885941505432129,19.882568359375,0.994128406047821,0.7122997045516968,16.39891242980957,0.8199456334114075,0.007719511166214943,1.3348852396011353,0.06674426048994064,0.8597261905670166,18.946352005004883,0.9473176002502441,0.044310230761766434,7.124998092651367,0.3562498986721039,0.5802885293960571,15.785612106323242,0.7892805933952332,0.18273669481277466,9.026446342468262,0.4513223171234131,0.0,0.0,2,2
ay_4-a-3_kv_kv-dlw-varanasi_22082024-000000-1_EN-OL-RC-313_1,4,sat,sat,c,4.65,4.98,S AE T,c,0,S AE T *,S AE T,232,250,18,-0.5911401510238647,-0.6576477885246277,-0.03653598949313164,-1.2108042240142822,-4.758129119873047,-0.26434051990509033,4.5381690142676234e-05,1.0479276180267334,0.058218199759721756,0.6870651245117188,19.676128387451172,1.0931181907653809,0.7769815325737,17.750171661376953,0.9861206412315369,0.5940874218940735,14.805523872375488,0.8225290775299072,0.0010461965575814247,1.3907692432403564,0.07726495712995529,0.802487313747406,17.022859573364258,0.9457144141197205,0.012422486208379269,6.824359893798828,0.37913110852241516,0.492748498916626,14.255108833312988,0.7919504642486572,0.124369315803051,8.383574485778809,0.4657541513442993,0.0,0.0,3,3
ay_4-a-3_kv_kv-dlw-varanasi_22082024-000000-1_EN-OL-RC-313_1,4,by,by,c,4.98,5.61,B AY,c,0,* B AY * SIL *,B AY,249,281,32,-0.019338853657245636,-0.05658874288201332,-0.0017683982150629163,-0.5042024254798889,-7.635100364685059,-0.23859688639640808,4.11926994274836e-05,0.3172281086444855,0.009913378395140171,0.7235720157623291,37.75826644897461,1.1799458265304565,0.9921706318855286,31.97707748413086,0.9992836713790894,0.7178171873092651,25.993452072143555,0.8122953772544861,0.0084742596372962,1.63441801071167,0.051075562834739685,0.9108654856681824,30.313907623291016,0.9473096132278442,0.138020858168602,10.548165321350098,0.32963016629219055,0.6829586029052734,25.089977264404297,0.7840617895126343,0.28143399953842163,13.849611282348633,0.4328003525733948,0.0,0.0,2,2
ay_4-a-3_kv_kv-dlw-varanasi_22082024-000000-1_EN-OL-RC-313_1,4,the,the,c,5.64,5.91,DH AH,c,0,DH AH *,DH AH,282,296,14,-0.038913074880838394,-0.05018867924809456,-0.0035849057603627443,-0.4582979679107666,-3.0107839107513428,-0.21505598723888397,6.355265941238031e-05,0.23399905860424042,0.016714219003915787,0.7180787324905396,14.804118156433105,1.0574370622634888,0.9842843413352966,13.979711532592773,0.9985508322715759,0.7546064853668213,11.620077133178711,0.8300055265426636,0.015784267336130142,0.9542927145957947,0.06816376745700836,0.9241999387741089,13.34189510345459,0.9529924988746643,0.18561303615570068,5.220353126525879,0.3728823661804199,0.7155748009681702,11.231555938720703,0.8022540211677551,0.3218226432800293,6.524119853973389,0.46600857377052307,0.0,0.0,2,2
ay_4-a-3_kv_kv-dlw-varanasi_22082024-000000-1_EN-OL-RC-313_1,4,roadside,roadside,c,5.91,6.57,R OW D S AY D,c,0,* R OW D S AY D * SIL *,R OW D S AY D,295,329,34,-0.5829566121101379,-1.0593043565750122,-0.031156010925769806,-0.8387986421585083,-8.852153778076172,-0.26035746932029724,4.3625550461001694e-05,1.7583441734313965,0.05171600356698036,0.7140579223632812,38.84541702270508,1.142512321472168,0.7798493504524231,33.593719482421875,0.9880505800247192,0.6964185237884521,27.77823257446289,0.8170068264007568,0.005901789292693138,2.104125738143921,0.061886049807071686,0.8876141309738159,32.183773040771484,0.9465815424919128,0.0823366716504097,11.769070625305176,0.34614914655685425,0.6325054168701172,26.720592498779297,0.7858997583389282,0.22809503972530365,15.090669631958008,0.44384321570396423,0.0,0.0,6,6
ay_4-a-3_kv_kv-dlw-varanasi_22082024-000000-1_EN-OL-RC-313_1,4,he,he,c,6.9,7.17,HH IY,c,0,HH IY *,HH IY,345,359,14,-0.33183807134628296,-0.43632104992866516,-0.03116578981280327,-0.688491702079773,-3.646881103515625,-0.2604915201663971,1.759491533448454e-05,0.9623587727546692,0.06873991340398788,0.5879067182540894,15.14716911315918,1.0819406509399414,0.8707643151283264,13.828824043273926,0.9877731204032898,0.6948240995407104,11.563516616821289,0.8259654641151428,0.005744818598031998,1.0927168130874634,0.07805120199918747,0.8972231149673462,13.274394989013672,0.948171079158783,0.10193189978599548,5.184967994689941,0.37035486102104187,0.6524778604507446,11.103535652160645,0.7931097149848938,0.2479870468378067,6.474510669708252,0.4624650478363037,0.0,0.0,2,2
ay_4-a-3_kv_kv-dlw-varanasi_22082024-000000-1_EN-OL-RC-313_1,4,heard,heard,c,7.17,7.56,HH AH R D,s,1,HH IH AH R D *,HH IH AH R D,358,378,20,-0.7762241959571838,-1.8666211366653442,-0.09333105385303497,-1.2391328811645508,-8.751482009887695,-0.4375740885734558,7.484179513994604e-05,2.9894986152648926,0.14947493374347687,0.7218695878982544,29.487131118774414,1.4743565320968628,0.7136639356613159,19.29386329650879,0.9646931886672974,0.6391088366508484,15.446989059448242,0.77234947681427,0.0022396903950721025,0.6971811056137085,0.034859053790569305,0.8194388747215271,18.422922134399414,0.9211460947990417,0.018103955313563347,4.56905460357666,0.22845272719860077,0.5164614915847778,14.39665699005127,0.7198328375816345,0.13830099999904633,6.956319808959961,0.34781599044799805,4.491130047978703,1.0,4,5
ay_4-a-3_kv_kv-dlw-varanasi_22082024-000000-1_EN-OL-RC-313_1,4,the,the,c,7.56,7.65,DH AH,c,0,DH AH *,DH AH,378,383,5,-0.0007749221404083073,-0.002137276576831937,-0.00042745532118715346,-0.38891154527664185,-1.4283726215362549,-0.285674512386322,0.0011742603965103626,0.019633082672953606,0.003926616627722979,0.9299397468566895,6.778491497039795,1.3556983470916748,0.999685525894165,4.9991326332092285,0.9998265504837036,0.7301821708679199,3.9510247707366943,0.7902049422264099,0.010444574058055878,0.18512055277824402,0.037024110555648804,0.916594922542572,4.692698955535889,0.9385398030281067,0.1567574441432953,1.3544260263442993,0.2708851993083954,0.6966003775596619,3.786782741546631,0.7573565244674683,0.29771536588668823,1.9381980895996094,0.3876396119594574,0.0,0.0,2,2
ay_4-a-3_kv_kv-dlw-varanasi_22082024-000000-1_EN-OL-RC-313_1,4,people,people,c,7.65,8.04,P IY P AH L,c,0,* P IY P AH L *,P IY P AH L,382,402,20,-0.039052270352840424,-0.061323631554841995,-0.0030661816708743572,-0.4470144808292389,-4.898865699768066,-0.2449432909488678,3.524389103404246e-05,0.28823322057724,0.014411660842597485,0.6933901309967041,23.62923240661621,1.1814615726470947,0.9842284321784973,19.97520637512207,0.9987603425979614,0.7129083871841431,16.242584228515625,0.8121291995048523,0.007799363695085049,1.1234149932861328,0.0561707504093647,0.9118143320083618,18.933151245117188,0.9466575384140015,0.1409614086151123,6.645472526550293,0.3322736322879791,0.685181200504303,15.666438102722168,0.7833219170570374,0.2840290367603302,8.691547393798828,0.4345773756504059,0.0,0.0,5,5
ay_4-a-3_kv_kv-dlw-varanasi_22082024-000000-1_EN-OL-RC-313_1,4,walking,walking,c,8.04,8.49,W AO K IH NG,c,0,* W AO K IH NG *,W AO K IH NG,401,425,24,-0.008848058991134167,-0.03406691551208496,-0.00141945481300354,-0.44590553641319275,-5.964201927185059,-0.24850840866565704,3.596390888560563e-05,0.21224653720855713,0.008843605406582355,0.7019966244697571,29.01059341430664,1.2087746858596802,0.9964132308959961,23.986186981201172,0.9994244575500488,0.7085453271865845,19.40017318725586,0.8083405494689941,0.007244759239256382,1.2173585891723633,0.05072327330708504,0.9060132503509521,22.694040298461914,0.9455850124359131,0.12391557544469833,7.71855354309082,0.3216063976287842,0.6718092560768127,18.70736312866211,0.7794734835624695,0.26874464750289917,10.231043815612793,0.4262934923171997,0.0,0.0,5,5
ay_4-a-3_kv_kv-dlw-varanasi_22082024-000000-1_EN-OL-RC-313_1,4,by,by,c,8.49,8.79,B AY,c,0,B AY * SIL,B AY,424,440,16,-0.5292489528656006,-0.8571264147758484,-0.053570400923490524,-0.9221676588058472,-6.017758846282959,-0.37610992789268494,4.23975579906255e-05,1.3884254693984985,0.08677659183740616,0.7406831383705139,23.55923843383789,1.4724524021148682,0.7988166809082031,15.670463562011719,0.9794039726257324,0.6377148628234863,12.307573318481445,0.7692233324050903,0.002187522128224373,0.5401744842529297,0.033760905265808105,0.8446164131164551,14.815496444702148,0.9259685277938843,0.031674575060606,3.838043212890625,0.23987770080566406,0.5549600124359131,11.679340362548828,0.7299587726593018,0.16379430890083313,5.74028205871582,0.35876762866973877,0.0,0.0,2,2
ay_4-a-3_kv_kv-dlw-varanasi_22082024-000000-1_EN-OL-RC-313_1,4,and,and,c,8.97,9.27,AH N D,c,0,AE N D *,AE N D,448,464,16,-0.019146479666233063,-0.02247895672917366,-0.0014049347955733538,-0.4449201226234436,-3.241032600402832,-0.202564537525177,3.0878407415002584e-05,0.12370355427265167,0.0077314721420407295,0.6125671863555908,16.38241195678711,1.0239007472991943,0.9922483563423157,15.990896224975586,0.9994310140609741,0.7218549251556396,13.33218765258789,0.8332617282867432,0.009072956629097462,1.2728993892669678,0.07955621182918549,0.9106587767601013,15.269671440124512,0.954354465007782,0.13738852739334106,6.345539569854736,0.396596223115921,0.682476282119751,12.944892883300781,0.8090558052062988,0.2808738350868225,7.7365946769714355,0.4835371673107147,2.95656721210025,1.0,3,3
ay_4-a-3_kv_kv-dlw-varanasi_22082024-000000-1_EN-OL-RC-313_1,4,listened,listened,c,9.9,10.47,L IH S AH N D,c,0,L IH S AH N D * SIL,L IH S AH N D,495,524,29,-0.0062833125703036785,-0.011788181960582733,-0.0004064890381414443,-0.5124630928039551,-6.958015441894531,-0.23993156850337982,3.031111009477172e-05,0.09405867010354996,0.0032434023451060057,0.6236302256584167,34.40983200073242,1.186545968055725,0.9974520206451416,28.995220184326172,0.999835193157196,0.707099437713623,23.506614685058594,0.8105729222297668,0.007069803308695555,1.798339605331421,0.0620117112994194,0.898673415184021,27.444936752319336,0.946377158164978,0.10526984184980392,9.903119087219238,0.3414868712425232,0.6555944085121155,22.751623153686523,0.784538745880127,0.25123050808906555,12.788908004760742,0.44099682569503784,0.0,0.0,6,6
ay_4-a-3_kv_kv-dlw-varanasi_22082024-000000-1_EN-OL-RC-313_1,4,to,to,c,10.71,10.89,T UW,c,0,T UW *,T UW,535,545,10,-0.0009623626829124987,-0.0021840387489646673,-0.00021840387489646673,-0.3429797291755676,-2.0182414054870605,-0.2018241435289383,2.3919876184663735e-05,0.019073162227869034,0.0019073162693530321,0.6087779998779297,10.612198829650879,1.0612199306488037,0.9996094703674316,9.999114990234375,0.9999114871025085,0.7412326335906982,8.272956848144531,0.8272956609725952,0.012590066529810429,0.7372249364852905,0.07372249662876129,0.9236829876899719,9.534440040588379,0.9534440040588379,0.18349331617355347,3.826190948486328,0.38261908292770386,0.714251697063446,8.048077583312988,0.8048077821731567,0.32008424401283264,4.73571252822876,0.473571240901947,0.0,0.0,2,2
ay_4-a-3_kv_kv-dlw-varanasi_22082024-000000-1_EN-OL-RC-313_1,4,the,the,c,10.89,11.01,DH AH,c,0,* DH AH,DH AH,544,551,7,-0.014239481650292873,-0.021098129451274872,-0.003014018526300788,-0.3576735854148865,-1.9659100770950317,-0.2808443009853363,0.0009203560766763985,0.12357471138238907,0.017653530463576317,1.0873485803604126,8.913787841796875,1.2733982801437378,0.9942314624786377,6.991449356079102,0.9987784624099731,0.7488954663276672,5.637121200561523,0.8053030371665955,0.014331500977277756,0.2872391939163208,0.04103416949510574,0.927176833152771,6.5973615646362305,0.942480206489563,0.19830434024333954,1.9842175245285034,0.2834596335887909,0.7232930660247803,5.367690086364746,0.7668128609657288,0.3321409821510315,2.7879090309143066,0.39827272295951843,0.0,0.0,2,2
ay_4-a-3_kv_kv-dlw-varanasi_22082024-000000-1_EN-OL-RC-313_1,4,sound,sound,c,11.01,11.64,S AW N D,c,0,* S AW N D * SIL *,S AW N D,550,582,32,-0.047683145850896835,-0.08653879910707474,-0.0027043374720960855,-0.5935050845146179,-7.4405059814453125,-0.23251581192016602,2.301542554050684e-05,0.4401762783527374,0.013755508698523045,0.636975109577179,35.8527717590332,1.1203991174697876,0.9807634949684143,31.96501350402832,0.998906672000885,0.6801427602767944,26.219074249267578,0.8193460702896118,0.004482075106352568,2.110375165939331,0.0659492239356041,0.8979702591896057,30.367897033691406,0.9489967823028564,0.10363807529211044,11.466312408447266,0.35832226276397705,0.6540799140930176,25.355892181396484,0.7923716306686401,0.24964949488639832,14.529173851013184,0.454036682844162,0.0,0.0,4,4
ay_4-a-3_kv_kv-dlw-varanasi_22082024-000000-1_EN-OL-RC-313_1,4,of,of,c,11.73,12.03,AH V,c,0,AO F * SIL *,AO F,586,602,16,-0.018301405012607574,-0.026478096842765808,-0.001654881052672863,-0.5126701593399048,-3.649853467941284,-0.22811584174633026,2.9904364055255428e-05,0.15459564328193665,0.00966222770512104,0.696284830570221,17.85640525817871,1.1160253286361694,0.9925897121429443,15.989274024963379,0.9993296265602112,0.7142342329025269,13.118038177490234,0.8198773860931396,0.007976163178682327,1.0825146436691284,0.06765716522932053,0.9098116755485535,15.189279556274414,0.9493299722671509,0.1348269134759903,5.81654691696167,0.36353418231010437,0.6805065870285034,12.70278263092041,0.7939239144325256,0.27859675884246826,7.324148178100586,0.4577592611312866,4.411563432609308,2.0,2,2
ay_4-a-3_kv_kv-dlw-varanasi_22082024-000000-1_EN-OL-RC-313_1,4,the,the,c,12.18,12.48,DH AH,c,0,DH AH,DH AH,609,624,15,-0.0003340802213642746,-0.0007073359447531402,-4.7155728680081666e-05,-0.33713197708129883,-2.676624059677124,-0.1784415990114212,9.682995005277917e-05,0.00786541122943163,0.0005243607447482646,0.7114654183387756,14.862797737121582,0.9908531904220581,0.9998644590377808,14.999713897705078,0.9999809265136719,0.7434158325195312,12.564474105834961,0.8376315832138062,0.01306343823671341,1.123381495475769,0.07489209622144699,0.9246899485588074,14.36432933807373,0.9576219320297241,0.1876448094844818,6.0633697509765625,0.4042246639728546,0.7168335914611816,12.246731758117676,0.8164488077163696,0.32348471879959106,7.347245216369629,0.4898163378238678,0.0,0.0,2,2
ay_4-a-3_kv_kv-dlw-varanasi_22082024-000000-1_EN-OL-RC-313_1,4,small,small,c,12.48,12.99,S M AO L,c,0,* S M AO L *,S M AO L,624,650,26,-0.3896481394767761,-0.6757075786590576,-0.025988753885030746,-0.7635096311569214,-6.792557239532471,-0.26125219464302063,3.795469456235878e-05,1.3708200454711914,0.05272384732961655,0.6620749235153198,29.670318603515625,1.141166090965271,0.8493261337280273,25.736337661743164,0.9898591637611389,0.717728853225708,21.28559684753418,0.8186768293380737,0.00846161786466837,1.6629894971847534,0.06396113336086273,0.8971975445747375,24.61772918701172,0.9468357563018799,0.10187409818172455,8.956695556640625,0.3444882929325104,0.6524232625961304,20.434261322021484,0.7859331369400024,0.24793057143688202,11.523945808410645,0.44322869181632996,0.0,0.0,4,4
ay_4-a-3_kv_kv-dlw-varanasi_22082024-000000-1_EN-OL-RC-313_1,4,coins,coins,c,12.99,13.44,K OY N Z,c,0,K OY N S *,K OY N S,649,672,23,-0.24899110198020935,-0.6981797814369202,-0.03035564348101616,-0.8308204412460327,-8.091351509094238,-0.351797878742218,5.423094262368977e-05,1.9475977420806885,0.08467816561460495,0.7172093987464905,31.826936721801758,1.3837798833847046,0.902032196521759,22.72248077392578,0.9879339337348938,0.6312465667724609,17.957056045532227,0.7807415723800659,0.0019609166774898767,0.9445871710777283,0.04106900840997696,0.8477605581283569,21.376747131347656,0.9294238090515137,0.033966273069381714,6.204154968261719,0.2697458565235138,0.5600807666778564,17.066389083862305,0.7420169115066528,0.1674772948026657,8.75778579711914,0.38077330589294434,2.250333956628733,1.0,4,4
ay_4-a-3_kv_kv-dlw-varanasi_22082024-000000-1_EN-OL-RC-313_1,4,which,which,c,13.71,13.98,W IH CH,c,0,W IH CH *,W IH CH,685,699,14,-0.6620898246765137,-0.6647873520851135,-0.04748481139540672,-0.8244896531105042,-3.584198474884033,-0.2560141682624817,2.5466761144343764e-05,0.716244637966156,0.051160331815481186,0.6412919759750366,15.729927062988281,1.1235662698745728,0.7523626089096069,13.751269340515137,0.9822335243225098,0.6795799732208252,11.449753761291504,0.8178395628929138,0.004439632873982191,0.9619916081428528,0.06871368736028671,0.896072506904602,13.267620086669922,0.9476871490478516,0.09935925900936127,5.026494026184082,0.35903528332710266,0.6500251889228821,11.062952995300293,0.7902109026908875,0.24546150863170624,6.352242946624756,0.45373162627220154,0.0,0.0,3,3
ay_4-a-3_kv_kv-dlw-varanasi_22082024-000000-1_EN-OL-RC-313_1,4,they,they,c,13.98,14.16,DH EY,c,0,DH EY *,DH EY,699,708,9,-0.07434886693954468,-0.07526066899299622,-0.008362296968698502,-0.5003760457038879,-2.2789876461029053,-0.2532208561897278,3.548528911778703e-05,0.2677602469921112,0.029751138761639595,0.611848771572113,10.628744125366211,1.180971622467041,0.9701055884361267,8.969736099243164,0.9966373443603516,0.7384557723999023,7.317255973815918,0.8130284547805786,0.012012653052806854,0.5079517364501953,0.05643908306956291,0.9210166931152344,8.516283988952637,0.946253776550293,0.17293915152549744,2.960113525390625,0.3289014995098114,0.7075064182281494,7.037676811218262,0.7819640636444092,0.3113572895526886,3.8894479274749756,0.432160884141922,0.0,0.0,2,2
ay_4-a-3_kv_kv-dlw-varanasi_22082024-000000-1_EN-OL-RC-313_1,4,dropped,dropped,c,14.16,14.55,D R AA P T,c,0,D R AO P * SIL,D R AO P,708,728,20,-0.3634042739868164,-0.6839320659637451,-0.034196604043245316,-0.9109008312225342,-6.589969635009766,-0.3294984698295593,6.009612116031349e-05,1.3811265230178833,0.06905632466077805,0.7351336479187012,26.78302764892578,1.339151382446289,0.8590199947357178,19.733217239379883,0.9866608381271362,0.6706260442733765,15.796895980834961,0.789844810962677,0.003815955016762018,0.9113227725028992,0.0455661378800869,0.8526556491851807,18.686094284057617,0.9343047142028809,0.03786870837211609,5.614439010620117,0.2807219624519348,0.5682064890861511,15.041379928588867,0.7520689964294434,0.17347165942192078,7.836946487426758,0.39184731245040894,4.3911484199234145,2.0,5,4
ay_4-a-3_kv_kv-dlw-varanasi_22082024-000000-1_EN-OL-RC-313_1,4,in,in,c,14.73,14.94,IH N,c,0,IH N *,IH N,736,747,11,-0.005852806381881237,-0.006384462118148804,-0.0005804056418128312,-0.3682502508163452,-2.131746768951416,-0.19379515945911407,3.788908361457288e-05,0.041874270886182785,0.0038067519199103117,0.7046023011207581,11.243461608886719,1.0221328735351562,0.9976264834403992,10.997411727905273,0.9997646808624268,0.7256025671958923,9.155937194824219,0.8323579430580139,0.009666412137448788,0.8393815159797668,0.07630740851163864,0.9180057048797607,10.506696701049805,0.9551542401313782,0.16174867749214172,4.354033946990967,0.3958212733268738,0.7000430822372437,8.914006233215332,0.8103641867637634,0.301960289478302,5.316012382507324,0.48327386379241943,0.0,0.0,2,2
ay_4-a-3_kv_kv-dlw-varanasi_22082024-000000-1_EN-OL-RC-313_1,4,his,his,c,14.94,15.15,HH IH Z,c,0,HH IH Z *,HH IH Z,747,758,11,-0.2404356747865677,-0.25770342350006104,-0.023427583277225494,-0.6453496217727661,-3.4287288188934326,-0.3117026090621948,3.3924188755918294e-05,0.6232020854949951,0.056654736399650574,0.593987226486206,14.391122817993164,1.3082839250564575,0.9052982330322266,10.898300170898438,0.9907545447349548,0.7016537189483643,8.76319408416748,0.7966539859771729,0.006447960622608662,0.5306802988052368,0.04824366420507431,0.9054874181747437,10.316145896911621,0.937831461429596,0.12247635424137115,3.125204563140869,0.284109503030777,0.6706221699714661,8.344359397888184,0.7585781216621399,0.2674252688884735,4.362603187561035,0.39660027623176575,0.0,0.0,3,3
ay_4-a-3_kv_kv-dlw-varanasi_22082024-000000-1_EN-OL-RC-313_1,4,plate,plate,c,15.15,15.51,P L EY T,c,0,P L EY T * SIL,P L EY T,757,776,19,-0.025053784251213074,-0.028774598613381386,-0.0015144525095820427,-0.39789608120918274,-4.179192066192627,-0.21995747089385986,5.389248326537199e-05,0.14963288605213165,0.007875415496528149,0.6841521859169006,20.971168518066406,1.103745698928833,0.9898641705513,18.988351821899414,0.9993869662284851,0.7282291650772095,15.633666038513184,0.8228245377540588,0.010105334222316742,1.2780969142913818,0.0672682598233223,0.9156810641288757,18.067928314208984,0.9509435892105103,0.15360677242279053,6.910489082336426,0.363709956407547,0.6943883895874023,15.140183448791504,0.7968517541885376,0.29501721262931824,8.714980125427246,0.45868316292762756,0.0,0.0,4,4
ay_4-a-3_kv_kv-dlw-varanasi_22082024-000000-1_EN-OL-RC-313_1,4,suddenly,suddenly,c,15.72,16.29,S AH D AH N L IY,c,0,S AH D AH N L IY *,S AH D AH N L IY,786,815,29,-0.4563080966472626,-0.5886927843093872,-0.020299751311540604,-0.758125901222229,-6.899779319763184,-0.23792342841625214,2.2828862711321563e-05,1.1689257621765137,0.04030778631567955,0.5750021934509277,31.335487365722656,1.0805341005325317,0.8249877691268921,28.77168846130371,0.9921271800994873,0.7367129325866699,23.96088981628418,0.8262375593185425,0.011663854122161865,2.196272134780884,0.07573352009057999,0.9043842554092407,27.55824089050293,0.9502841830253601,0.11951098591089249,10.78127384185791,0.371768057346344,0.6681448221206665,23.115814208984375,0.7970970273017883,0.26469093561172485,13.472617149353027,0.4645729959011078,0.0,0.0,7,7
ay_4-a-3_kv_kv-dlw-varanasi_22082024-000000-1_EN-OL-RC-313_1,4,he,he,c,16.29,16.71,HH IY,c,0,* HH IY * HH IH,HH IY HH IH,814,836,22,-0.2238466739654541,-0.3610647916793823,-0.0164120364934206,-0.8233876824378967,-6.936267852783203,-0.3152849078178406,3.701094465213828e-05,1.1567779779434204,0.0525808185338974,0.5972139239311218,28.528169631958008,1.2967349290847778,0.9116510152816772,21.856191635131836,0.9934632778167725,0.631435215473175,17.48921775817871,0.7949644327163696,0.0019671793561428785,1.1225484609603882,0.05102492868900299,0.845538318157196,20.58725929260254,0.9357845187187195,0.03233000263571739,6.550371170043945,0.29774415493011475,0.5564536452293396,16.683147430419922,0.7583248615264893,0.16486112773418427,8.88945198059082,0.4040659964084625,9.25444792782029,2.0,2,4
ay_4-a-3_kv_kv-dlw-varanasi_22082024-000000-1_EN-OL-RC-313_1,4,heard,heard,c,16.71,16.89,HH AH R D,s,1,AH R D *,AH R D,835,845,10,-0.3441688120365143,-0.4808982312679291,-0.04808982461690903,-0.9185817837715149,-4.443690776824951,-0.4443690776824951,0.0005599405849352479,1.1815764904022217,0.11815764755010605,0.9892439246177673,15.875362396240234,1.5875362157821655,0.8661654591560364,9.811025619506836,0.9811025857925415,0.6723629832267761,7.570058822631836,0.7570058703422546,0.003929675556719303,0.23634494841098785,0.023634495213627815,0.8543878197669983,9.16579818725586,0.9165798425674438,0.03935447707772255,1.8998806476593018,0.18998806178569794,0.5711278319358826,7.039697647094727,0.7039697766304016,0.1756727695465088,3.189845323562622,0.3189845383167267,3.693372022612706,1.0,4,3
ay_4-a-3_kv_kv-dlw-varanasi_22082024-000000-1_EN-OL-RC-313_1,4,many,many,c,18.96,19.26,M EH N IY,c,0,M EH N IY *,M EH N IY,948,964,16,-0.07363201677799225,-0.23159253597259521,-0.014474533498287201,-0.6407285928726196,-5.598383903503418,-0.3498989939689636,6.418784323614091e-05,0.8943076133728027,0.05589422583580017,0.6804884672164917,22.149826049804688,1.384364128112793,0.9703910946846008,15.906769752502441,0.9941731095314026,0.6586183309555054,12.572021484375,0.7857513427734375,0.003114847233518958,0.7384358048439026,0.04615223780274391,0.8724595308303833,14.893056869506836,0.9308160543441772,0.05879869684576988,4.271827220916748,0.26698920130729675,0.6031640768051147,11.89111042022705,0.7431944012641907,0.20149697363376617,6.086191177368164,0.38038694858551025,0.0,0.0,4,4
ay_4-a-3_kv_kv-dlw-varanasi_22082024-000000-1_EN-OL-RC-313_1,4,men,men,c,19.26,19.47,M EH N,c,0,M EH N *,M EH N,963,974,11,-0.22168608009815216,-0.2949807643890381,-0.026816433295607567,-0.9683429002761841,-3.9621119499206543,-0.3601920008659363,0.00017901312094181776,0.815017819404602,0.07409252971410751,0.8891958594322205,15.398905754089355,1.3999005556106567,0.9124802947044373,10.882957458496094,0.9893597960472107,0.616004467010498,8.579412460327148,0.7799465656280518,0.0015154543798416853,0.45930910110473633,0.041755374521017075,0.8275122046470642,10.2051420211792,0.9277401566505432,0.02166070230305195,2.9498448371887207,0.2681677043437958,0.5283489227294922,8.13490104675293,0.739536464214325,0.1457756757736206,4.161227703094482,0.3782934248447418,0.0,0.0,3,3
ay_4-a-3_kv_kv-dlw-varanasi_22082024-000000-1_EN-OL-RC-313_1,4,coming,coming,c,19.47,19.89,K AH M IH NG,c,0,* K AH M IH NG *,K AH M IH NG,973,995,22,-0.025818709284067154,-0.03894894942641258,-0.0017704068450257182,-0.39739522337913513,-4.909541130065918,-0.22316096723079681,3.114478022325784e-05,0.20927953720092773,0.009512706659734249,0.6225564479827881,24.36235809326172,1.1073799133300781,0.9895555973052979,21.984230041503906,0.9992831945419312,0.7243646383285522,18.08205795288086,0.8219117522239685,0.009466211311519146,1.4904885292053223,0.06774947792291641,0.9146779775619507,20.911577224731445,0.950526237487793,0.15022119879722595,7.961635589599609,0.3618925213813782,0.6919763088226318,17.506235122680664,0.7957379817962646,0.29210102558135986,10.063591003417969,0.4574359655380249,0.0,0.0,5,5
ay_4-a-3_kv_kv-dlw-varanasi_22082024-000000-1_EN-OL-RC-313_1,4,they,they,c,19.89,20.07,DH EY,c,0,DH EY,DH EY,994,1004,10,-0.0077418978326022625,-0.015012702904641628,-0.0015012703370302916,-0.3405952751636505,-2.150996685028076,-0.21509966254234314,3.573482172214426e-05,0.09186866134405136,0.009186865761876106,0.6465164422988892,10.682580947875977,1.0682580471038818,0.9968611598014832,9.993912696838379,0.9993912577629089,0.7375290989875793,8.287896156311035,0.8287895917892456,0.01182592287659645,0.7084277272224426,0.07084277272224426,0.923285961151123,9.526826858520508,0.9526826739311218,0.18188181519508362,3.7270092964172363,0.37270092964172363,0.7132389545440674,8.016571998596191,0.8016571998596191,0.3187595009803772,4.6582231521606445,0.4658223092556,0.0,0.0,2,2
ay_4-a-3_kv_kv-dlw-varanasi_22082024-000000-1_EN-OL-RC-313_1,4,stopped,stopped,c,20.07,20.58,S T AA P T,c,0,* S T AO P D *,S T AO P D,1003,1029,26,-0.46304935216903687,-0.902388870716095,-0.034707263112068176,-1.0081428289413452,-7.437765121459961,-0.2860679030418396,3.9102516893763095e-05,1.5639547109603882,0.06015210598707199,0.6657127141952515,31.007831573486328,1.1926089525222778,0.8225488662719727,25.651992797851562,0.9866151213645935,0.6467312574386597,21.059722900390625,0.809989333152771,0.0025477425660938025,1.662856936454773,0.06395603716373444,0.8414019346237183,24.4995174407959,0.9422891139984131,0.029491307213902473,8.726371765136719,0.3356296718120575,0.5498011112213135,20.19179344177246,0.7766074538230896,0.16015629470348358,11.293573379516602,0.43436819314956665,4.299449591206932,2.0,5,5
ay_4-a-3_kv_kv-dlw-varanasi_22082024-000000-1_EN-OL-RC-313_1,4,near,near,c,20.58,21.27,N IH R,c,0,* SIL * N IH AH R *,N IH AH R,1029,1064,35,-0.09067385643720627,-0.23052652180194855,-0.006586472038179636,-0.6570101976394653,-8.154899597167969,-0.2329971343278885,2.41838934016414e-05,0.8679128885269165,0.024797510355710983,0.5891052484512329,38.32986068725586,1.0951389074325562,0.9636156558990479,34.90728759765625,0.9973510503768921,0.6811943650245667,28.754411697387695,0.8215546011924744,0.0045624771155416965,2.4932467937469482,0.07123561948537827,0.8861548900604248,33.22002410888672,0.9491435289382935,0.07971008867025375,12.999384880065918,0.371410995721817,0.6295701265335083,27.83204460144043,0.795201301574707,0.22529767453670502,16.203336715698242,0.46295246481895447,4.058553090320721,1.0,3,4
ay_4-a-3_kv_kv-dlw-varanasi_22082024-000000-1_EN-OL-RC-313_1,4,him,him,c,21.27,21.57,HH IH M,c,0,* HH IH M * SIL *,HH IH M,1063,1079,16,-0.2682681679725647,-0.44788360595703125,-0.027992725372314453,-0.8730433583259583,-4.72074031829834,-0.29504626989364624,4.922745210933499e-05,1.12332022190094,0.07020751386880875,0.6670849323272705,19.86399269104004,1.2414995431900024,0.8946987390518188,15.823286056518555,0.9889553785324097,0.7167407274246216,12.847843170166016,0.802990198135376,0.00832142774015665,0.8429684638977051,0.05268552899360657,0.8676233291625977,15.044281959533691,0.9402676224708557,0.05280845984816551,4.9598259925842285,0.3099891245365143,0.5942980051040649,12.288549423217773,0.7680343389511108,0.19403022527694702,6.646778106689453,0.4154236316680908,0.0,0.0,3,3
ay_4-a-3_kv_kv-dlw-varanasi_22082024-000000-1_EN-OL-RC-313_1,4,he,he,c,21.84,22.14,HH IY,c,0,HH IY *,HH IY,1092,1107,15,-0.006109504494816065,-0.00920957513153553,-0.0006139716715551913,-0.47400858998298645,-2.7147459983825684,-0.1809830665588379,1.5838204490137286e-05,0.06257238239049911,0.00417149206623435,0.5834777355194092,14.219688415527344,0.947979211807251,0.9975224733352661,14.996265411376953,0.9997510313987732,0.7059525847434998,12.629594802856445,0.8419730067253113,0.006934045348316431,1.394417405128479,0.09296116232872009,0.904079020023346,14.366881370544434,0.9577921032905579,0.11870325356721878,6.464375019073486,0.4309583306312561,0.6674624681472778,12.324311256408691,0.821620762348175,0.2639423608779907,7.6439409255981445,0.509596049785614,0.0,0.0,2,2
ay_4-a-3_kv_kv-dlw-varanasi_22082024-000000-1_EN-OL-RC-313_1,4,then,then,c,22.14,22.47,DH EH N,c,0,* DH EH N * SIL,DH EH N,1107,1124,17,-0.5761616230010986,-0.8671150803565979,-0.05100676789879799,-0.8109261989593506,-4.998908042907715,-0.29405340552330017,2.3387947294395417e-05,1.5411322116851807,0.09065483510494232,0.5863173604011536,19.570606231689453,1.1512120962142944,0.7822350263595581,16.666099548339844,0.9803587794303894,0.6982715129852295,13.861949920654297,0.8154088258743286,0.006089603994041681,1.2655396461486816,0.0744435116648674,0.8982847929000854,16.038442611694336,0.9434378147125244,0.10436486452817917,5.906079292297363,0.3474164307117462,0.6547565460205078,13.265671730041504,0.7803336381912231,0.25035473704338074,7.552645683288574,0.4442732632160187,0.0,0.0,3,3
ay_4-a-3_kv_kv-dlw-varanasi_22082024-000000-1_EN-OL-RC-313_1,4,overheard,overheard,c,22.56,23.28,OW V AH R HH AH R D,s,1,OW V AH R HH EH D,OW V AH R HH EH D,1128,1164,36,-0.42627400159835815,-1.013187050819397,-0.02814408391714096,-1.2202850580215454,-10.636022567749023,-0.2954450845718384,3.643258969532326e-05,2.318943977355957,0.0644151121377945,0.6530407071113586,43.733116149902344,1.2148088216781616,0.8359033465385437,35.60360336303711,0.988988995552063,0.5778957605361938,28.957773208618164,0.8043825626373291,0.0007956494227983057,2.181363582611084,0.06059343367815018,0.7866861820220947,33.80171203613281,0.9389364719390869,0.008744687773287296,12.034673690795898,0.33429649472236633,0.4720105528831482,27.780237197875977,0.7716732621192932,0.11318027973175049,15.505844116210938,0.4307178854942322,7.147012417710586,2.0,8,7
ay_4-a-3_kv_kv-dlw-varanasi_22082024-000000-1_EN-OL-RC-313_1,4,one,one,c,23.31,24.0,W AH N,c,0,* W AH N * SIL *,W AH N,1165,1200,35,-0.39107173681259155,-1.36491858959198,-0.038997672498226166,-0.8222441673278809,-9.433555603027344,-0.26953014731407166,2.8924776415806264e-05,2.8035075664520264,0.08010021597146988,0.5748698711395264,39.093902587890625,1.1169686317443848,0.8488020896911621,34.46524429321289,0.9847212433815002,0.670847475528717,28.70798110961914,0.8202280402183533,0.003830267582088709,2.402430772781372,0.06864088028669357,0.864356279373169,33.12321090698242,0.9463774561882019,0.049111124128103256,12.426859855651855,0.3550531268119812,0.5884338021278381,27.55440330505371,0.7872686386108398,0.1892290711402893,15.756092071533203,0.4501740634441376,0.0,0.0,3,3
ay_4-a-3_kv_kv-dlw-varanasi_22082024-000000-1_EN-OL-RC-313_1,4,man,man,c,24.06,24.51,M AE N,c,0,M AE N * SIL,M AE N,1203,1226,23,-0.05742638185620308,-0.08712168782949448,-0.0037878993898630142,-0.568871796131134,-4.816385269165039,-0.20940805971622467,2.508225770725403e-05,0.3706362545490265,0.016114620491862297,0.6370616555213928,23.496505737304688,1.0215872526168823,0.9768611192703247,22.96484375,0.9984714388847351,0.691748857498169,19.129531860351562,0.8317188024520874,0.005453771445900202,1.8979538679122925,0.08251973241567612,0.8923096060752869,21.9206485748291,0.953071653842926,0.09139028936624527,9.265070915222168,0.4028291702270508,0.6421220898628235,18.5850772857666,0.808046817779541,0.2374832183122635,11.200197219848633,0.4869650900363922,0.0,0.0,3,3
ay_4-a-3_kv_kv-dlw-varanasi_22082024-000000-1_EN-OL-RC-313_1,4,asking,asking,c,24.54,25.14,AE S K IH NG,c,0,AA S K IH NG *,AA S K IH NG,1227,1257,30,-0.002503366908058524,-0.008063489571213722,-0.0002687829837668687,-0.4700703024864197,-6.156898498535156,-0.2052299529314041,2.911890078394208e-05,0.06738550215959549,0.002246183343231678,0.6142323613166809,32.122596740722656,1.0707532167434692,0.9989843964576721,29.996728897094727,0.9998909831047058,0.6975370645523071,24.766826629638672,0.8255608677864075,0.006014454178512096,2.084592342376709,0.06948640942573547,0.9010822176933289,28.580392837524414,0.9526797533035278,0.11105720698833466,11.370979309082031,0.3790326416492462,0.6608331203460693,24.086231231689453,0.8028743863105774,0.2567705512046814,14.09984016418457,0.4699946641921997,1.8273272771167965,1.0,5,5
ay_4-a-3_kv_kv-dlw-varanasi_22082024-000000-1_EN-OL-RC-313_1,4,why,why,c,25.14,25.5,W AY,c,0,W HH AY *,W HH AY,1257,1275,18,-0.2660219073295593,-0.5717132687568665,-0.03176184743642807,-0.8823204636573792,-5.488833427429199,-0.30493518710136414,3.133058635285124e-05,1.3243491649627686,0.07357495278120041,0.6796700954437256,22.074806213378906,1.226378083229065,0.8955514430999756,17.77498435974121,0.9874991178512573,0.6302663087844849,14.425667762756348,0.8014259934425354,0.0019286854658275843,1.0972096920013428,0.06095609441399574,0.8508003950119019,16.88566780090332,0.9380926489830017,0.03633951395750046,5.928951263427734,0.3293861746788025,0.5651044845581055,13.833075523376465,0.7685042023658752,0.1711612492799759,7.685744762420654,0.42698583006858826,4.763317879841589,1.0,2,3
ay_4-a-3_kv_kv-dlw-varanasi_22082024-000000-1_EN-OL-RC-313_1,4,he,he,c,25.5,25.74,HH IY,c,0,HH IY * SIL,HH IY,1275,1287,12,-0.014593776315450668,-0.02365945093333721,-0.0019716208335012197,-0.5003422498703003,-3.360727071762085,-0.2800605893135071,4.793685729964636e-05,0.14658132195472717,0.01221511047333479,0.7394708395004272,15.424274444580078,1.2853561639785767,0.9940881729125977,11.990409851074219,0.9992008209228516,0.7023177146911621,9.564332962036133,0.7970277667045593,0.0065207513980567455,0.5851047039031982,0.04875872656702995,0.9012771844863892,11.279281616210938,0.9399401545524597,0.11153928190469742,3.6278584003448486,0.30232152342796326,0.6612605452537537,9.189878463745117,0.7658231854438782,0.25722751021385193,4.919504642486572,0.40995872020721436,0.0,0.0,2,2
ay_4-a-3_kv_kv-dlw-varanasi_22082024-000000-1_EN-OL-RC-313_1,4,was,was,c,26.01,26.31,W AA Z,c,0,W AO Z *,W AO Z,1300,1316,16,-0.299599826335907,-0.30308008193969727,-0.01894250512123108,-0.8449190855026245,-4.050495147705078,-0.2531559467315674,2.6805306333699264e-05,0.6053415536880493,0.03783384710550308,0.6598165035247803,18.473344802856445,1.1545840501785278,0.8828545808792114,15.881441116333008,0.992590069770813,0.6802506446838379,13.004851341247559,0.8128032088279724,0.004490261897444725,1.0686848163604736,0.0667928010225296,0.8649982213973999,15.129979133605957,0.9456236958503723,0.0498165637254715,5.670799732208252,0.35442498326301575,0.5895782709121704,12.575326919555664,0.785957932472229,0.19015763700008392,7.184654235839844,0.44904088973999023,0.406100786224316,1.0,3,3
ay_4-a-3_kv_kv-dlw-varanasi_22082024-000000-1_EN-OL-RC-313_1,4,blind,blind,c,26.31,26.7,B L AY N D,s,1,B L IH N T *,B L IH N T,1315,1335,20,-0.25031453371047974,-0.3092931807041168,-0.015464658848941326,-1.134227991104126,-8.878047943115234,-0.4439024031162262,0.000628262700047344,0.9542437195777893,0.047712184488773346,1.0869711637496948,34.225528717041016,1.7112764120101929,0.9015276432037354,19.877635955810547,0.9938818216323853,0.5447595119476318,14.663589477539062,0.7331794500350952,0.0004543638788163662,0.39321064949035645,0.019660532474517822,0.7834699153900146,18.17559814453125,0.9087799191474915,0.00814161915332079,3.6221230030059814,0.18110615015029907,0.46793657541275024,13.815681457519531,0.6907840967178345,0.11108466237783432,6.156529903411865,0.3078264892101288,6.805119385901156,2.0,5,5
ay_4-a-3_kv_kv-dlw-varanasi_22082024-000000-1_EN-OL-RC-313_1,4,and,and,c,26.7,27.03,AH N D,c,0,AE N D *,AE N D,1335,1352,17,-0.18508227169513702,-0.34534817934036255,-0.020314598456025124,-0.5894933342933655,-4.068978309631348,-0.23935166001319885,2.1550657038460486e-05,0.8903216123580933,0.052371859550476074,0.5581796765327454,18.299787521362305,1.0764580965042114,0.9265989661216736,16.862812042236328,0.9919301271438599,0.7201426029205322,14.061542510986328,0.8271495699882507,0.008814052678644657,1.1984776258468628,0.07049868255853653,0.9116390347480774,16.15888023376465,0.9505223631858826,0.1404135376214981,6.216911792755127,0.36570069193840027,0.6847695708274841,13.539630889892578,0.7964488863945007,0.2835467755794525,7.822268009185791,0.4601334035396576,2.95656721210025,1.0,3,3
ay_4-a-3_kv_kv-dlw-varanasi_22082024-000000-1_EN-OL-RC-313_1,4,if,if,c,27.03,27.33,IH F,c,0,* IH F *,IH F,1351,1367,16,-0.5766202807426453,-1.2517869472503662,-0.07823668420314789,-0.9868195056915283,-4.740121364593506,-0.2962575852870941,2.6542798877926543e-05,1.7587883472442627,0.10992427170276642,0.6173866987228394,17.917552947998047,1.119847059249878,0.7820737957954407,15.523292541503906,0.9702057838439941,0.6527021527290344,13.101452827453613,0.8188408017158508,0.002818364417180419,1.1510059833526611,0.07193787395954132,0.8505265712738037,15.110787391662598,0.9444242119789124,0.036119140684604645,5.694747447967529,0.3559217154979706,0.5646489858627319,12.547679901123047,0.7842299938201904,0.1708243191242218,7.195970058441162,0.44974812865257263,0.0,0.0,2,2
ay_4-a-3_kv_kv-dlw-varanasi_22082024-000000-1_EN-OL-RC-313_1,4,he,he,c,27.33,27.51,HH IY,c,0,HH IY *,HH IY,1366,1376,10,-0.12709468603134155,-0.15286271274089813,-0.015286271460354328,-0.5621769428253174,-3.1010940074920654,-0.310109406709671,0.00019764486933127046,0.5110521912574768,0.05110521987080574,0.7977669835090637,12.978018760681152,1.2978018522262573,0.9492316842079163,9.938793182373047,0.9938793182373047,0.7058125734329224,7.971155166625977,0.7971155047416687,0.006917648483067751,0.4708244800567627,0.04708244651556015,0.9027926921844482,9.375680923461914,0.9375680685043335,0.11535876989364624,2.8883228302001953,0.28883227705955505,0.6646013259887695,7.590649127960205,0.7590649127960205,0.2608247995376587,3.9927866458892822,0.3992786705493927,0.0,0.0,2,2
ay_4-a-3_kv_kv-dlw-varanasi_22082024-000000-1_EN-OL-RC-313_1,4,was,was,c,27.51,27.93,W AA Z,c,0,* W AO Z * SIL,W AO Z,1375,1397,22,-0.030866354703903198,-0.06557977199554443,-0.0029808988329023123,-0.8000300526618958,-5.481418609619141,-0.24915538728237152,2.290797419846058e-05,0.3344886004924774,0.01520402729511261,0.6571802496910095,25.57561492919922,1.1625279188156128,0.9875215291976929,21.97347068786621,0.9987941384315491,0.602642297744751,17.8497257232666,0.8113511800765991,0.0012090082745999098,1.4512593746185303,0.06596633791923523,0.8392532467842102,20.791948318481445,0.9450885653495789,0.028116505593061447,7.7776665687561035,0.35353028774261475,0.546394944190979,17.271772384643555,0.7850805521011353,0.1577932983636856,9.856135368347168,0.44800615310668945,0.406100786224316,1.0,3,3
ay_4-a-3_kv_kv-dlw-varanasi_22082024-000000-1_EN-OL-RC-313_1,4,a,a,c,27.96,28.11,AH,c,0,AH,AH,1398,1406,8,-0.19079957902431488,-0.19119501113891602,-0.023899376392364502,-0.665891706943512,-2.1764631271362305,-0.2720578908920288,0.00018769034068100154,0.46792495250701904,0.05849061906337738,0.8184725642204285,9.631196022033691,1.2038995027542114,0.9243850708007812,7.924224853515625,0.9905281066894531,0.73897784948349,6.487730979919434,0.8109663724899292,0.012119154445827007,0.3929632008075714,0.049120400100946426,0.9021972417831421,7.554440021514893,0.9443050026893616,0.11384269595146179,2.5284125804901123,0.31605157256126404,0.6632848978042603,6.209841728210449,0.7762302160263062,0.25940176844596863,3.371936559677124,0.4214920699596405,0.0,0.0,1,1
ay_4-a-3_kv_kv-dlw-varanasi_22082024-000000-1_EN-OL-RC-313_1,4,sinner,sinner,c,28.11,28.65,S IH N AH R,c,0,* S IH N AH R * SIL,S IH N AH R,1405,1433,28,-0.427450567483902,-0.6256744265556335,-0.022345514968037605,-0.9676399230957031,-7.868162155151367,-0.2810057997703552,0.00012081344902981073,1.2900558710098267,0.04607342556118965,0.6875019073486328,34.810359954833984,1.2432271242141724,0.8354741930961609,27.756847381591797,0.9913159608840942,0.7033909559249878,22.503589630126953,0.8036996126174927,0.006640148814767599,1.4771169424057007,0.052754174917936325,0.8596740961074829,26.36376953125,0.9415631890296936,0.0442589595913887,8.78203010559082,0.3136439323425293,0.5801979303359985,21.587989807128906,0.7709996104240417,0.18266561627388,11.721206665039062,0.41861453652381897,0.0,0.0,5,5
ay_4-a-3_kv_kv-dlw-varanasi_22082024-000000-1_EN-OL-RC-313_1,4,another,another,c,28.98,29.85,AH N AH DH AH R,c,0,AH N AH DH AH R *,AH N AH DH AH R,1449,1493,44,-0.008323884569108486,-0.015323299914598465,-0.00034825681359507143,-0.40457212924957275,-8.948745727539062,-0.20338058471679688,3.625579847721383e-05,0.11448848247528076,0.00260201096534729,0.5940004587173462,46.64825439453125,1.060187578201294,0.9966254234313965,43.9937858581543,0.9998587965965271,0.7321293950080872,36.49409866333008,0.8294113278388977,0.010794142261147499,3.106600522994995,0.07060455530881882,0.917897641658783,41.96364212036133,0.9537191390991211,0.16136078536510468,16.6782169342041,0.3790503740310669,0.699778139591217,35.406768798828125,0.8046993017196655,0.3016316294670105,20.715293884277344,0.4708021283149719,0.0,0.0,6,6
ay_4-a-3_kv_kv-dlw-varanasi_22082024-000000-1_EN-OL-RC-313_1,4,kind,kind,c,29.85,30.18,K AY N D,c,0,* K AY N D *,K AY N D,1492,1509,17,-0.16197167336940765,-0.23076055943965912,-0.013574150390923023,-0.6161007881164551,-4.689752578735352,-0.2758677899837494,3.3536394766997546e-05,0.7121050357818604,0.0418885312974453,0.7205378413200378,20.768484115600586,1.2216755151748657,0.935579776763916,16.907840728759766,0.9945788383483887,0.7067553400993347,13.700322151184082,0.805901288986206,0.007028794381767511,0.9377298355102539,0.05516057834029198,0.892853856086731,16.02252197265625,0.9425013065338135,0.09250201284885406,5.427692413330078,0.31927603483200073,0.6432540416717529,13.149744033813477,0.7735143303871155,0.23861117660999298,7.1966776847839355,0.4233339726924896,0.0,0.0,4,4
ay_4-a-3_kv_kv-dlw-varanasi_22082024-000000-1_EN-OL-RC-313_1,4,man,man,c,30.18,30.51,M AE N,c,0,* M AE N *,M AE N,1509,1526,17,-0.005100719630718231,-0.0106311971321702,-0.0006253645406104624,-0.5377048254013062,-3.5411152839660645,-0.2083009034395218,4.0518199966754764e-05,0.07431640475988388,0.0043715531937778,0.6686364412307739,18.074186325073242,1.0631874799728394,0.9979313015937805,16.995689392089844,0.9997464418411255,0.688559889793396,14.05741024017334,0.8269065022468567,0.0051675173453986645,1.2279598712921143,0.0722329318523407,0.8917761445045471,16.193105697631836,0.9525356292724609,0.09031345695257187,6.506566047668457,0.38273918628692627,0.6410160064697266,13.657334327697754,0.8033726215362549,0.23638573288917542,8.030322074890137,0.4723718762397766,0.0,0.0,3,3
ay_4-a-3_kv_kv-dlw-varanasi_22082024-000000-1_EN-OL-RC-313_1,4,responded,responded,c,30.51,31.26,R IH S P AA N D IH D,c,0,* R IH S P AO N D EH D *,R IH S P AO N D EH D,1525,1563,38,-0.0009996521985158324,-0.00426339590921998,-0.00011219462612643838,-0.4307090640068054,-7.460787773132324,-0.1963365226984024,2.1557121726800688e-05,0.043505169451236725,0.0011448728619143367,0.5811126232147217,39.60034942626953,1.042114496231079,0.9995944499969482,37.99827194213867,0.9999545216560364,0.7194986343383789,31.519390106201172,0.8294576406478882,0.008718617260456085,2.8815836906433105,0.07583115249872208,0.9104947447776794,36.2612419128418,0.9542431831359863,0.13688871264457703,14.886540412902832,0.3917510509490967,0.6820940375328064,30.703161239624023,0.8079779148101807,0.28043055534362793,18.238616943359375,0.47996360063552856,4.3263971000780606,2.0,9,9
ay_4-a-3_kv_kv-dlw-varanasi_22082024-000000-1_EN-OL-RC-313_1,4,that,that,c,31.26,31.68,DH AE T,c,0,* DH AE T * SIL,DH AE T,1563,1584,21,-0.11777517944574356,-0.12656348943710327,-0.006026832852512598,-0.555956244468689,-4.4110426902771,-0.21004965901374817,2.9364138754317537e-05,0.41338133811950684,0.019684825092554092,0.5784493684768677,21.511789321899414,1.0243709087371826,0.9528999328613281,20.94933319091797,0.9975873231887817,0.6988592743873596,17.487974166870117,0.8327606916427612,0.0061504170298576355,1.749365210533142,0.08330310881137848,0.9032608270645142,20.02506446838379,0.9535744786262512,0.11656485497951508,8.364819526672363,0.39832472801208496,0.6656398773193359,16.96770668029785,0.8079860210418701,0.2619524300098419,10.17513370513916,0.48453018069267273,0.0,0.0,3,3
ay_4-a-3_kv_kv-dlw-varanasi_22082024-000000-1_EN-OL-RC-313_1,4,the,the,c,31.92,32.1,DH AH,c,0,DH AH *,DH AH,1596,1605,9,-0.007383777294307947,-0.010003512725234032,-0.0011115013621747494,-0.3297067880630493,-1.930590033531189,-0.2145100086927414,2.8770484277629294e-05,0.06482114642858505,0.007202349603176117,0.6195338368415833,9.629276275634766,1.0699195861816406,0.9970061779022217,8.995943069458008,0.9995492100715637,0.7546054720878601,7.461480140686035,0.8290533423423767,0.015783997252583504,0.6484149098396301,0.07204610109329224,0.9294998049736023,8.574607849121094,0.9527342319488525,0.20880773663520813,3.3574583530426025,0.3730509281158447,0.729436993598938,7.215910911560059,0.801767885684967,0.34057554602622986,4.199079513549805,0.4665643870830536,0.0,0.0,2,2
ay_4-a-3_kv_kv-dlw-varanasi_22082024-000000-1_EN-OL-RC-313_1,4,beggar,beggar,c,32.1,32.58,B EH G AH R,c,0,* B EH G AH R *,B EH G AH R,1605,1629,24,-0.3035431504249573,-0.3736191987991333,-0.015567466616630554,-0.8307040929794312,-6.193321704864502,-0.25805506110191345,4.000339686172083e-05,0.9254205822944641,0.038559190928936005,0.6474189162254333,27.481740951538086,1.14507257938385,0.881370484828949,23.853057861328125,0.9938774108886719,0.6263591051101685,19.57363510131836,0.8155681490898132,0.0018053967505693436,1.5901334285736084,0.06625556200742722,0.8414983749389648,22.694414138793945,0.9456005692481995,0.029554566368460655,8.453731536865234,0.35223880410194397,0.5499547719955444,18.855236053466797,0.7856348156929016,0.16026361286640167,10.74100112915039,0.4475417137145996,0.0,0.0,5,5
ay_4-a-3_kv_kv-dlw-varanasi_22082024-000000-1_EN-OL-RC-313_1,4,had,had,c,32.58,32.97,HH AE D,c,0,* HH AE D *,HH AE D,1628,1649,21,-0.10859733819961548,-0.12747153639793396,-0.00607007322832942,-0.5726943612098694,-4.749456882476807,-0.22616460919380188,1.7078320524888113e-05,0.43943357467651367,0.020925408229231834,0.5938380360603333,23.00014877319336,1.095245122909546,0.9565205574035645,20.94887351989746,0.9975653886795044,0.7172107696533203,17.277202606201172,0.822723925113678,0.008387817069888115,1.4813512563705444,0.07054053246974945,0.9108425378799438,19.956836700439453,0.9503255486488342,0.1379505842924118,7.7333784103393555,0.3682561218738556,0.6829050779342651,16.727800369262695,0.7965618968009949,0.2813718020915985,9.699252128601074,0.46186915040016174,0.0,0.0,3,3
ay_4-a-3_kv_kv-dlw-varanasi_22082024-000000-1_EN-OL-RC-313_1,4,not,not,c,32.97,33.33,N AA T,c,0,* N AO T *,N AO T,1648,1667,19,-0.13291530311107635,-0.15883782505989075,-0.008359885774552822,-0.6418010592460632,-5.202195644378662,-0.2737997770309448,6.0762467910535634e-05,0.5311704874038696,0.027956342324614525,0.7316582202911377,23.567720413208008,1.2404063940048218,0.9469450116157532,18.93644142150879,0.9966548085212708,0.6516966819763184,15.260238647460938,0.8031704425811768,0.00277085998095572,1.0280596017837524,0.0541083998978138,0.8718813061714172,17.894865036010742,0.9418349862098694,0.058048103004693985,6.024913787841797,0.31710073351860046,0.6020920276641846,14.669546127319336,0.7720813751220703,0.20058059692382812,8.001808166503906,0.42114779353141785,0.406100786224316,1.0,3,3
ay_4-a-3_kv_kv-dlw-varanasi_22082024-000000-1_EN-OL-RC-313_1,4,sinned,sinned,c,34.29,34.77,S IH N D,c,0,S AH N D * SIL,S AH N D,1714,1739,25,-0.42285603284835815,-0.5396172404289246,-0.021584689617156982,-1.0407301187515259,-7.09295129776001,-0.2837180495262146,4.47512065875344e-05,1.1507538557052612,0.04603015258908272,0.7167683839797974,30.631608963012695,1.225264310836792,0.8371508121490479,24.790327072143555,0.9916130900382996,0.5884069204330444,20.07704734802246,0.8030818700790405,0.0009503921028226614,1.4644794464111328,0.05857917666435242,0.8016055226325989,23.501474380493164,0.9400589466094971,0.012181482277810574,8.261022567749023,0.3304409086704254,0.4915580749511719,19.311267852783203,0.7724506855010986,0.12370273470878601,10.724525451660156,0.4289810061454773,3.5170572902741974,1.0,4,4
ay_4-a-3_kv_kv-dlw-varanasi_22082024-000000-1_EN-OL-RC-313_1,4,and,and,c,35.04,35.43,AH N D,c,0,AE N D * SIL *,AE N D,1752,1772,20,-0.4244483709335327,-0.46488577127456665,-0.023244287818670273,-0.8695269227027893,-4.977849006652832,-0.24889245629310608,1.7501712136436254e-05,0.8388766050338745,0.041943829506635666,0.6017345786094666,22.541460037231445,1.127073049545288,0.8365694284439087,19.82023048400879,0.9910115003585815,0.7100157737731934,16.363819122314453,0.8181909322738647,0.007427121978253126,1.3297107219696045,0.06648553907871246,0.8742278814315796,18.952049255371094,0.9476024508476257,0.06115474924445152,7.112374782562256,0.35561874508857727,0.6064630746841431,15.790300369262695,0.7895150184631348,0.20434068143367767,9.02672290802002,0.451336145401001,2.95656721210025,1.0,3,3
ay_4-a-3_kv_kv-dlw-varanasi_22082024-000000-1_EN-OL-RC-313_1,4,that,that,c,35.46,36.06,DH AE T,c,0,DH AE T *,DH AE T,1773,1803,30,-0.002963339677080512,-0.005666919052600861,-0.00018889730563387275,-0.46017545461654663,-5.041292667388916,-0.1680430918931961,3.8445079553639516e-05,0.04446446895599365,0.0014821490040048957,0.5909842252731323,27.902584075927734,0.9300861358642578,0.9987978935241699,29.997699737548828,0.9999233484268188,0.7106730937957764,25.333627700805664,0.8444542288780212,0.007510121446102858,2.6522464752197266,0.0884082168340683,0.9061446785926819,28.790464401245117,0.9596821665763855,0.12427795678377151,12.984024047851562,0.4328007996082306,0.6721066236495972,24.761680603027344,0.8253893256187439,0.2690761089324951,15.338959693908691,0.511298656463623,0.0,0.0,3,3
ay_4-a-3_kv_kv-dlw-varanasi_22082024-000000-1_EN-OL-RC-313_1,4,god,god,c,36.06,36.48,G AA D,c,0,* G AO D *,G AO D,1803,1824,21,-0.5908837914466858,-0.7353026866912842,-0.03501441329717636,-0.8122379183769226,-5.760982513427734,-0.2743324935436249,3.0730774597031996e-05,1.2048543691635132,0.0573740191757679,0.709967851638794,24.538293838500977,1.1684901714324951,0.7770711779594421,20.719083786010742,0.9866230487823486,0.6732217669487,17.11239242553711,0.8148758411407471,0.003987146075814962,1.2191002368927002,0.058052390813827515,0.8829578161239624,19.846324920654297,0.9450631141662598,0.0742446556687355,6.991975784301758,0.33295121788978577,0.6232243776321411,16.395681381225586,0.7807467579841614,0.2193564772605896,9.1105375289917,0.43383511900901794,0.406100786224316,1.0,3,3
ay_4-a-3_kv_kv-dlw-varanasi_22082024-000000-1_EN-OL-RC-313_1,4,could,could,c,37.17,37.56,K UH D,c,0,K UH D * SIL *,K UH D,1858,1878,20,-0.01365041732788086,-0.03568451106548309,-0.001784225576557219,-0.5820327997207642,-5.472393035888672,-0.2736196517944336,5.1170867664041e-05,0.22695904970169067,0.011347952298820019,0.7250210046768188,25.224660873413086,1.2612330913543701,0.9944696426391602,19.985536575317383,0.9992768168449402,0.6678845882415771,16.014196395874023,0.8007098436355591,0.0036431266926229,1.0116760730743408,0.05058380216360092,0.881775975227356,18.822553634643555,0.9411276578903198,0.07232055068016052,6.223148345947266,0.3111574053764343,0.6209074854850769,15.394828796386719,0.769741415977478,0.21722303330898285,8.328775405883789,0.4164387583732605,0.0,0.0,3,3
ay_4-a-3_kv_kv-dlw-varanasi_22082024-000000-1_EN-OL-RC-313_1,4,restore,restore,c,38.16,38.97,R IH S T AO R,c,0,R IH S T OW R *,R IH S T OW R,1907,1949,42,-0.21216250956058502,-0.23055976629257202,-0.005489518400281668,-0.9072639346122742,-8.677159309387207,-0.20659902691841125,2.4477141778334044e-05,0.619734525680542,0.014755584299564362,0.6244703531265259,43.804569244384766,1.0429658889770508,0.9161412119865417,41.90868377685547,0.9978258013725281,0.6356473565101624,34.833526611328125,0.8293696641921997,0.002112379763275385,3.089322566986084,0.07355529814958572,0.8413428664207458,40.03191375732422,0.9531407952308655,0.029452625662088394,16.34173583984375,0.3890889585018158,0.5497070550918579,33.84486389160156,0.8058301210403442,0.1600905805826187,20.038009643554688,0.47709545493125916,2.9381690051141307,1.0,6,6
ay_4-a-3_kv_kv-dlw-varanasi_22082024-000000-1_EN-OL-RC-313_1,4,his,his,c,38.97,39.21,HH IH Z,c,0,* HH IH Z *,HH IH Z,1948,1961,13,-0.01886545866727829,-0.024518398568034172,-0.0018860306590795517,-0.42659199237823486,-3.1993680000305176,-0.24610522389411926,3.943050614907406e-05,0.13574019074440002,0.010441552847623825,0.6220588684082031,15.410828590393066,1.185448408126831,0.9923619031906128,12.990069389343262,0.9992361068725586,0.7066282033920288,10.55737018585205,0.8121054172515869,0.0070137083530426025,0.7556113004684448,0.05812394618988037,0.9078373908996582,12.3047513961792,0.9465193152427673,0.1290407031774521,4.31804084777832,0.3321569859981537,0.6759588718414307,10.180392265319824,0.7831071019172668,0.2734043300151825,5.645544528961182,0.4342726469039917,0.0,0.0,3,3
ay_4-a-3_kv_kv-dlw-varanasi_22082024-000000-1_EN-OL-RC-313_1,4,sight,sight,c,39.21,39.54,S AY T,c,0,S AY D,S AY D,1960,1977,17,-0.4237023890018463,-0.4996965527534485,-0.029393915086984634,-1.0671827793121338,-4.303508758544922,-0.25314757227897644,3.592611028579995e-05,0.9707897305488586,0.057105276733636856,0.7236132621765137,18.44379425048828,1.08492910861969,0.8368417024612427,16.80617904663086,0.9885987639427185,0.5896749496459961,13.977266311645508,0.8221921324729919,0.0009709877194836736,1.2414073944091797,0.0730239674448967,0.8170182108879089,16.101810455322266,0.947165310382843,0.01715601608157158,6.394711971282959,0.37615951895713806,0.5129748582839966,13.491687774658203,0.7936286926269531,0.13617239892482758,7.8968095779418945,0.4645182192325592,3.8933488049826166,1.0,3,3
lk_4-a-3_kv_kv-dappar_22082024-000000-1_EN-OL-RC-331_1,4,scientists,scientists,c,0.99,1.74,S AY AH N T IH S T S,c,0,S AY N T IH S T S *,S AY N T IH S T S,49,87,38,-0.2530969977378845,-0.39929530024528503,-0.01050777081400156,-0.8802033066749573,-9.579939842224121,-0.25210368633270264,2.6316069124732167e-05,1.2202948331832886,0.03211302310228348,0.6028261184692383,43.518768310546875,1.145230770111084,0.9004672765731812,37.841552734375,0.9958303570747375,0.6368217468261719,30.968908309936523,0.8149712681770325,0.0021547391079366207,2.5557913780212402,0.06725766509771347,0.8377977609634399,35.93962478637695,0.9457796216011047,0.027221839874982834,13.499465942382812,0.3552491068840027,0.5441064834594727,29.885005950927734,0.7864475250244141,0.1562228947877884,17.097036361694336,0.44992199540138245,3.56735060199773,1.0,9,8
lk_4-a-3_kv_kv-dappar_22082024-000000-1_EN-OL-RC-331_1,4,have,have,c,1.74,2.13,HH AE V,c,0,* HH AE V *,HH AE V,87,107,20,-0.09462909400463104,-0.15392225980758667,-0.007696113083511591,-0.741871178150177,-4.9523091316223145,-0.24761545658111572,1.7721391486702487e-05,0.578564465045929,0.028928223997354507,0.5837002992630005,22.584186553955078,1.129209280014038,0.9620472192764282,19.938093185424805,0.9969046711921692,0.5956563949584961,16.33051872253418,0.816525936126709,0.0010743209859356284,1.3419110774993896,0.0670955553650856,0.8455810546875,18.93190574645996,0.946595311164856,0.0323607511818409,7.184667587280273,0.35923337936401367,0.5565230846405029,15.775544166564941,0.788777232170105,0.16491088271141052,9.055551528930664,0.45277756452560425,0.0,0.0,3,3
lk_4-a-3_kv_kv-dappar_22082024-000000-1_EN-OL-RC-331_1,4,watched,watched,c,2.13,2.73,W AA CH T,c,0,* W AO CH D * SIL,W AO CH D,106,137,31,-0.3260531425476074,-0.5420746803283691,-0.01748627983033657,-1.0100980997085571,-8.406596183776855,-0.27118051052093506,3.0734652682440355e-05,1.4910519123077393,0.048098448663949966,0.6334289908409119,36.333038330078125,1.1720335483551025,0.8729265928268433,30.786331176757812,0.9931074380874634,0.6590110063552856,25.182018280029297,0.8123231530189514,0.003135595703497529,1.976607084274292,0.06376151740550995,0.8367607593536377,29.250324249267578,0.9435588717460632,0.026601843535900116,10.629947662353516,0.3429015278816223,0.5424849987030029,24.189281463623047,0.7802994251251221,0.15511862933635712,13.636556625366211,0.43988892436027527,4.299449591206932,2.0,4,4
lk_4-a-3_kv_kv-dappar_22082024-000000-1_EN-OL-RC-331_1,4,a,a,c,2.73,2.88,AH,c,0,AH,AH,136,144,8,-0.0005852504400536418,-0.0011479059467092156,-0.00014348824333865196,-0.297719806432724,-1.6760246753692627,-0.20950308442115784,0.00024176854640245438,0.011106854304671288,0.001388356788083911,0.8041892051696777,8.865787506103516,1.1082234382629395,0.9997625350952148,7.999534606933594,0.9999418258666992,0.7755709886550903,6.590938091278076,0.8238672614097595,0.02249852381646633,0.4456714391708374,0.055708929896354675,0.9348965883255005,7.618749141693115,0.9523436427116394,0.23540735244750977,2.824882745742798,0.35311034321784973,0.7441437244415283,6.380354404449463,0.7975443005561829,0.3615895211696625,3.6102638244628906,0.45128297805786133,0.0,0.0,1,1
lk_4-a-3_kv_kv-dappar_22082024-000000-1_EN-OL-RC-331_1,4,number,number,c,2.88,3.51,N AH M B AH R,c,0,* N AH M B AH R *,N AH M B AH R,144,176,32,-0.2594727873802185,-0.2747705578804016,-0.00858657993376255,-0.666033923625946,-6.229542255401611,-0.19467319548130035,1.7218879293068312e-05,0.6450201869010925,0.02015688084065914,0.5853901505470276,30.949926376342773,0.9671851992607117,0.8980402946472168,31.891836166381836,0.9966198801994324,0.7310165762901306,26.91817855834961,0.8411930799484253,0.010592957958579063,2.92880916595459,0.09152528643608093,0.9088424444198608,30.61931037902832,0.956853449344635,0.1319545954465866,13.369986534118652,0.4178120791912079,0.6782666444778442,26.156763076782227,0.8173988461494446,0.2760278880596161,16.012306213378906,0.5003845691680908,0.0,0.0,6,6
lk_4-a-3_kv_kv-dappar_22082024-000000-1_EN-OL-RC-331_1,4,of,of,c,3.51,3.78,AH V,c,0,* AO F *,AO F,175,189,14,-0.004790137521922588,-0.008111978881061077,-0.000579427054617554,-0.42406409978866577,-3.0124566555023193,-0.21517547965049744,3.751406620722264e-05,0.05986686423420906,0.004276204388588667,0.6867296695709229,15.22303295135498,1.0873595476150513,0.9980571866035461,13.996709823608398,0.9997649788856506,0.7150437831878662,11.550860404968262,0.8250614404678345,0.008086085319519043,0.9463759064674377,0.06759827584028244,0.9098069667816162,13.324325561523438,0.9517375230789185,0.13481290638446808,5.177702903747559,0.36983591318130493,0.6804957389831543,11.192795753479004,0.7994853854179382,0.27858424186706543,6.482528209686279,0.46303772926330566,4.411563432609308,2.0,2,2
lk_4-a-3_kv_kv-dappar_22082024-000000-1_EN-OL-RC-331_1,4,animals,animals,c,3.84,4.59,AE N AH M AH L Z,c,0,AE N IH M AH L Z *,AE N IH M AH L Z,192,230,38,-0.2880982756614685,-0.5924290418624878,-0.015590238384902477,-0.807273805141449,-8.094892501831055,-0.21302348375320435,2.0171091819065623e-05,1.2478798627853394,0.03283894434571266,0.5593887567520142,38.36016845703125,1.0094780921936035,0.887191653251648,37.76770782470703,0.9938870668411255,0.6593320369720459,31.660301208496094,0.8331658244132996,0.0031526603270322084,3.3058416843414307,0.08699583262205124,0.8720542192459106,36.22762680053711,0.9533585906028748,0.058271586894989014,15.46628475189209,0.40700748562812805,0.6024123430252075,30.756349563598633,0.8093776106834412,0.20085398852825165,18.637767791748047,0.4904675781726837,2.8059285653833057,1.0,7,7
lk_4-a-3_kv_kv-dappar_22082024-000000-1_EN-OL-RC-331_1,4,and,and,c,4.62,4.95,AH N D,c,0,AE N D * SIL *,AE N D,231,248,17,-0.11457175016403198,-0.21829554438591003,-0.01284091453999281,-0.7681862115859985,-4.578112602233887,-0.2693007290363312,2.0589404812199064e-05,0.7743948698043823,0.04555264115333557,0.57208251953125,19.904909133911133,1.1708769798278809,0.9541626572608948,16.912555694580078,0.9948562383651733,0.7237834930419922,13.829055786132812,0.8134738802909851,0.009373649954795837,1.1391130685806274,0.06700664758682251,0.8760412931442261,16.04983139038086,0.944107711315155,0.06366898864507675,5.816628456115723,0.3421546220779419,0.6098791360855103,13.272791862487793,0.7807524800300598,0.20732326805591583,7.487837791442871,0.44046103954315186,2.95656721210025,1.0,3,3
lk_4-a-3_kv_kv-dappar_22082024-000000-1_EN-OL-RC-331_1,4,insects,insects,c,5.25,5.97,IH N S EH K T S,c,0,IH N S EH K T S * SIL,IH N S EH K T S,262,299,37,-0.3014584183692932,-0.3318954408168793,-0.008970146998763084,-0.7993894815444946,-9.523591995239258,-0.25739437341690063,3.821533755399287e-05,0.7888637185096741,0.021320641040802002,0.690361499786377,44.19961166381836,1.1945841312408447,0.8821548819541931,36.869815826416016,0.9964815378189087,0.634788990020752,29.960390090942383,0.8097402453422546,0.0020819453056901693,2.1487231254577637,0.05807359889149666,0.8654762506484985,34.94639205932617,0.9444971084594727,0.05034848675131798,12.421395301818848,0.33571338653564453,0.5904330015182495,28.87476348876953,0.7803990244865417,0.1908537745475769,16.102142333984375,0.4351930320262909,0.0,0.0,7,7
lk_4-a-3_kv_kv-dappar_22082024-000000-1_EN-OL-RC-331_1,4,to,to,c,6.84,6.99,T UW,c,0,T UW,T UW,342,350,8,-0.020521683618426323,-0.021810023114085197,-0.0027262528892606497,-0.4510354697704315,-1.963751196861267,-0.2454688996076584,6.936823046999052e-05,0.1119578629732132,0.01399473287165165,0.7584196329116821,9.27859878540039,1.1598248481750488,0.9916929602622986,7.9911699295043945,0.9988962411880493,0.7047014236450195,6.5167155265808105,0.8145894408226013,0.006788909435272217,0.5099794864654541,0.06374743580818176,0.9046281576156616,7.572877883911133,0.9466097354888916,0.12016034871339798,2.7870256900787354,0.3483782112598419,0.6686910390853882,6.290488243103027,0.7863110303878784,0.26529157161712646,3.563476800918579,0.4454346001148224,0.0,0.0,2,2
lk_4-a-3_kv_kv-dappar_22082024-000000-1_EN-OL-RC-331_1,4,find,find,c,6.99,7.56,F AY N D,c,0,* F AY N D * SIL,F AY N D,349,378,29,-0.2206747829914093,-0.5665286183357239,-0.019535468891263008,-0.8163596391677856,-7.674551963806152,-0.2646397352218628,1.6428675735369325e-05,1.6899036169052124,0.05827253684401512,0.5523344278335571,32.01104736328125,1.103829264640808,0.9128686189651489,28.77440071105957,0.9922206997871399,0.6762610673904419,23.824186325073242,0.8215236663818359,0.0041973767802119255,2.276658773422241,0.07850547134876251,0.8641387224197388,27.433307647705078,0.9459761381149292,0.04887423664331436,10.73192310333252,0.3700663149356842,0.5880466103553772,22.89358901977539,0.7894340753555298,0.1889158934354782,13.363319396972656,0.4608041048049927,0.0,0.0,4,4
lk_4-a-3_kv_kv-dappar_22082024-000000-1_EN-OL-RC-331_1,4,out,out,c,7.59,7.98,AW T,c,0,AW T *,AW T,379,399,20,-0.17952319979667664,-0.18460692465305328,-0.009230346418917179,-0.5978271961212158,-3.9927308559417725,-0.1996365487575531,1.4923227354302071e-05,0.48555856943130493,0.024277929216623306,0.549373209476471,20.01451301574707,1.0007256269454956,0.928754448890686,19.926692962646484,0.9963346719741821,0.6641802787780762,16.686328887939453,0.8343164324760437,0.0034219638910144567,1.4950361251831055,0.07475180923938751,0.8856247067451477,19.102264404296875,0.9551132321357727,0.07877665013074875,7.992386341094971,0.39961931109428406,0.6285097002983093,16.223175048828125,0.8111587762832642,0.22429481148719788,9.707650184631348,0.4853824973106384,0.0,0.0,2,2
lk_4-a-3_kv_kv-dappar_22082024-000000-1_EN-OL-RC-331_1,4,how,how,c,8.04,8.4,HH AW,c,0,* HH AW *,HH AW,401,420,19,-0.0016720556886866689,-0.004422668367624283,-0.00023277201398741454,-0.5079354643821716,-3.5713090896606445,-0.18796363472938538,1.9445138605078682e-05,0.037122540175914764,0.001953817903995514,0.5706717371940613,19.098796844482422,1.0051997900009155,0.9993215799331665,18.998207092285156,0.9999056458473206,0.6733824610710144,15.82576847076416,0.8329351544380188,0.0039979941211640835,1.4816666841506958,0.07798245549201965,0.8919286727905273,18.157175064086914,0.9556407928466797,0.09062004089355469,7.6955366134643555,0.40502825379371643,0.6413319110870361,15.447915077209473,0.8130481839179993,0.2366987019777298,9.305533409118652,0.489764928817749,0.0,0.0,2,2
lk_4-a-3_kv_kv-dappar_22082024-000000-1_EN-OL-RC-331_1,4,long,long,c,8.4,8.91,L AO NG,c,0,* L AO NG * DH,L AO NG DH,420,446,26,-0.19629167020320892,-0.30042901635169983,-0.011554962024092674,-0.7818015217781067,-6.07926607131958,-0.233817920088768,2.3556774976896122e-05,0.8544028401374817,0.03286164626479149,0.6455495953559875,27.899818420410156,1.0730699300765991,0.9222615361213684,25.880441665649414,0.9954016208648682,0.5817553997039795,21.41659164428711,0.823715090751648,0.0008493017521686852,2.029102325439453,0.0780423954129219,0.8358782529830933,24.681669235229492,0.9492949843406677,0.026085326448082924,9.972281455993652,0.3835492730140686,0.5411111116409302,20.749067306518555,0.798041045665741,0.15418820083141327,12.263999938964844,0.47169229388237,4.779781386037812,1.0,3,4
lk_4-a-3_kv_kv-dappar_22082024-000000-1_EN-OL-RC-331_1,4,they,they,c,8.91,9.42,DH EY,c,0,DH EY * L IH V * SIL,DH EY L IH V,445,471,26,-0.2157120704650879,-0.3351624011993408,-0.012890861369669437,-0.9239926934242249,-8.826351165771484,-0.33947503566741943,9.043516183737665e-05,1.08772873878479,0.0418357215821743,0.8336179256439209,36.173709869384766,1.3912965059280396,0.9147757291793823,25.866535186767578,0.9948667287826538,0.5617575645446777,20.2336368560791,0.7782167792320251,0.0006056493730284274,1.1226650476455688,0.04317942634224892,0.8130335807800293,24.153518676757812,0.9289814829826355,0.015702513977885246,7.221637725830078,0.2777552902698517,0.5073106288909912,19.336429595947266,0.7437088489532471,0.13277433812618256,10.027008056640625,0.38565415143966675,17.31676102230361,3.0,2,5
lk_4-a-3_kv_kv-dappar_22082024-000000-1_EN-OL-RC-331_1,4,live,<eps>,d,,,L AY V,c,0,,,,,,,,,,,,,,,,,,,,,,,,,,,,,,,,,,,,,,,,,,
lk_4-a-3_kv_kv-dappar_22082024-000000-1_EN-OL-RC-331_1,4,they,they,c,9.84,10.02,DH EY,c,0,DH EY,DH EY,492,501,9,-0.0012004425516352057,-0.0013995293993502855,-0.0001555032649775967,-0.482662558555603,-1.8026132583618164,-0.20029036700725555,3.484843182377517e-05,0.01338161900639534,0.0014868465950712562,0.6817909479141235,9.4026517868042,1.0447391271591187,0.9995129704475403,8.999431610107422,0.9999368190765381,0.6969417333602905,7.451694965362549,0.8279660940170288,0.005954218562692404,0.7064224481582642,0.07849138230085373,0.8995593786239624,8.579111099243164,0.9532345533370972,0.10736247897148132,3.5750293731689453,0.3972254991531372,0.6575120091438293,7.265384674072266,0.8072649836540222,0.2532455325126648,4.347270965576172,0.4830301105976105,0.0,0.0,2,2
lk_4-a-3_kv_kv-dappar_22082024-000000-1_EN-OL-RC-331_1,4,found,found,c,10.02,10.53,F AW N D,c,0,* F AW N D *,F AW N D,500,527,27,-0.6038027405738831,-0.7783912420272827,-0.0288293045014143,-0.7940890192985535,-6.829791069030762,-0.25295522809028625,1.63906497618882e-05,1.2567161321640015,0.04654504358768463,0.5525383353233337,30.026473999023438,1.1120916604995728,0.7725555896759033,26.702829360961914,0.9889937043190002,0.6586657762527466,22.13729476928711,0.8198997974395752,0.0031173464376479387,1.881629467010498,0.06968998163938522,0.878721296787262,25.58650779724121,0.9476484656333923,0.06757517904043198,9.772902488708496,0.3619593381881714,0.6149895787239075,21.350677490234375,0.7907658219337463,0.2118588089942932,12.306514739990234,0.45579683780670166,0.0,0.0,4,4
lk_4-a-3_kv_kv-dappar_22082024-000000-1_EN-OL-RC-331_1,4,out,out,c,10.56,11.01,AW T,c,0,AW T * SIL,AW T,528,551,23,-0.657677412033081,-0.6754541993141174,-0.02936757355928421,-0.9429783821105957,-5.22534704208374,-0.22718900442123413,2.866126669687219e-05,0.8078629970550537,0.03512447699904442,0.6386410593986511,24.426546096801758,1.0620237588882446,0.7538809776306152,22.746679306030273,0.988986074924469,0.6704556345939636,18.97352409362793,0.8249358534812927,0.0038049749564379454,1.621147632598877,0.07048468291759491,0.8780131340026855,21.873403549194336,0.9510175585746765,0.06652024388313293,8.775879859924316,0.38155999779701233,0.6136318445205688,18.412437438964844,0.8005407452583313,0.21064512431621552,10.825764656066895,0.4706854224205017,0.0,0.0,2,2
lk_4-a-3_kv_kv-dappar_22082024-000000-1_EN-OL-RC-331_1,4,that,that,c,11.55,12.03,DH AE T,c,0,DH AE T * SIL,DH AE T,577,602,25,-0.2721838355064392,-0.285420298576355,-0.011416811496019363,-0.8082501292228699,-5.4173455238342285,-0.21669381856918335,2.5717099561006762e-05,0.6584360599517822,0.02633744291961193,0.6343837976455688,25.60953140258789,1.0243812799453735,0.8932134509086609,24.88784408569336,0.9955137372016907,0.7032773494720459,20.81887435913086,0.8327549695968628,0.00662741344422102,2.1221842765808105,0.08488737046718597,0.8760542273521423,23.82023811340332,0.9528095126152039,0.06368730217218399,10.021219253540039,0.40084877610206604,0.6099035739898682,20.17976188659668,0.807190477848053,0.20734477043151855,12.145133972167969,0.48580536246299744,0.0,0.0,3,3
lk_4-a-3_kv_kv-dappar_22082024-000000-1_EN-OL-RC-331_1,4,some,some,c,12.09,12.75,S AH M,c,0,S AH M * SIL *,S AH M,604,638,34,-0.10528159886598587,-0.21492816507816315,-0.006321416702121496,-0.7159785032272339,-7.115777969360352,-0.2092875838279724,2.3825126845622435e-05,0.8306347727775574,0.02443043515086174,0.5980677008628845,33.808921813964844,0.9943800568580627,0.9578307271003723,33.913604736328125,0.9974589347839355,0.6825189590454102,28.46909523010254,0.8373263478279114,0.004665803629904985,2.9695327281951904,0.08733920007944107,0.8735864162445068,32.44652557373047,0.9543095827102661,0.060289327055215836,13.899747848510742,0.4088160991668701,0.6052627563476562,27.58566665649414,0.8113431334495544,0.2033017873764038,16.734806060791016,0.49220016598701477,0.0,0.0,3,3
lk_4-a-3_kv_kv-dappar_22082024-000000-1_EN-OL-RC-331_1,4,houseflies,houseflies,c,12.96,13.74,HH AW S F L IY Z,s,1,HH AW S W AY V * SIL,HH AW S W AY V,648,687,39,-1.1317493915557861,-1.48732328414917,-0.03813649341464043,-1.937852144241333,-15.34712028503418,-0.3935159146785736,2.6985493605025113e-05,2.7744038105010986,0.07113856077194214,0.6262795329093933,59.720001220703125,1.5312820672988892,0.5999582409858704,38.45804977416992,0.9861038327217102,0.39967721700668335,29.41477394104004,0.754224956035614,3.905632911482826e-05,1.1980465650558472,0.03071914240717888,0.6254960298538208,35.771915435791016,0.9172285795211792,0.00024345939164049923,9.303958892822266,0.23856304585933685,0.31057208776474,28.0479679107666,0.7191786766052246,0.0507560670375824,13.764999389648438,0.35294869542121887,26.05655340883232,4.0,7,6
lk_4-a-3_kv_kv-dappar_22082024-000000-1_EN-OL-RC-331_1,4,lived,lived,c,14.19,14.67,L AY V D,s,1,L IH V * SIL *,L IH V,709,734,25,-0.2632821202278137,-0.41402989625930786,-0.016561195254325867,-0.8930184841156006,-7.095958709716797,-0.2838383615016937,4.240880662109703e-05,1.1299701929092407,0.04519880935549736,0.7984485030174255,30.93185806274414,1.2372742891311646,0.8965921998023987,24.835973739624023,0.9934389591217041,0.5859042406082153,20.029186248779297,0.8011674284934998,0.0009110160171985626,1.3122673034667969,0.05249069258570671,0.8261264562606812,23.505342483520508,0.940213680267334,0.02100398577749729,7.982265472412109,0.3192906081676483,0.5262794494628906,19.253984451293945,0.7701593637466431,0.144449844956398,10.531928062438965,0.42127713561058044,6.359845171261206,2.0,4,3
lk_4-a-3_kv_kv-dappar_22082024-000000-1_EN-OL-RC-331_1,4,for,for,c,14.7,15.03,F AO R,s,1,F OW R *,F OW R,735,752,17,-0.8059634566307068,-1.2216110229492188,-0.07185947149991989,-1.4849821329116821,-6.670437812805176,-0.39237868785858154,0.0001003258948912844,1.8649500608444214,0.1097029447555542,0.9008328318595886,23.956958770751953,1.4092328548431396,0.7037605047225952,16.542213439941406,0.9730713963508606,0.5216362476348877,13.138370513916016,0.7728453278541565,0.00030732888262718916,0.7164911031723022,0.042146533727645874,0.745301365852356,15.675581932067871,0.9220930337905884,0.003486775793135166,4.691359519958496,0.27596232295036316,0.4229108691215515,12.481319427490234,0.7341952323913574,0.08997596055269241,6.4637837409973145,0.3802225589752197,2.9381690051141307,1.0,3,3
lk_4-a-3_kv_kv-dappar_22082024-000000-1_EN-OL-RC-331_1,4,as,as,c,15.06,15.42,AE Z,c,0,AE Z *,AE Z,753,771,18,-0.013728246092796326,-0.025244221091270447,-0.0014024567790329456,-0.510988712310791,-4.391600608825684,-0.24397781491279602,4.392927075969055e-05,0.1586393117904663,0.008813295513391495,0.7149888873100281,20.963144302368164,1.1646190881729126,0.9944381713867188,17.989765167236328,0.9994313716888428,0.668091893196106,14.632223129272461,0.8129012584686279,0.0036559158470481634,1.1389917135238647,0.06327731907367706,0.8902831077575684,17.03267478942871,0.9462597370147705,0.08736677467823029,6.286816596984863,0.3492676019668579,0.6379390954971313,14.146085739135742,0.7858936786651611,0.23335707187652588,8.025985717773438,0.44588810205459595,0.0,0.0,2,2
lk_4-a-3_kv_kv-dappar_22082024-000000-1_EN-OL-RC-331_1,4,long,long,c,15.42,15.9,L AO NG,c,0,L AO NG * SIL *,L AO NG,771,795,24,-0.29081207513809204,-0.352464497089386,-0.014686021022498608,-0.8978425860404968,-6.605916500091553,-0.2752465307712555,3.725009810295887e-05,0.9550877809524536,0.039795324206352234,0.6650748252868652,29.19005012512207,1.216252088546753,0.8861672878265381,23.86126708984375,0.9942194819450378,0.5984265804290771,19.303890228271484,0.8043287396430969,0.0011258337181061506,1.4334299564361572,0.05972624942660332,0.8378095626831055,22.592557907104492,0.9413565993309021,0.02722897380590439,7.980786323547363,0.33253276348114014,0.544124960899353,18.59054183959961,0.774605929851532,0.15623553097248077,10.3553466796875,0.4314727783203125,0.0,0.0,3,3
lk_4-a-3_kv_kv-dappar_22082024-000000-1_EN-OL-RC-331_1,4,as,as,c,15.93,16.35,AE Z,c,0,AE Z *,AE Z,796,818,22,-0.1654934585094452,-0.24712465703487396,-0.01123293861746788,-0.9066010117530823,-7.091400146484375,-0.3223363757133484,0.00011486474249977618,0.8671939969062805,0.03941790759563446,0.9130616784095764,29.794740676879883,1.3543063402175903,0.9342077970504761,21.90118408203125,0.9955083727836609,0.568353533744812,17.292438507080078,0.7860199213027954,0.0006771031767129898,0.9057224988937378,0.04116920381784439,0.8156256675720215,20.51772689819336,0.9326239228248596,0.016633352264761925,6.203469276428223,0.2819758653640747,0.5109847784042358,16.50835609436035,0.7503798007965088,0.13497014343738556,8.595852851867676,0.39072057604789734,0.0,0.0,2,2
lk_4-a-3_kv_kv-dappar_22082024-000000-1_EN-OL-RC-331_1,4,seventy,seventy,c,16.35,16.8,S EH V AH N T IY,s,1,S EY V AH N T IY,S EY V AH N T IY,817,840,23,-0.36086276173591614,-0.7958672642707825,-0.034602925181388855,-0.9866780042648315,-6.7580060958862305,-0.2938263416290283,2.1300604203133844e-05,1.7877941131591797,0.07773017883300781,0.6108725070953369,26.814128875732422,1.1658316850662231,0.8599620461463928,22.687379837036133,0.9864078164100647,0.6023715138435364,18.605331420898438,0.8089274764060974,0.0012034851824864745,1.7598016262054443,0.07651311159133911,0.8360592722892761,21.61634635925293,0.9398411512374878,0.02619045041501522,8.325881958007812,0.3619948625564575,0.5413925051689148,17.898746490478516,0.7782063484191895,0.15437835454940796,10.369762420654297,0.4508592486381531,1.9619857293066822,1.0,7,7
lk_4-a-3_kv_kv-dappar_22082024-000000-1_EN-OL-RC-331_1,4,three,three,c,16.8,17.16,TH R IY,s,1,TH R IY *,TH R IY,840,858,18,-0.004343451466411352,-0.020002786070108414,-0.0011112658539786935,-0.47461313009262085,-4.258001327514648,-0.23655563592910767,4.236189852235839e-05,0.13913658261299133,0.007729810196906328,0.697336733341217,20.513973236083984,1.139665126800537,0.998238205909729,17.991886138916016,0.9995492100715637,0.6952431201934814,14.744986534118652,0.8191659450531006,0.0057856617495417595,1.1370068788528442,0.06316705048084259,0.9000949263572693,17.07389259338379,0.9485495686531067,0.10864769667387009,6.302235126495361,0.35012418031692505,0.6586764454841614,14.221487045288086,0.7900826334953308,0.2544763386249542,8.059789657592773,0.44776609539985657,0.0,0.0,3,3
lk_4-a-3_kv_kv-dappar_22082024-000000-1_EN-OL-RC-331_1,4,days,days,c,17.16,17.58,D EY Z,s,1,* D EY Z * SIL,D EY Z,858,879,21,-0.028663618490099907,-0.04547588899731636,-0.002165518468245864,-0.5450170636177063,-4.783740520477295,-0.22779716551303864,3.17062804242596e-05,0.2453116923570633,0.01168150920420885,0.6512685418128967,23.006187438964844,1.095532774925232,0.9884089231491089,20.981592178344727,0.9991234540939331,0.6920632123947144,17.288475036621094,0.8232607245445251,0.005482831969857216,1.5069620609283447,0.07176009565591812,0.891481876373291,19.94858169555664,0.9499324560165405,0.08972496539354324,7.79835844039917,0.37135040760040283,0.6404074430465698,16.727046966552734,0.7965260744094849,0.2357838749885559,9.73128604888916,0.4633945822715759,0.0,0.0,3,3
lk_4-a-3_kv_kv-dappar_22082024-000000-1_EN-OL-RC-331_1,4,the,the,c,17.76,18.03,DH AH,c,0,DH AH *,DH AH,888,902,14,-0.0024534137919545174,-0.004930021241307259,-0.0003521443868521601,-0.33056050539016724,-2.7435193061828613,-0.19596566259860992,6.150060653453693e-05,0.039347849786281586,0.0028105606324970722,0.6888890266418457,14.426027297973633,1.030430555343628,0.999004602432251,13.998001098632812,0.9998572468757629,0.7465343475341797,11.672351837158203,0.8337393999099731,0.013770682737231255,0.9830442070960999,0.07021744549274445,0.9259929656982422,13.375272750854492,0.9553766250610352,0.19315646588802338,5.40160608291626,0.38582900166511536,0.7202031016349792,11.325971603393555,0.8089979887008667,0.32797348499298096,6.6630449295043945,0.4759317934513092,0.0,0.0,2,2
lk_4-a-3_kv_kv-dappar_22082024-000000-1_EN-OL-RC-331_1,4,animal,animal,c,18.03,18.75,AE N AH M AH L,c,0,* AE N IH M AH L * SIL *,AE N IH M AH L,901,938,37,-0.07984817028045654,-0.10890347510576248,-0.002943337196484208,-0.6950172185897827,-7.92674446105957,-0.2142363339662552,2.3201431758934632e-05,0.5112916231155396,0.013818692415952682,0.6128260493278503,38.73025894165039,1.0467637777328491,0.9679163694381714,36.956138610839844,0.998814582824707,0.7169831991195679,30.682811737060547,0.8292651772499084,0.008355618454515934,2.9517626762390137,0.07977736741304398,0.8877910375595093,35.23523712158203,0.9523037075996399,0.082660973072052,14.474590301513672,0.3912051320075989,0.6328630447387695,29.76374053955078,0.8044254183769226,0.22843798995018005,17.716081619262695,0.4788130223751068,2.8059285653833057,1.0,6,6
lk_4-a-3_kv_kv-dappar_22082024-000000-1_EN-OL-RC-331_1,4,that,that,c,19.86,20.19,DH AE T,c,0,DH AE T *,DH AE T,993,1010,17,-0.0015700857620686293,-0.0034223850816488266,-0.0002013167686527595,-0.42242881655693054,-3.046915054321289,-0.17923030257225037,2.1180876501603052e-05,0.029796063899993896,0.0017527096206322312,0.554112434387207,16.2635498046875,0.9566794037818909,0.9993628859519958,16.998611450195312,0.9999183416366577,0.7155042886734009,14.311322212219238,0.8418424725532532,0.008149287663400173,1.5401136875152588,0.09059492498636246,0.9122664928436279,16.28701400756836,0.9580596685409546,0.1423845887184143,7.241716384887695,0.4259833097457886,0.686245322227478,13.959722518920898,0.8211601376533508,0.2852793037891388,8.60323429107666,0.5060725808143616,0.0,0.0,3,3
lk_4-a-3_kv_kv-dappar_22082024-000000-1_EN-OL-RC-331_1,4,lives,lives,c,20.25,20.61,L IH V Z,s,1,L IH V * SIL,L IH V,1012,1031,19,-0.06543416529893875,-0.06911249458789825,-0.0036374996416270733,-0.9309771656990051,-5.086694717407227,-0.2677207887172699,7.255016680574045e-05,0.29558300971984863,0.015557000413537025,0.7577181458473206,23.927209854125977,1.2593268156051636,0.9736607074737549,18.972169876098633,0.9985352754592896,0.5641527771949768,15.148321151733398,0.7972800731658936,0.0006306797149591148,0.921141505241394,0.048481132835149765,0.8127114176750183,17.868633270263672,0.940454363822937,0.015590512193739414,5.996890544891357,0.3156258165836334,0.5068565607070923,14.636728286743164,0.7703540921211243,0.1325051486492157,7.956860065460205,0.418782114982605,2.856736723063702,1.0,4,3
lk_4-a-3_kv_kv-dappar_22082024-000000-1_EN-OL-RC-331_1,4,the,the,c,21.06,21.3,DH AH,c,0,DH AH,DH AH,1053,1065,12,-0.08757305145263672,-0.09525995701551437,-0.007938330061733723,-0.5258042812347412,-2.6555027961730957,-0.2212918996810913,6.37382036074996e-05,0.34067103266716003,0.028389252722263336,0.6402575969696045,12.51573657989502,1.042978048324585,0.9648463129997253,11.961727142333984,0.9968106150627136,0.7552646398544312,9.992822647094727,0.8327352404594421,0.015960872173309326,0.909524142742157,0.07579367607831955,0.9205567240715027,11.434470176696777,0.9528725147247314,0.17118078470230103,4.572267055511475,0.38102224469184875,0.70635586977005,9.641782760620117,0.8034818768501282,0.3098910450935364,5.664656162261963,0.47205469012260437,0.0,0.0,2,2
lk_4-a-3_kv_kv-dappar_22082024-000000-1_EN-OL-RC-331_1,4,longest,longest,c,21.3,22.11,L AO NG G AH S T,c,0,* L AO NG G EH S T *,L AO NG G EH S T,1065,1106,41,-0.6717701554298401,-0.8016263246536255,-0.01955186203122139,-0.9667140245437622,-8.648966789245605,-0.21095040440559387,1.743528264341876e-05,1.212462067604065,0.029572244733572006,0.5529168248176575,40.2342414855957,0.9813229441642761,0.7490373849868774,40.696807861328125,0.9926050901412964,0.6595501899719238,34.29297637939453,0.8364140391349792,0.0031643116381019354,3.8972206115722656,0.09505416452884674,0.8672528266906738,39.11368942260742,0.9539924263954163,0.05237548053264618,17.3539981842041,0.42326825857162476,0.5936278104782104,33.35687255859375,0.8135822415351868,0.193476140499115,20.592376708984375,0.5022531151771545,3.069714006777209,1.0,7,7
lk_4-a-3_kv_kv-dappar_22082024-000000-1_EN-OL-RC-331_1,4,is,in,s,22.17,22.56,IH Z,s,1,IH N *,IH N,1108,1128,20,-0.00821877084672451,-0.013479774817824364,-0.0006739887176081538,-0.3945896029472351,-3.5265069007873535,-0.17632535099983215,1.5258883649948984e-05,0.08964505046606064,0.004482252523303032,0.5867226123809814,18.568721771240234,0.9284361004829407,0.9966679215431213,19.99453353881836,0.9997266530990601,0.7178683280944824,16.91368293762207,0.8456841707229614,0.008481592871248722,1.9197075366973877,0.09598537534475327,0.9136538505554199,19.182527542114258,0.959126353263855,0.1468418389558792,8.715112686157227,0.4357556402683258,0.6895309686660767,16.496177673339844,0.8248088955879211,0.2891719937324524,10.279677391052246,0.5139838457107544,5.73583507890633,1.0,2,2
lk_4-a-3_kv_kv-dappar_22082024-000000-1_EN-OL-RC-331_1,4,the,the,c,22.56,22.86,DH AH,c,0,DH AH * SIL *,DH AH,1128,1143,15,-0.032619260251522064,-0.04496268555521965,-0.002997512463480234,-0.5404171347618103,-3.9444830417633057,-0.26296553015708923,0.00013795026461593807,0.22857637703418732,0.015238424763083458,0.7313876152038574,18.47536849975586,1.2316912412643433,0.9868158102035522,14.98180866241455,0.9987872242927551,0.7112683057785034,12.08552074432373,0.8057013750076294,0.007586072199046612,0.7677179574966431,0.05118119716644287,0.9021171927452087,14.153347969055176,0.943556547164917,0.11364050209522247,4.7256550788879395,0.3150436580181122,0.6631083488464355,11.619818687438965,0.7746545672416687,0.2592115104198456,6.30967903137207,0.42064526677131653,0.0,0.0,2,2
lk_4-a-3_kv_kv-dappar_22082024-000000-1_EN-OL-RC-331_1,4,tortoise,tortoise,c,22.92,23.61,T AO R T AH S,s,1,T UH R IH S T * SIL,T UH R IH S T,1146,1181,35,-0.028549475595355034,-0.09948654472827911,-0.0028424726333469152,-0.735024094581604,-9.597986221313477,-0.27422818541526794,7.994425686774775e-05,0.566264808177948,0.016178995370864868,0.7963454127311707,43.49561309814453,1.2427318096160889,0.9884549975395203,34.959712982177734,0.9988489151000977,0.6349546909332275,28.094005584716797,0.8026858568191528,0.002087787026539445,1.8380814790725708,0.05251661315560341,0.85564124584198,32.937034606933594,0.9410581588745117,0.04046584293246269,11.187254905700684,0.31963586807250977,0.5732572078704834,27.0024471282959,0.7714985013008118,0.17729271948337555,14.7643404006958,0.42183828353881836,18.66247739592543,4.0,6,6
lk_4-a-3_kv_kv-dappar_22082024-000000-1_EN-OL-RC-331_1,4,some,some,c,23.85,24.39,S AH M,c,0,S AH M *,S AH M,1192,1220,28,-0.5091271996498108,-0.5128964185714722,-0.018317729234695435,-0.7875610589981079,-5.108397483825684,-0.182442769408226,3.090050086029805e-05,0.7068585157394409,0.025244947522878647,0.6233482360839844,25.564001083374023,0.9130000472068787,0.8059887290000916,27.804462432861328,0.9930165410041809,0.7372574210166931,23.75271987915039,0.8483114242553711,0.011771725490689278,2.6334261894226074,0.09405093640089035,0.903257429599762,26.868505477905273,0.9595894813537598,0.1165560707449913,12.228809356689453,0.43674319982528687,0.6656323671340942,23.124971389770508,0.8258918523788452,0.2619442343711853,14.404326438903809,0.5144402384757996,0.0,0.0,3,3
lk_4-a-3_kv_kv-dappar_22082024-000000-1_EN-OL-RC-331_1,4,kinds,kinds,c,24.39,25.14,K AY N D Z,c,0,* K AY N D * SIL *,K AY N D,1219,1257,38,-0.659605860710144,-2.2124195098876953,-0.058221567422151566,-1.1020443439483643,-11.542723655700684,-0.30375587940216064,1.564247941132635e-05,4.008688926696777,0.10549181699752808,0.595467746257782,43.1676139831543,1.135989785194397,0.7532171607017517,37.149993896484375,0.9776313900947571,0.6141700744628906,30.94476318359375,0.8143358826637268,0.0014691733522340655,2.94714617729187,0.07755647599697113,0.8250104188919067,35.74969482421875,0.9407814145088196,0.020489569753408432,13.849987030029297,0.3644733428955078,0.5246216058731079,29.65043830871582,0.7802746891975403,0.14339525997638702,17.228137969970703,0.453372061252594,2.856736723063702,1.0,5,4
lk_4-a-3_kv_kv-dappar_22082024-000000-1_EN-OL-RC-331_1,4,of,of,c,25.35,25.74,AH V,c,0,AO F * SIL *,AO F,1267,1287,20,-0.2850375473499298,-0.5712915062904358,-0.02856457605957985,-0.821110725402832,-5.401891708374023,-0.2700945734977722,2.551661600591615e-05,1.3789108991622925,0.06894554197788239,0.6246833205223083,22.596651077270508,1.1298325061798096,0.888347864151001,19.774173736572266,0.9887086749076843,0.6772711277008057,16.310644149780273,0.8155322074890137,0.004269673954695463,1.4774551391601562,0.07387275993824005,0.8692017793655396,18.88680648803711,0.9443403482437134,0.05469326674938202,7.287246227264404,0.36436229944229126,0.5971670150756836,15.714115142822266,0.7857057452201843,0.19641874730587006,9.105656623840332,0.4552828371524811,4.411563432609308,2.0,2,2
lk_4-a-3_kv_kv-dappar_22082024-000000-1_EN-OL-RC-331_1,4,tortoises,tortoises,c,26.01,26.43,T AO R T AH S AH Z,s,1,R IH S T * SIL,R IH S T,1300,1322,22,-0.18461811542510986,-0.3096279799938202,-0.014073998667299747,-0.7401094436645508,-6.85796594619751,-0.3117257356643677,3.522524639265612e-05,1.0491018295288086,0.04768644645810127,0.6996757984161377,28.422969818115234,1.291953206062317,0.9267787933349609,21.87624740600586,0.9943748712539673,0.665725827217102,17.521556854248047,0.7964344024658203,0.00351255526766181,1.2076530456542969,0.05489331856369972,0.8631174564361572,20.59933090209961,0.9363332390785217,0.047777820378541946,6.681374549865723,0.3036988377571106,0.586235761642456,16.719791412353516,0.7599905133247375,0.18745703995227814,8.995002746582031,0.40886375308036804,24.852450392647633,6.0,8,4
lk_4-a-3_kv_kv-dappar_22082024-000000-1_EN-OL-RC-331_1,4,have,have,c,26.85,27.27,HH AE V,c,0,HH AE V *,HH AE V,1342,1364,22,-0.16834646463394165,-0.17602388560771942,-0.008001085370779037,-1.0253506898880005,-5.023074150085449,-0.22832155227661133,1.7904834749060683e-05,0.5064848065376282,0.023022036999464035,0.5959844589233398,23.760622024536133,1.0800282955169678,0.9330973625183105,21.929981231689453,0.9968173503875732,0.5421107411384583,18.05724334716797,0.820783793926239,0.00043446378549560905,1.6300783157348633,0.07409446686506271,0.798088788986206,20.86530876159668,0.9484231472015381,0.011265932582318783,8.491716384887695,0.3859871029853821,0.4868505597114563,17.554000854492188,0.797909140586853,0.12109623104333878,10.386018753051758,0.47209176421165466,0.0,0.0,3,3
lk_4-a-3_kv_kv-dappar_22082024-000000-1_EN-OL-RC-331_1,4,lived,lived,c,27.3,27.84,L AY V D,c,0,L IH W D * SIL *,L IH W D,1365,1392,27,-0.561282217502594,-0.5967319011688232,-0.022101180627942085,-1.189940333366394,-7.481156349182129,-0.27707985043525696,3.370008198544383e-05,0.9396002292633057,0.034800007939338684,0.645759642124176,33.00294494628906,1.2223312854766846,0.787473201751709,26.773101806640625,0.9915963411331177,0.5567269921302795,21.707611083984375,0.803985595703125,0.000556265062186867,1.4969772100448608,0.055443599820137024,0.7961476445198059,25.41744613647461,0.941386878490448,0.01079039927572012,8.817300796508789,0.3265666961669922,0.48427921533584595,20.898544311523438,0.7740201354026794,0.11969219893217087,11.530893325805664,0.42707011103630066,3.2415940930000495,2.0,4,4
lk_4-a-3_kv_kv-dappar_22082024-000000-1_EN-OL-RC-331_1,4,for,for,c,28.08,28.5,F AO R,c,0,F AO R * SIL,F AO R,1403,1425,22,-0.34053468704223633,-0.5557289719581604,-0.025260407477617264,-0.9811879396438599,-5.175488471984863,-0.23524947464466095,3.305377686046995e-05,1.2263288497924805,0.05574221909046173,0.6409316062927246,22.82256507873535,1.0373892784118652,0.8675193190574646,21.782363891601562,0.9901074767112732,0.6664015054702759,18.27375602722168,0.8306252956390381,0.0035529134329408407,1.7342430353164673,0.07882922887802124,0.8438376188278198,20.917858123779297,0.9508117437362671,0.031131209805607796,8.590935707092285,0.390497088432312,0.5537030696868896,17.645315170288086,0.8020597696304321,0.16290128231048584,10.494709014892578,0.47703221440315247,0.0,0.0,3,3
lk_4-a-3_kv_kv-dappar_22082024-000000-1_EN-OL-RC-331_1,4,a,a,c,28.53,28.86,AH,c,0,AH SIL *,AH,1426,1443,17,-0.17036044597625732,-0.2607123851776123,-0.015336022712290287,-0.7843465209007263,-5.661112308502197,-0.3330066204071045,0.00014040176756680012,0.8143773674964905,0.04790455102920532,0.7400763630867004,23.896377563476562,1.4056692123413086,0.932313859462738,16.895938873291016,0.9938787817955017,0.6962670087814331,13.325222969055176,0.7838366627693176,0.005886687897145748,0.587784469127655,0.034575555473566055,0.8704014420509338,15.855709075927734,0.9326887726783752,0.05617058277130127,4.267775535583496,0.2510456144809723,0.5993633270263672,12.637694358825684,0.7433937788009644,0.19826506078243256,6.302072048187256,0.3707101345062256,0.0,0.0,1,1
lk_4-a-3_kv_kv-dappar_22082024-000000-1_EN-OL-RC-331_1,4,hundred,hundred,c,28.98,29.55,HH AH N D R AH D,c,0,HH AH N D R EH D * SIL *,HH AH N D R EH D,1449,1478,29,-0.18964198231697083,-0.5166407227516174,-0.01781519688665867,-0.835089921951294,-9.802349090576172,-0.33801203966140747,3.170485797454603e-05,1.9180409908294678,0.0661393478512764,0.6451822519302368,38.2337646484375,1.3184056282043457,0.9248331189155579,28.79305076599121,0.9928638339042664,0.6364525556564331,22.963211059570312,0.7918348908424377,0.0021413322538137436,1.5753989219665527,0.05432410165667534,0.8511178493499756,27.04214096069336,0.9324876070022583,0.03659675270318985,8.588323593139648,0.2961490750312805,0.5656332969665527,21.812458038330078,0.752153754234314,0.17155322432518005,11.627906799316406,0.40096229314804077,3.069714006777209,1.0,7,7
lk_4-a-3_kv_kv-dappar_22082024-000000-1_EN-OL-RC-331_1,4,and,and,c,29.61,30.0,AH N D,c,0,AE N D *,AE N D,1480,1500,20,-0.02020445093512535,-0.0394124872982502,-0.001970624318346381,-0.5230560302734375,-4.754599094390869,-0.23772995173931122,1.6585141565883532e-05,0.2288985550403595,0.011444928124547005,0.5460343360900879,22.62140464782715,1.1310702562332153,0.9918210506439209,19.98402976989746,0.9992014765739441,0.7165560722351074,16.363710403442383,0.8181855082511902,0.008295489475131035,1.4520646333694458,0.07260323315858841,0.9009057283401489,18.960206985473633,0.9480103254318237,0.11062252521514893,7.223238468170166,0.3611619174480438,0.6604465246200562,15.821515083312988,0.7910757660865784,0.25635793805122375,9.12142562866211,0.45607128739356995,2.95656721210025,1.0,3,3
lk_4-a-3_kv_kv-dappar_22082024-000000-1_EN-OL-RC-331_1,4,fifty,fifty,c,30.03,30.42,F IH F T IY,c,0,F IH F T IY,F IH F T IY,1501,1521,20,-0.0008161417208611965,-0.0027433300856500864,-0.00013716649846173823,-0.4755494296550751,-4.426989555358887,-0.22134947776794434,2.8482148991315626e-05,0.027813903987407684,0.0013906952226534486,0.6792333722114563,22.78540802001953,1.1392704248428345,0.9996687173843384,19.99888801574707,0.9999443888664246,0.6841542720794678,16.308229446411133,0.8154114484786987,0.004796599969267845,1.2551414966583252,0.06275707483291626,0.8978073000907898,18.98185920715332,0.9490929841995239,0.10326359421014786,7.154849529266357,0.3577424883842468,0.6537299752235413,15.849992752075195,0.7924996614456177,0.24928544461727142,9.065550804138184,0.4532775282859802,0.0,0.0,5,5
lk_4-a-3_kv_kv-dappar_22082024-000000-1_EN-OL-RC-331_1,4,two,two,c,30.42,30.75,T UW,c,0,T UW * SIL *,T UW,1521,1538,17,-0.40492886304855347,-0.6187598705291748,-0.03639763966202736,-0.8632115125656128,-5.585386753082275,-0.32855215668678284,3.290728636784479e-05,1.2900631427764893,0.075886070728302,0.6599200367927551,22.33588981628418,1.3138759136199951,0.8437110781669617,16.75848388671875,0.9857931733131409,0.6203798651695251,13.434778213500977,0.7902810573577881,0.0016318089328706264,0.9313422441482544,0.05478483811020851,0.8428834676742554,15.877233505249023,0.9339548945426941,0.030478177592158318,5.089362621307373,0.2993742823600769,0.5521692633628845,12.841079711914062,0.7553576231002808,0.16181735694408417,6.875978469848633,0.4044693112373352,0.0,0.0,2,2
lk_4-a-3_kv_kv-dappar_22082024-000000-1_EN-OL-RC-331_1,4,years,years,c,30.75,31.11,Y IH R Z,c,0,* Y IY AH R S * SIL,Y IY AH R S,1537,1556,19,-0.631767988204956,-1.5281457901000977,-0.08042872697114944,-1.2060987949371338,-9.384516716003418,-0.4939219355583191,0.0003245947591494769,2.969097375869751,0.15626828372478485,1.1869959831237793,32.193023681640625,1.6943696737289429,0.7628306150436401,18.4124813079834,0.9690779447555542,0.5715355277061462,13.925741195678711,0.732933759689331,0.0007145286072045565,0.34918755292892456,0.01837829314172268,0.7853766679763794,17.1850643157959,0.904477059841156,0.008493929170072079,3.3946688175201416,0.17866678535938263,0.47034603357315063,13.002593040466309,0.6843469738960266,0.11232012510299683,5.765240669250488,0.30343371629714966,10.836583977985944,3.0,4,5
lk_4-a-3_kv_kv-dappar_22082024-000000-1_EN-OL-RC-331_1,4,most,most,c,31.53,31.98,M OW S T,c,0,M OW S T *,M OW S T,1576,1599,23,-0.05825357139110565,-0.11690808832645416,-0.005082960240542889,-0.4948873519897461,-5.0183820724487305,-0.2181905210018158,1.9775245164055377e-05,0.48260802030563354,0.020982956513762474,0.6297505497932434,23.871410369873047,1.037887454032898,0.976530134677887,22.95284080505371,0.9979496002197266,0.6831060647964478,19.11241912841797,0.8309747576713562,0.004712346475571394,1.9066672325134277,0.0828985720872879,0.8953037858009338,21.905818939208984,0.9524269104003906,0.09767662733793259,9.046876907348633,0.3933424651622772,0.6483959555625916,18.514636993408203,0.8049842119216919,0.2437969446182251,11.054649353027344,0.48063692450523376,0.0,0.0,4,4
lk_4-a-3_kv_kv-dappar_22082024-000000-1_EN-OL-RC-331_1,4,animals,animals,c,31.98,32.76,AE N AH M AH L Z,c,0,AE N IH M AH L Z *,AE N IH M AH L Z,1599,1638,39,-0.07274580001831055,-0.1131540983915329,-0.002901387168094516,-0.6335244178771973,-7.864047050476074,-0.2016422301530838,1.8471757357474416e-05,0.49714505672454834,0.012747309170663357,0.5849467515945435,39.144752502441406,1.0037115812301636,0.9707443118095398,38.954368591308594,0.9988299608230591,0.6600480079650879,32.56508255004883,0.8350021243095398,0.0031910527031868696,3.3098549842834473,0.08486807346343994,0.8744544982910156,37.23323059082031,0.9546982049942017,0.061463404446840286,15.838109016418457,0.4061053693294525,0.6068881154060364,31.648391723632812,0.8114972114562988,0.20470964908599854,19.132450103759766,0.4905756413936615,2.8059285653833057,1.0,7,7
lk_4-a-3_kv_kv-dappar_22082024-000000-1_EN-OL-RC-331_1,4,die,die,c,32.79,33.21,D AY,c,0,* D AY *,D AY,1639,1661,22,-0.013341819867491722,-0.020680107176303864,-0.0009400048875249922,-0.5192601680755615,-5.452604293823242,-0.24784564971923828,1.7938764358405024e-05,0.13259585201740265,0.006027084309607744,0.6074828505516052,26.548053741455078,1.206729769706726,0.9945945143699646,21.99161720275879,0.9996189475059509,0.6799957752227783,17.747989654541016,0.8067268133163452,0.004470949526876211,1.274562954902649,0.057934679090976715,0.8914373517036438,20.78704833984375,0.9448658227920532,0.08963623642921448,7.337982177734375,0.33354464173316956,0.6403154134750366,17.168731689453125,0.7803968787193298,0.23569302260875702,9.561534881591797,0.43461522459983826,0.0,0.0,2,2
lk_4-a-3_kv_kv-dappar_22082024-000000-1_EN-OL-RC-331_1,4,because,because,c,33.21,33.93,B IH K AO Z,c,0,* B IH K AO Z *,B IH K AO Z,1660,1697,37,-0.24581921100616455,-0.27466556429862976,-0.007423393428325653,-0.9116591215133667,-7.976129531860352,-0.2155710756778717,2.063276042463258e-05,0.7068350911140442,0.019103651866316795,0.5872741341590881,38.737945556640625,1.0469715595245361,0.9032423496246338,36.89155197143555,0.9970690011978149,0.6168609857559204,30.629650115966797,0.8278284072875977,0.0015375586226582527,2.988816738128662,0.0807788297533989,0.8385747075080872,35.21677017211914,0.9518045783042908,0.027695834636688232,14.594436645507812,0.39444422721862793,0.5453262329101562,29.76305389404297,0.8044068813323975,0.1570582240819931,17.784988403320312,0.4806753695011139,0.0,0.0,5,5
lk_4-a-3_kv_kv-dappar_22082024-000000-1_EN-OL-RC-331_1,4,they,they,c,33.96,34.2,DH EY,c,0,DH EY,DH EY,1698,1710,12,-0.07899054139852524,-0.11757349967956543,-0.009797791950404644,-0.8085427284240723,-3.9220800399780273,-0.32684001326560974,7.49505779822357e-05,0.4900840222835541,0.04084033519029617,0.8830554485321045,16.070236206054688,1.3391863107681274,0.9682574272155762,11.952634811401367,0.9960529208183289,0.5736221671104431,9.426440238952637,0.7855367064476013,0.0007401874754577875,0.5576316118240356,0.046469300985336304,0.830368161201477,11.177055358886719,0.9314212799072266,0.023079682141542435,3.5394771099090576,0.29495641589164734,0.5326533317565918,9.015103340148926,0.7512586116790771,0.14856718480587006,4.781754016876221,0.39847949147224426,0.0,0.0,2,2
lk_4-a-3_kv_kv-dappar_22082024-000000-1_EN-OL-RC-331_1,4,fall,fall,c,34.2,34.74,F AO L,c,0,* F AO R * SIL *,F AO R,1710,1737,27,-0.6780901551246643,-1.7769373655319214,-0.06581249833106995,-1.1592848300933838,-10.946709632873535,-0.40543368458747864,5.963794683339074e-05,3.3268210887908936,0.12321559339761734,0.7583458423614502,38.982574462890625,1.4437990188598633,0.7468706369400024,26.315082550048828,0.9746326804161072,0.5417665243148804,20.810426712036133,0.7707565426826477,0.0004319423751439899,1.1059715747833252,0.04096191003918648,0.7819618582725525,24.87864875793457,0.9214314222335815,0.007873342372477055,7.003499984741211,0.25938889384269714,0.46604251861572266,19.651477813720703,0.7278324961662292,0.11012151837348938,9.95059585571289,0.36854058504104614,5.685286734316879,1.0,3,3
lk_4-a-3_kv_kv-dappar_22082024-000000-1_EN-OL-RC-331_1,4,ill,ill,c,34.77,35.25,IH L,c,0,IH L * SIL *,IH L,1738,1763,25,-0.25590091943740845,-0.592249870300293,-0.0236899945884943,-1.248504877090454,-13.3441162109375,-0.533764660358429,0.0002996750990860164,2.0873055458068848,0.0834922194480896,0.8250856399536133,47.314292907714844,1.8925716876983643,0.8993995189666748,24.764739990234375,0.9905896186828613,0.5213819742202759,17.639301300048828,0.7055720686912537,0.0003060102753806859,0.337009459733963,0.013480378314852715,0.7542409896850586,22.314022064208984,0.8925608992576599,0.004252864047884941,3.3289308547973633,0.13315723836421967,0.43294644355773926,16.380380630493164,0.6552152037620544,0.09437078982591629,6.6488542556762695,0.2659541666507721,0.0,0.0,2,2
lk_4-a-3_kv_kv-dappar_22082024-000000-1_EN-OL-RC-331_1,4,some,some,c,35.64,36.12,S AH M,c,0,S AH M * SIL,S AH M,1782,1806,24,-0.06294550001621246,-0.07213009893894196,-0.0030054207891225815,-0.6197184920310974,-4.760242462158203,-0.1983434408903122,2.3762819182593375e-05,0.29967328906059265,0.01248638704419136,0.5459842085838318,23.788740158081055,0.9911975264549255,0.9746546149253845,23.970928192138672,0.9987886548042297,0.7091009616851807,20.0839900970459,0.8368329405784607,0.0073131355457007885,2.1852712631225586,0.09105297178030014,0.8896571397781372,22.927162170410156,0.9552984237670898,0.08616022020578384,9.935815811157227,0.413992315530777,0.6366571187973022,19.535037994384766,0.8139598965644836,0.23210574686527252,11.92476749420166,0.49686530232429504,0.0,0.0,3,3
lk_4-a-3_kv_kv-dappar_22082024-000000-1_EN-OL-RC-331_1,4,are,are,c,36.21,36.6,AA R,c,0,AA R * SIL,AA R,1810,1830,20,-0.059226132929325104,-0.06621046364307404,-0.0033105232287198305,-0.4675750136375427,-4.169219017028809,-0.2084609568119049,3.418224514462054e-05,0.2750413715839386,0.013752068392932415,0.6317177414894104,20.655010223388672,1.0327504873275757,0.9761412143707275,19.97330665588379,0.9986653327941895,0.7063603401184082,16.637197494506836,0.8318598866462708,0.006982008460909128,1.6151542663574219,0.08075771480798721,0.9052534103393555,19.07195472717285,0.9535977244377136,0.12184116989374161,7.872496604919434,0.39362484216690063,0.6700951457023621,16.1424560546875,0.8071228265762329,0.2668413817882538,9.627520561218262,0.4813760221004486,0.0,0.0,2,2
lk_4-a-3_kv_kv-dappar_22082024-000000-1_EN-OL-RC-331_1,4,killed,killed,c,37.26,37.71,K IH L D,c,0,K IH L D * SIL,K IH L D,1862,1886,24,-0.14306005835533142,-0.2074608951807022,-0.008644203655421734,-0.7113919258117676,-5.453944206237793,-0.2272476702928543,3.4059648896800354e-05,0.6632074117660522,0.02763364277780056,0.679114043712616,25.98764991760254,1.0828187465667725,0.9429676532745361,23.9169979095459,0.9965415596961975,0.6993926763534546,19.743247985839844,0.8226353526115417,0.006206135731190443,1.6923145055770874,0.07051310688257217,0.8799229860305786,22.799070358276367,0.949961245059967,0.06940361112356186,9.005071640014648,0.37521132826805115,0.6173056364059448,19.13785171508789,0.7974104881286621,0.2139436900615692,11.18065071105957,0.4658604562282562,0.0,0.0,4,4
lk_4-a-3_kv_kv-dappar_22082024-000000-1_EN-OL-RC-331_1,4,by,by,c,37.74,38.19,B AY,c,0,* B AY *,B AY,1887,1910,23,-0.002998970216140151,-0.005718412809073925,-0.00024862663121894,-0.38468971848487854,-4.10416841506958,-0.1784421056509018,1.8452741642249748e-05,0.04523596540093422,0.0019667812157422304,0.6270016431808472,22.392507553100586,0.9735872745513916,0.9987832903862,22.997678756713867,0.9998990893363953,0.7185720205307007,19.2851619720459,0.8384853005409241,0.00858309492468834,1.828988790512085,0.07952125370502472,0.9148452877998352,22.029417037963867,0.9578007459640503,0.15078072249889374,9.479511260986328,0.4121526777744293,0.692377507686615,18.818092346191406,0.8181779384613037,0.29258424043655396,11.40593147277832,0.49591007828712463,0.0,0.0,2,2
lk_4-a-3_kv_kv-dappar_22082024-000000-1_EN-OL-RC-331_1,4,other,other,c,38.22,38.64,AH DH AH R,c,0,AH DH AH R *,AH DH AH R,1911,1932,21,-0.01988312415778637,-0.021493125706911087,-0.0010234821820631623,-0.4003376066684723,-3.9900999069213867,-0.19000475108623505,4.0877959690988064e-05,0.11346621066331863,0.005403152666985989,0.6274862885475159,21.118450164794922,1.0056405067443848,0.9919508099555969,20.99129867553711,0.9995856285095215,0.7071530818939209,17.536176681518555,0.8350560069084167,0.007076218258589506,1.611831784248352,0.0767538920044899,0.9109420776367188,20.078218460083008,0.956105649471283,0.13825592398643494,8.384726524353027,0.3992726802825928,0.6831374764442444,17.067747116088867,0.8127498626708984,0.28164204955101013,10.207026481628418,0.4860488772392273,0.0,0.0,4,4
lk_4-a-3_kv_kv-dappar_22082024-000000-1_EN-OL-RC-331_1,4,animals,animals,c,38.64,39.51,AE N AH M AH L Z,s,1,AE N IH M AH L Z * SIL *,AE N IH M AH L Z,1932,1976,44,-0.5550843477249146,-0.8187757730484009,-0.018608540296554565,-0.8962227702140808,-10.464226722717285,-0.23782333731651306,1.6505908206454478e-05,1.7755476236343384,0.040353354066610336,0.5949454307556152,46.3216667175293,1.052765130996704,0.7896609306335449,43.68334197998047,0.9928032159805298,0.6427630186080933,36.4077033996582,0.8274478316307068,0.0023824225645512342,3.657174825668335,0.08311761170625687,0.865584135055542,41.79048538208008,0.9497837424278259,0.05046924948692322,17.20781707763672,0.39108675718307495,0.590626060962677,35.205726623535156,0.8001301288604736,0.19101133942604065,21.00141716003418,0.47730493545532227,2.8059285653833057,1.0,7,7
lk_4-a-3_kv_kv-dappar_22082024-000000-1_EN-OL-RC-331_1,4,or,or,c,40.32,40.71,AO R,c,0,AO R *,AO R,2016,2036,20,-0.6735181212425232,-0.9014796614646912,-0.0450739823281765,-1.018781065940857,-5.368218421936035,-0.26841092109680176,3.9859813114162534e-05,1.3755017518997192,0.06877508759498596,0.652530312538147,21.926101684570312,1.0963051319122314,0.748437762260437,19.658018112182617,0.9829009175300598,0.6337567567825317,16.44111442565918,0.8220556974411011,0.0020459271036088467,1.494895339012146,0.07474476844072342,0.8353436589241028,18.918930053710938,0.9459465146064758,0.025777336210012436,7.469785690307617,0.37348929047584534,0.5402814745903015,15.814949035644531,0.7907474637031555,0.15362873673439026,9.242026329040527,0.4621013104915619,0.0,0.0,2,2
lk_4-a-3_kv_kv-dappar_22082024-000000-1_EN-OL-RC-331_1,4,by,by,c,40.71,41.13,B AY,c,0,B AY *,B AY,2035,2057,22,-0.3779585361480713,-0.5951537489891052,-0.027052443474531174,-1.2319072484970093,-6.625631332397461,-0.30116507411003113,2.7733689421438612e-05,1.2597788572311401,0.05726267397403717,0.6773481369018555,27.61538314819336,1.2552447319030762,0.8536362051963806,21.76753807067871,0.9894335269927979,0.5090430974960327,17.463436126708984,0.7937925457954407,0.0002483841381035745,1.3406102657318115,0.060936830937862396,0.765073835849762,20.58450698852539,0.9356594085693359,0.005410128738731146,7.307831287384033,0.332174152135849,0.4455081820487976,16.856407165527344,0.7662003040313721,0.10011529922485352,9.40931224822998,0.42769601941108704,0.0,0.0,2,2
lk_4-a-3_kv_kv-dappar_22082024-000000-1_EN-OL-RC-331_1,4,man,man,c,41.16,41.64,M AE N,c,0,M AE N * SIL,M AE N,2058,2082,24,-0.08526148647069931,-0.10300300270318985,-0.004291791934520006,-0.6934944987297058,-6.082247734069824,-0.25342699885368347,3.9346818084595725e-05,0.43969467282295227,0.018320610746741295,0.6983234882354736,28.336673736572266,1.1806946992874146,0.9657642841339111,23.958568572998047,0.9982736706733704,0.6556228399276733,19.45682144165039,0.8107008934020996,0.002961026271805167,1.4985514879226685,0.06243964657187462,0.8735714554786682,22.675798416137695,0.9448249340057373,0.060269322246313095,8.250475883483887,0.3437698185443878,0.6052348613739014,18.777799606323242,0.7824082970619202,0.20327769219875336,10.590108871459961,0.44125452637672424,0.0,0.0,3,3
lk_4-a-3_kv_kv-dappar_22082024-000000-1_EN-OL-RC-331_1,4,few,few,c,41.79,42.21,F Y UW,c,0,HH UW * SIL *,HH UW,2089,2111,22,-0.5468065738677979,-1.8420137166976929,-0.0837278962135315,-1.4187569618225098,-8.562527656555176,-0.38920581340789795,5.81335807510186e-05,2.91391921043396,0.1324508786201477,0.779460072517395,30.125465393066406,1.3693393468856812,0.7925879955291748,21.29545783996582,0.967975378036499,0.4585925340652466,17.14984130859375,0.7795382142066956,0.00010582518007140607,0.9750401973724365,0.044320009648799896,0.7242878079414368,20.35457992553711,0.9252081513404846,0.002186073688790202,6.125060558319092,0.2784118354320526,0.40040117502212524,16.261125564575195,0.7391420602798462,0.0807114839553833,8.45815658569336,0.3844616711139679,10.5869692830498,2.0,3,2
lk_4-a-3_kv_kv-dappar_22082024-000000-1_EN-OL-RC-331_1,4,die,die,c,42.27,42.78,D AY,c,0,D AY * SIL,D AY,2113,2139,26,-0.14347724616527557,-0.26530134677886963,-0.010203897953033447,-0.7243755459785461,-5.9461140632629395,-0.22869668900966644,3.2466101401951164e-05,0.8188741207122803,0.03149515762925148,0.6684041619300842,28.257692337036133,1.0868343114852905,0.9428043365478516,25.893924713134766,0.9959201812744141,0.7030138969421387,21.382234573364258,0.8223936557769775,0.006597959436476231,1.7941495180130005,0.06900575011968613,0.8789542317390442,24.695598602294922,0.9498307108879089,0.06792576611042023,9.678628921508789,0.37225496768951416,0.6154372692108154,20.711986541748047,0.7966148853302002,0.2122603803873062,12.059149742126465,0.463813453912735,0.0,0.0,2,2
lk_4-a-3_kv_kv-dappar_22082024-000000-1_EN-OL-RC-331_1,4,of,of,c,42.81,43.14,AH V,c,0,AO F * SIL,AO F,2140,2157,17,-0.27844804525375366,-0.2887173891067505,-0.01698337495326996,-0.6985763311386108,-4.782951354980469,-0.2813500761985779,5.532469731406309e-05,0.6371774673461914,0.03748102858662605,0.7776709794998169,21.093273162841797,1.2407808303833008,0.8908402919769287,16.886672973632812,0.9933336973190308,0.6479998826980591,13.658869743347168,0.8034629225730896,0.0026029779110103846,0.9122802019119263,0.05366354063153267,0.8717473149299622,15.99885082244873,0.9411088824272156,0.05787559971213341,5.411319255828857,0.3183128833770752,0.6018441319465637,13.110580444335938,0.7712106108665466,0.2003692388534546,7.161259174346924,0.4212505519390106,4.411563432609308,2.0,2,2
lk_4-a-3_kv_kv-dappar_22082024-000000-1_EN-OL-RC-331_1,4,old,old,c,43.41,43.86,OW L D,c,0,AO L * SIL,AO L,2170,2193,23,-0.45864337682724,-0.8391993641853333,-0.036486927419900894,-1.0735541582107544,-8.846277236938477,-0.3846207559108734,5.816624980070628e-05,1.988081932067871,0.08643834292888641,0.7201944589614868,32.925811767578125,1.431557059288025,0.8241424560546875,22.672286987304688,0.9857516288757324,0.6055730581283569,17.751903533935547,0.771821916103363,0.0012704229447990656,1.1185343265533447,0.048631928861141205,0.8273102045059204,21.22738265991211,0.9229297041893005,0.02156371809542179,6.303166389465332,0.2740507125854492,0.5280464887619019,16.845619201660156,0.7324182391166687,0.14558129012584686,8.731465339660645,0.3796289265155792,7.88948339045774,2.0,3,2
lk_4-a-3_kv_kv-dappar_22082024-000000-1_EN-OL-RC-331_1,4,age,age,c,43.89,44.4,EY JH,c,0,EY JH * SIL,EY JH,2194,2220,26,-0.04942760244011879,-0.07675819098949432,-0.002952238079160452,-0.5366369485855103,-6.083416938781738,-0.2339775711297989,5.05001844430808e-05,0.34485355019569397,0.013263598084449768,0.7222576141357422,29.707582473754883,1.14259934425354,0.9800641536712646,25.96900177001953,0.9988077878952026,0.6654778122901917,21.226957321166992,0.8164214491844177,0.0034978599287569523,1.5633248090744019,0.060127876698970795,0.8866066336631775,24.65275764465332,0.948183000087738,0.08051416277885437,9.10898494720459,0.35034558176994324,0.6304762363433838,20.52861213684082,0.7895619869232178,0.22615784406661987,11.634500503540039,0.44748079776763916,0.0,0.0,2,2
ab_5-a-1_kv_kv-hasimara_06082025-000000-1_EN-OL-RC-500_1,5,many,many,c,1.02,1.68,M EH N IY,c,0,M EH N IY *,M EH N IY,51,84,33,-0.0320286862552166,-0.06579603999853134,-0.001993819372728467,-0.6605709791183472,-6.5148797035217285,-0.19742059707641602,2.3518303351011127e-05,0.34488147497177124,0.010450953617691994,0.5772188305854797,32.40040969848633,0.9818305969238281,0.9870535731315613,32.97336959838867,0.999193012714386,0.666034460067749,27.608840942382812,0.8366315364837646,0.003530933754518628,2.992176055908203,0.09067200124263763,0.8734340667724609,31.513710021972656,0.9549608826637268,0.060085661709308624,13.901723861694336,0.4212643504142761,0.6049783229827881,26.891773223876953,0.8149022459983826,0.20305635035037994,16.534563064575195,0.5010473728179932,0.0,0.0,4,4
ab_5-a-1_kv_kv-hasimara_06082025-000000-1_EN-OL-RC-500_1,5,years,years,c,1.68,2.28,Y IH R Z,s,1,Y IY AH R * SIL *,Y IY AH R,84,114,30,-0.6721474528312683,-2.1114320755004883,-0.07038106769323349,-1.0180177688598633,-12.550901412963867,-0.41836339235305786,9.381269774166867e-05,3.82676100730896,0.12755869328975677,0.9133777618408203,44.077186584472656,1.469239592552185,0.7489079833030701,29.19156837463379,0.9730522632598877,0.5977882146835327,23.16716194152832,0.7722387313842773,0.001113747712224722,0.9529421329498291,0.031764738261699677,0.8200919032096863,27.67734718322754,0.9225782155990601,0.018368536606431007,6.850818634033203,0.2283606231212616,0.5174081325531006,21.66852569580078,0.722284197807312,0.1388838291168213,10.455809593200684,0.3485269844532013,11.442986744420914,3.0,4,4
ab_5-a-1_kv_kv-hasimara_06082025-000000-1_EN-OL-RC-500_1,5,ago,ago,c,5.46,6.18,AH G OW,c,0,AH G OW * SIL,AH G OW,273,309,36,-0.351065993309021,-0.6701231002807617,-0.018614530563354492,-0.7910076975822449,-8.834059715270996,-0.24539054930210114,2.619303995743394e-05,1.4902349710464478,0.041395414620637894,0.6631762981414795,40.412635803222656,1.1225732564926147,0.8635993599891663,35.737178802490234,0.992699384689331,0.6952474117279053,29.502342224121094,0.8195095062255859,0.005786081310361624,2.2770566940307617,0.06325157731771469,0.8869937062263489,34.1317253112793,0.9481034874916077,0.08120957016944885,12.747980117797852,0.35411056876182556,0.6312544345855713,28.443897247314453,0.7901082634925842,0.22689901292324066,16.207788467407227,0.4502163529396057,0.0,0.0,3,3
ab_5-a-1_kv_kv-hasimara_06082025-000000-1_EN-OL-RC-500_1,5,i,i,c,6.78,7.05,AY,c,0,AY,AY,339,353,14,-0.08648578077554703,-0.08770672231912613,-0.0062647657468914986,-0.5276271104812622,-2.9593496322631836,-0.21138212084770203,4.824081406695768e-05,0.2981400787830353,0.02129572071135044,0.7922849655151367,14.748844146728516,1.053488850593567,0.9652780294418335,13.96478271484375,0.9974845051765442,0.6853834390640259,11.59404182434082,0.8281458616256714,0.004897327162325382,0.9059259295463562,0.06470899283885956,0.8932458162307739,13.33865737915039,0.9527612328529358,0.09331107884645462,5.284518241882324,0.3774655759334564,0.6440715789794922,11.240169525146484,0.8028692603111267,0.23942890763282776,6.556441307067871,0.4683172404766083,0.0,0.0,1,1
ab_5-a-1_kv_kv-hasimara_06082025-000000-1_EN-OL-RC-500_1,5,used,used,c,7.05,7.56,Y UW Z D,c,0,* Y UW Z D *,Y UW Z D,352,378,26,-0.5963186621665955,-1.1536438465118408,-0.04437091574072838,-0.8876911401748657,-7.613096714019775,-0.29281142354011536,2.7488404157338664e-05,1.9873167276382446,0.07643526047468185,0.5950936079025269,30.79753303527832,1.1845204830169678,0.7751697897911072,25.556283950805664,0.9829339981079102,0.6670581698417664,21.06983757019043,0.81037837266922,0.0035925772972404957,1.6477607488632202,0.06337541341781616,0.8592481017112732,24.497758865356445,0.9422215223312378,0.04384207725524902,8.704553604125977,0.33479052782058716,0.5794582962989807,20.181392669677734,0.7762073874473572,0.18208618462085724,11.277179718017578,0.43373769521713257,0.0,0.0,4,4
ab_5-a-1_kv_kv-hasimara_06082025-000000-1_EN-OL-RC-500_1,5,to,to,c,7.56,7.74,T UW,c,0,T UW *,T UW,378,387,9,-0.009416068904101849,-0.009964901953935623,-0.001107211341150105,-0.3722744882106781,-1.8156028985977173,-0.20173364877700806,1.7569534975336865e-05,0.05922836810350418,0.006580929737538099,0.566133439540863,9.261794090270996,1.0290882587432861,0.9961831569671631,8.995960235595703,0.9995511174201965,0.7327854633331299,7.487927436828613,0.8319919109344482,0.01091453991830349,0.7556542158126831,0.08396157622337341,0.9189820289611816,8.58835506439209,0.9542616605758667,0.16529545187950134,3.5729427337646484,0.39699363708496094,0.7024455666542053,7.279856204986572,0.8088729381561279,0.30495592951774597,4.361790657043457,0.4846433997154236,0.0,0.0,2,2
ab_5-a-1_kv_kv-hasimara_06082025-000000-1_EN-OL-RC-500_1,5,live,live,c,7.74,8.16,L AY V,c,0,* L IH V * SIL,L IH V,387,408,21,-0.10985495150089264,-0.21705347299575806,-0.010335879400372505,-0.8332894444465637,-6.0740556716918945,-0.2892407476902008,5.1762661314569414e-05,0.8324005007743835,0.03963812068104744,0.7748051881790161,26.204538345336914,1.2478351593017578,0.9560240507125854,20.912748336791992,0.9958451390266418,0.5983978509902954,16.797700881958008,0.7998905181884766,0.001125287264585495,1.1044564247131348,0.0525931641459465,0.8348104953765869,19.71591567993164,0.9388531446456909,0.02547380141913891,6.677468776702881,0.317974716424942,0.5394560098648071,16.124584197998047,0.7678373456001282,0.15307387709617615,8.803253173828125,0.4192025363445282,2.3215788558122163,1.0,3,3
ab_5-a-1_kv_kv-hasimara_06082025-000000-1_EN-OL-RC-500_1,5,with,we,s,8.22,8.55,W IH DH,s,1,W IY *,W IY,411,428,17,-0.39647090435028076,-0.6633008122444153,-0.0390176959335804,-1.2650068998336792,-6.865601539611816,-0.40385890007019043,0.00023207503545563668,1.5141171216964722,0.08906571567058563,1.0456602573394775,26.49289321899414,1.5584055185317993,0.8468163013458252,16.741636276245117,0.9848021268844604,0.5575963854789734,12.817850112915039,0.7539911866188049,0.0005645023775286973,0.4307897686958313,0.025340573862195015,0.7710723876953125,15.596324920654297,0.9174308776855469,0.006181410513818264,3.7634849548339844,0.22138147056102753,0.4526640772819519,12.13991641998291,0.7141127586364746,0.10351336002349854,5.788088798522949,0.34047579765319824,9.821127259510739,2.0,3,2
ab_5-a-1_kv_kv-hasimara_06082025-000000-1_EN-OL-RC-500_1,5,my,many,s,8.55,9.24,M AY,s,1,* M EH N IY * SIL *,M EH N IY,427,462,35,-0.29850518703460693,-1.0498638153076172,-0.029996108263731003,-0.8762004375457764,-9.735685348510742,-0.2781624495983124,3.047429709113203e-05,2.463200330734253,0.07037714868783951,0.5905817151069641,39.455745697021484,1.1273070573806763,0.8832669258117676,34.586769104003906,0.9881933927536011,0.6764603853225708,28.668243408203125,0.8190926909446716,0.004211547318845987,2.552642583847046,0.0729326456785202,0.8568665981292725,33.05525588989258,0.9444358944892883,0.0415826290845871,12.578516960144043,0.3593862056732178,0.5753514766693115,27.468515396118164,0.784814715385437,0.1788989156484604,15.815522193908691,0.4518720507621765,16.19538726589508,3.0,2,4
ab_5-a-1_kv_kv-hasimara_06082025-000000-1_EN-OL-RC-500_1,5,uncle,uncle,c,9.63,10.11,AH NG K AH L,c,0,AH N K AH L *,AH N K AH L,481,506,25,-0.551837146282196,-0.9149320721626282,-0.03659728169441223,-1.167246699333191,-6.657005310058594,-0.2662802040576935,4.45053301518783e-05,1.5225638151168823,0.06090255081653595,0.6866356134414673,28.326030731201172,1.133041262626648,0.790808379650116,24.64980697631836,0.9859922528266907,0.5776403546333313,20.40766143798828,0.816306471824646,0.0007922208169475198,1.7041575908660889,0.06816630065441132,0.7928669452667236,23.617582321166992,0.9447032809257507,0.010031874291598797,9.030637741088867,0.36122551560401917,0.47997599840164185,19.66468620300293,0.7865874767303467,0.11737324297428131,11.323137283325195,0.45292550325393677,2.668363644587786,1.0,5,5
ab_5-a-1_kv_kv-hasimara_06082025-000000-1_EN-OL-RC-500_1,5,in,in,c,10.11,10.41,IH N,c,0,* IH N *,IH N,505,521,16,-0.5505648255348206,-0.6208854913711548,-0.038805343210697174,-0.7981042861938477,-4.034365177154541,-0.2521478235721588,3.101762195001356e-05,1.0074037313461304,0.06296273320913315,0.5871641039848328,16.874343872070312,1.0546464920043945,0.7912583947181702,15.762821197509766,0.9851763248443604,0.7297402620315552,13.297860145568848,0.831116259098053,0.01036683190613985,1.2515877485275269,0.07822423428297043,0.9049830436706543,15.207847595214844,0.9504904747009277,0.12111146748065948,6.001904487609863,0.37511903047561646,0.6694872379302979,12.769292831420898,0.7980808019638062,0.2661694288253784,7.472529411315918,0.4670330882072449,0.0,0.0,2,2
ab_5-a-1_kv_kv-hasimara_06082025-000000-1_EN-OL-RC-500_1,5,a,a,c,10.41,10.65,AH,c,0,AH SIL *,AH,520,533,13,-0.08628427237272263,-0.11939618736505508,-0.009184322319924831,-0.6584720611572266,-4.178056716918945,-0.32138898968696594,0.0001559408410685137,0.4652506709098816,0.03578851372003555,0.7441442608833313,17.9102840423584,1.3777141571044922,0.9653580188751221,12.951957702636719,0.996304452419281,0.7032908201217651,10.223569869995117,0.7864284515380859,0.006628924515098333,0.5230651497840881,0.04023578017950058,0.8882774710655212,12.141940116882324,0.9339953660964966,0.08355920016765594,3.4680440425872803,0.26677262783050537,0.6338480710983276,9.731415748596191,0.748570442199707,0.229385107755661,4.968747138977051,0.3822113275527954,0.0,0.0,1,1
ab_5-a-1_kv_kv-hasimara_06082025-000000-1_EN-OL-RC-500_1,5,village,village,c,10.68,11.28,V IH L AH JH,c,0,W IH L EH JH *,W IH L EH JH,534,564,30,-0.34577953815460205,-0.5880497694015503,-0.01960165984928608,-1.0921474695205688,-6.789682388305664,-0.226322740316391,1.473628799431026e-05,1.412833571434021,0.04709445312619209,0.555534839630127,30.205453872680664,1.0068484544754028,0.8655657768249512,29.76878547668457,0.9922928214073181,0.5755136013031006,24.907516479492188,0.8302505612373352,0.0007642402197234333,2.7323949337005615,0.09107983112335205,0.8111722469329834,28.51053237915039,0.9503510594367981,0.015066385269165039,12.519174575805664,0.4173058271408081,0.5046957731246948,24.215328216552734,0.8071776032447815,0.1312304139137268,14.865507125854492,0.49551689624786377,3.9897292439650425,2.0,5,5
ab_5-a-1_kv_kv-hasimara_06082025-000000-1_EN-OL-RC-500_1,5,most,most,c,11.31,11.82,M OW S T,c,0,* M OW S T *,M OW S T,565,591,26,-0.6285533905029297,-0.6508697867393494,-0.025033453479409218,-0.828270673751831,-5.295802116394043,-0.2036847025156021,1.529702785774134e-05,0.8083760738372803,0.031091388314962387,0.5601459741592407,25.299217224121094,0.9730468392372131,0.7639450430870056,25.754911422729492,0.990573525428772,0.7044252157211304,21.809600830078125,0.838830828666687,0.0067572807893157005,2.361234426498413,0.09081670641899109,0.9039580821990967,24.853717803955078,0.9559122323989868,0.11838478595018387,10.864087104797363,0.41784951090812683,0.6671925187110901,21.20948028564453,0.8157492280006409,0.2636467516422272,12.993537902832031,0.4997514486312866,0.0,0.0,4,4
ab_5-a-1_kv_kv-hasimara_06082025-000000-1_EN-OL-RC-500_1,5,of,of,c,11.82,12.15,AH V,c,0,AO F *,AO F,591,608,17,-0.002201176481321454,-0.005056091584265232,-0.0002974171657115221,-0.37959519028663635,-2.9301044940948486,-0.17235909402370453,2.7384801796870306e-05,0.03933347016572952,0.0023137335665524006,0.6265153288841248,15.875450134277344,0.9338499903678894,0.9991070032119751,16.997949600219727,0.9998793601989746,0.7277162075042725,14.364141464233398,0.84494948387146,0.010018086060881615,1.524662971496582,0.08968605846166611,0.9171974062919617,16.310993194580078,0.9594702124595642,0.15886981785297394,7.313520908355713,0.43020710349082947,0.6980664134025574,14.016321182250977,0.8244894742965698,0.2995161712169647,8.663174629211426,0.5095984935760498,4.411563432609308,2.0,2,2
ab_5-a-1_kv_kv-hasimara_06082025-000000-1_EN-OL-RC-500_1,5,the,the,c,12.15,12.36,DH AH,c,0,DH AH *,DH AH,607,618,11,-0.0886477679014206,-0.10618278384208679,-0.009652980603277683,-0.5309879779815674,-2.643322467803955,-0.24030204117298126,3.1067043892107904e-05,0.3831350803375244,0.03483046218752861,0.6313902139663696,12.0790433883667,1.0980948209762573,0.9644196629524231,10.957318305969238,0.9961198568344116,0.7435539960861206,9.081348419189453,0.8255771398544312,0.013093996793031693,0.7699257731437683,0.06999325007200241,0.9191209673881531,10.447505950927734,0.9497732520103455,0.16580654680728912,3.957634449005127,0.35978496074676514,0.7027888298034668,8.733695030212402,0.7939722537994385,0.3053862750530243,5.012466907501221,0.4556788206100464,0.0,0.0,2,2
ab_5-a-1_kv_kv-hasimara_06082025-000000-1_EN-OL-RC-500_1,5,people,people,c,12.36,12.93,P IY P AH L,c,0,* P IY P AH L *,P IY P AH L,618,647,29,-0.04164732247591019,-0.048599906265735626,-0.001675858860835433,-0.4603673815727234,-5.494935512542725,-0.18948052823543549,1.8560140233603306e-05,0.22699354588985443,0.007827363908290863,0.5759730339050293,28.591224670410156,0.9859042763710022,0.983185887336731,28.980365753173828,0.9993229508399963,0.7313852310180664,24.29152488708496,0.837638795375824,0.01065918244421482,2.4493556022644043,0.0844605416059494,0.9174606800079346,27.739429473876953,0.9565320611000061,0.15980175137519836,11.899255752563477,0.41031914949417114,0.6987089514732361,23.648746490478516,0.8154740333557129,0.3003086447715759,14.342784881591797,0.4945787787437439,0.0,0.0,5,5
ab_5-a-1_kv_kv-hasimara_06082025-000000-1_EN-OL-RC-500_1,5,in,in,c,12.96,13.26,IH N,c,0,* IH N *,IH N,648,663,15,-0.0014308193931356072,-0.0027948040515184402,-0.00018632026331033558,-0.35062164068222046,-2.6300950050354004,-0.17533966898918152,2.0870375010417774e-05,0.023696713149547577,0.0015797808300703764,0.5964548587799072,14.311027526855469,0.9540684819221497,0.9994195103645325,14.998866081237793,0.9999244213104248,0.7348759174346924,12.62292194366455,0.8415281176567078,0.011307182721793652,1.3456454277038574,0.08970969170331955,0.9216967821121216,14.37820053100586,0.9585466980934143,0.17557217180728912,6.369124412536621,0.4246082901954651,0.7092145681381226,12.326162338256836,0.8217441439628601,0.3135460317134857,7.584630012512207,0.5056419968605042,0.0,0.0,2,2
ab_5-a-1_kv_kv-hasimara_06082025-000000-1_EN-OL-RC-500_1,5,the,the,c,13.26,13.47,DH AH,c,0,DH AH *,DH AH,663,674,11,-0.1520208865404129,-0.1537698209285736,-0.01397907454520464,-0.5920277833938599,-2.556220531463623,-0.23238368332386017,6.093827323638834e-05,0.4233534038066864,0.038486674427986145,0.6510916948318481,11.871445655822754,1.079222321510315,0.9394627809524536,10.938753128051758,0.9944320917129517,0.7543221712112427,9.106497764587402,0.8278634548187256,0.01570856012403965,0.7633458375930786,0.06939507275819778,0.9142857193946838,10.462591171264648,0.9511446356773376,0.14891771972179413,4.017223834991455,0.3652021586894989,0.691037654876709,8.772485733032227,0.7974987030029297,0.2909734547138214,5.058333873748779,0.4598485231399536,0.0,0.0,2,2
ab_5-a-1_kv_kv-hasimara_06082025-000000-1_EN-OL-RC-500_1,5,village,village,c,13.47,13.98,V IH L AH JH,c,0,* W IH L EY JH * SIL *,W IH L EY JH,673,699,26,-0.4641152024269104,-1.0290430784225464,-0.03957857936620712,-1.2974803447723389,-7.683259010314941,-0.2955099642276764,1.8381469999440014e-05,2.253387212753296,0.08666873723268509,0.613205075263977,30.147480010986328,1.1595184803009033,0.8221636414527893,25.600387573242188,0.984630286693573,0.5568335056304932,21.02216339111328,0.8085447549819946,0.0005572679219767451,1.9758397340774536,0.07599383592605591,0.7711472511291504,24.417144775390625,0.9391209483146667,0.006191699765622616,9.4411039352417,0.3631193935871124,0.45275431871414185,20.235519409179688,0.7782891988754272,0.1035568043589592,11.745189666748047,0.45173805952072144,5.923646064322975,2.0,5,5
ab_5-a-1_kv_kv-hasimara_06082025-000000-1_EN-OL-RC-500_1,5,used,used,c,14.28,14.64,Y UW Z D,c,0,Y UW Z D *,Y UW Z D,714,732,18,-0.43835270404815674,-0.45684459805488586,-0.02538025565445423,-0.9518566131591797,-5.177126407623291,-0.28761813044548035,1.822855119826272e-05,0.7860499024391174,0.0436694398522377,0.6106531023979187,22.498062133789062,1.2498923540115356,0.831503689289093,17.82400894165039,0.990222692489624,0.6725943088531494,14.385056495666504,0.7991697788238525,0.0039450726471841335,1.0234524011611938,0.05685846507549286,0.8546012043952942,16.9140625,0.9396701455116272,0.03954152390360832,5.78497314453125,0.3213874101638794,0.5714895129203796,13.847323417663574,0.7692957520484924,0.17594695091247559,7.612846374511719,0.4229359030723572,0.0,0.0,4,4
ab_5-a-1_kv_kv-hasimara_06082025-000000-1_EN-OL-RC-500_1,5,to,to,c,14.64,14.79,T UW,c,0,* T UW *,T UW,732,740,8,-0.05251883715391159,-0.07667554169893265,-0.009584442712366581,-0.4870026409626007,-2.2445456981658936,-0.2805682122707367,4.6045715862419456e-05,0.32206517457962036,0.040258146822452545,0.6055507659912109,9.740069389343262,1.2175086736679077,0.9788254499435425,7.969048500061035,0.9961310625076294,0.727358341217041,6.477620601654053,0.8097025752067566,0.009957653470337391,0.4542546570301056,0.0567818321287632,0.9153739809989929,7.544571876525879,0.9430714845657349,0.15256229043006897,2.503986120223999,0.3129982650279999,0.6936481595039368,6.185824394226074,0.7732280492782593,0.2941194772720337,3.3593149185180664,0.4199143648147583,0.0,0.0,2,2
ab_5-a-1_kv_kv-hasimara_06082025-000000-1_EN-OL-RC-500_1,5,grow,grow,c,14.79,15.12,G R OW,c,0,* G R OW,G R OW,739,756,17,-0.4771066904067993,-0.6991801261901855,-0.0411282442510128,-0.8078663349151611,-5.434573650360107,-0.3196808099746704,6.683429091935977e-05,1.3783445358276367,0.08107908815145493,0.7889112830162048,21.75210952758789,1.2795358896255493,0.8174765706062317,16.72869110107422,0.9840406775474548,0.7132356762886047,13.585762023925781,0.7991624474525452,0.007842643186450005,0.8052297830581665,0.04736645892262459,0.8901976943016052,15.942768096923828,0.9378098845481873,0.08720119297504425,4.960286617279053,0.29178157448768616,0.6377639174461365,12.921601295471191,0.760094165802002,0.23318572342395782,6.82423734664917,0.40142571926116943,0.0,0.0,3,3
ab_5-a-1_kv_kv-hasimara_06082025-000000-1_EN-OL-RC-500_1,5,rice,rice,c,15.12,15.54,R AY S,c,0,* R AY Z,R AY Z,756,777,21,-0.4911925792694092,-0.9830036759376526,-0.04680969938635826,-1.094869613647461,-6.737801551818848,-0.32084769010543823,4.064398672198877e-05,1.4022185802459717,0.06677231192588806,0.7615002989768982,27.789690017700195,1.323318600654602,0.8124116659164429,20.624370574951172,0.9821128845214844,0.5980179309844971,16.589082717895508,0.7899563312530518,0.0011180813889950514,0.9333857893943787,0.04444694146513939,0.8179689645767212,19.634910583496094,0.9349957704544067,0.01752227358520031,6.117461681365967,0.2913076877593994,0.5143401622772217,15.87593936920166,0.7559971213340759,0.13700254261493683,8.377104759216309,0.3989097476005554,4.146610407304694,1.0,3,3
ab_5-a-1_kv_kv-hasimara_06082025-000000-1_EN-OL-RC-500_1,5,they,they,c,15.57,16.02,DH EY,c,0,* DH EY * SIL *,DH EY,778,801,23,-0.3175854980945587,-0.38375940918922424,-0.01668519154191017,-0.6823247671127319,-5.233689308166504,-0.22755171358585358,1.8882286894950084e-05,0.8968388438224792,0.0389929935336113,0.5762174725532532,24.01059913635254,1.0439391136169434,0.8760974407196045,22.849348068237305,0.9934499263763428,0.7260362505912781,19.104141235351562,0.8306148648262024,0.009737550280988216,1.801956057548523,0.07834591716527939,0.9081254005432129,21.894498825073242,0.9519347548484802,0.12986908853054047,8.854349136352539,0.3849717080593109,0.6766186952590942,18.458049774169922,0.8025239109992981,0.274152010679245,10.91343879699707,0.47449734807014465,0.0,0.0,2,2
ab_5-a-1_kv_kv-hasimara_06082025-000000-1_EN-OL-RC-500_1,5,worked,worked,c,16.29,16.71,W AH R K T,c,0,W AH R K D *,W AH R K D,814,836,22,-0.3712795078754425,-0.6495532393455505,-0.0295251477509737,-0.8039571642875671,-5.835107326507568,-0.2652321457862854,1.5868090486037545e-05,1.3781442642211914,0.06264292448759079,0.5528247356414795,24.574623107910156,1.1170283555984497,0.8561043739318848,21.745819091796875,0.9884462952613831,0.7102012634277344,18.04155921936035,0.8200708627700806,0.007450451143085957,1.7020585536956787,0.07736629992723465,0.8808068037033081,20.818206787109375,0.946282148361206,0.07077986747026443,8.000475883483887,0.36365798115730286,0.6190189123153687,17.34910011291504,0.78859543800354,0.2154979109764099,10.050095558166504,0.4568225145339966,3.8933488049826166,1.0,5,5
ab_5-a-1_kv_kv-hasimara_06082025-000000-1_EN-OL-RC-500_1,5,hard,hard,c,16.71,17.16,HH AA R D,c,0,* HH AA R D *,HH AA R D,835,858,23,-0.03046630509197712,-0.043763160705566406,-0.0019027461530640721,-0.46886807680130005,-4.757284164428711,-0.2068384438753128,2.925240551121533e-05,0.21898043155670166,0.009520888328552246,0.5799674391746521,23.993558883666992,1.0431982278823853,0.9876826405525208,22.98229217529297,0.9992300868034363,0.6959131956100464,19.08770179748535,0.8299000859260559,0.005851578898727894,1.7908527851104736,0.0778631642460823,0.9009426832199097,21.928491592407227,0.953412652015686,0.1107133999466896,8.948267936706543,0.38905513286590576,0.6605274677276611,18.537843704223633,0.8059931993484497,0.25644421577453613,10.992340087890625,0.4779278337955475,0.0,0.0,4,4
ab_5-a-1_kv_kv-hasimara_06082025-000000-1_EN-OL-RC-500_1,5,in,in,c,17.19,17.58,IH N,c,0,IH N *,IH N,859,879,20,-0.04858070984482765,-0.06189650297164917,-0.0030948251951485872,-0.4756762981414795,-3.817474603652954,-0.19087372720241547,1.476155284763081e-05,0.27930331230163574,0.013965165242552757,0.5752685070037842,19.133705139160156,0.9566852450370789,0.9804036021232605,19.975004196166992,0.9987502098083496,0.7383149266242981,16.856138229370117,0.8428069353103638,0.011984086595475674,1.834046721458435,0.09170233458280563,0.9222316145896912,19.148283004760742,0.9574141502380371,0.1776708960533142,8.406338691711426,0.4203169345855713,0.7105638384819031,16.37738800048828,0.818869411945343,0.3152850270271301,10.046281814575195,0.5023140907287598,0.0,0.0,2,2
ab_5-a-1_kv_kv-hasimara_06082025-000000-1_EN-OL-RC-500_1,5,the,the,c,17.58,17.76,DH AH,c,0,DH AH *,DH AH,878,889,11,-0.3911479711532593,-0.41450148820877075,-0.037681952118873596,-0.7464275360107422,-2.8736231327056885,-0.2612384557723999,5.772972508566454e-05,0.749089777469635,0.06809907406568527,0.6608479619026184,12.096935272216797,1.0997214317321777,0.8487740159034729,10.839320182800293,0.9853927493095398,0.7544435858726501,9.077682495117188,0.8252438902854919,0.01574084535241127,0.7889881134033203,0.07172619551420212,0.902886152267456,10.43286418914795,0.9484422206878662,0.11559857428073883,3.9380557537078857,0.3580050766468048,0.6648085117340088,8.703865051269531,0.7912604808807373,0.26104936003685,4.993260383605957,0.4539327621459961,0.0,0.0,2,2
ab_5-a-1_kv_kv-hasimara_06082025-000000-1_EN-OL-RC-500_1,5,fields,fields,c,17.76,18.36,F IY L D Z,c,0,* F IY L D S * SIL *,F IY L D S,888,918,30,-0.5963634252548218,-1.146358609199524,-0.03821195289492607,-1.15911865234375,-8.966547966003418,-0.29888492822647095,2.2767828340874985e-05,2.2268545627593994,0.07422848790884018,0.5777015686035156,35.82865524291992,1.1942884922027588,0.7751542329788208,29.557382583618164,0.9852460622787476,0.6043295860290527,24.23457145690918,0.8078190684318542,0.001243993523530662,1.9360566139221191,0.0645352229475975,0.8146541118621826,28.197158813476562,0.9399052858352661,0.01627817563712597,10.17159366607666,0.33905312418937683,0.5096031427383423,23.211639404296875,0.7737213373184204,0.13414080440998077,13.045644760131836,0.4348548352718353,2.250333956628733,1.0,5,5
ab_5-a-1_kv_kv-hasimara_06082025-000000-1_EN-OL-RC-500_1,5,every,every,c,18.75,19.26,EH V AH R IY,c,0,EH V R IY *,EH V R IY,937,964,27,-0.3880501985549927,-0.8264533281326294,-0.030609382316470146,-0.8463667631149292,-6.580399990081787,-0.24371851980686188,2.0291079636081122e-05,1.6447982788085938,0.060918454080820084,0.5845405459403992,27.66463851928711,1.0246162414550781,0.8499146103858948,26.678064346313477,0.9880764484405518,0.5724654197692871,22.414209365844727,0.8301559090614319,0.0007258517434820533,2.424069881439209,0.08978036791086197,0.8255809545516968,25.63910675048828,0.9495965242385864,0.020750973373651505,10.938770294189453,0.40513965487480164,0.5254682302474976,21.676895141601562,0.8028479814529419,0.14393296837806702,13.145357131958008,0.4868650734424591,3.56735060199773,1.0,5,4
ab_5-a-1_kv_kv-hasimara_06082025-000000-1_EN-OL-RC-500_1,5,day,day,c,19.26,19.59,D EY,c,0,* D EY *,D EY,963,980,17,-0.3437408208847046,-0.3530200719833374,-0.020765885710716248,-0.6990219354629517,-3.650956869125366,-0.21476216614246368,3.1093062716536224e-05,0.662307858467102,0.038959287106990814,0.621619462966919,17.186227798461914,1.0109546184539795,0.8663249015808105,16.86256217956543,0.9919154047966003,0.7339615821838379,14.179389953613281,0.834081768989563,0.011133727617561817,1.3657457828521729,0.08033798635005951,0.9105572700500488,16.217967987060547,0.9539980888366699,0.13707907497882843,6.753813743591309,0.3972831666469574,0.6822397708892822,13.745011329650879,0.8085300922393799,0.2805994749069214,8.227320671081543,0.48396003246307373,0.0,0.0,2,2
ab_5-a-1_kv_kv-hasimara_06082025-000000-1_EN-OL-RC-500_1,5,but,but,c,19.62,19.98,B AH T,c,0,* B AH T *,B AH T,981,999,18,-0.5138072967529297,-0.5156335234642029,-0.028646307066082954,-0.780785322189331,-3.5739119052886963,-0.19855065643787384,2.067217974399682e-05,0.690667450428009,0.038370415568351746,0.5207880139350891,17.077943801879883,0.9487746357917786,0.8043174743652344,17.80357551574707,0.9890875220298767,0.7587664127349854,15.178754806518555,0.8432641625404358,0.016934333369135857,1.6269675493240356,0.09038708359003067,0.9058610796928406,17.235122680664062,0.9575068354606628,0.12349726259708405,7.582070350646973,0.4212261438369751,0.671465277671814,14.746625900268555,0.8192570209503174,0.2683617174625397,9.049863815307617,0.502770185470581,0.0,0.0,3,3
ab_5-a-1_kv_kv-hasimara_06082025-000000-1_EN-OL-RC-500_1,5,my,my,c,19.98,20.37,M AY,c,0,M AY *,M AY,999,1019,20,-0.6296847462654114,-0.6678904891014099,-0.033394522964954376,-0.8196974396705627,-4.335395812988281,-0.21676978468894958,2.5462370103923604e-05,0.8624294996261597,0.04312147572636604,0.6283190846443176,19.907814025878906,0.9953907132148743,0.763552725315094,19.74811363220215,0.9874056577682495,0.7180398106575012,16.715593338012695,0.8357796669006348,0.008506214246153831,1.658233642578125,0.08291168510913849,0.9038052558898926,19.087718963623047,0.9543859362602234,0.11798349022865295,8.091509819030762,0.40457549691200256,0.6668516397476196,16.21245574951172,0.8106228113174438,0.2632739245891571,9.782339096069336,0.48911696672439575,0.0,0.0,2,2
ab_5-a-1_kv_kv-hasimara_06082025-000000-1_EN-OL-RC-500_1,5,uncle,uncle,c,20.37,20.88,AH NG K AH L,c,0,* AH NG K AH L,AH NG K AH L,1018,1044,26,-0.5981454849243164,-0.6693763732910156,-0.025745244696736336,-0.906609058380127,-5.688387870788574,-0.2187841534614563,1.8702879970078357e-05,1.0004041194915771,0.038477081805467606,0.6098878979682922,25.815818786621094,0.9929161071777344,0.7745312452316284,25.74584197998047,0.9902247190475464,0.6028364896774292,21.716272354125977,0.8352412581443787,0.001212982926517725,2.3429503440856934,0.09011347591876984,0.8322473168373108,24.779640197753906,0.9530630707740784,0.024063654243946075,10.794312477111816,0.41516587138175964,0.5355147123336792,21.081226348876953,0.8108164072036743,0.1504485309123993,12.887742042541504,0.49568238854408264,0.0,0.0,5,5
ab_5-a-1_kv_kv-hasimara_06082025-000000-1_EN-OL-RC-500_1,5,made,made,c,20.88,21.3,M EY D,s,1,* M EY D,M EY D,1044,1065,21,-0.293038010597229,-0.2969088554382324,-0.01413851696997881,-0.6811292171478271,-4.167673110961914,-0.1984606236219406,2.9796741728205234e-05,0.599000096321106,0.02852381393313408,0.601521909236908,20.462778091430664,0.9744179844856262,0.8853274583816528,20.883758544921875,0.9944646954536438,0.6797824501991272,17.60616111755371,0.8383886218070984,0.0044548590667545795,1.817650318145752,0.08655478060245514,0.8891522884368896,20.074787139892578,0.9559422731399536,0.08519909530878067,8.732033729553223,0.41581112146377563,0.6356265544891357,17.126256942749023,0.8155360221862793,0.23110416531562805,10.453044891357422,0.49776405096054077,0.0,0.0,3,3
ab_5-a-1_kv_kv-hasimara_06082025-000000-1_EN-OL-RC-500_1,5,his,his,c,22.53,22.89,HH IH Z,c,0,HH IH Z *,HH IH Z,1126,1145,19,-0.009242136962711811,-0.01453384943306446,-0.0007649394683539867,-0.46507376432418823,-4.1975016593933105,-0.22092114388942719,1.760546729201451e-05,0.09616135060787201,0.0050611235201358795,0.5835049152374268,21.07000732421875,1.10894775390625,0.996253490447998,18.994108200073242,0.9996898770332336,0.7000323534011841,15.582194328308105,0.8201155066490173,0.0062736147083342075,1.3436121940612793,0.07071643322706223,0.9038789868354797,18.050689697265625,0.9500362873077393,0.11817692220211029,7.009003162384033,0.36889490485191345,0.6670160293579102,15.127815246582031,0.7962008118629456,0.2634536623954773,8.780619621276855,0.4621378779411316,0.0,0.0,3,3
ab_5-a-1_kv_kv-hasimara_06082025-000000-1_EN-OL-RC-500_1,5,money,money,c,22.89,23.43,M AH N IY,c,0,* M AH N IY * SIL *,M AH N IY,1144,1172,28,-0.17020638287067413,-0.48756444454193115,-0.01741301640868187,-0.8158987760543823,-7.231947898864746,-0.2582838535308838,3.280572491348721e-05,1.5048162937164307,0.05374344065785408,0.5828705430030823,31.155353546142578,1.1126911640167236,0.9323737621307373,27.80570411682129,0.9930608868598938,0.675787091255188,22.971277236938477,0.8204027414321899,0.004163878504186869,2.0473012924194336,0.07311790436506271,0.8704004287719727,26.504302978515625,0.9465822577476501,0.056169308722019196,10.16695499420166,0.36310553550720215,0.5993614196777344,22.096515655517578,0.7891612648963928,0.198263481259346,12.769861221313477,0.45606645941734314,0.0,0.0,4,4
ab_5-a-1_kv_kv-hasimara_06082025-000000-1_EN-OL-RC-500_1,5,by,by,c,23.7,23.97,B AY,c,0,B AY *,B AY,1185,1199,14,-0.488540917634964,-0.4995983839035034,-0.035685598850250244,-1.0165677070617676,-3.4572672843933105,-0.24694766104221344,2.0232811948517337e-05,0.7386987805366516,0.052764199674129486,0.6336004137992859,15.063969612121582,1.0759978294372559,0.8133638501167297,13.808882713317871,0.9863487482070923,0.6286755204200745,11.515373229980469,0.8225266337394714,0.0018775035860016942,1.1173876523971558,0.0798134058713913,0.8374940156936646,13.273284912109375,0.9480918049812317,0.027038760483264923,5.397820472717285,0.3855586051940918,0.5436307191848755,11.153115272521973,0.7966510653495789,0.15589822828769684,6.612602710723877,0.4723287522792816,0.0,0.0,2,2
ab_5-a-1_kv_kv-hasimara_06082025-000000-1_EN-OL-RC-500_1,5,keeping,keeping,c,23.97,24.51,K IY P IH NG,c,0,* K IY P IH NG *,K IY P IH NG,1198,1226,28,-0.572774350643158,-0.6246461868286133,-0.022308792918920517,-0.8292391300201416,-6.340045928955078,-0.22643020749092102,2.1464285964611918e-05,0.9461524486541748,0.033791158348321915,0.5665525197982788,29.45711326599121,1.0520397424697876,0.7834257483482361,27.762434005737305,0.9915155172348022,0.7277666330337524,23.197559356689453,0.8284842371940613,0.010026626288890839,2.1737656593322754,0.07763449102640152,0.897913932800293,26.649471282958984,0.951766848564148,0.10350850969552994,10.778950691223145,0.3849625289440155,0.6539589762687683,22.462940216064453,0.8022478818893433,0.24952362477779388,13.28171157836914,0.4743468463420868,0.0,0.0,5,5
ab_5-a-1_kv_kv-hasimara_06082025-000000-1_EN-OL-RC-500_1,5,goats,goats,c,24.51,24.96,G OW T S,c,0,* G OW T S *,G OW T S,1225,1248,23,-0.15015330910682678,-0.21839404106140137,-0.009495393373072147,-0.9064346551895142,-6.4095001220703125,-0.27867391705513,1.9282133507658727e-05,0.7498025894165039,0.03260011225938797,0.5878403186798096,28.004365921020508,1.2175811529159546,0.9401925802230835,22.91262435913086,0.9962010383605957,0.6114184260368347,18.516868591308594,0.8050812482833862,0.0014023904222995043,1.3563358783721924,0.05897112563252449,0.8341440558433533,21.637786865234375,0.9407733678817749,0.025099391117691994,7.635366439819336,0.3319724500179291,0.5384269952774048,17.79829978942871,0.7738391160964966,0.15238454937934875,9.894720077514648,0.43020522594451904,0.0,0.0,4,4
ab_5-a-1_kv_kv-hasimara_06082025-000000-1_EN-OL-RC-500_1,5,as,as,c,25.05,25.44,AE Z,s,1,AE Z *,AE Z,1252,1272,20,-0.430824875831604,-0.4826197326183319,-0.024130987003445625,-0.9398917555809021,-5.154205799102783,-0.2577102780342102,5.1879254897357896e-05,0.8846322894096375,0.04423161596059799,0.7282528281211853,22.71590805053711,1.1357953548431396,0.8342441320419312,19.813329696655273,0.9906665086746216,0.6504443883895874,16.324993133544922,0.816249668598175,0.002712813438847661,1.3165723085403442,0.06582861393690109,0.8540780544281006,18.916015625,0.94580078125,0.039084579795598984,7.166001796722412,0.3583000898361206,0.570603609085083,15.744619369506836,0.7872309684753418,0.1752759963274002,9.024658203125,0.45123291015625,0.0,0.0,2,2
ab_5-a-1_kv_kv-hasimara_06082025-000000-1_EN-OL-RC-500_1,5,he,he,c,25.44,25.71,HH IY,c,0,HH IY * SIL *,HH IY,1272,1286,14,-0.03267628327012062,-0.0785905048251152,-0.005613607354462147,-0.8612864017486572,-5.471765518188477,-0.3908403813838959,0.00017678685253486037,0.44242584705352783,0.03160184621810913,0.8917113542556763,22.03261947631836,1.5737584829330444,0.9867929220199585,13.968191146850586,0.9977279305458069,0.5601330399513245,10.56484317779541,0.7546316385269165,0.0005892401095479727,0.36808931827545166,0.026292094960808754,0.8187956809997559,12.870223045349121,0.9193016290664673,0.0178470928221941,2.9936866760253906,0.2138347625732422,0.5155316591262817,9.99998950958252,0.7142849564552307,0.13773056864738464,4.713030815124512,0.33664506673812866,0.0,0.0,2,2
ab_5-a-1_kv_kv-hasimara_06082025-000000-1_EN-OL-RC-500_1,5,could,could,c,26.37,26.82,K UH D,s,1,K OW L D *,K OW L D,1318,1341,23,-0.19488604366779327,-0.31590259075164795,-0.013734894804656506,-1.1850543022155762,-8.266304016113281,-0.3594045341014862,5.4010728490538895e-05,1.1527692079544067,0.05012040212750435,0.7401050329208374,33.371437072753906,1.4509320259094238,0.9228047132492065,22.873971939086914,0.9945205450057983,0.5270742177963257,17.71186637878418,0.7700811624526978,0.0003369274199940264,0.8443984389305115,0.036712974309921265,0.7657231092453003,21.26840591430664,0.9247133135795593,0.005488739348948002,5.9340386390686035,0.2580016851425171,0.4462757110595703,16.866453170776367,0.7333240509033203,0.10047531872987747,8.508621215820312,0.36994004249572754,10.523824038627245,2.0,3,4
ab_5-a-1_kv_kv-hasimara_06082025-000000-1_EN-OL-RC-500_1,5,not,not,c,27.93,28.38,N AA T,c,0,N AO T *,N AO T,1396,1419,23,-0.032769281417131424,-0.037452809512615204,-0.0016283830627799034,-0.5471609234809875,-4.197653770446777,-0.18250668048858643,2.4008086256799288e-05,0.18185625970363617,0.007906793616712093,0.5820549726486206,21.7127742767334,0.944033682346344,0.9867554306983948,22.98485565185547,0.9993415474891663,0.72025465965271,19.405048370361328,0.843697726726532,0.00883077085018158,2.1792609691619873,0.09475047886371613,0.9003424048423767,22.035186767578125,0.9580516219139099,0.109246626496315,9.916271209716797,0.43114224076271057,0.6592157483100891,18.907854080200195,0.8220806121826172,0.2550482153892517,11.728813171386719,0.5099483728408813,0.406100786224316,1.0,3,3
ab_5-a-1_kv_kv-hasimara_06082025-000000-1_EN-OL-RC-500_1,5,keep,keep,c,28.38,28.77,K IY P,c,0,K IY P *,K IY P,1419,1439,20,-0.10016956180334091,-0.16148076951503754,-0.008074038662016392,-0.6426106095314026,-4.471774101257324,-0.2235887050628662,2.5363357053720392e-05,0.6049776673316956,0.030248884111642838,0.5670503377914429,20.7237491607666,1.0361874103546143,0.9598527550697327,19.935123443603516,0.9967561960220337,0.7220127582550049,16.63023567199707,0.8315117955207825,0.009097190573811531,1.6380212306976318,0.08190105855464935,0.89322829246521,19.040050506591797,0.9520025253295898,0.09327484667301178,7.8316755294799805,0.39158377051353455,0.6440351009368896,16.078630447387695,0.8039315342903137,0.23939234018325806,9.581343650817871,0.4790671765804291,0.0,0.0,3,3
ab_5-a-1_kv_kv-hasimara_06082025-000000-1_EN-OL-RC-500_1,5,a,a,c,28.83,29.22,AH,c,0,AH SIL *,AH,1441,1461,20,-0.01646268740296364,-0.02482500672340393,-0.0012412503128871322,-0.525566816329956,-4.699451446533203,-0.23497256636619568,7.799572631483898e-05,0.15609771013259888,0.007804885506629944,0.6444725394248962,23.01311683654785,1.1506558656692505,0.9933326244354248,19.989938735961914,0.9994969367980957,0.694176435470581,16.332921981811523,0.8166460990905762,0.005682260263711214,1.2186225652694702,0.06093112751841545,0.893963098526001,18.961870193481445,0.9480935335159302,0.09481006115674973,6.950971603393555,0.34754857420921326,0.6455727815628052,15.776634216308594,0.7888317108154297,0.2409370243549347,8.915664672851562,0.44578322768211365,0.0,0.0,1,1
ab_5-a-1_kv_kv-hasimara_06082025-000000-1_EN-OL-RC-500_1,5,watch,watch,c,29.49,29.97,W AA CH,c,0,W AO CH *,W AO CH,1474,1499,25,-0.1237853467464447,-0.13046598434448242,-0.005218639504164457,-0.5570226907730103,-5.131662845611572,-0.20526652038097382,2.4896500690374523e-05,0.41481494903564453,0.01659259758889675,0.6026682257652283,25.52473258972168,1.0209892988204956,0.9505332708358765,24.94782257080078,0.9979128837585449,0.6788390278816223,20.806331634521484,0.8322532773017883,0.004384366329759359,2.0292763710021973,0.08117105811834335,0.8963181972503662,23.848512649536133,0.9539405107498169,0.09990307688713074,9.982343673706055,0.3992937505245209,0.650547444820404,20.2210693359375,0.8088427782058716,0.24599727988243103,12.133044242858887,0.4853217601776123,0.406100786224316,1.0,3,3
ab_5-a-1_kv_kv-hasimara_06082025-000000-1_EN-OL-RC-500_1,5,on,on,c,30.0,30.33,AA N,c,0,AO N *,AO N,1500,1517,17,-0.43856552243232727,-0.44161444902420044,-0.025977320969104767,-0.742240846157074,-3.7575109004974365,-0.22103005647659302,1.805156352929771e-05,0.6775466203689575,0.03985568508505821,0.6116666793823242,17.592538833618164,1.0348552465438843,0.8314262628555298,16.830188751220703,0.9900110960006714,0.7367035746574402,14.147497177124023,0.8322057127952576,0.011662019416689873,1.3107285499572754,0.0771016776561737,0.9087599515914917,16.205730438232422,0.9532782435417175,0.13171300292015076,6.572402477264404,0.3866119086742401,0.6780766844749451,13.689599990844727,0.8052706122398376,0.2758110761642456,8.095314025878906,0.47619494795799255,0.406100786224316,1.0,2,2
ab_5-a-1_kv_kv-hasimara_06082025-000000-1_EN-OL-RC-500_1,5,the,the,c,30.33,30.63,DH AH,c,0,DH AH * SIL *,DH AH,1516,1532,16,-0.044884491711854935,-0.06346158683300018,-0.0039663491770625114,-0.49193358421325684,-3.863612174987793,-0.24147576093673706,4.693588925874792e-05,0.305288165807724,0.01908051036298275,0.6408688426017761,17.89360809326172,1.1183505058288574,0.9818862676620483,15.974353790283203,0.9983971118927002,0.7147942185401917,13.161355972290039,0.8225847482681274,0.00805203802883625,1.125641107559204,0.07035256922245026,0.9146033525466919,15.18116283416748,0.9488226771354675,0.1499723196029663,5.715823173522949,0.3572389483451843,0.6917974948883057,12.668464660644531,0.7917790412902832,0.29188594222068787,7.256479263305664,0.453529953956604,0.0,0.0,2,2
ab_5-a-1_kv_kv-hasimara_06082025-000000-1_EN-OL-RC-500_1,5,animals,animals,c,30.93,31.59,AE N AH M AH L Z,c,0,AE N IH M AH L Z *,AE N IH M AH L Z,1546,1580,34,-0.027593232691287994,-0.055415794253349304,-0.0016298763221129775,-0.6204401850700378,-6.5384111404418945,-0.19230620563030243,1.742939457471948e-05,0.2782502770423889,0.008183831349015236,0.5418292284011841,33.60016632080078,0.9882401823997498,0.9888403415679932,33.97757339477539,0.9993404150009155,0.6760902404785156,28.442813873291016,0.8365533351898193,0.0041852775029838085,2.962862968444824,0.08714302629232407,0.8803027272224426,32.4980583190918,0.9558252692222595,0.06999162584543228,14.069846153259277,0.41381901502609253,0.6180406808853149,27.707691192626953,0.814932107925415,0.214609295129776,16.883180618286133,0.4965641498565674,2.8059285653833057,1.0,7,7
ab_5-a-1_kv_kv-hasimara_06082025-000000-1_EN-OL-RC-500_1,5,all,all,c,31.59,31.95,AO L,c,0,AO L *,AO L,1579,1598,19,-0.003236160147935152,-0.0065095266327261925,-0.00034260665415786207,-0.38588064908981323,-3.564760208129883,-0.18761895596981049,2.211661558249034e-05,0.051079198718070984,0.002688378794118762,0.6531352400779724,18.895339965820312,0.9944915771484375,0.9986871480941772,18.997358322143555,0.999860942363739,0.731381893157959,15.91573429107666,0.8376702070236206,0.010658582672476768,1.4779236316680908,0.07778545469045639,0.9172405004501343,18.178800582885742,0.9567790031433105,0.1590220034122467,7.660011291503906,0.4031584858894348,0.6981714963912964,15.47928524017334,0.8146992325782776,0.29964566230773926,9.289531707763672,0.48892271518707275,0.0,0.0,2,2
ab_5-a-1_kv_kv-hasimara_06082025-000000-1_EN-OL-RC-500_1,5,the,the,c,31.95,32.07,DH AH,c,0,DH AH *,DH AH,1597,1604,7,-0.0007904314552433789,-0.002045180881395936,-0.0002921686973422766,-0.3324078917503357,-1.5717450380325317,-0.2245350033044815,0.00033401171094737947,0.018354052677750587,0.0026220076251775026,0.7581698298454285,7.938302516937256,1.1340432167053223,0.9996792674064636,6.999170303344727,0.9998814463615417,0.7466878890991211,5.749232292175293,0.8213189244270325,0.013806469738483429,0.4246915578842163,0.06067022308707237,0.925826370716095,6.652421951293945,0.9503459930419922,0.1924428790807724,2.4376401901245117,0.3482343256473541,0.7197704911231995,5.550821781158447,0.7929745316505432,0.32739394903182983,3.1304266452789307,0.4472038149833679,0.0,0.0,2,2
ab_5-a-1_kv_kv-hasimara_06082025-000000-1_EN-OL-RC-500_1,5,time,time,c,32.07,32.49,T AY M,c,0,* T AY M *,T AY M,1603,1625,22,-0.45363321900367737,-0.5634554028511047,-0.02561160922050476,-0.8488144874572754,-5.028377056121826,-0.228562593460083,1.530121880932711e-05,1.0853452682495117,0.04933387413620949,0.5311357378959656,22.37753677368164,1.0171607732772827,0.8259565234184265,21.781713485717773,0.9900779128074646,0.7182979583740234,18.353742599487305,0.8342610001564026,0.008543421514332294,1.8730098009109497,0.08513680845499039,0.8811259269714355,20.95875358581543,0.9526706337928772,0.07128357142210007,8.717061996459961,0.3962301015853882,0.6196396350860596,17.732101440429688,0.8060045838356018,0.21606358885765076,10.625354766845703,0.4829706847667694,0.0,0.0,3,3
ab_5-a-1_kv_kv-hasimara_06082025-000000-1_EN-OL-RC-500_1,5,my,my,c,32.49,32.85,M AY,c,0,* M AY *,M AY,1624,1643,19,-0.07314972579479218,-0.0770891010761261,-0.004057321231812239,-0.5045329928398132,-3.6521525382995605,-0.19221855700016022,2.207017496402841e-05,0.2883869409561157,0.015178260393440723,0.6472336649894714,18.466053009033203,0.971897542476654,0.9705832600593567,18.968984603881836,0.9983676075935364,0.7215172052383423,15.962435722351074,0.8401281833648682,0.009021296165883541,1.6184966564178467,0.08518403768539429,0.9157592058181763,18.179218292236328,0.9568009376525879,0.1538735181093216,7.856987476348877,0.41352567076683044,0.6945768594741821,15.515228271484375,0.8165909647941589,0.2952462434768677,9.435798645019531,0.4966209828853607,0.0,0.0,2,2
ab_5-a-1_kv_kv-hasimara_06082025-000000-1_EN-OL-RC-500_1,5,uncle,uncle,c,32.85,33.36,AH NG K AH L,c,0,AH NG K AH L *,AH NG K AH L,1642,1668,26,-0.06594331562519073,-0.11479530483484268,-0.00441520381718874,-0.795967161655426,-5.203431606292725,-0.20013198256492615,1.5927254935377277e-05,0.46369919180870056,0.017834585160017014,0.6092897653579712,25.31993293762207,0.9738435745239258,0.973457396030426,25.9537353515625,0.9982205629348755,0.6126656532287598,21.799999237060547,0.8384615182876587,0.0014322764473035932,2.433887481689453,0.09361105412244797,0.843833863735199,24.831893920898438,0.955072820186615,0.031128598377108574,10.993912696838379,0.422842800617218,0.5536969900131226,21.204654693603516,0.8155636191368103,0.16289697587490082,13.064596176147461,0.5024844408035278,0.0,0.0,5,5
ab_5-a-1_kv_kv-hasimara_06082025-000000-1_EN-OL-RC-500_1,5,bought,bought,c,33.36,33.81,B AA T,s,1,* B R AO T * SIL,B R AO T,1668,1691,23,-0.371531218290329,-0.5929209589958191,-0.025779172778129578,-1.08572256565094,-6.35299825668335,-0.2762173116207123,2.8131613362347707e-05,1.5301265716552734,0.06652723997831345,0.5603208541870117,26.465499877929688,1.1506738662719727,0.8560113310813904,22.76757049560547,0.9898943901062012,0.6358627080917358,18.755037307739258,0.8154364228248596,0.0021200852934271097,1.5260815620422363,0.06635136902332306,0.8216928243637085,21.703105926513672,0.9436132907867432,0.019033635035157204,8.020953178405762,0.34873709082603455,0.5197396874427795,17.984481811523438,0.7819339632987976,0.14032842218875885,10.207653999328613,0.4438110291957855,5.110080790866428,2.0,3,4
ab_5-a-1_kv_kv-hasimara_06082025-000000-1_EN-OL-RC-500_1,5,a,a,c,33.84,34.14,AH,c,0,AH SIL,AH,1692,1707,15,-0.6708473563194275,-0.6732596755027771,-0.04488397762179375,-1.0464369058609009,-4.051624298095703,-0.27010828256607056,7.874713628552854e-05,0.7522866129875183,0.05015243962407112,0.6735578775405884,17.70946502685547,1.1806310415267944,0.7493539452552795,14.74837589263916,0.9832250475883484,0.6785972118377686,12.165374755859375,0.8110249638557434,0.004366481676697731,0.8709272742271423,0.05806181952357292,0.8534999489784241,14.165435791015625,0.9443624019622803,0.03858579322695732,5.07509708404541,0.33833980560302734,0.5696274638175964,11.714241981506348,0.7809494733810425,0.1745392084121704,6.552097320556641,0.43680649995803833,0.0,0.0,1,1
ab_5-a-1_kv_kv-hasimara_06082025-000000-1_EN-OL-RC-500_1,5,dog,dog,c,34.56,35.01,D AO G,c,0,D AO G *,D AO G,1728,1751,23,-0.0023446129634976387,-0.0036995992995798588,-0.00016085214156191796,-0.4645654261112213,-4.153539657592773,-0.18058867752552032,2.32740039791679e-05,0.031639475375413895,0.0013756293337792158,0.5598947405815125,22.51543426513672,0.9789319038391113,0.9990487098693848,22.998497009277344,0.9999346733093262,0.6833616495132446,19.24639892578125,0.8367999792098999,0.004732751287519932,1.945109486579895,0.08456997573375702,0.8989876508712769,22.01128578186035,0.957012414932251,0.1060074120759964,9.596508026123047,0.4172394871711731,0.656273365020752,18.80719566345215,0.8177041411399841,0.25194230675697327,11.484369277954102,0.4993204176425934,0.0,0.0,3,3
ab_5-a-1_kv_kv-hasimara_06082025-000000-1_EN-OL-RC-500_1,5,to,to,c,35.01,35.25,T UW,c,0,* T UW *,T UW,1750,1763,13,-0.056233033537864685,-0.10729233175516129,-0.008253255859017372,-0.4901334345340729,-3.0237526893615723,-0.23259636759757996,1.9515711755957454e-05,0.45056405663490295,0.034658774733543396,0.5834119915962219,13.787867546081543,1.0606051683425903,0.9773386120796204,12.956684112548828,0.9966679811477661,0.7432844638824463,10.781835556030273,0.829371988773346,0.013034467585384846,0.9927147030830383,0.07636266946792603,0.9205809235572815,12.366812705993652,0.9512932896614075,0.17127284407615662,4.85172176361084,0.3732093572616577,0.7064162492752075,10.388850212097168,0.7991423010826111,0.30996790528297424,6.062246322631836,0.46632665395736694,0.0,0.0,2,2
ab_5-a-1_kv_kv-hasimara_06082025-000000-1_EN-OL-RC-500_1,5,help,help,c,35.25,35.61,HH EH L P,c,0,* HH EH L P *,HH EH L P,1762,1781,19,-0.056233033537864685,-0.059943072497844696,-0.003154898528009653,-0.4901334345340729,-4.524137496948242,-0.23811249434947968,3.142560672131367e-05,0.24658870697021484,0.01297835260629654,0.6119476556777954,22.199663162231445,1.1684032678604126,0.9773386120796204,18.975831985473633,0.9987279772758484,0.7169440984725952,15.443235397338867,0.8128018379211426,0.008350097574293613,1.117952823638916,0.058839622884988785,0.9122896790504456,18.00037384033203,0.9473881125450134,0.1424580216407776,6.454782962799072,0.33972540497779846,0.6863000392913818,14.9345064163208,0.786026656627655,0.2853437066078186,8.36404800415039,0.44021305441856384,0.0,0.0,4,4
ab_5-a-1_kv_kv-hasimara_06082025-000000-1_EN-OL-RC-500_1,5,us,us,c,35.67,36.09,AH S,c,0,AH S * SIL *,AH S,1783,1805,22,-0.14227251708507538,-0.14403566718101501,-0.006547075696289539,-0.7766517996788025,-4.234400272369385,-0.19247274100780487,2.730979394982569e-05,0.4519869387149811,0.020544860512018204,0.5837359428405762,21.060813903808594,0.9573097229003906,0.943276047706604,21.942562103271484,0.9973891973495483,0.7083041667938232,18.502403259277344,0.8410183191299438,0.0072152758948504925,2.0629754066467285,0.09377160668373108,0.8729426860809326,21.042858123779297,0.9564935564994812,0.0594332329928875,9.400126457214355,0.4272784888744354,0.6040623188018799,18.011363983154297,0.8186983466148376,0.20226769149303436,11.139714241027832,0.5063506364822388,0.0,0.0,2,2
ab_5-a-1_kv_kv-hasimara_06082025-000000-1_EN-OL-RC-500_1,5,look,look,c,36.36,36.72,L UH K,c,0,L UH K *,L UH K,1818,1836,18,-0.06895270198583603,-0.07290421426296234,-0.004050234332680702,-0.5059967637062073,-3.6189446449279785,-0.2010524868965149,3.0154864361975342e-05,0.27458542585372925,0.015254746191203594,0.6034355163574219,18.311370849609375,1.0172983407974243,0.972256600856781,17.970653533935547,0.9983696341514587,0.7078770399093628,14.989811897277832,0.8327673077583313,0.007163360249251127,1.4483551979064941,0.08046417683362961,0.9108296632766724,17.18192481994629,0.9545513987541199,0.13791103661060333,7.176553726196289,0.3986974358558655,0.6828749179840088,14.576045036315918,0.8097802996635437,0.2813367545604706,8.735286712646484,0.4852937161922455,0.0,0.0,3,3
ab_5-a-1_kv_kv-hasimara_06082025-000000-1_EN-OL-RC-500_1,5,after,after,c,36.72,37.2,AE F T AH R,c,0,AA F T AH R,AA F T AH R,1836,1860,24,-0.006841104943305254,-0.014252387918531895,-0.0005938495160080492,-0.45500946044921875,-4.525751113891602,-0.188572958111763,1.955355764948763e-05,0.09415771067142487,0.003923237789422274,0.5915446281433105,23.683767318725586,0.9868236184120178,0.9972259998321533,23.994218826293945,0.9997591376304626,0.7000112533569336,20.088041305541992,0.8370017409324646,0.00627137441188097,2.1229002475738525,0.08845417946577072,0.903268039226532,22.95037269592285,0.9562655091285706,0.11658358573913574,9.974193572998047,0.41559138894081116,0.6656559705734253,19.583236694335938,0.8159682154655457,0.2619699239730835,11.95821762084961,0.4982590675354004,1.8273272771167965,1.0,5,5
ab_5-a-1_kv_kv-hasimara_06082025-000000-1_EN-OL-RC-500_1,5,them,them,c,37.2,37.59,DH EH M,c,0,* DH EH M *,DH EH M,1860,1880,20,-0.0038764411583542824,-0.006463217083364725,-0.0003231608425267041,-0.4472061097621918,-3.8565409183502197,-0.192827045917511,2.908818714786321e-05,0.05063742771744728,0.0025318714324384928,0.6358132362365723,20.24204444885254,1.0121022462844849,0.9984275102615356,19.997379302978516,0.9998689889907837,0.7126646041870117,16.68344497680664,0.834172248840332,0.007767286151647568,1.6048039197921753,0.08024019747972488,0.9072569012641907,19.109413146972656,0.9554706811904907,0.12738730013370514,8.036128044128418,0.40180641412734985,0.6746331453323364,16.241464614868164,0.8120732307434082,0.2719075083732605,9.751757621765137,0.4875878691673279,0.0,0.0,3,3
ab_5-a-1_kv_kv-hasimara_06082025-000000-1_EN-OL-RC-500_1,5,the,the,c,37.59,37.74,DH AH,c,0,DH AH *,DH AH,1879,1887,8,-0.058491598814725876,-0.06670595705509186,-0.008338244631886482,-0.4693940281867981,-2.1772944927215576,-0.2721618115901947,8.770886779529974e-05,0.27435827255249023,0.03429478406906128,0.7547290921211243,9.682710647583008,1.210338830947876,0.9764348864555359,7.973102569580078,0.9966378211975098,0.7532718777656555,6.503514289855957,0.8129392862319946,0.015432097017765045,0.39456677436828613,0.04932084679603577,0.9278724789619446,7.558805465698242,0.9448506832122803,0.20139306783676147,2.4452412128448486,0.3056551516056061,0.7251215577125549,6.201357841491699,0.7751697301864624,0.33463054895401,3.3200809955596924,0.41501012444496155,0.0,0.0,2,2
ab_5-a-1_kv_kv-hasimara_06082025-000000-1_EN-OL-RC-500_1,5,dog,dog,c,37.74,38.13,D AO G,c,0,* D AO G *,D AO G,1887,1907,20,-0.013181818649172783,-0.016510246321558952,-0.000825512339361012,-0.47468143701553345,-4.305109024047852,-0.21525545418262482,2.9541544790845364e-05,0.1002664640545845,0.00501332338899374,0.6241013407707214,22.01955223083496,1.1009776592254639,0.9946591258049011,19.993309020996094,0.9996654391288757,0.6785788536071777,16.404949188232422,0.82024747133255,0.004365120083093643,1.3670274019241333,0.0683513730764389,0.8968315124511719,19.01494026184082,0.950747013092041,0.10104892402887344,7.3875732421875,0.3693786561489105,0.6516411900520325,15.951457977294922,0.797572910785675,0.24712282419204712,9.253727912902832,0.4626863896846771,0.0,0.0,3,3
ab_5-a-1_kv_kv-hasimara_06082025-000000-1_EN-OL-RC-500_1,5,was,was,c,38.13,38.43,W AA Z,c,0,* W AO Z *,W AO Z,1906,1922,16,-0.37969574332237244,-0.4266895353794098,-0.026668095961213112,-0.9042168855667114,-4.291807651519775,-0.26823797821998596,1.8535305571276695e-05,0.8450920581817627,0.05281825363636017,0.5604430437088013,18.563682556152344,1.1602301597595215,0.8529947400093079,15.833995819091797,0.9896247386932373,0.6632775664329529,12.976119041442871,0.8110074400901794,0.003370133461430669,1.1426838636398315,0.07141774147748947,0.8567982912063599,15.10285472869873,0.9439284205436707,0.04151955246925354,5.666046142578125,0.3541278839111328,0.5752344131469727,12.526113510131836,0.7828820943832397,0.1788087636232376,7.176358699798584,0.4485224187374115,0.406100786224316,1.0,3,3
ab_5-a-1_kv_kv-hasimara_06082025-000000-1_EN-OL-RC-500_1,5,named,named,c,38.43,38.91,N EY M D,c,0,* N EY M D *,N EY M D,1921,1946,25,-0.10394745320081711,-0.1661168932914734,-0.006644675508141518,-0.5538140535354614,-6.131409645080566,-0.24525637924671173,1.307560069108149e-05,0.6264945268630981,0.025059781968593597,0.5318970680236816,28.574989318847656,1.142999529838562,0.9583581686019897,24.933223724365234,0.9973289370536804,0.7183116674423218,20.404083251953125,0.8161633014678955,0.008545401506125927,1.7211418151855469,0.06884567439556122,0.9077261686325073,23.68133544921875,0.947253406047821,0.12872232496738434,8.797182083129883,0.3518872857093811,0.6757045984268188,19.698776245117188,0.7879510521888733,0.2731165587902069,11.233335494995117,0.44933342933654785,0.0,0.0,4,4
ab_5-a-1_kv_kv-hasimara_06082025-000000-1_EN-OL-RC-500_1,5,lucky,lucky,c,38.91,39.36,L AH K IY,c,0,* L AH K IY * SIL *,L AH K IY,1945,1968,23,-0.16171421110630035,-0.21659010648727417,-0.00941696111112833,-0.8049460649490356,-5.6953582763671875,-0.24762427806854248,2.8606898922589608e-05,0.7520041465759277,0.03269583359360695,0.6644286513328552,26.35763931274414,1.1459842920303345,0.935680091381073,22.913543701171875,0.99624103307724,0.7225415706634521,18.776227951049805,0.8163577318191528,0.009178894571959972,1.457253336906433,0.0633588433265686,0.8746953010559082,21.77971839904785,0.9469442963600159,0.061793167144060135,8.00670337677002,0.34811753034591675,0.6073404550552368,18.099197387695312,0.7869216203689575,0.20510293543338776,10.250467300415039,0.44567248225212097,0.0,0.0,4,4
ab_5-a-1_kv_kv-hasimara_06082025-000000-1_EN-OL-RC-500_1,5,he,he,c,39.6,39.84,HH IY,c,0,HH IY *,HH IY,1980,1993,13,-0.007156227249652147,-0.01354492548853159,-0.0010419173631817102,-0.4875807464122772,-2.813398838043213,-0.21641530096530914,1.5003482985775918e-05,0.09006842225790024,0.006928340066224337,0.5869179368019104,13.9501314163208,1.0730869770050049,0.9970985054969788,12.994505882263184,0.9995774030685425,0.7070479393005371,10.729738235473633,0.8253644704818726,0.00706365704536438,0.9705957174301147,0.07466121017932892,0.9029078483581543,12.36864185333252,0.9514340162277222,0.1156543716788292,4.949049949645996,0.3806961476802826,0.6648566126823425,10.41201400756836,0.8009241819381714,0.2611015737056732,6.123321056365967,0.47102469205856323,0.0,0.0,2,2
ab_5-a-1_kv_kv-hasimara_06082025-000000-1_EN-OL-RC-500_1,5,was,was,c,39.84,40.17,W AA Z,c,0,* W AO Z *,W AO Z,1992,2009,17,-0.033518992364406586,-0.05119600147008896,-0.003011529566720128,-0.44739508628845215,-3.997910499572754,-0.23517119884490967,2.4574646886321716e-05,0.25500786304473877,0.015000462532043457,0.6128370761871338,19.200565338134766,1.1294450759887695,0.9864537715911865,16.97928810119629,0.998781681060791,0.6886024475097656,13.927314758300781,0.8192538022994995,0.005171237047761679,1.0806529521942139,0.06356781721115112,0.9029373526573181,16.13181495666504,0.9489302635192871,0.11573014408349991,5.972280025482178,0.3513105809688568,0.6649219393730164,13.446688652038574,0.7909817099571228,0.26117241382598877,7.631671905517578,0.44892188906669617,0.406100786224316,1.0,3,3
ab_5-a-1_kv_kv-hasimara_06082025-000000-1_EN-OL-RC-500_1,5,a,a,c,40.2,40.38,AH,c,0,AH *,AH,2010,2019,9,-0.3261553943157196,-0.32958972454071045,-0.036621078848838806,-0.7129683494567871,-2.110870361328125,-0.2345411479473114,4.552142490865663e-05,0.6170781254768372,0.06856423616409302,0.6298633813858032,9.033510208129883,1.003723382949829,0.8728883862495422,8.871495246887207,0.9857217073440552,0.7652551531791687,7.541653156280518,0.8379614353179932,0.01889779046177864,0.7526074051856995,0.08362304419279099,0.9044012427330017,8.579803466796875,0.9533115029335022,0.11955606937408447,3.547945976257324,0.3942162096500397,0.6681828498840332,7.260627269744873,0.8067363500595093,0.26473268866539,4.335346698760986,0.4817051887512207,0.0,0.0,1,1
ab_5-a-1_kv_kv-hasimara_06082025-000000-1_EN-OL-RC-500_1,5,good,good,c,40.38,40.74,G UH D,c,0,G UH D * SIL,G UH D,2019,2037,18,-0.001546863466501236,-0.0031715957447886467,-0.00017619977006688714,-0.3985777795314789,-3.7776644229888916,-0.20987024903297424,2.6043717298307456e-05,0.0288607869297266,0.0016033770516514778,0.6428714394569397,19.806289672851562,1.1003494262695312,0.9993722438812256,17.99871253967285,0.9999284744262695,0.7168395519256592,14.761238098144531,0.8200687766075134,0.008335351012647152,1.2109829187393188,0.06727682799100876,0.9130539894104004,17.122236251831055,0.9512353539466858,0.1448976844549179,6.66328763961792,0.3701826333999634,0.6881065368652344,14.374198913574219,0.7985665798187256,0.2874782979488373,8.341373443603516,0.4634096324443817,0.0,0.0,3,3
ab_5-a-1_kv_kv-hasimara_06082025-000000-1_EN-OL-RC-500_1,5,watchdog,watchdog,c,41.22,42.06,W AA CH D AO G,c,0,W AO CH * D AO G *,W AO CH D AO G,2061,2103,42,-0.647239625453949,-0.7419657707214355,-0.01766585186123848,-0.8229953050613403,-9.738224029541016,-0.23186247050762177,1.5142967640713323e-05,1.15141761302948,0.027414705604314804,0.5611565709114075,45.111873626708984,1.0740922689437866,0.7574794888496399,41.719200134277344,0.993314266204834,0.6725718975067139,34.65125274658203,0.8250298500061035,0.003943577408790588,3.222937822341919,0.07673661410808563,0.8846664428710938,39.90858840942383,0.9502044916152954,0.0771171823143959,16.014741897583008,0.3813033699989319,0.6266012787818909,33.55308532714844,0.7988829612731934,0.22250014543533325,19.768383026123047,0.4706757962703705,0.406100786224316,1.0,6,6
an_5-a-10_kv_kv-kaduthuruthy_06082025-000000-1_EN-OL-RC-434_2,5,so,so,c,0.99,1.5,S OW,c,0,S OW * SIL *,S OW,49,75,26,-0.03894716128706932,-0.04285786300897598,-0.0016483793733641505,-0.4492541551589966,-5.089992523193359,-0.19576893746852875,1.8142585759051144e-05,0.19702768325805664,0.007577987853437662,0.602009117603302,26.3670597076416,1.01411771774292,0.9842708110809326,25.982685089111328,0.9993340373039246,0.7117595672607422,21.654605865478516,0.8328694701194763,0.007649348583072424,2.098836898803711,0.08072449266910553,0.9109140634536743,24.82854652404785,0.9549440741539001,0.13816998898983002,10.454450607299805,0.4020942449569702,0.6830720901489258,21.08909034729004,0.8111188411712646,0.28156599402427673,12.684255599975586,0.4878559708595276,0.0,0.0,2,2
an_5-a-10_kv_kv-kaduthuruthy_06082025-000000-1_EN-OL-RC-434_2,5,the,the,c,1.65,1.83,DH AH,c,0,DH AH *,DH AH,82,92,10,-0.07056063413619995,-0.07135113328695297,-0.00713511323556304,-0.5100088119506836,-2.153820753097534,-0.21538206934928894,2.5980181817431003e-05,0.2570958435535431,0.02570958435535431,0.5898661017417908,10.403546333312988,1.040354609489441,0.9716153740882874,9.971294403076172,0.9971294403076172,0.7488260865211487,8.314571380615234,0.8314571380615234,0.014314692467451096,0.7712377309799194,0.07712377607822418,0.9197568297386169,9.53144645690918,0.9531446695327759,0.16816554963588715,3.8501791954040527,0.38501793146133423,0.7043640613555908,8.04700756072998,0.8047007322311401,0.30736806988716125,4.751189708709717,0.4751189649105072,0.0,0.0,2,2
an_5-a-10_kv_kv-kaduthuruthy_06082025-000000-1_EN-OL-RC-434_2,5,villagers,villagers,c,1.83,2.67,V IH L IH JH AH R Z,c,0,* W IH L IH JH AH R S *,W IH L IH JH AH R S,91,134,43,-0.06858889013528824,-0.33754709362983704,-0.00784993264824152,-0.9907292127609253,-13.46396541595459,-0.3131154775619507,2.4280312572955154e-05,1.4970158338546753,0.034814320504665375,0.6113869547843933,56.470436096191406,1.3132659196853638,0.9724017977714539,42.863868713378906,0.9968341588973999,0.5688287019729614,34.07417678833008,0.7924227118492126,0.0006825651507824659,2.223543167114258,0.051710307598114014,0.8033655881881714,40.193931579589844,0.9347425699234009,0.012667280621826649,12.89340591430664,0.2998466491699219,0.4939383268356323,32.55647277832031,0.7571272850036621,0.12503860890865326,17.410770416259766,0.4049016237258911,3.170349193816566,2.0,8,8
an_5-a-10_kv_kv-kaduthuruthy_06082025-000000-1_EN-OL-RC-434_2,5,went,went,c,2.67,2.97,W EH N T,c,0,W EH N T * T,W EH N T T,133,149,16,-0.117669977247715,-0.194001704454422,-0.012125106528401375,-0.6366593837738037,-4.22609281539917,-0.2641308009624481,4.7854780859779567e-05,0.6329265236854553,0.03955790773034096,0.6449962854385376,18.978328704833984,1.186145544052124,0.952941358089447,15.922233581542969,0.9951395988464355,0.7314877510070801,12.97580337524414,0.8109877109527588,0.010677673853933811,0.9876269698143005,0.061726685613393784,0.8959735631942749,15.112980842590332,0.9445613026618958,0.09914103895425797,5.3388848304748535,0.33368030190467834,0.649815022945404,12.477066040039062,0.7798166275024414,0.24524618685245514,6.955315589904785,0.4347072243690491,4.634088973948741,1.0,4,5
an_5-a-10_kv_kv-kaduthuruthy_06082025-000000-1_EN-OL-RC-434_2,5,to,to,c,2.97,3.06,T UW,c,0,T UW *,T UW,148,153,5,-0.2654842138290405,-0.2719283998012543,-0.054385680705308914,-0.7789976596832275,-2.0270369052886963,-0.4054073691368103,0.00038200017297640443,0.5881800651550293,0.11763601005077362,1.0140048265457153,7.590380668640137,1.5180761814117432,0.8957556486129761,4.893142223358154,0.9786284565925598,0.7095204591751099,3.8278982639312744,0.7655796408653259,0.0073651815764606,0.13111600279808044,0.02622320130467415,0.87887042760849,4.615219593048096,0.9230439066886902,0.06779944896697998,1.0512248277664185,0.21024496853351593,0.6152761578559875,3.593949556350708,0.7187899351119995,0.2121157944202423,1.6846160888671875,0.336923211812973,0.0,0.0,2,2
an_5-a-10_kv_kv-kaduthuruthy_06082025-000000-1_EN-OL-RC-434_2,5,the,the,c,3.06,3.18,DH AH,c,0,* DH AH *,DH AH,153,159,6,-0.20227134227752686,-0.37900310754776,-0.06316718459129333,-0.6437175273895264,-2.567455768585205,-0.4279092848300934,0.0015156656736508012,0.9689199328422546,0.1614866554737091,1.3579009771347046,8.925691604614258,1.4876152276992798,0.9199526906013489,5.8496198654174805,0.9749366641044617,0.7449618577957153,4.663779258728027,0.7772965431213379,0.013409391045570374,0.14469239115715027,0.02411539852619171,0.907863438129425,5.547664165496826,0.9246106743812561,0.1291155368089676,1.1537305116653442,0.19228841364383698,0.6760186553001404,4.305978775024414,0.7176631093025208,0.2734719514846802,1.95819890499115,0.32636648416519165,0.0,0.0,2,2
an_5-a-10_kv_kv-kaduthuruthy_06082025-000000-1_EN-OL-RC-434_2,5,forest,forest,c,3.18,3.84,F AO R AH S T,c,0,* F AO R EH S T *,F AO R EH S T,159,192,33,-0.48596662282943726,-0.49421828985214233,-0.014976311475038528,-0.7564606070518494,-6.1082539558410645,-0.18509860336780548,1.5044068277347833e-05,0.7292943596839905,0.022099828347563744,0.520423412322998,30.514789581298828,0.9246906042098999,0.8142886161804199,32.810943603515625,0.9942710399627686,0.7053477168083191,27.90431785583496,0.8455854058265686,0.006863500457257032,3.3036258220672607,0.10010987520217896,0.900375485420227,31.632606506347656,0.9585638046264648,0.10932698100805283,14.491952896118164,0.4391500949859619,0.6592879295349121,27.205703735351562,0.8244152665138245,0.25512486696243286,17.040498733520508,0.5163787603378296,3.069714006777209,1.0,6,6
an_5-a-10_kv_kv-kaduthuruthy_06082025-000000-1_EN-OL-RC-434_2,5,and,and,c,3.84,4.14,AH N D,c,0,AE N D *,AE N D,192,207,15,-0.005798069294542074,-0.007854102179408073,-0.0005236068391241133,-0.48454344272613525,-3.069227695465088,-0.20461517572402954,1.8046524928649887e-05,0.05797399953007698,0.0038649332709610462,0.5629143714904785,15.73064136505127,1.0487093925476074,0.9976486563682556,14.99681568145752,0.9997876882553101,0.7180864214897156,12.424905776977539,0.8283270597457886,0.008512921631336212,1.187849521636963,0.0791899710893631,0.9061059355735779,14.29673957824707,0.9531159996986389,0.12417106330394745,5.8732404708862305,0.39154937863349915,0.6720190048217773,12.088493347167969,0.8058995604515076,0.26897838711738586,7.195174694061279,0.47967830300331116,2.95656721210025,1.0,3,3
an_5-a-10_kv_kv-kaduthuruthy_06082025-000000-1_EN-OL-RC-434_2,5,made,made,c,4.14,4.5,M EY D,c,0,* M EY D *,M EY D,206,225,19,-0.26236283779144287,-0.2648632526397705,-0.013940171338617802,-0.6694004535675049,-3.782222270965576,-0.19906432926654816,1.9578634237404913e-05,0.5633477568626404,0.029649881646037102,0.6123253107070923,18.43321990966797,0.9701694846153259,0.8969414234161377,18.89592742919922,0.9945225119590759,0.7253749966621399,15.950994491577148,0.8395259976387024,0.009629296138882637,1.7344938516616821,0.09128914773464203,0.9089512228965759,18.167110443115234,0.9561637043952942,0.13227389752864838,7.953627109527588,0.41861194372177124,0.6785173416137695,15.510051727294922,0.8163185119628906,0.27631425857543945,9.508604049682617,0.5004528164863586,0.0,0.0,3,3
an_5-a-10_kv_kv-kaduthuruthy_06082025-000000-1_EN-OL-RC-434_2,5,a,a,c,4.5,4.68,AH,c,0,EY,EY,225,234,9,-0.20013758540153503,-0.2283908873796463,-0.025376765057444572,-1.0061976909637451,-3.1089017391204834,-0.3454335331916809,6.247426063055173e-05,0.6352071762084961,0.07057857513427734,0.7520310878753662,12.448882102966309,1.3832091093063354,0.9207761287689209,8.909348487854004,0.9899275898933411,0.5848822593688965,7.023934364318848,0.780437171459198,0.0008954110089689493,0.36839550733566284,0.04093283414840698,0.8129475116729736,8.360430717468262,0.9289367198944092,0.015672503039240837,2.4737977981567383,0.2748664319515228,0.507189154624939,6.690920829772949,0.7434356212615967,0.13270233571529388,3.454537868499756,0.3838375508785248,5.003630827135142,1.0,1,1
an_5-a-10_kv_kv-kaduthuruthy_06082025-000000-1_EN-OL-RC-434_2,5,fine,fine,c,4.71,5.07,F AY N,c,0,F AY N *,F AY N,235,254,19,-0.1730010211467743,-0.29865604639053345,-0.015718739479780197,-0.6826886534690857,-5.144053936004639,-0.27073967456817627,2.94309629680356e-05,0.9953016042709351,0.05238429456949234,0.6975836157798767,21.821372985839844,1.1484932899475098,0.9312872290611267,18.880510330200195,0.9937110543251038,0.6596028804779053,15.48297119140625,0.8148932456970215,0.003167129820212722,1.2845755815505981,0.06760924309492111,0.8698016405105591,17.9418888092041,0.9443099498748779,0.05542704835534096,6.640877723693848,0.34951987862586975,0.5982635021209717,14.869792938232422,0.7826206684112549,0.19733856618404388,8.458861351013184,0.4452032148838043,0.0,0.0,3,3
an_5-a-10_kv_kv-kaduthuruthy_06082025-000000-1_EN-OL-RC-434_2,5,flagpost,flagpost,c,5.07,5.85,F L AE G P OW S T,c,0,* F L AE G * P OW S T *,F L AE G P OW S T,253,293,40,-0.30645835399627686,-1.0406392812728882,-0.026015982031822205,-1.119972825050354,-14.256806373596191,-0.3564201593399048,4.874173828284256e-05,3.16221284866333,0.07905532419681549,0.7305737137794495,54.470062255859375,1.3617515563964844,0.8802743554115295,39.586326599121094,0.9896581768989563,0.5373875498771667,31.35759735107422,0.7839399576187134,0.00040111623820848763,1.8949663639068604,0.04737415909767151,0.7767293453216553,37.13780212402344,0.928445041179657,0.007009243592619896,11.312314987182617,0.2828078866004944,0.4595499038696289,29.759122848510742,0.7439780831336975,0.10687225311994553,15.564943313598633,0.3891235888004303,0.0,0.0,8,8
an_5-a-10_kv_kv-kaduthuruthy_06082025-000000-1_EN-OL-RC-434_2,5,out,out,c,5.85,6.21,AW T,c,0,* AW T *,AW T,292,311,19,-0.11114318668842316,-0.20066051185131073,-0.01056107971817255,-0.5656261444091797,-4.1324992179870605,-0.21749995648860931,2.6234534743707627e-05,0.6507844924926758,0.03425181657075882,0.6446961760520935,19.689716339111328,1.0363008975982666,0.9555155038833618,18.9195556640625,0.9957661032676697,0.6755183935165405,15.769845962524414,0.82999187707901,0.004145007114857435,1.3692469596862793,0.07206562906503677,0.8948482275009155,18.101091384887695,0.952688992023468,0.09669294953346252,7.306842803955078,0.3845706880092621,0.6474340558052063,15.27476692199707,0.8039351105690002,0.24281907081604004,9.004082679748535,0.47389909625053406,0.0,0.0,2,2
an_5-a-10_kv_kv-kaduthuruthy_06082025-000000-1_EN-OL-RC-434_2,5,of,of,c,6.21,6.54,AH V,c,0,* AO F *,AO F,310,327,17,-0.37814825773239136,-0.7037647366523743,-0.04139792546629906,-0.7530452609062195,-4.617891788482666,-0.27164068818092346,4.951296068611555e-05,1.4783388376235962,0.08696110546588898,0.7077127695083618,18.744770050048828,1.1026334762573242,0.85356605052948,16.724252700805664,0.9837795495986938,0.7243895530700684,13.996771812438965,0.8233395218849182,0.009470188990235329,1.1718659400939941,0.06893329322338104,0.8910227417945862,16.097084045410156,0.9468873143196106,0.08881431818008423,6.07512903213501,0.3573605418205261,0.6394599676132202,13.404544830322266,0.7885026335716248,0.23484966158866882,7.683480262756348,0.4519694149494171,4.411563432609308,2.0,2,2
an_5-a-10_kv_kv-kaduthuruthy_06082025-000000-1_EN-OL-RC-434_2,5,a,eight,s,6.54,6.87,AH,c,0,EY * SIL *,EY,327,344,17,-0.6141437292098999,-1.7968485355377197,-0.10569697618484497,-1.3747262954711914,-9.390093803405762,-0.5523584485054016,0.00021353566262405366,3.1423275470733643,0.1848427951335907,1.0802018642425537,29.931730270385742,1.7606899738311768,0.7689515352249146,16.314117431640625,0.9596539735794067,0.5310046672821045,12.335188865661621,0.7255993485450745,0.0003600800409913063,0.2878929078578949,0.016934877261519432,0.7532516717910767,15.260664939880371,0.8976861834526062,0.004160404670983553,2.6493985652923584,0.15584696829319,0.43182146549224854,11.35567855834961,0.6679810881614685,0.09386969357728958,4.8249640464782715,0.2838214039802551,5.003630827135142,1.0,1,1
an_5-a-10_kv_kv-kaduthuruthy_06082025-000000-1_EN-OL-RC-434_2,5,tall,tall,c,7.29,7.68,T AO L,c,0,T AO L *,T AO L,364,384,20,-0.6614804863929749,-0.6714250445365906,-0.03357125073671341,-0.8481509685516357,-4.535759449005127,-0.2267879694700241,3.763733911910094e-05,0.7607160806655884,0.0380358025431633,0.6518858075141907,20.847440719604492,1.0423719882965088,0.7525721788406372,19.748538970947266,0.9874269366264343,0.7100484371185303,16.61667251586914,0.8308336138725281,0.00743122398853302,1.512770414352417,0.07563851773738861,0.9014456868171692,19.051074981689453,0.9525537490844727,0.11195757240056992,7.716958999633789,0.38584795594215393,0.661630392074585,16.077695846557617,0.8038848042488098,0.25762346386909485,9.497859954833984,0.4748930037021637,0.0,0.0,3,3
an_5-a-10_kv_kv-kaduthuruthy_06082025-000000-1_EN-OL-RC-434_2,5,tree,tree,c,7.68,8.13,T R IY,c,0,* T R IY * SIL *,T R IY,384,407,23,-0.5313127040863037,-0.5826502442359924,-0.02533261850476265,-0.7870335578918457,-5.844138145446777,-0.2540929615497589,2.5935440135071985e-05,0.9588945508003235,0.041691068559885025,0.6368622779846191,25.90644645690918,1.126367211341858,0.7980831265449524,22.777292251586914,0.9903170466423035,0.7310750484466553,18.878877639770508,0.8208207488059998,0.010603443719446659,1.4967271089553833,0.0650750920176506,0.9059028625488281,21.804960250854492,0.9480417370796204,0.12361200153827667,8.028010368347168,0.34904393553733826,0.6715596914291382,18.144859313964844,0.7889069318771362,0.2684667706489563,10.28460693359375,0.4471568167209625,0.0,0.0,3,3
an_5-a-10_kv_kv-kaduthuruthy_06082025-000000-1_EN-OL-RC-434_2,5,the,the,c,8.43,8.58,DH AH,c,0,DH AH,DH AH,421,429,8,-0.0006906986818648875,-0.0013914653100073338,-0.00017393316375091672,-0.3831634223461151,-1.627795696258545,-0.20347446203231812,3.93889204133302e-05,0.013169540092349052,0.0016461925115436316,0.7276856303215027,8.457509994506836,1.0571887493133545,0.9997197389602661,7.9994354248046875,0.9999294281005859,0.7234770059585571,6.6334943771362305,0.8291867971420288,0.00932520255446434,0.5877509117126465,0.07346886396408081,0.9158778786659241,7.6279096603393555,0.9534887075424194,0.1542799174785614,3.0800371170043945,0.3850046396255493,0.6948635578155518,6.443238258361816,0.805404782295227,0.2955949008464813,3.7965993881225586,0.4745749235153198,0.0,0.0,2,2
an_5-a-10_kv_kv-kaduthuruthy_06082025-000000-1_EN-OL-RC-434_2,5,flagpost,flagpost,c,8.58,9.33,F L AE G P OW S T,c,0,* F L AE G P OW S T *,F L AE G P OW S T,429,467,38,-0.15296906232833862,-0.4264390766620636,-0.011222081258893013,-0.8318990468978882,-10.450515747070312,-0.2750135660171509,2.3362890715361573e-05,1.4311304092407227,0.03766132518649101,0.60915607213974,45.32094955444336,1.1926565170288086,0.9390922784805298,37.82938766479492,0.9955102205276489,0.6133021116256714,30.695404052734375,0.807773768901825,0.0014477712102234364,2.497335433959961,0.0657193511724472,0.8373481631278992,35.787376403808594,0.9417730569839478,0.026951292529702187,13.041813850402832,0.34320563077926636,0.5434025526046753,29.54134750366211,0.7774038910865784,0.15574266016483307,16.682575225830078,0.43901515007019043,0.0,0.0,8,8
an_5-a-10_kv_kv-kaduthuruthy_06082025-000000-1_EN-OL-RC-434_2,5,was,was,c,9.33,9.72,W AA Z,c,0,* W AO Z *,W AO Z,466,486,20,-0.0024794654455035925,-0.0053535345941782,-0.0002676767180673778,-0.43666696548461914,-3.8511078357696533,-0.19255539774894714,2.3880258595454507e-05,0.043838925659656525,0.0021919463761150837,0.6019640564918518,20.20601463317871,1.0103007555007935,0.9989940524101257,19.997827529907227,0.9998914003372192,0.689407467842102,16.670690536499023,0.8335345387458801,0.0052421013824641705,1.679443359375,0.08397217094898224,0.90337073802948,19.105398178100586,0.9552699327468872,0.11684989184141159,8.130950927734375,0.40654754638671875,0.6658841371536255,16.251705169677734,0.8125852346420288,0.2622183561325073,9.820306777954102,0.49101534485816956,0.406100786224316,1.0,3,3
an_5-a-10_kv_kv-kaduthuruthy_06082025-000000-1_EN-OL-RC-434_2,5,too,too,c,9.72,10.02,T UW,c,0,T UW *,T UW,486,501,15,-0.1275978982448578,-0.15266184508800507,-0.01017745677381754,-0.5867081880569458,-3.185490846633911,-0.21236605942249298,2.2765207177144475e-05,0.4879431128501892,0.03252954035997391,0.6370874643325806,15.181032180786133,1.0120688676834106,0.9490339159965515,14.938891410827637,0.9959260821342468,0.7216525077819824,12.503910064697266,0.833594024181366,0.009041951037943363,1.2098684310913086,0.08065789192914963,0.910438060760498,14.307045936584473,0.9538030624389648,0.13671649992465973,5.95695161819458,0.3971301019191742,0.6819621324539185,12.122005462646484,0.8081337213516235,0.28027772903442383,7.258832931518555,0.48392218351364136,0.0,0.0,2,2
an_5-a-10_kv_kv-kaduthuruthy_06082025-000000-1_EN-OL-RC-434_2,5,heavy,heavy,c,10.02,10.41,HH EH V IY,c,0,* HH EH V IY *,HH EH V IY,500,521,21,-0.04761900752782822,-0.09103503078222275,-0.004335001576691866,-0.7902076840400696,-5.184473514556885,-0.2468796968460083,1.8196795281255618e-05,0.4321471154689789,0.020578434690833092,0.5970376133918762,23.720542907714844,1.1295496225357056,0.9807892441749573,20.963205337524414,0.9982478618621826,0.6036306619644165,17.16582679748535,0.8174203038215637,0.001229380490258336,1.496694564819336,0.07127116620540619,0.8428420424461365,19.88066291809082,0.9466982483863831,0.030450163409113884,7.596994876861572,0.3617616593837738,0.5521028637886047,16.57677459716797,0.7893702387809753,0.16177058219909668,9.555856704711914,0.4550407826900482,0.0,0.0,4,4
an_5-a-10_kv_kv-kaduthuruthy_06082025-000000-1_EN-OL-RC-434_2,5,for,for,c,10.41,10.65,F AO R,c,0,* F AO R *,F AO R,520,533,13,-0.07647020369768143,-0.09075525403022766,-0.006981173530220985,-0.5201300978660583,-3.3202295303344727,-0.25540226697921753,0.00014614833344239742,0.35410502552986145,0.02723884768784046,0.6969046592712402,15.237903594970703,1.1721464395523071,0.9692607522010803,12.963469505310059,0.9971899390220642,0.7273402214050293,10.599871635437012,0.8153747320175171,0.009954600594937801,0.7586988210678101,0.05836144834756851,0.91789311170578,12.303930282592773,0.9464561939239502,0.1613444685935974,4.306827545166016,0.3312944173812866,0.699766993522644,10.17612075805664,0.7827785015106201,0.3016178011894226,5.639415740966797,0.43380120396614075,0.0,0.0,3,3
an_5-a-10_kv_kv-kaduthuruthy_06082025-000000-1_EN-OL-RC-434_2,5,the,the,c,10.65,10.74,DH AH,c,0,* DH AH,DH AH,532,537,5,-0.05321071296930313,-0.06632858514785767,-0.013265716843307018,-0.6585696935653687,-2.038395881652832,-0.40767917037010193,0.00044117774814367294,0.29685699939727783,0.059371400624513626,0.8371226191520691,7.745325565338135,1.549065113067627,0.9785484671592712,4.973228454589844,0.9946457147598267,0.700329065322876,3.8189520835876465,0.7637904286384583,0.006305161397904158,0.16378282010555267,0.032756563276052475,0.8820351362228394,4.603399276733398,0.9206798672676086,0.07273810356855392,1.0564876794815063,0.21129754185676575,0.6214141845703125,3.5737035274505615,0.7147406935691833,0.21768799424171448,1.6819568872451782,0.3363913893699646,0.0,0.0,2,2
an_5-a-10_kv_kv-kaduthuruthy_06082025-000000-1_EN-OL-RC-434_2,5,villagers,villagers,c,10.74,11.43,V IH L IH JH AH R Z,c,0,* W IH L IH JH AH R S *,W IH L IH JH AH R S,537,572,35,-0.2403719276189804,-0.5781161189079285,-0.016517603769898415,-1.0030746459960938,-11.24873161315918,-0.32139232754707336,3.780798215302639e-05,1.9340906143188477,0.05525973066687584,0.6913179159164429,45.45658493041992,1.2987595796585083,0.9053226113319397,34.76935958862305,0.9934102892875671,0.5931674242019653,27.8118953704834,0.7946255803108215,0.0010300497524440289,1.808642029762268,0.05167548730969429,0.817935585975647,32.71037292480469,0.9345820546150208,0.01750926859676838,10.542341232299805,0.3012097477912903,0.5142921209335327,26.500431060791016,0.757155179977417,0.13697321712970734,14.18779182434082,0.4053654670715332,3.170349193816566,2.0,8,8
an_5-a-10_kv_kv-kaduthuruthy_06082025-000000-1_EN-OL-RC-434_2,5,to,to,c,11.43,11.58,T UW,c,0,* T UW *,T UW,571,579,8,-0.30780747532844543,-0.3169538974761963,-0.039619237184524536,-0.7114723920822144,-2.530416250228882,-0.31630203127861023,0.00010120676597580314,0.6412014365196228,0.08015017956495285,0.7001936435699463,10.247857093811035,1.2809821367263794,0.8797672390937805,7.876057147979736,0.984507143497467,0.7424851059913635,6.405778884887695,0.8007223606109619,0.012859497219324112,0.38397443294525146,0.04799680411815643,0.9022552967071533,7.510326385498047,0.9387907981872559,0.11398960649967194,2.2946250438690186,0.2868281304836273,0.6634130477905273,6.085957050323486,0.7607446312904358,0.25953996181488037,3.1937601566314697,0.3992200195789337,0.0,0.0,2,2
an_5-a-10_kv_kv-kaduthuruthy_06082025-000000-1_EN-OL-RC-434_2,5,carry,carry,c,11.58,12.0,K AE R IY,c,0,K AE R IY,K AE R IY,579,600,21,-0.09985224157571793,-0.12606780230998993,-0.006003228481858969,-0.6853017807006836,-4.6225361824035645,-0.22012077271938324,3.1197261705528945e-05,0.46588823199272156,0.022185154259204865,0.6590260863304138,22.042327880859375,1.0496346950531006,0.9599783420562744,20.94935417175293,0.9975882768630981,0.6963767409324646,17.38321304321289,0.8277720212936401,0.005897620227187872,1.6684021949768066,0.07944772392511368,0.8804304599761963,19.97917938232422,0.951389491558075,0.07019058614969254,8.220165252685547,0.3914364278316498,0.6182883977890015,16.862041473388672,0.802954375743866,0.21483397483825684,10.04145622253418,0.47816458344459534,0.0,0.0,4,4
an_5-a-10_kv_kv-kaduthuruthy_06082025-000000-1_EN-OL-RC-434_2,5,so,so,c,12.0,12.45,S OW,c,0,* S OW * SIL *,S OW,600,623,23,-0.5899277925491333,-0.7120627164840698,-0.030959248542785645,-1.0899229049682617,-6.468827247619629,-0.2812533676624298,4.212252679280937e-05,1.1600161790847778,0.05043548718094826,0.6394866108894348,28.134366989135742,1.2232333421707153,0.7774059772491455,22.72820472717285,0.9881828427314758,0.5962082743644714,18.458541870117188,0.8025453090667725,0.0010843914933502674,1.2941668033599854,0.0562681220471859,0.8242825269699097,21.644855499267578,0.9410806894302368,0.02016090229153633,7.526183605194092,0.32722538709640503,0.5235446691513062,17.785114288330078,0.7732658386230469,0.14271381497383118,9.829761505126953,0.4273809492588043,0.0,0.0,2,2
an_5-a-10_kv_kv-kaduthuruthy_06082025-000000-1_EN-OL-RC-434_2,5,mahagiri,mahagiri,c,12.45,13.26,M AE HH AH JH IH R IY,c,0,* M AH HH AH G R IY * SIL *,M AH HH AH G R IY,622,663,41,-0.32375192642211914,-1.5603035688400269,-0.038056183606386185,-1.3818812370300293,-19.625102996826172,-0.47866106033325195,0.00017382130317855626,4.812714576721191,0.11738327890634537,0.9216553568840027,68.7613525390625,1.6771061420440674,0.8737876415252686,40.384132385253906,0.9849788546562195,0.4797021150588989,30.23908805847168,0.737538754940033,0.00015123080811463296,0.9251418113708496,0.02256443351507187,0.7213002443313599,37.10746383666992,0.9050601124763489,0.002045681467279792,7.672821044921875,0.18714196979999542,0.3973158001899719,28.191904067993164,0.6876074075698853,0.07950270920991898,12.70697021484375,0.3099260926246643,10.215903673111189,3.0,8,7
an_5-a-10_kv_kv-kaduthuruthy_06082025-000000-1_EN-OL-RC-434_2,5,brought,brought,c,13.86,14.34,B R AO T,c,0,B R AO T *,B R AO T,693,717,24,-0.07341306656599045,-0.08766481280326843,-0.0036527004558593035,-0.66521155834198,-5.027510643005371,-0.20947961509227753,2.6426583644934e-05,0.3515819013118744,0.014649245887994766,0.6082310676574707,24.524307250976562,1.0218461751937866,0.9704784750938416,23.964702606201172,0.9985292553901672,0.6714840531349182,19.961442947387695,0.8317267894744873,0.0038717128336429596,2.0699315071105957,0.08624714612960815,0.881022036075592,22.870437622070312,0.9529349207878113,0.07111922651529312,9.746256828308105,0.4060940444469452,0.6194374561309814,19.402694702148438,0.8084456324577332,0.21587920188903809,11.747285842895508,0.4894702434539795,0.0,0.0,4,4
an_5-a-10_kv_kv-kaduthuruthy_06082025-000000-1_EN-OL-RC-434_2,5,it,it,c,14.37,14.76,IH T,c,0,* IH T * SIL *,IH T,718,738,20,-0.07233043760061264,-0.17466016113758087,-0.008733008056879044,-0.5152696371078491,-5.083533763885498,-0.25417667627334595,2.4155087885446846e-05,0.6647357940673828,0.0332367904484272,0.5949494242668152,23.070589065551758,1.153529405593872,0.9709098935127258,19.92967414855957,0.9964836835861206,0.7133803367614746,16.32828140258789,0.8164140582084656,0.007861851714551449,1.2542704343795776,0.06271351873874664,0.9055756330490112,18.932453155517578,0.9466226696968079,0.12271665036678314,6.826551914215088,0.34132760763168335,0.6708210706710815,15.699199676513672,0.7849599719047546,0.267645925283432,8.8184814453125,0.4409240782260895,0.0,0.0,2,2
an_5-a-10_kv_kv-kaduthuruthy_06082025-000000-1_EN-OL-RC-434_2,5,to,to,c,14.94,15.12,T UW,c,0,T UW,T UW,747,756,9,-0.4058932662010193,-0.4066023528575897,-0.045178040862083435,-0.7566708326339722,-2.365596055984497,-0.2628439962863922,2.6618112315190956e-05,0.644878625869751,0.07165317982435226,0.6488010287284851,10.034223556518555,1.1149137020111084,0.843357503414154,8.843070030212402,0.982563316822052,0.7020367383956909,7.382560729980469,0.8202845454216003,0.006489849649369717,0.6441217660903931,0.07156908512115479,0.9015823006629944,8.525049209594727,0.9472277164459229,0.11229794472455978,3.2493669986724854,0.36104077100753784,0.6619305610656738,7.1076226234436035,0.7897358536720276,0.25794529914855957,4.095790386199951,0.455087810754776,0.0,0.0,2,2
an_5-a-10_kv_kv-kaduthuruthy_06082025-000000-1_EN-OL-RC-434_2,5,the,the,c,15.12,15.3,DH AH,c,0,* DH AH,DH AH,756,765,9,-0.013504805974662304,-0.027583304792642593,-0.003064811695367098,-0.3534541726112366,-2.2454347610473633,-0.24949274957180023,9.233000309905037e-05,0.16115431487560272,0.017906034365296364,0.6753163933753967,10.275040626525879,1.1416711807250977,0.9945285320281982,8.988819122314453,0.9987576603889465,0.7558687925338745,7.404385566711426,0.8227095007896423,0.016124745830893517,0.5623881816864014,0.06248757615685463,0.9295558929443359,8.536256790161133,0.9484729766845703,0.209068164229393,3.042631149291992,0.3380701243877411,0.7295867204666138,7.088803768157959,0.7876448631286621,0.34078356623649597,3.9572086334228516,0.43968984484672546,0.0,0.0,2,2
an_5-a-10_kv_kv-kaduthuruthy_06082025-000000-1_EN-OL-RC-434_2,5,temple,temple,c,15.3,15.81,T EH M P AH L,c,0,* T EH M P AH L * SIL,T EH M P AH L,765,791,26,-0.5346871018409729,-1.1576182842254639,-0.044523779302835464,-0.9124070405960083,-7.162384510040283,-0.275476336479187,2.715038863243535e-05,1.8467613458633423,0.07102928310632706,0.602304995059967,29.761022567749023,1.1446547508239746,0.7968845367431641,25.55548095703125,0.9829031229019165,0.676140308380127,21.213333129882812,0.8158974051475525,0.004188819322735071,1.830801248550415,0.0704154297709465,0.8669642806053162,24.564786911010742,0.9447994828224182,0.05204083397984505,9.182317733764648,0.3531660735607147,0.5931069850921631,20.389019012451172,0.7841930389404297,0.193046435713768,11.65052318572998,0.4480970501899719,0.0,0.0,6,6
an_5-a-10_kv_kv-kaduthuruthy_06082025-000000-1_EN-OL-RC-434_2,5,the,the,c,16.11,16.29,DH AH,c,0,DH AH *,DH AH,805,815,10,-0.007501414977014065,-0.008420749567449093,-0.0008420749800279737,-0.3314756751060486,-1.96949303150177,-0.196949303150177,3.0083221645327285e-05,0.053440991789102554,0.00534409936517477,0.6594728827476501,10.178417205810547,1.0178416967391968,0.9969584941864014,9.996585845947266,0.9996585845947266,0.7580318450927734,8.348749160766602,0.8348749279975891,0.016725322231650352,0.769004762172699,0.07690047472715378,0.9305498003959656,9.554244995117188,0.9554244875907898,0.21373610198497772,3.9403982162475586,0.3940398097038269,0.7322500944137573,8.10512924194336,0.810512900352478,0.3445040285587311,4.822971820831299,0.4822971820831299,0.0,0.0,2,2
an_5-a-10_kv_kv-kaduthuruthy_06082025-000000-1_EN-OL-RC-434_2,5,villagers,villagers,c,16.29,17.22,V IH L IH JH AH R Z,c,0,* B IH L IH JH AH R S * SIL *,B IH L IH JH AH R S,814,861,47,-0.7916607856750488,-1.158445119857788,-0.024647768586874008,-1.3990724086761475,-11.954732894897461,-0.2543560266494751,3.594366353354417e-05,1.9565107822418213,0.04162788763642311,0.6165914535522461,52.48719024658203,1.1167486906051636,0.7085141539573669,46.56399154663086,0.9907232522964478,0.5442179441452026,38.473907470703125,0.8185938000679016,0.000450222403742373,3.294482469558716,0.07009537518024445,0.7682233452796936,44.469573974609375,0.946161150932312,0.005802258849143982,17.23832130432129,0.3667728006839752,0.44924700260162354,37.133384704589844,0.7900720238685608,0.10187909752130508,21.511343002319336,0.4576881527900696,7.696627187701647,2.0,8,8
an_5-a-10_kv_kv-kaduthuruthy_06082025-000000-1_EN-OL-RC-434_2,5,also,also,c,17.73,18.36,AO L S OW,c,0,AO L S OW *,AO L S OW,886,918,32,-0.6036896705627441,-0.6426885724067688,-0.020084017887711525,-1.002478837966919,-6.873274326324463,-0.21478982269763947,2.5043171262950636e-05,0.8917509317398071,0.027867216616868973,0.5775521397590637,32.73517608642578,1.0229742527008057,0.7725951075553894,31.756820678710938,0.9924006462097168,0.662833571434021,26.592220306396484,0.8310068845748901,0.003344928612932563,2.594404458999634,0.08107513934373856,0.853257417678833,30.491857528686523,0.9528705477714539,0.03837842494249344,12.838700294494629,0.40120938420295715,0.569218635559082,25.841655731201172,0.8075517416000366,0.17423148453235626,15.539409637451172,0.4856065511703491,0.0,0.0,4,4
an_5-a-10_kv_kv-kaduthuruthy_06082025-000000-1_EN-OL-RC-434_2,5,wanted,wanted,c,18.36,18.87,W AA N T AH D,c,0,* W AO N T EH D * SIL *,W AO N T EH D,918,944,26,-0.6844663619995117,-1.4064819812774658,-0.05409546196460724,-1.0161066055297852,-9.497869491577148,-0.3653026819229126,0.00010230456973658875,2.3814241886138916,0.09159323573112488,0.7361966371536255,36.028663635253906,1.3857178688049316,0.7446882128715515,25.461994171142578,0.9793074727058411,0.6322598457336426,20.352022171020508,0.7827700972557068,0.0019947972614318132,1.1209959983825684,0.04311523213982582,0.8346092700958252,24.158740997314453,0.9291823506355286,0.025360142812132835,7.0015974044799805,0.2692922055721283,0.5391449332237244,19.279945373535156,0.7415363788604736,0.1528652161359787,9.88591194152832,0.38022738695144653,3.4758147930015246,2.0,6,6
an_5-a-10_kv_kv-kaduthuruthy_06082025-000000-1_EN-OL-RC-434_2,5,the,the,c,19.05,19.32,DH AH,c,0,DH AH * SIL *,DH AH,952,966,14,-0.021541891619563103,-0.038319624960422516,-0.0027371160686016083,-0.5431300401687622,-4.025007247924805,-0.2875005304813385,4.62800708191935e-05,0.2303236424922943,0.01645168848335743,0.755714476108551,17.864274978637695,1.2760196924209595,0.9912811517715454,13.984477996826172,0.998891294002533,0.6776830554008484,11.196983337402344,0.7997845411300659,0.004299510736018419,0.7466403245925903,0.05333145335316658,0.8904421329498291,13.15209674835205,0.9394354820251465,0.087676040828228,4.321649074554443,0.3086892068386078,0.6382655501365662,10.726519584655762,0.7661799788475037,0.2336767464876175,5.794543743133545,0.41389599442481995,0.0,0.0,2,2
an_5-a-10_kv_kv-kaduthuruthy_06082025-000000-1_EN-OL-RC-434_2,5,elephant's,elephant's,c,19.38,20.07,EH L AH F AH N T S,c,0,EH L IH F EH N T S * SIL *,EH L IH F EH N T S,968,1004,36,-0.3912222683429718,-0.801947295665741,-0.022276313975453377,-0.9247201085090637,-11.35056209564209,-0.31529340147972107,3.478995859040879e-05,2.1618645191192627,0.06005179136991501,0.6178950667381287,46.02861404418945,1.2785725593566895,0.848746657371521,35.6839599609375,0.9912211298942566,0.6235952973365784,28.65432357788086,0.7959534525871277,0.0017229741206392646,2.120077610015869,0.058891043066978455,0.8295645117759705,33.68208312988281,0.9356133937835693,0.022671235725283623,11.29056453704834,0.31362679600715637,0.5314366817474365,27.39493179321289,0.7609703540802002,0.14777348935604095,14.949443817138672,0.4152623414993286,5.8756425721605146,2.0,8,8
an_5-a-10_kv_kv-kaduthuruthy_06082025-000000-1_EN-OL-RC-434_2,5,help,help,c,20.34,20.73,HH EH L P,c,0,HH EH L P *,HH EH L P,1017,1037,20,-0.0007824381464160979,-0.00410285871475935,-0.00020514293282758445,-0.5353235006332397,-4.261483669281006,-0.21307417750358582,1.6950731151155196e-05,0.0387667715549469,0.0019383386243134737,0.5694838762283325,21.691007614135742,1.084550380706787,0.9996825456619263,19.998334884643555,0.9999167323112488,0.6592750549316406,16.4595947265625,0.822979748249054,0.0031496265437453985,1.539232611656189,0.07696162909269333,0.8855230212211609,19.021692276000977,0.9510846138000488,0.07859893143177032,7.672091960906982,0.38360458612442017,0.6283067464828491,16.017038345336914,0.8008519411087036,0.22410333156585693,9.458474159240723,0.4729236960411072,0.0,0.0,4,4
an_5-a-10_kv_kv-kaduthuruthy_06082025-000000-1_EN-OL-RC-434_2,5,to,to,c,20.76,20.94,T UW,c,0,T UW *,T UW,1038,1047,9,-0.041103068739175797,-0.07025887072086334,-0.00780654139816761,-0.6018884181976318,-2.486189842224121,-0.27624332904815674,8.135865209624171e-05,0.3088673949241638,0.034318599849939346,0.7536519169807434,10.950916290283203,1.216768503189087,0.9834045171737671,8.971611022949219,0.9968456625938416,0.7047951221466064,7.270524501800537,0.8078360557556152,0.006799671798944473,0.5105463266372681,0.056727368384599686,0.8896088600158691,8.483989715576172,0.9426655173301697,0.08606777340173721,2.8779780864715576,0.3197753429412842,0.6365584135055542,6.965956211090088,0.7739951610565186,0.232009619474411,3.8115005493164062,0.42350006103515625,0.0,0.0,2,2
an_5-a-10_kv_kv-kaduthuruthy_06082025-000000-1_EN-OL-RC-434_2,5,fix,fix,c,20.94,21.3,F IH K S,c,0,P IH K S *,P IH K S,1047,1065,18,-0.6055489182472229,-1.4537094831466675,-0.08076164126396179,-1.4865970611572266,-8.343006134033203,-0.46350035071372986,3.0364777558133937e-05,2.7395284175872803,0.1521960198879242,0.595308780670166,27.405445098876953,1.5225247144699097,0.771946370601654,17.443601608276367,0.9690889716148376,0.46251606941223145,13.584582328796387,0.7546989917755127,0.00011308614193694666,0.7495835423469543,0.04164353013038635,0.7146167755126953,16.368179321289062,0.9093433022499084,0.0017633934039622545,4.408082008361816,0.24489344656467438,0.3905109763145447,12.76607894897461,0.7092266082763672,0.07688667625188828,6.353307723999023,0.35296154022216797,5.5431889237423855,1.0,4,4
an_5-a-10_kv_kv-kaduthuruthy_06082025-000000-1_EN-OL-RC-434_2,5,the,the,c,21.3,21.42,DH AH,c,0,DH AH,DH AH,1065,1071,6,-0.10708168148994446,-0.14823439717292786,-0.024705732241272926,-0.600326657295227,-2.0023977756500244,-0.3337329626083374,0.0001321827876381576,0.5017191171646118,0.0836198553442955,0.8469179272651672,7.918359756469727,1.319726586341858,0.957119345664978,5.940502166748047,0.9900836944580078,0.7498928308486938,4.786374568939209,0.7977290749549866,0.014575200155377388,0.2454671859741211,0.040911197662353516,0.9061289429664612,5.61679220199585,0.93613201379776,0.12423455715179443,1.5952036380767822,0.2658672630786896,0.6720709800720215,4.512598514556885,0.7520997524261475,0.2690364420413971,2.297910690307617,0.38298511505126953,0.0,0.0,2,2
an_5-a-10_kv_kv-kaduthuruthy_06082025-000000-1_EN-OL-RC-434_2,5,flagpost,flagpost,c,21.42,22.08,F L AE G P OW S T,c,0,* B L AA G P OW S T *,B L AA G P OW S T,1071,1104,33,-0.7010769248008728,-1.929714560508728,-0.058476198464632034,-1.4512437582015991,-12.712427139282227,-0.3852250576019287,2.7068685085396282e-05,4.004607677459717,0.12135174870491028,0.6619319915771484,45.43535232543945,1.376828908920288,0.7390192151069641,32.2541618347168,0.9773988723754883,0.4983588457107544,25.705720901489258,0.7789612412452698,0.00020732915436383337,1.6194522380828857,0.049074310809373856,0.73885178565979,30.49146842956543,0.9239838719367981,0.0030212877318263054,9.356553077697754,0.28353190422058105,0.415846049785614,24.365949630737305,0.7383621335029602,0.08698184043169022,12.781890869140625,0.387330025434494,9.145018693690307,2.0,8,8
an_5-a-10_kv_kv-kaduthuruthy_06082025-000000-1_EN-OL-RC-434_2,5,in,in,c,22.08,22.29,IH N,c,0,* IH N *,IH N,1104,1115,11,-0.07383901625871658,-0.08271409571170807,-0.007519463077187538,-0.5302850008010864,-2.682588577270508,-0.24387168884277344,3.16188124998007e-05,0.3134186267852783,0.028492601588368416,0.6235520839691162,12.440725326538086,1.1309750080108643,0.9703087210655212,10.966710090637207,0.9969736337661743,0.7250547409057617,9.015289306640625,0.8195717334747314,0.009577303193509579,0.7181538939476013,0.06528671830892563,0.915136456489563,10.431173324584961,0.9482885003089905,0.1517593413591385,3.8423519134521484,0.3493047058582306,0.6930767297744751,8.683374404907227,0.789397656917572,0.2934281527996063,4.921853065490723,0.4474411904811859,0.0,0.0,2,2
an_5-a-10_kv_kv-kaduthuruthy_06082025-000000-1_EN-OL-RC-434_2,5,the,the,c,22.29,22.38,DH AH,c,0,DH AH,DH AH,1114,1119,5,-0.007765204645693302,-0.012141929939389229,-0.0024283858947455883,-0.3178764879703522,-1.3855979442596436,-0.27711957693099976,0.0007877670577727258,0.07554652541875839,0.015109305270016193,1.034219741821289,6.358728885650635,1.2717458009719849,0.9968516230583191,4.9950761795043945,0.999015212059021,0.7517800331115723,4.024388313293457,0.8048776388168335,0.015047738328576088,0.21258480846881866,0.04251696169376373,0.9283339381217957,4.713521957397461,0.9427043795585632,0.20346848666667938,1.4321033954620361,0.28642067313194275,0.7263399362564087,3.838806629180908,0.7677613496780396,0.33629897236824036,2.002187490463257,0.40043750405311584,0.0,0.0,2,2
an_5-a-10_kv_kv-kaduthuruthy_06082025-000000-1_EN-OL-RC-434_2,5,ground,ground,c,22.38,22.74,G R AW N D,c,0,* G R AW N D * SIL,G R AW N D,1119,1137,18,-0.6754204034805298,-1.352391004562378,-0.0751328319311142,-1.0664888620376587,-6.349664211273193,-0.35275912284851074,2.7653495635604486e-05,1.4898178577423096,0.08276765793561935,0.673545241355896,25.003700256347656,1.3890944719314575,0.7477856278419495,17.494327545166016,0.9719070792198181,0.6494985818862915,14.015435218811035,0.7786352634429932,0.0026697791181504726,0.7492891550064087,0.041627176105976105,0.8437236547470093,16.757986068725586,0.930999219417572,0.03105245530605316,4.842187404632568,0.26901042461395264,0.5535194873809814,13.395268440246582,0.7441815733909607,0.16277118027210236,6.874333381652832,0.3819074034690857,0.0,0.0,5,5
an_5-a-10_kv_kv-kaduthuruthy_06082025-000000-1_EN-OL-RC-434_2,5,they,they,c,23.13,23.43,DH EY,c,0,DH EY *,DH EY,1156,1172,16,-0.09161505103111267,-0.09286796301603317,-0.005804247688502073,-0.5535377264022827,-3.0076851844787598,-0.18798032402992249,2.154875073756557e-05,0.30916324257850647,0.019322702661156654,0.5730534791946411,15.255046844482422,0.9534404277801514,0.9632421731948853,15.96273422241211,0.9976708889007568,0.7317663431167603,13.460088729858398,0.8412555456161499,0.010728086344897747,1.4606084823608398,0.09128803014755249,0.912485659122467,15.31735610961914,0.9573347568511963,0.14307966828346252,6.790911674499512,0.4244319796562195,0.6867623329162598,13.112192153930664,0.8195120096206665,0.2858886122703552,8.08050537109375,0.5050315856933594,0.0,0.0,2,2
an_5-a-10_kv_kv-kaduthuruthy_06082025-000000-1_EN-OL-RC-434_2,5,had,had,c,23.43,23.79,HH AE D,c,0,* HH AE D *,HH AE D,1171,1190,19,-0.18374982476234436,-0.2718828320503235,-0.014309622347354889,-0.623588502407074,-4.69607400894165,-0.24716179072856903,1.9871829863404855e-05,0.7770974636077881,0.040899865329265594,0.5577953457832336,21.35038185119629,1.1237043142318726,0.9271153807640076,18.891685485839844,0.9942992329597473,0.6913257241249084,15.57480525970459,0.8197265863418579,0.005414891522377729,1.219130516052246,0.06416476517915726,0.895100474357605,18.012502670288086,0.9480264782905579,0.09723648428916931,6.686422348022461,0.35191696882247925,0.6479663848876953,15.0009183883667,0.7895219922065735,0.24335983395576477,8.52509593963623,0.4486892521381378,0.0,0.0,3,3
an_5-a-10_kv_kv-kaduthuruthy_06082025-000000-1_EN-OL-RC-434_2,5,already,already,c,23.79,24.33,AO L R EH D IY,c,0,AO L R EH D IY *,AO L R EH D IY,1189,1217,28,-0.08178403973579407,-0.09491982311010361,-0.0033899936825037003,-0.5175182819366455,-6.012778282165527,-0.21474207937717438,2.2664091375190765e-05,0.3679264485836029,0.013140230439603329,0.5983210802078247,29.8468017578125,1.0659571886062622,0.9671463966369629,27.961816787719727,0.9986363053321838,0.7064588665962219,23.14131736755371,0.8264756202697754,0.00699365371838212,2.152327060699463,0.07686882466077805,0.9091919660568237,26.656078338623047,0.9520028233528137,0.1329832524061203,10.71496295928955,0.38267725706100464,0.6790727376937866,22.46211051940918,0.8022182583808899,0.27694979310035706,13.241703033447266,0.47291797399520874,0.0,0.0,6,6
an_5-a-10_kv_kv-kaduthuruthy_06082025-000000-1_EN-OL-RC-434_2,5,dug,dug,c,24.33,24.69,D AH G,c,0,* D AH G *,D AH G,1216,1235,19,-0.4563404619693756,-0.6864380240440369,-0.036128316074609756,-0.811753511428833,-5.377161502838135,-0.28300848603248596,4.421437915880233e-05,1.2657548189163208,0.0666186735033989,0.6496749520301819,22.455129623413086,1.1818488836288452,0.8249760270118713,18.73382568359375,0.9859908223152161,0.6735727787017822,15.440627098083496,0.8126645684242249,0.004010877572000027,1.135185718536377,0.05974661558866501,0.8910381197929382,17.930049896240234,0.943686842918396,0.08884473145008087,6.2845139503479,0.33076390624046326,0.6394916772842407,14.7803316116333,0.7779121994972229,0.23488090932369232,8.199724197387695,0.43156442046165466,0.0,0.0,3,3
an_5-a-10_kv_kv-kaduthuruthy_06082025-000000-1_EN-OL-RC-434_2,5,a,a,c,24.72,24.87,AH,c,0,AH *,AH,1236,1244,8,-0.006441432982683182,-0.012603485025465488,-0.001575435628183186,-0.5776647329330444,-1.9017590284347534,-0.23771987855434418,6.950691749807447e-05,0.08266961574554443,0.010333701968193054,0.7212434411048889,9.014763832092285,1.1268454790115356,0.9973880052566528,7.9948883056640625,0.9993610382080078,0.6729434132575989,6.550089359283447,0.8187611699104309,0.003968428820371628,0.5258703827857971,0.06573379784822464,0.8836977481842041,7.5834221839904785,0.9479277729988098,0.07547523081302643,2.8787121772766113,0.3598390221595764,0.6246826648712158,6.328292369842529,0.7910365462303162,0.22070911526679993,3.6299986839294434,0.4537498354911804,0.0,0.0,1,1
an_5-a-10_kv_kv-kaduthuruthy_06082025-000000-1_EN-OL-RC-434_2,5,hole,hole,c,24.87,25.23,HH OW L,c,0,* HH OW L *,HH OW L,1243,1262,19,-0.032864321023225784,-0.038777053356170654,-0.0020408974960446358,-0.4458611309528351,-3.949944496154785,-0.2078918218612671,2.4304663384100422e-05,0.19024161994457245,0.010012716986238956,0.6446104645729065,19.793123245239258,1.041743278503418,0.9867172837257385,18.98431968688965,0.9991747140884399,0.7082886099815369,15.77957534790039,0.8305039405822754,0.007213380187749863,1.4390380382537842,0.07573884725570679,0.9060341715812683,18.115842819213867,0.9534654021263123,0.12397316843271255,7.365448474884033,0.3876551687717438,0.6718565225601196,15.310736656188965,0.8058282732963562,0.2687973976135254,9.059172630310059,0.47679856419563293,0.0,0.0,3,3
an_5-a-10_kv_kv-kaduthuruthy_06082025-000000-1_EN-OL-RC-434_2,5,in,in,c,25.23,25.47,IH N,c,0,* IH N *,IH N,1261,1274,13,-0.01571989804506302,-0.02170007862150669,-0.0016692368080839515,-0.38665011525154114,-2.8265388011932373,-0.21742606163024902,2.1602663764497265e-05,0.12512318789958954,0.009624860249459743,0.589105486869812,13.976038932800293,1.0750799179077148,0.9936327934265137,12.99120807647705,0.9993237257003784,0.7130202054977417,10.759406089782715,0.8276466131210327,0.007814120501279831,0.9133042693138123,0.07025417685508728,0.9135729670524597,12.379434585571289,0.9522641897201538,0.1465781033039093,4.812823295593262,0.3702171742916107,0.6893385052680969,10.40599536895752,0.8004611730575562,0.2889426052570343,6.029809951782227,0.4638315439224243,0.0,0.0,2,2
an_5-a-10_kv_kv-kaduthuruthy_06082025-000000-1_EN-OL-RC-434_2,5,front,front,c,25.47,25.8,F R AH N T,c,0,F R AH N T *,F R AH N T,1273,1290,17,-0.06954919546842575,-0.07673537731170654,-0.004513845779001713,-0.5139439105987549,-4.0560994148254395,-0.23859408497810364,5.1817249186569825e-05,0.301790714263916,0.01775239408016205,0.5983113646507263,19.5340633392334,1.1490625143051147,0.9720186591148376,16.96910285949707,0.9981825351715088,0.7179533243179321,13.886832237243652,0.8168724775314331,0.008493779227137566,1.050814151763916,0.06181259825825691,0.9119784832000732,16.120500564575195,0.9482647180557251,0.14147640764713287,5.835325241088867,0.343254417181015,0.6855671405792236,13.400155067443848,0.7882444262504578,0.28448188304901123,7.534755229949951,0.4432208836078644,0.0,0.0,5,5
an_5-a-10_kv_kv-kaduthuruthy_06082025-000000-1_EN-OL-RC-434_2,5,of,of,c,25.83,26.07,AH V,c,0,AO F *,AO F,1291,1304,13,-0.03759077191352844,-0.04828401654958725,-0.0037141551729291677,-0.6394656896591187,-3.2279791831970215,-0.24830609560012817,2.7134607080370188e-05,0.2325252741575241,0.017886560410261154,0.6131083965301514,14.940905570983887,1.149300456047058,0.9848158955574036,12.98047924041748,0.9984983801841736,0.6824348568916321,10.601436614990234,0.8154951333999634,0.004659175872802734,0.8888418674468994,0.0683724507689476,0.8799166083335876,12.301691055297852,0.9462839365005493,0.06939374655485153,4.607431888580322,0.3544178307056427,0.6172932386398315,10.231218338012695,0.7870168089866638,0.21393249928951263,5.844949245452881,0.44961148500442505,4.411563432609308,2.0,2,2
an_5-a-10_kv_kv-kaduthuruthy_06082025-000000-1_EN-OL-RC-434_2,5,the,the,c,26.07,26.19,DH AH,c,0,* DH AH *,DH AH,1303,1310,7,-0.010542877949774265,-0.011461351066827774,-0.001637335866689682,-0.3712289333343506,-1.643460988998413,-0.23478014767169952,0.00015090325905475765,0.06748956441879272,0.009641366079449654,0.6587162613868713,7.998608112335205,1.1426583528518677,0.9957269430160522,6.995354652404785,0.9993363618850708,0.7475874423980713,5.734553337097168,0.8192219138145447,0.014018047600984573,0.4428294897079468,0.06326135247945786,0.9264542460441589,6.642924785614014,0.9489892721176147,0.19514621794223785,2.421022415161133,0.3458603322505951,0.7214038372039795,5.530022621154785,0.79000324010849,0.32958710193634033,3.118108034133911,0.4454440176486969,0.0,0.0,2,2
an_5-a-10_kv_kv-kaduthuruthy_06082025-000000-1_EN-OL-RC-434_2,5,temple,temple,c,26.19,26.76,T EH M P AH L,c,0,* T EH M P AH L * SIL *,T EH M P AH L,1309,1338,29,-0.3717328608036041,-0.46094244718551636,-0.015894567593932152,-0.8887436389923096,-7.707622528076172,-0.26578009128570557,2.9576238375739194e-05,1.0825263261795044,0.03732849285006523,0.6493617296218872,34.02116775512695,1.173143744468689,0.8559367060661316,28.819875717163086,0.9937888383865356,0.6736701726913452,23.58401107788086,0.8132417798042297,0.004017489030957222,1.8643007278442383,0.0642862319946289,0.8609000444412231,27.395793914794922,0.9446825385093689,0.045481037348508835,9.86865234375,0.3402983546257019,0.5823355913162231,22.663257598876953,0.7814916372299194,0.18434932827949524,12.73302173614502,0.4390697181224823,0.0,0.0,6,6
an_5-a-10_kv_kv-kaduthuruthy_06082025-000000-1_EN-OL-RC-434_2,5,with,with,c,27.36,27.66,W IH DH,c,0,W IH DH * SIL,W IH DH,1368,1383,15,-0.33075258135795593,-0.38423454761505127,-0.025615636259317398,-0.8756445646286011,-4.4636101722717285,-0.2975740134716034,2.2983062081038952e-05,0.8507911562919617,0.05671941116452217,0.6649675369262695,18.69318962097168,1.2462126016616821,0.8711696863174438,14.849593162536621,0.9899728894233704,0.625573992729187,11.974027633666992,0.7982684969902039,0.0017815892351791263,0.9134455323219299,0.0608963705599308,0.8666346669197083,14.07040023803711,0.9380266666412354,0.05166110396385193,4.92270565032959,0.32818037271499634,0.592512845993042,11.518973350524902,0.7679315805435181,0.19255731999874115,6.393219947814941,0.42621466517448425,0.0,0.0,3,3
an_5-a-10_kv_kv-kaduthuruthy_06082025-000000-1_EN-OL-RC-434_2,5,a,a,c,27.69,27.9,AH,c,0,EY *,EY,1384,1395,11,-0.12176914513111115,-0.1257314682006836,-0.011430133134126663,-0.9062069654464722,-3.000884532928467,-0.27280768752098083,5.5594482546439394e-05,0.4111260175704956,0.03737509250640869,0.8057585954666138,13.24856185913086,1.20441472530365,0.951326847076416,10.949719429016113,0.9954290390014648,0.6124750375747681,8.878130912780762,0.8071027994155884,0.0014276689616963267,0.5869825482368469,0.05336204916238785,0.8310766220092773,10.359233856201172,0.9417485594749451,0.023445844650268555,3.633610963821411,0.3303282558917999,0.5337293744087219,8.532007217407227,0.7756370306015015,0.14927226305007935,4.7204270362854,0.4291297197341919,5.003630827135142,1.0,1,1
an_5-a-10_kv_kv-kaduthuruthy_06082025-000000-1_EN-OL-RC-434_2,5,gentle,gentle,c,27.9,28.56,JH EH N T AH L,c,0,* JH EH N T IH L *,JH EH N T IH L,1395,1428,33,-0.18052853643894196,-0.35826408863067627,-0.010856487788259983,-0.6357357501983643,-7.877439022064209,-0.23871026933193207,4.989688386558555e-05,0.9754048585891724,0.0295577235519886,0.7363938093185425,36.898284912109375,1.118129849433899,0.9283643364906311,32.85759735107422,0.9956847429275513,0.6465489864349365,27.016080856323242,0.8186691403388977,0.002539906417950988,2.1322710514068604,0.06461427360773087,0.8705103397369385,31.289030075073242,0.9481524229049683,0.056306663900613785,11.912373542785645,0.3609810173511505,0.599563479423523,26.123409271240234,0.7916184663772583,0.1984340399503708,15.002007484436035,0.454606294631958,2.8059285653833057,1.0,6,6
an_5-a-10_kv_kv-kaduthuruthy_06082025-000000-1_EN-OL-RC-434_2,5,but,but,c,28.56,28.92,B AH T,c,0,B AH T * SIL,B AH T,1428,1446,18,-0.03403206169605255,-0.03664455935359001,-0.002035808749496937,-0.6125354766845703,-3.850958824157715,-0.21394215524196625,2.9274553526192904e-05,0.17396311461925507,0.009664617478847504,0.6241354942321777,19.041662216186523,1.0578701496124268,0.9862473607063293,17.985187530517578,0.999177098274231,0.6897944211959839,14.920795440673828,0.82893306016922,0.005276503972709179,1.4028679132461548,0.07793710380792618,0.884850025177002,17.140581130981445,0.9522545337677002,0.07743243128061295,6.969178676605225,0.38717660307884216,0.626966118812561,14.46588134765625,0.8036600947380066,0.2228422611951828,8.561762809753418,0.4756534993648529,0.0,0.0,3,3
an_5-a-10_kv_kv-kaduthuruthy_06082025-000000-1_EN-OL-RC-434_2,5,firm,firm,c,29.04,29.49,F AH R M,c,0,F AH M *,F AH M,1452,1475,23,-0.4734126329421997,-1.3338189125061035,-0.057992126792669296,-1.209099531173706,-12.295015335083008,-0.5345658659934998,5.7910976465791464e-05,3.6340625286102295,0.15800271928310394,0.8244743943214417,38.98137283325195,1.6948423385620117,0.81880784034729,22.47520637512207,0.9771828651428223,0.49697232246398926,16.79167366027832,0.7300727963447571,0.00020252454851288348,0.722792387008667,0.031425755470991135,0.7502586841583252,20.62619972229004,0.8967912793159485,0.003892752109095454,4.520715713500977,0.19655285775661469,0.4284401535987854,15.55237865447998,0.6761903762817383,0.09237648546695709,7.138911247253418,0.31038743257522583,4.077298410933378,1.0,4,3
an_5-a-10_kv_kv-kaduthuruthy_06082025-000000-1_EN-OL-RC-434_2,5,grip,grip,c,29.49,29.94,G R IH P,c,0,G R IY * SIL *,G R IY,1474,1497,23,-1.1665232181549072,-1.9346694946289062,-0.08411606401205063,-2.0454277992248535,-10.465629577636719,-0.45502737164497375,3.751286203623749e-05,3.3898472785949707,0.1473846584558487,0.7653565406799316,35.53192138671875,1.5448662042617798,0.5893698930740356,22.296558380126953,0.9694156050682068,0.3883711099624634,17.308839797973633,0.7525582313537598,3.225309046683833e-05,0.7900558710098267,0.03435025364160538,0.5912731289863586,20.90130043029785,0.9087522029876709,0.00011381811782484874,5.397364139556885,0.23466800153255463,0.28417009115219116,16.294082641601562,0.7084383964538574,0.043739721179008484,7.9816365242004395,0.3470276892185211,8.951473824536185,2.0,4,3
an_5-a-10_kv_kv-kaduthuruthy_06082025-000000-1_EN-OL-RC-434_2,5,mahagiri,mahagiri,c,30.15,30.81,M AE HH AH JH IH R IY,c,0,M AH HH AH G AH R IY,M AH HH AH G AH R IY,1507,1541,34,-0.590158998966217,-1.567312479019165,-0.04609742760658264,-1.3291910886764526,-11.923176765441895,-0.3506816625595093,3.134024882456288e-05,3.035609245300293,0.08928262442350388,0.6271448135375977,44.888126373291016,1.3202390670776367,0.7773249745368958,33.39872741699219,0.9823155403137207,0.4836169481277466,26.721113204956055,0.7859150767326355,0.0001615819346625358,1.9233081340789795,0.05656788498163223,0.7349473237991333,31.56178092956543,0.92828768491745,0.0027702469378709793,10.581092834472656,0.3112086057662964,0.4116377830505371,25.532018661499023,0.7509417533874512,0.08523644506931305,13.895611763000488,0.40869447588920593,9.715503755854618,3.0,8,8
an_5-a-10_kv_kv-kaduthuruthy_06082025-000000-1_EN-OL-RC-434_2,5,lowered,lowered,c,30.81,31.53,L OW AH R D,c,0,* L OW AH R D * SIL *,L OW AH R D,1540,1577,37,-0.5576550960540771,-1.3266116380691528,-0.03585436940193176,-1.1687790155410767,-13.212724685668945,-0.3571006655693054,5.2836083341389894e-05,2.6591458320617676,0.07186880707740784,0.6864926218986511,51.85219192504883,1.4014105796813965,0.7887530326843262,36.486148834228516,0.986112117767334,0.5830262899398804,28.809085845947266,0.7786239385604858,0.0008677489822730422,1.5553100109100342,0.04203540459275246,0.8052169680595398,34.339969635009766,0.9281072616577148,0.01319918129593134,9.94440746307373,0.268767774105072,0.4964595437049866,27.390262603759766,0.7402773499488831,0.1264670044183731,14.036836624145508,0.3793739676475525,0.0,0.0,5,5
an_5-a-10_kv_kv-kaduthuruthy_06082025-000000-1_EN-OL-RC-434_2,5,the,the,c,32.07,32.4,DH AH,c,0,DH AH * SIL *,DH AH,1603,1620,17,-0.4087202250957489,-0.4481468200683594,-0.026361577212810516,-0.7668964862823486,-4.624719619750977,-0.27204233407974243,3.1115589081309736e-05,0.8401193618774414,0.04941878467798233,0.6568533182144165,20.058612823486328,1.1799184083938599,0.8423212170600891,16.82636833190918,0.9897863864898682,0.7046701908111572,13.818801879882812,0.8128706812858582,0.006785326637327671,1.0483181476593018,0.06166577339172363,0.891758382320404,16.055248260498047,0.9444263577461243,0.09027789533138275,5.701519012451172,0.33538347482681274,0.6409793496131897,13.260141372680664,0.7800083160400391,0.23634937405586243,7.402716159820557,0.4354538917541504,0.0,0.0,2,2
an_5-a-10_kv_kv-kaduthuruthy_06082025-000000-1_EN-OL-RC-434_2,5,flagpost,flagpost,c,32.58,33.3,F L AE G P OW S T,c,0,F L AE G P OW S T *,F L AE G P OW S T,1628,1665,37,-0.08417769521474838,-0.36488455533981323,-0.009861744940280914,-1.0470391511917114,-12.696820259094238,-0.3431572914123535,3.6197910958435386e-05,1.683050274848938,0.045487843453884125,0.6864145398139954,50.91557312011719,1.3760966062545776,0.9661949872970581,36.852943420410156,0.9960255026817322,0.5483754873275757,28.879688262939453,0.7805321216583252,0.00048301060451194644,1.7463141679763794,0.04719768092036247,0.78788161277771,34.33867645263672,0.9280723333358765,0.00898005347698927,10.576579093933105,0.28585347533226013,0.47353696823120117,27.544466018676758,0.7444450259208679,0.11397392302751541,14.46638011932373,0.3909832537174225,0.0,0.0,8,8
an_5-a-10_kv_kv-kaduthuruthy_06082025-000000-1_EN-OL-RC-434_2,5,into,into,c,33.3,33.63,IH N T UW,c,0,* IH N T UW *,IH N T UW,1664,1682,18,-0.09646706283092499,-0.1845894753932953,-0.010254970751702785,-0.5232071876525879,-4.33516263961792,-0.24084237217903137,4.7254474338842556e-05,0.6221621036529541,0.034564562141895294,0.6575013399124146,20.182451248168945,1.1212472915649414,0.961318850517273,17.925907135009766,0.9958837032318115,0.7338595986366272,14.7720947265625,0.8206719160079956,0.011114552617073059,1.1567039489746094,0.06426133215427399,0.9191260933876038,17.080562591552734,0.9489201307296753,0.16582542657852173,6.312901496887207,0.3507167398929596,0.7028014659881592,14.234015464782715,0.790778636932373,0.30540212988853455,8.07824420928955,0.44879135489463806,0.0,0.0,4,4
an_5-a-10_kv_kv-kaduthuruthy_06082025-000000-1_EN-OL-RC-434_2,5,the,the,c,33.63,33.72,DH AH,c,0,DH AH *,DH AH,1681,1686,5,-0.09646706283092499,-0.112036794424057,-0.02240735851228237,-0.5232071876525879,-1.9549009799957275,-0.39098018407821655,0.001391586964018643,0.3978591859340668,0.07957183569669724,1.2036237716674805,7.566776752471924,1.5133553743362427,0.961318850517273,4.9550089836120605,0.9910017848014832,0.7425975799560547,3.854029893875122,0.7708059549331665,0.012883968651294708,0.11766751855611801,0.023533504456281662,0.911074161529541,4.6276164054870605,0.9255232810974121,0.13866226375102997,0.992832362651825,0.1985664665699005,0.6834461688995361,3.602271318435669,0.7204542756080627,0.28200143575668335,1.6557512283325195,0.33115023374557495,0.0,0.0,2,2
an_5-a-10_kv_kv-kaduthuruthy_06082025-000000-1_EN-OL-RC-434_2,5,hole,hole,c,33.72,34.02,HH OW L,c,0,* HH OW L * SIL,HH OW L,1686,1702,16,-0.004216727335005999,-0.00965809915214777,-0.0006036311970092356,-0.49545204639434814,-3.8116652965545654,-0.23822908103466034,5.33170641574543e-05,0.0732216015458107,0.004576350096613169,0.7383100390434265,18.728673934936523,1.1705421209335327,0.9982895851135254,15.996082305908203,0.9997551441192627,0.6904608011245728,12.98748779296875,0.8117179870605469,0.005336289294064045,0.9869191646575928,0.06168244779109955,0.8968539237976074,15.148101806640625,0.9467563629150391,0.10109926015138626,5.545197010040283,0.3465748131275177,0.6516890525817871,12.580183982849121,0.7862614989280701,0.24717219173908234,7.107447624206543,0.44421547651290894,0.0,0.0,3,3
as_5-e-40_kv_kv-no2-ambala-cantt_22082024-000000-1_EN-OL-RC-434_1,5,mahagiri,mahagiri,c,0.96,1.44,M AE HH AH JH IH R IY,c,0,HH AH NG R IY,HH AH NG R IY,48,72,24,-0.2955787479877472,-0.42256784439086914,-0.01760699413716793,-1.1113413572311401,-7.521243095397949,-0.31338512897491455,3.794826989178546e-05,1.1860146522521973,0.04941727593541145,0.6568742394447327,31.05624771118164,1.2940102815628052,0.8843694925308228,23.833209991455078,0.9930503964424133,0.5218193531036377,19.033042907714844,0.7930434346199036,0.00030828185845166445,1.3033852577209473,0.0543077178299427,0.7713280916213989,22.428821563720703,0.9345342516899109,0.0062166242860257626,7.427077293395996,0.3094615638256073,0.452972412109375,18.22730827331543,0.7594711780548096,0.10366186499595642,9.873491287231445,0.41139546036720276,18.539501225298253,4.0,8,5
as_5-e-40_kv_kv-no2-ambala-cantt_22082024-000000-1_EN-OL-RC-434_1,5,was,was,c,1.44,1.89,W AA Z,c,0,* W AO Z *,W AO Z,72,95,23,-0.46356451511383057,-1.0105019807815552,-0.04393487051129341,-0.9793545007705688,-8.18509578704834,-0.3558737337589264,5.9467609389685094e-05,1.9140803813934326,0.08322088420391083,0.7848491072654724,31.82282257080078,1.3836009502410889,0.8223627805709839,22.6081600189209,0.982963502407074,0.5971490144729614,17.949222564697266,0.7804009914398193,0.0011017773067578673,0.9850176572799683,0.042826853692531586,0.8436478972434998,21.379558563232422,0.9295459985733032,0.03100026771426201,6.249522686004639,0.2717183828353882,0.553397536277771,17.080156326293945,0.7426155209541321,0.16268490254878998,8.79050350189209,0.3821958005428314,0.406100786224316,1.0,3,3
as_5-e-40_kv_kv-no2-ambala-cantt_22082024-000000-1_EN-OL-RC-434_1,5,an,an,c,1.92,2.22,AE N,c,0,AE N *,AE N,96,112,16,-0.11852110922336578,-0.21620361506938934,-0.013512725941836834,-0.7409811019897461,-5.161161422729492,-0.32257258892059326,5.204231638344936e-05,0.8112887144088745,0.05070554465055466,0.7115107178688049,21.089557647705078,1.3180973529815674,0.9526059627532959,15.913169860839844,0.9945731163024902,0.6823309659957886,12.68883228302002,0.7930520176887512,0.00465100072324276,0.8274372220039368,0.05171482637524605,0.8786966800689697,14.950627326965332,0.9344142079353333,0.06753814965486526,4.72872257232666,0.29554516077041626,0.614942193031311,12.080333709716797,0.7550208568572998,0.21181634068489075,6.431222438812256,0.401951402425766,0.0,0.0,2,2
as_5-e-40_kv_kv-no2-ambala-cantt_22082024-000000-1_EN-OL-RC-434_1,5,elephant,elephant,c,2.22,3.24,EH L AH F AH N T,s,1,AE N IH F AE N T * SIL *,AE N IH F AE N T,111,162,51,-0.6079648733139038,-2.398953676223755,-0.047038305550813675,-1.399796724319458,-19.335220336914062,-0.37912195920944214,2.1885340174776502e-05,4.692124366760254,0.09200243651866913,0.6650513410568237,71.89036560058594,1.4096150398254395,0.7711039185523987,50.07883071899414,0.9819378852844238,0.5520548224449158,39.53360366821289,0.7751687169075012,0.000514012819621712,2.4399783611297607,0.047842711210250854,0.7485830187797546,47.11283874511719,0.923781156539917,0.0037504914216697216,14.196817398071289,0.2783689796924591,0.42656129598617554,37.544673919677734,0.7361700534820557,0.09155507385730743,19.571029663085938,0.3837456703186035,14.666983232349006,4.0,7,7
as_5-e-40_kv_kv-no2-ambala-cantt_22082024-000000-1_EN-OL-RC-434_1,5,who,who,c,3.24,3.6,HH UW,c,0,HH UW *,HH UW,162,180,18,-0.0663464143872261,-0.06823381036520004,-0.003790767164900899,-0.5141385197639465,-3.4050331115722656,-0.1891685128211975,1.6985921320156194e-05,0.25653353333473206,0.014251862652599812,0.5946035385131836,17.310474395751953,0.9616930484771729,0.973296582698822,17.972532272338867,0.9984740018844604,0.6969449520111084,15.106180191040039,0.8392322063446045,0.005954548250883818,1.660233974456787,0.09223522245883942,0.9021440744400024,17.21870231628418,0.9565945863723755,0.11370828747749329,7.665491580963135,0.4258606433868408,0.6631675958633423,14.732806205749512,0.8184892535209656,0.25927531719207764,9.101579666137695,0.5056433081626892,0.0,0.0,2,2
as_5-e-40_kv_kv-no2-ambala-cantt_22082024-000000-1_EN-OL-RC-434_1,5,was,was,c,3.6,4.05,W AA Z,c,0,* W AO Z * SIL,W AO Z,180,203,23,-0.0379459485411644,-0.04472622647881508,-0.0019446185324341059,-0.6148154735565186,-5.062635898590088,-0.220114603638649,2.4729199139983393e-05,0.22496220469474792,0.009780965745449066,0.5944979190826416,24.937089920043945,1.0842212438583374,0.9846730828285217,22.981924057006836,0.9992141127586365,0.6822969913482666,18.92238998413086,0.8227126002311707,0.004648329224437475,1.750662088394165,0.07611574232578278,0.8892771601676941,21.858253479003906,0.9503588676452637,0.08543578535318375,8.771878242492676,0.38138601183891296,0.6358811259269714,18.38140106201172,0.7991913557052612,0.23135121166706085,10.82862377166748,0.4708097279071808,0.406100786224316,1.0,3,3
as_5-e-40_kv_kv-no2-ambala-cantt_22082024-000000-1_EN-OL-RC-434_1,5,owned,owned,c,4.62,5.1,OW N D,c,0,OW N D *,OW N D,231,255,24,-0.5966475605964661,-0.7923657298088074,-0.03301523998379707,-0.9334043264389038,-7.7707600593566895,-0.32378166913986206,4.775058550876565e-05,1.3473323583602905,0.05613884702324867,0.6992827653884888,32.1542854309082,1.3397618532180786,0.7750548124313354,23.6968994140625,0.9873707890510559,0.6198272705078125,18.967967987060547,0.790332019329071,0.0016166347777470946,0.9868594408035278,0.04111914336681366,0.8470456004142761,22.439910888671875,0.9349963068962097,0.033431027084589005,6.660523891448975,0.2775218188762665,0.5589097738265991,18.068056106567383,0.7528356909751892,0.1666286736726761,9.353471755981445,0.38972797989845276,0.0,0.0,3,3
as_5-e-40_kv_kv-no2-ambala-cantt_22082024-000000-1_EN-OL-RC-434_1,5,by,by,c,5.1,5.52,B AY,c,0,* B AY * SIL,B AY,254,276,22,-0.5664193034172058,-0.726170539855957,-0.033007752150297165,-1.245274543762207,-5.661815643310547,-0.2573552429676056,2.051820047199726e-05,1.4715392589569092,0.06688814610242844,0.5561051368713379,24.237890243530273,1.101722240447998,0.7856624722480774,21.72191619873047,0.9873598217964172,0.603135347366333,18.034910202026367,0.8197686672210693,0.001219129073433578,1.539308786392212,0.069968581199646,0.7972841262817383,20.818317413330078,0.9462871551513672,0.011066319420933723,8.096439361572266,0.3680199682712555,0.4857823848724365,17.394248962402344,0.7906476855278015,0.12051130086183548,10.095909118652344,0.4589049518108368,0.0,0.0,2,2
as_5-e-40_kv_kv-no2-ambala-cantt_22082024-000000-1_EN-OL-RC-434_1,5,a,a,c,5.55,5.88,AH,c,0,AH SIL *,AH,277,294,17,-0.10853980481624603,-0.11411777138710022,-0.006712810136377811,-0.7443943023681641,-4.486032009124756,-0.2638842463493347,0.00010856756125576794,0.44254449009895325,0.02603202871978283,0.7349192500114441,20.83263397216797,1.2254490852355957,0.9565433263778687,16.954280853271484,0.9973106384277344,0.7245818376541138,13.723551750183105,0.8072677254676819,0.009501032531261444,0.8459650278091431,0.04976264759898186,0.8806966543197632,16.041759490966797,0.9436329007148743,0.07060687243938446,5.371136665344238,0.3159492015838623,0.618804931640625,13.176244735717773,0.775073230266571,0.2153032273054123,7.159767150878906,0.42116278409957886,0.0,0.0,1,1
as_5-e-40_kv_kv-no2-ambala-cantt_22082024-000000-1_EN-OL-RC-434_1,5,merchant,merchant,c,6.96,7.74,M AH R CH AH N T,c,0,M AH R CH AH N T *,M AH R CH AH N T,348,387,39,-0.024932047352194786,-0.048479605466127396,-0.0012430668575689197,-0.5612578392028809,-7.707858562469482,-0.1976373940706253,2.2169044314068742e-05,0.2619591951370239,0.006716902367770672,0.611699104309082,39.35891342163086,1.0092029571533203,0.9899133443832397,38.980369567871094,0.9994966387748718,0.696267306804657,32.55473709106445,0.8347368240356445,0.005886715836822987,3.2386410236358643,0.08304207772016525,0.8928269147872925,37.246158599853516,0.9550297260284424,0.09244666993618011,15.765302658081055,0.4042385220527649,0.6431979537010193,31.65693473815918,0.8117162585258484,0.2385551482439041,19.083385467529297,0.48931756615638733,0.0,0.0,7,7
as_5-e-40_kv_kv-no2-ambala-cantt_22082024-000000-1_EN-OL-RC-434_1,5,the,the,c,7.77,7.95,DH AH,c,0,DH AH *,DH AH,388,398,10,-0.02790086716413498,-0.028901049867272377,-0.0028901048935949802,-0.42821362614631653,-2.0262677669525146,-0.2026267796754837,2.7343912734068e-05,0.1358097493648529,0.013580975122749805,0.6813730001449585,10.116179466247559,1.01161789894104,0.9887164235115051,9.988310813903809,0.9988310933113098,0.7395606637001038,8.357330322265625,0.8357330560684204,0.012239160016179085,0.8019198775291443,0.08019198477268219,0.9235514402389526,9.549943923950195,0.9549943804740906,0.18295791745185852,3.9749886989593506,0.39749887585639954,0.7139158844947815,8.103546142578125,0.8103545904159546,0.31964442133903503,4.845631122589111,0.48456311225891113,0.0,0.0,2,2
as_5-e-40_kv_kv-no2-ambala-cantt_22082024-000000-1_EN-OL-RC-434_1,5,merchant,merchant,c,7.95,8.55,M AH R CH AH N T,c,0,* M AH R CH AH N T *,M AH R CH AH N T,397,428,31,-0.0949442982673645,-0.1513471156358719,-0.004882165230810642,-0.5844662189483643,-7.122061729431152,-0.22974392771720886,1.9968543711001985e-05,0.6057902574539185,0.019541621208190918,0.6087811589241028,33.82188415527344,1.0910285711288452,0.9619222283363342,30.9390869140625,0.9980350732803345,0.6607183218002319,25.561843872070312,0.8245756030082703,0.003227421548217535,2.2108120918273926,0.07131651788949966,0.8799551725387573,29.457447052001953,0.9502402544021606,0.06945329904556274,11.433443069458008,0.36882075667381287,0.6173679232597351,24.694499969482422,0.7965967655181885,0.21400004625320435,14.321846008300781,0.46199503540992737,0.0,0.0,7,7
as_5-e-40_kv_kv-no2-ambala-cantt_22082024-000000-1_EN-OL-RC-434_1,5,made,made,c,8.55,8.91,M EY D,c,0,* M EY D *,M EY D,427,446,19,-0.023636391386389732,-0.03519848361611366,-0.00185255182441324,-0.439852774143219,-3.5761523246765137,-0.18821854889392853,2.5291723432019353e-05,0.18078814446926117,0.009515165351331234,0.5997057557106018,18.35137176513672,0.9658616781234741,0.9904358386993408,18.985748291015625,0.9992499351501465,0.7214205861091614,15.965042114257812,0.8402653932571411,0.009006570093333721,1.708175778388977,0.08990398794412613,0.9162991046905518,18.184377670288086,0.9570724964141846,0.15573054552078247,7.978405952453613,0.4199160933494568,0.6958827972412109,15.545798301696777,0.8181999325752258,0.29683753848075867,9.531639099121094,0.5016652345657349,0.0,0.0,3,3
as_5-e-40_kv_kv-no2-ambala-cantt_22082024-000000-1_EN-OL-RC-434_1,5,a,a,c,8.91,9.0,AH,c,0,AH,AH,445,450,5,-0.0012125568464398384,-0.0014766196254640818,-0.00029532393091358244,-0.28096798062324524,-0.8908489346504211,-0.17816978693008423,8.504272409481928e-05,0.012262661941349506,0.002452532295137644,0.7107360363006592,4.734377861022949,0.9468755722045898,0.9995079636573792,4.999400615692139,0.9998801350593567,0.7763896584510803,4.233753681182861,0.8467507362365723,0.022812100127339363,0.4337783455848694,0.08675567060709,0.9367567300796509,4.797089576721191,0.9594179391860962,0.24533997476100922,2.0983004570007324,0.4196600914001465,0.7493600845336914,4.112521648406982,0.8225043416023254,0.3693319857120514,2.5087029933929443,0.501740574836731,0.0,0.0,1,1
as_5-e-40_kv_kv-no2-ambala-cantt_22082024-000000-1_EN-OL-RC-434_1,5,lot,lot,c,9.0,9.42,L AA T,c,0,* L AO T *,L AO T,450,471,21,-0.016161520034074783,-0.019492588937282562,-0.000928218534681946,-0.4310862421989441,-3.9227609634399414,-0.18679814040660858,2.4809774913592264e-05,0.11137862503528595,0.005303744226694107,0.6134036779403687,20.54560089111328,0.978361964225769,0.9934543371200562,20.992101669311523,0.9996238946914673,0.7192249894142151,17.62218475341797,0.8391516804695129,0.00867837481200695,1.7959041595458984,0.08551924675703049,0.9099477529525757,20.097705841064453,0.957033634185791,0.13523529469966888,8.682244300842285,0.41344019770622253,0.6808223724365234,17.15701675415039,0.8170008063316345,0.27896061539649963,10.432045936584473,0.49676409363746643,0.406100786224316,1.0,3,3
as_5-e-40_kv_kv-no2-ambala-cantt_22082024-000000-1_EN-OL-RC-434_1,5,of,of,c,9.42,9.66,AH V,c,0,AO F *,AO F,471,483,12,-0.001062182243913412,-0.0022132000885903835,-0.0001844333455665037,-0.3632303476333618,-2.7573165893554688,-0.22977638244628906,4.8523150326218456e-05,0.02042129449546337,0.0017017745412886143,0.7368530631065369,14.28866958618164,1.1907224655151367,0.9995688796043396,11.999102592468262,0.9999251961708069,0.726309061050415,9.68637466430664,0.8071978688240051,0.009782559238374233,0.6458519101142883,0.05382099375128746,0.9187191724777222,11.365445137023926,0.9471204280853271,0.16433292627334595,4.005610466003418,0.33380088210105896,0.7017970681190491,9.413142204284668,0.7844285368919373,0.30414462089538574,5.23117733001709,0.4359314441680908,4.411563432609308,2.0,2,2
as_5-e-40_kv_kv-no2-ambala-cantt_22082024-000000-1_EN-OL-RC-434_1,5,money,money,c,9.66,10.08,M AH N IY,c,0,* M AH N IY *,M AH N IY,483,504,21,-0.6322410106658936,-0.7251529097557068,-0.034531090408563614,-0.8374192714691162,-4.946201801300049,-0.23553341627120972,1.9712137145688757e-05,1.012607216835022,0.04821939021348953,0.5558974742889404,22.100330352783203,1.0523966550827026,0.7626667022705078,20.72536849975586,0.9869223237037659,0.710344135761261,17.400327682495117,0.8285870552062988,0.0074684638530015945,1.690617561340332,0.08050559461116791,0.8873192667961121,19.97544288635254,0.9512115716934204,0.08179911971092224,8.081357955932617,0.38482657074928284,0.6319103240966797,16.826934814453125,0.8012825846672058,0.22752544283866882,9.956564903259277,0.47412213683128357,0.0,0.0,4,4
as_5-e-40_kv_kv-no2-ambala-cantt_22082024-000000-1_EN-OL-RC-434_1,5,by,by,c,10.08,10.5,B AY,c,0,B AY * SIL *,B AY,504,525,21,-0.1364835500717163,-0.20098768174648285,-0.009570841677486897,-0.5593465566635132,-5.227425575256348,-0.24892503023147583,2.215397216787096e-05,0.6732242703437805,0.03205829858779907,0.6301185488700867,24.107677459716797,1.1479846239089966,0.9455448985099792,20.919506072998047,0.9961669445037842,0.7305653095245361,17.1531982421875,0.8168189525604248,0.010512446984648705,1.2709579467773438,0.06052180752158165,0.9191545844078064,19.893718719482422,0.9473199248313904,0.16593046486377716,7.177321910858154,0.3417772352695465,0.7028720378875732,16.511077880859375,0.7862418293952942,0.30549052357673645,9.276017189025879,0.4417150914669037,0.0,0.0,2,2
as_5-e-40_kv_kv-no2-ambala-cantt_22082024-000000-1_EN-OL-RC-434_1,5,putting,putting,c,10.86,11.28,P AH T IH NG,c,0,P UH T IH NG * M,P UH T IH NG M,543,564,21,-0.675424337387085,-0.9175255298614502,-0.043691691011190414,-1.1158069372177124,-6.940217018127441,-0.330486536026001,3.9013717469060794e-05,1.4972500801086426,0.07129762321710587,0.6493712663650513,27.79796600341797,1.323712706565857,0.7477841377258301,20.650941848754883,0.9833781719207764,0.5246192812919617,16.562297821044922,0.7886808514595032,0.00032322798506356776,1.0085843801498413,0.048027828335762024,0.7722851037979126,19.5949649810791,0.9330935478210449,0.006350215058773756,6.144057273864746,0.2925741672515869,0.4541287422180176,15.829375267028809,0.7537797689437866,0.1042204350233078,8.383234977722168,0.3992016613483429,10.973597890340873,2.0,5,6
as_5-e-40_kv_kv-no2-ambala-cantt_22082024-000000-1_EN-OL-RC-434_1,5,mahagiri,mahagiri,c,11.94,12.78,M AE HH AH JH IH R IY,c,0,M AA HH R IH * SIL *,M AA HH R IH,597,639,42,-0.8128201961517334,-3.5530948638916016,-0.08459749817848206,-1.7052092552185059,-26.273597717285156,-0.6255618333816528,4.4002194044878706e-05,8.176840782165527,0.1946866810321808,0.7442970275878906,79.18208312988281,1.8852876424789429,0.7014874815940857,40.63806915283203,0.9675730466842651,0.407524049282074,28.94402313232422,0.6891434192657471,4.460349737200886e-05,1.0450295209884644,0.024881655350327492,0.6359738111495972,36.65885543823242,0.8728299140930176,0.0003072744293604046,7.131990432739258,0.16980929672718048,0.3190726637840271,26.874004364013672,0.6398572325706482,0.053170252591371536,11.758838653564453,0.2799723446369171,15.717720821922985,5.0,8,5
as_5-e-40_kv_kv-no2-ambala-cantt_22082024-000000-1_EN-OL-RC-434_1,5,to,to,c,13.86,14.22,T UW,c,0,T UW *,T UW,693,711,18,-0.456548273563385,-0.7429009675979614,-0.041272275149822235,-0.8259340524673462,-6.425370216369629,-0.35696500539779663,0.00010578742512734607,1.480961799621582,0.08227565884590149,0.767244279384613,24.981369018554688,1.3878538608551025,0.8249008059501648,17.71139144897461,0.9839661717414856,0.6175866723060608,14.046368598937988,0.7803537845611572,0.0015565389767289162,0.7760298848152161,0.04311276972293854,0.8397717475891113,16.720901489257812,0.9289389848709106,0.028442304581403732,4.905983924865723,0.2725546658039093,0.5472139120101929,13.354461669921875,0.7419145107269287,0.158358633518219,6.87895393371582,0.3821641206741333,0.0,0.0,2,2
as_5-e-40_kv_kv-no2-ambala-cantt_22082024-000000-1_EN-OL-RC-434_1,5,work,work,c,14.22,14.58,W AH R K,c,0,* W AH R * SIL *,W AH R,711,729,18,-0.6417333483695984,-1.7931910753250122,-0.0996217280626297,-1.2830255031585693,-11.145112037658691,-0.6191728711128235,0.00042805966222658753,3.686384439468384,0.2047991305589676,1.067908525466919,33.48712158203125,1.8603956699371338,0.7593814730644226,17.308135986328125,0.9615631103515625,0.5018883943557739,12.65085506439209,0.7028253078460693,0.00022008034284226596,0.32972416281700134,0.01831800863146782,0.7469844818115234,15.866971015930176,0.881498396396637,0.003619628958404064,2.69193172454834,0.14955176413059235,0.4247783422470093,11.59996509552002,0.6444424986839294,0.09078104048967361,4.851294994354248,0.26951637864112854,4.508910626359664,1.0,4,3
as_5-e-40_kv_kv-no2-ambala-cantt_22082024-000000-1_EN-OL-RC-434_1,5,the,the,c,14.85,15.06,DH AH,c,0,DH AH *,DH AH,742,753,11,-0.03363548964262009,-0.05072387680411339,-0.0046112616546452045,-0.4746365249156952,-2.837563991546631,-0.25796034932136536,3.505988570395857e-05,0.24898289144039154,0.022634807974100113,0.6210998892784119,12.806398391723633,1.1642180681228638,0.9864068031311035,10.97947883605957,0.998134434223175,0.73534095287323,8.996111869812012,0.817828357219696,0.011396425776183605,0.7037321925163269,0.06397565454244614,0.918451189994812,10.41062068939209,0.9464200735092163,0.16335758566856384,3.7115349769592285,0.3374122679233551,0.7011373043060303,8.621329307556152,0.783757209777832,0.30332130193710327,4.825690269470215,0.4386991262435913,0.0,0.0,2,2
as_5-e-40_kv_kv-no2-ambala-cantt_22082024-000000-1_EN-OL-RC-434_1,5,elephant,elephant,c,15.06,15.63,EH L AH F AH N T,c,0,EH L IH F AE N T *,EH L IH F AE N T,753,782,29,-0.46753522753715515,-0.7266787886619568,-0.02505788952112198,-1.1391963958740234,-7.370817184448242,-0.2541660964488983,3.243156606913544e-05,1.3275591135025024,0.045777902007102966,0.6287809014320374,32.854576110839844,1.1329164505004883,0.8209282159805298,28.71891975402832,0.9903075695037842,0.596518874168396,23.649669647216797,0.815505862236023,0.0010901008499786258,1.969867467880249,0.06792646646499634,0.8087577819824219,27.427160263061523,0.9457641243934631,0.014279457740485668,10.486284255981445,0.361596018075943,0.5013329982757568,22.85555648803711,0.7881226539611816,0.1292673945426941,13.162290573120117,0.45387208461761475,5.762495777483556,2.0,7,7
as_5-e-40_kv_kv-no2-ambala-cantt_22082024-000000-1_EN-OL-RC-434_1,5,was,was,c,15.63,16.02,W AA Z,c,0,* W AO Z *,W AO Z,781,801,20,-0.24503077566623688,-0.38260844349861145,-0.019130421802401543,-0.6601114869117737,-5.741786003112793,-0.2870892882347107,3.138441388728097e-05,1.0792499780654907,0.053962498903274536,0.6384714841842651,24.674840927124023,1.2337419986724854,0.9035431146621704,19.848079681396484,0.9924039840698242,0.6864181160926819,16.067241668701172,0.8033620715141296,0.004983746912330389,1.1097362041473389,0.055486809462308884,0.8825300335884094,18.81999397277832,0.9409996867179871,0.07354230433702469,6.310304641723633,0.3155152201652527,0.6223838329315186,15.404459953308105,0.7702230215072632,0.21858035027980804,8.397947311401367,0.4198973774909973,0.406100786224316,1.0,3,3
as_5-e-40_kv_kv-no2-ambala-cantt_22082024-000000-1_EN-OL-RC-434_1,5,sent,sent,c,16.02,16.44,S EH N T,c,0,S EH N T * SIL *,S EH N T,801,822,21,-0.09060128778219223,-0.100406214594841,-0.004781248513609171,-0.6554270386695862,-5.019003868103027,-0.23900018632411957,2.212091931141913e-05,0.384516179561615,0.018310293555259705,0.554848849773407,23.62212371826172,1.1248630285263062,0.9636443257331848,20.959667205810547,0.9980794191360474,0.6872941255569458,17.20252799987793,0.819167971611023,0.005058108828961849,1.5399843454360962,0.07333258539438248,0.8913477659225464,19.90871810913086,0.9480341672897339,0.08945796638727188,7.640079021453857,0.36381328105926514,0.6401304006576538,16.625537872314453,0.7916922569274902,0.23551033437252045,9.61107063293457,0.45767003297805786,0.0,0.0,4,4
as_5-e-40_kv_kv-no2-ambala-cantt_22082024-000000-1_EN-OL-RC-434_1,5,to,to,c,16.83,17.01,T UW,c,0,T UW *,T UW,841,851,10,-0.039181504398584366,-0.041476380079984665,-0.004147638101130724,-0.4412716031074524,-2.350538730621338,-0.2350538671016693,4.6793695219093934e-05,0.1824144572019577,0.01824144646525383,0.6809436082839966,11.298429489135742,1.12984299659729,0.9841765761375427,9.983244895935059,0.9983245134353638,0.7263175249099731,8.195455551147461,0.819545567035675,0.00978395901620388,0.629625678062439,0.06296256929636002,0.9159591794013977,9.490113258361816,0.9490113258361816,0.15455886721611023,3.5055246353149414,0.3505524694919586,0.695060133934021,7.909242630004883,0.7909242510795593,0.29583412408828735,4.486439228057861,0.44864392280578613,0.0,0.0,2,2
as_5-e-40_kv_kv-no2-ambala-cantt_22082024-000000-1_EN-OL-RC-434_1,5,the,the,c,17.01,17.19,DH AH,c,0,* DH AH *,DH AH,850,860,10,-0.6260870695114136,-0.6703804135322571,-0.06703804433345795,-0.8280392289161682,-3.3268356323242188,-0.3326835632324219,0.00010320734872948378,0.9241968393325806,0.09241968393325806,0.6365823745727539,12.674288749694824,1.2674288749694824,0.7648006081581116,9.746858596801758,0.9746858477592468,0.7434225082397461,8.038249969482422,0.8038250207901001,0.013064920902252197,0.4860386848449707,0.04860386997461319,0.9042778015136719,9.386326789855957,0.9386326670646667,0.11922869086265564,2.8759422302246094,0.2875942289829254,0.6679067015647888,7.606522560119629,0.7606522440910339,0.26442950963974,3.99407696723938,0.39940768480300903,0.0,0.0,2,2
as_5-e-40_kv_kv-no2-ambala-cantt_22082024-000000-1_EN-OL-RC-434_1,5,forest,forest,c,17.19,17.82,F AO R AH S T,c,0,* F AO R EH S T *,F AO R EH S T,859,891,32,-0.45323848724365234,-0.4575837254524231,-0.014299491420388222,-0.8635776042938232,-6.224817276000977,-0.19452553987503052,1.6741394574637525e-05,0.7031617164611816,0.021973803639411926,0.5646774768829346,30.940717697143555,0.9668974280357361,0.826099693775177,31.8243350982666,0.9945104718208313,0.7231040596961975,26.8791446685791,0.8399732708930969,0.009266599081456661,2.928999423980713,0.09153123199939728,0.8792348504066467,30.60902976989746,0.9565321803092957,0.06835056096315384,13.510170936584473,0.42219284176826477,0.61597740650177,26.167774200439453,0.8177429437637329,0.212745800614357,16.093467712402344,0.5029208660125732,3.069714006777209,1.0,6,6
as_5-e-40_kv_kv-no2-ambala-cantt_22082024-000000-1_EN-OL-RC-434_1,5,to,to,c,17.88,18.18,T UW,c,0,T UW * SIL *,T UW,893,909,16,-0.6573444604873657,-1.053271770477295,-0.06582948565483093,-0.9710191488265991,-6.800459861755371,-0.4250287413597107,7.306455518119037e-05,1.7503819465637207,0.10939887166023254,0.8560431003570557,24.777332305908203,1.5485832691192627,0.7539955973625183,15.5996675491333,0.9749792218208313,0.6395930051803589,12.174915313720703,0.760932207107544,0.0022580986842513084,0.4378141760826111,0.027363386005163193,0.8570456504821777,14.714484214782715,0.9196552634239197,0.04174840450286865,3.36222505569458,0.21013906598091125,0.5756586790084839,11.410995483398438,0.7131872177124023,0.17913556098937988,5.3523149490356445,0.3345196843147278,0.0,0.0,2,2
as_5-e-40_kv_kv-no2-ambala-cantt_22082024-000000-1_EN-OL-RC-434_1,5,carry,carry,c,18.51,18.99,K AE R IY,c,0,K AE R IY *,K AE R IY,925,950,25,-0.014408358372747898,-0.02698025293648243,-0.0010792100802063942,-0.49376586079597473,-5.2717976570129395,-0.21087190508842468,2.4332202883670107e-05,0.16625219583511353,0.0066500878892838955,0.6109442114830017,26.42915916442871,1.057166337966919,0.9941632151603699,24.989063262939453,0.9995625019073486,0.7032886743545532,20.691978454589844,0.8276791572570801,0.006628680974245071,1.9362221956253052,0.07744888961315155,0.8997085094451904,23.808977127075195,0.9523590803146362,0.10771889984607697,9.699626922607422,0.38798508048057556,0.6578359603881836,20.09706687927246,0.8038826584815979,0.25358736515045166,11.916084289550781,0.4766433835029602,0.0,0.0,4,4
as_5-e-40_kv_kv-no2-ambala-cantt_22082024-000000-1_EN-OL-RC-434_1,5,heavy,lives,s,18.99,19.53,HH EH V IY,s,1,* L IY V Z *,L IY V Z,949,977,28,-0.4362005293369293,-0.8838409781455994,-0.031565748155117035,-1.0797189474105835,-10.0097074508667,-0.35748955607414246,7.185506547102705e-05,1.9618690013885498,0.07006675004959106,0.8135623931884766,39.69499588012695,1.4176784753799438,0.8322865962982178,27.654735565185547,0.9876691102981567,0.5673527121543884,21.657873153686523,0.7734954953193665,0.0006657415069639683,1.1096725463867188,0.03963116183876991,0.8047707080841064,25.943532943725586,0.9265547394752502,0.01306894700974226,7.503522872924805,0.26798295974731445,0.4958500862121582,20.660625457763672,0.7378794550895691,0.12612047791481018,10.569246292114258,0.3774730861186981,18.42364439655762,3.0,4,4
as_5-e-40_kv_kv-no2-ambala-cantt_22082024-000000-1_EN-OL-RC-434_1,5,logs,logs,c,19.53,20.13,L AO G Z,c,0,* L AO K S * SIL *,L AO K S,976,1007,31,-0.6263697743415833,-1.937097191810608,-0.062487006187438965,-0.9332459568977356,-9.724651336669922,-0.3136984407901764,3.1152267183642834e-05,3.0340170860290527,0.09787151962518692,0.6561245918273926,37.79071807861328,1.219055414199829,0.764702558517456,30.2568416595459,0.9760271310806274,0.6023879051208496,24.91353416442871,0.8036624193191528,0.0012038185959681869,1.8743999004364014,0.060464512556791306,0.8326505422592163,29.10193634033203,0.9387721419334412,0.02428022213280201,10.14676284790039,0.32731494307518005,0.5361318588256836,23.847990036010742,0.769290030002594,0.15085698664188385,13.21432113647461,0.42626842856407166,5.976967485178836,2.0,4,4
as_5-e-40_kv_kv-no2-ambala-cantt_22082024-000000-1_EN-OL-RC-434_1,5,of,of,c,20.4,20.64,AH V,c,0,AO F *,AO F,1019,1032,13,-0.007806052453815937,-0.010374708101153374,-0.0007980544469319284,-0.43722620606422424,-2.771973133087158,-0.21322870254516602,2.6266379791195504e-05,0.06901080161333084,0.005308523308485746,0.6528231501579285,13.979580879211426,1.075352430343628,0.9968351125717163,12.995792388916016,0.9996763467788696,0.7228080630302429,10.735223770141602,0.8257864713668823,0.009220336563885212,0.9432909488677979,0.07256083935499191,0.9150652885437012,12.375147819519043,0.9519344568252563,0.1515195667743683,4.917108058929443,0.37823909521102905,0.6929057240486145,10.417012214660645,0.8013086318969727,0.29322150349617004,6.102755546569824,0.4694427251815796,4.411563432609308,2.0,2,2
as_5-e-40_kv_kv-no2-ambala-cantt_22082024-000000-1_EN-OL-RC-434_1,5,wood,wood,c,20.64,21.0,W UH D,c,0,* W UH D S,W UH D S,1032,1050,18,-0.6361961364746094,-1.2982627153396606,-0.07212570309638977,-1.0722249746322632,-5.564813137054443,-0.30915629863739014,3.126469164271839e-05,1.8893994092941284,0.10496663302183151,0.6405154466629028,21.16750717163086,1.175972580909729,0.7612969279289246,17.50473976135254,0.9724855422973633,0.6021368503570557,14.52891731262207,0.8071620464324951,0.0011987192556262016,1.2061773538589478,0.06700985133647919,0.8205573558807373,16.90765380859375,0.9393141269683838,0.01855948194861412,6.2894673347473145,0.3494148552417755,0.5180844068527222,13.955166816711426,0.7752870321273804,0.13930152356624603,7.944214344024658,0.4413452446460724,3.496922329682875,1.0,3,4
as_5-e-40_kv_kv-no2-ambala-cantt_22082024-000000-1_EN-OL-RC-434_1,5,sometimes,sometimes,c,21.36,22.23,S AH M T AY M Z,c,0,S AH M T AY M * SH,S AH M T AY M SH,1068,1112,44,-0.332302987575531,-0.6439709067344666,-0.014635702595114708,-1.1154011487960815,-11.441449165344238,-0.26003292202949524,2.023355773417279e-05,1.9027595520019531,0.043244536966085434,0.58868807554245,49.24651336669922,1.1192389726638794,0.8705906867980957,43.74558639526367,0.9942178726196289,0.5343942642211914,35.980224609375,0.8177323937416077,0.0003813204530160874,3.4175641536712646,0.07767191529273987,0.7859369516372681,41.56878662109375,0.9447451233863831,0.008600329980254173,16.37866973876953,0.3722424805164337,0.4710572361946106,34.70473098754883,0.7887439131736755,0.11268698424100876,20.295663833618164,0.46126508712768555,7.809164843163618,1.0,7,7
as_5-e-40_kv_kv-no2-ambala-cantt_22082024-000000-1_EN-OL-RC-434_1,5,he,he,c,23.01,23.28,HH IY,c,0,T IY * SIL *,T IY,1150,1164,14,-0.6414395570755005,-1.0789124965667725,-0.07706517726182938,-1.5238442420959473,-9.271462440490723,-0.6622473001480103,0.003370427992194891,2.5921807289123535,0.18515576422214508,1.4779092073440552,28.739328384399414,2.052809238433838,0.7594830989837646,13.585733413696289,0.9704095125198364,0.42326557636260986,9.421375274658203,0.6729553937911987,5.821736340294592e-05,0.12260992079973221,0.008757851086556911,0.6732382774353027,12.158727645874023,0.8684805631637573,0.0007032176363281906,1.3760862350463867,0.09829187393188477,0.35110610723495483,8.617883682250977,0.6155630946159363,0.06300767511129379,3.2146501541137695,0.2296178638935089,7.528394014040221,1.0,2,2
as_5-e-40_kv_kv-no2-ambala-cantt_22082024-000000-1_EN-OL-RC-434_1,5,carried,carried,c,23.67,24.15,K AE R IY D,c,0,K AE R IY D *,K AE R IY D,1183,1208,25,-0.49514156579971313,-0.515196681022644,-0.02060786634683609,-0.7615765333175659,-5.991281509399414,-0.23965126276016235,2.6527282898314297e-05,0.8085135221481323,0.03234054148197174,0.5982300043106079,27.406879425048828,1.0962752103805542,0.8109949231147766,24.802860260009766,0.9921144247055054,0.7012596130371094,20.6002140045166,0.824008584022522,0.006405137944966555,1.7560361623764038,0.07024144381284714,0.8981004953384399,23.739553451538086,0.9495821595191956,0.10393840819597244,9.170433044433594,0.36681732535362244,0.6543599963188171,19.876384735107422,0.7950553894042969,0.2499411404132843,11.500778198242188,0.460031121969223,0.0,0.0,5,5
as_5-e-40_kv_kv-no2-ambala-cantt_22082024-000000-1_EN-OL-RC-434_1,5,people,people,c,24.15,24.75,P IY P AH L,s,1,P IY P AH L * SIL *,P IY P AH L,1207,1238,31,-0.49514156579971313,-0.7519941926002502,-0.024257877841591835,-0.851827085018158,-8.003532409667969,-0.2581784725189209,2.572874291217886e-05,1.5742614269256592,0.05078262835741043,0.6181631684303284,34.5867919921875,1.1157029867172241,0.8109949231147766,30.708438873291016,0.9905948042869568,0.5975426435470581,25.396482467651367,0.8192413449287415,0.0011091346386820078,2.2310338020324707,0.07196883112192154,0.8311290740966797,29.33658218383789,0.946341335773468,0.023473156616091728,11.298604011535645,0.36447110772132874,0.5338090658187866,24.468263626098633,0.7892988324165344,0.14932461082935333,14.154705047607422,0.45660337805747986,0.0,0.0,5,5
as_5-e-40_kv_kv-no2-ambala-cantt_22082024-000000-1_EN-OL-RC-434_1,5,from,from,c,25.02,25.41,F R AH M,c,0,F R AO M *,F R AO M,1251,1271,20,-0.015070841647684574,-0.019825076684355736,-0.0009912538807839155,-0.4068984091281891,-4.0635223388671875,-0.2031761109828949,1.8706414266489446e-05,0.11588113009929657,0.005794056691229343,0.5671866536140442,20.86993408203125,1.0434967279434204,0.9938952922821045,19.991966247558594,0.9995983242988586,0.7290439605712891,16.593120574951172,0.8296560049057007,0.01024551223963499,1.5955196619033813,0.07977598160505295,0.9203441739082336,19.074007034301758,0.9537003636360168,0.17037433385849,7.818349838256836,0.39091747999191284,0.7058254480361938,16.13499641418457,0.8067498207092285,0.30921733379364014,9.598587989807129,0.4799293875694275,2.9596412198778177,1.0,4,4
as_5-e-40_kv_kv-no2-ambala-cantt_22082024-000000-1_EN-OL-RC-434_1,5,one,one,c,25.41,25.71,W AH N,c,0,* W AH N *,W AH N,1270,1286,16,-0.0060911537148058414,-0.011042039841413498,-0.0006901274900883436,-0.36650964617729187,-3.471613645553589,-0.2169758528470993,0.00013302390289027244,0.07776202261447906,0.0048601264134049416,0.6536539793014526,17.544178009033203,1.0965111255645752,0.997529923915863,15.995521545410156,0.9997200965881348,0.7300432920455933,13.201987266540527,0.825124204158783,0.010420074686408043,1.067476749420166,0.06671729683876038,0.9190267324447632,15.228927612304688,0.951807975769043,0.1654597818851471,5.799678325653076,0.36247989535331726,0.7025560140609741,12.771207809448242,0.7982004880905151,0.30509433150291443,7.332126140594482,0.45825788378715515,0.0,0.0,3,3
as_5-e-40_kv_kv-no2-ambala-cantt_22082024-000000-1_EN-OL-RC-434_1,5,place,place,c,25.71,26.19,P L EY S,c,0,P L EY S *,P L EY S,1285,1310,25,-0.34374406933784485,-0.3990126848220825,-0.015960507094860077,-0.7021927237510681,-5.832652568817139,-0.23330610990524292,3.0954637622926384e-05,0.8716396689414978,0.03486558794975281,0.6299213171005249,26.772001266479492,1.0708800554275513,0.866323709487915,24.843982696533203,0.9937593340873718,0.7204554080963135,20.684431076049805,0.8273772597312927,0.008860794827342033,1.923147439956665,0.07692589610815048,0.9094749689102173,23.767793655395508,0.950711727142334,0.13382211327552795,9.428811073303223,0.3771524429321289,0.6797268986701965,19.971817016601562,0.798872709274292,0.2777000069618225,11.710439682006836,0.46841758489608765,0.0,0.0,4,4
as_5-e-40_kv_kv-no2-ambala-cantt_22082024-000000-1_EN-OL-RC-434_1,5,to,to,c,26.22,26.58,T UW,c,0,T UW * SIL,T UW,1311,1329,18,-0.6543211340904236,-0.961319625377655,-0.053406644612550735,-0.9103571176528931,-6.065003395080566,-0.3369446396827698,3.290846507297829e-05,1.6871156692504883,0.09372864663600922,0.713670015335083,23.25586700439453,1.2919926643371582,0.7550370693206787,17.63218116760254,0.9795656204223633,0.6359304189682007,14.319296836853027,0.7955164909362793,0.0021225139498710632,0.9088625907897949,0.050492364913225174,0.8480437397956848,16.83000373840332,0.9350001811981201,0.034180667251348495,5.325227737426758,0.29584598541259766,0.560545802116394,13.614225387573242,0.7563458681106567,0.16781529784202576,7.242861270904541,0.40238118171691895,0.0,0.0,2,2
as_5-e-40_kv_kv-no2-ambala-cantt_22082024-000000-1_EN-OL-RC-434_1,5,another,another,c,27.27,27.93,AH N AH DH AH R,c,0,AH N AH DH AH R * SIL *,AH N AH DH AH R,1363,1397,34,-0.26663726568222046,-0.2931096851825714,-0.008620873093605042,-0.7429021596908569,-7.425165176391602,-0.21838721632957458,2.8191338060423732e-05,0.7259804606437683,0.021352365612983704,0.587994396686554,35.59233856201172,1.0468335151672363,0.8953178524971008,33.88458251953125,0.996605396270752,0.7244831323623657,28.2487735748291,0.8308463096618652,0.009485188871622086,2.76790714263916,0.0814090371131897,0.8888581395149231,32.3876953125,0.9525792598724365,0.08464420586824417,13.195541381835938,0.3881041705608368,0.6350275278091431,27.34508514404297,0.8042672276496887,0.23052392899990082,16.226512908935547,0.4772503674030304,0.0,0.0,6,6
as_5-e-40_kv_kv-no2-ambala-cantt_22082024-000000-1_EN-OL-RC-434_1,5,once,once,c,29.19,29.64,W AH N S,c,0,W AH N S *,W AH N S,1459,1482,23,-0.46533581614494324,-0.8337839841842651,-0.036251477897167206,-0.7910566926002502,-5.756977081298828,-0.25030335783958435,4.166354119661264e-05,1.3358074426651,0.058078583329916,0.6244252920150757,25.111515045166016,1.0918049812316895,0.821722686290741,22.678579330444336,0.9860252141952515,0.7109249830245972,18.947277069091797,0.8237946629524231,0.007542172912508249,1.647092342376709,0.07161270827054977,0.8862751126289368,21.82330322265625,0.9488392472267151,0.07992333918809891,8.472586631774902,0.3683733344078064,0.6298110485076904,18.263103485107422,0.7940479516983032,0.2255261242389679,10.59632396697998,0.46070975065231323,0.0,0.0,4,4
as_5-e-40_kv_kv-no2-ambala-cantt_22082024-000000-1_EN-OL-RC-434_1,5,the,the,c,29.7,30.03,DH AH,c,0,DH AH *,DH AH,1485,1502,17,-0.10823004692792892,-0.11037169396877289,-0.006492452695965767,-0.5579935908317566,-3.6186556816101074,-0.21286210417747498,3.825035673798993e-05,0.3517710566520691,0.02069241553544998,0.6787569522857666,17.843204498291016,1.0496002435684204,0.9566657543182373,16.95579719543457,0.9973998069763184,0.7146268486976624,14.115342140197754,0.8303142189979553,0.008029285818338394,1.2110918760299683,0.07124070078134537,0.9105688333511353,16.202442169189453,0.9530848264694214,0.13711416721343994,6.479426860809326,0.3811427652835846,0.6822665929794312,13.667553901672363,0.8039737343788147,0.28063058853149414,8.019064903259277,0.4717096984386444,0.0,0.0,2,2
as_5-e-40_kv_kv-no2-ambala-cantt_22082024-000000-1_EN-OL-RC-434_1,5,people,people,c,30.03,30.57,P IY P AH L,s,1,* P IY P AH L *,P IY P AH L,1501,1529,28,-0.022772453725337982,-0.04488181695342064,-0.0016029219841584563,-0.7432212233543396,-6.04971981048584,-0.21606142818927765,2.4657021640450694e-05,0.24392066895961761,0.008711452595889568,0.6773450374603271,30.219762802124023,1.0792772769927979,0.9907845258712769,27.981826782226562,0.9993509650230408,0.6243348717689514,23.070735931396484,0.8239548802375793,0.0017446542624384165,1.9685962200164795,0.07030700892210007,0.8523741960525513,26.630695343017578,0.95109623670578,0.03763268142938614,10.557884216308594,0.37706729769706726,0.5677342414855957,22.397993087768555,0.7999283075332642,0.17311812937259674,13.095980644226074,0.4677135944366455,0.0,0.0,5,5
as_5-e-40_kv_kv-no2-ambala-cantt_22082024-000000-1_EN-OL-RC-434_1,5,of,of,c,30.57,30.84,AH V,c,0,AO F *,AO F,1528,1542,14,-0.031373511999845505,-0.03604479879140854,-0.0025746284518390894,-0.46303269267082214,-3.0441362857818604,-0.21743831038475037,2.8469450626289472e-05,0.1738995909690857,0.012421399354934692,0.637993574142456,14.930030822753906,1.0664308071136475,0.9873175024986267,13.985422134399414,0.9989587068557739,0.7281490564346313,11.596030235290527,0.8282878994941711,0.010091667994856834,1.0582088232040405,0.07558634132146835,0.919188916683197,13.329463958740234,0.9521045684814453,0.16605700552463531,5.313546657562256,0.37953904271125793,0.7029567956924438,11.225311279296875,0.8018079400062561,0.3055970072746277,6.591033458709717,0.4707880914211273,4.411563432609308,2.0,2,2
as_5-e-40_kv_kv-no2-ambala-cantt_22082024-000000-1_EN-OL-RC-434_1,5,a,a,c,30.84,30.96,AH,c,0,AH *,AH,1542,1548,6,-0.430671364068985,-0.7669636607170105,-0.12782727181911469,-0.7922526001930237,-2.65213680267334,-0.44202280044555664,0.00021240609930828214,1.2631464004516602,0.21052439510822296,0.9034000635147095,8.604117393493652,1.4340195655822754,0.8342999815940857,5.703336238861084,0.9505560398101807,0.7172418832778931,4.6820902824401855,0.7803483605384827,0.008392229676246643,0.20220161974430084,0.03370026871562004,0.8843514323234558,5.5460968017578125,0.9243494868278503,0.07657939195632935,1.369574785232544,0.22826246917247772,0.6259762644767761,4.347093105316162,0.7245154976844788,0.22191524505615234,2.0984621047973633,0.34974369406700134,0.0,0.0,1,1
as_5-e-40_kv_kv-no2-ambala-cantt_22082024-000000-1_EN-OL-RC-434_1,5,village,village,c,30.96,31.44,V IH L AH JH,c,0,* W IH L AH JH *,W IH L AH JH,1548,1572,24,-0.22357919812202454,-0.3126605153083801,-0.013027521781623363,-0.7974399924278259,-7.186250686645508,-0.2994271218776703,3.357072273502126e-05,0.9344357252120972,0.038934823125600815,0.6008260846138,31.107479095458984,1.296144962310791,0.9117535352706909,23.875761032104492,0.9948233962059021,0.6251746416091919,19.077333450317383,0.7948889136314392,0.001769601833075285,1.1358309984207153,0.04732629284262657,0.84361732006073,22.500673294067383,0.9375280737876892,0.030979180708527565,7.142546653747559,0.29760611057281494,0.5533483028411865,18.267555236816406,0.7611481547355652,0.1626499742269516,9.716020584106445,0.40483418107032776,0.9200152371878334,1.0,5,5
as_5-e-40_kv_kv-no2-ambala-cantt_22082024-000000-1_EN-OL-RC-434_1,5,wanted,wanted,c,31.44,31.98,W AA N T AH D,c,0,W AO N T EH D *,W AO N T EH D,1572,1599,27,-0.2287266105413437,-0.2403324693441391,-0.008901202119886875,-0.8617995381355286,-5.721700668334961,-0.21191483736038208,1.4593106243410148e-05,0.5921176075935364,0.021930281072854996,0.5261023640632629,27.83901596069336,1.0310746431350708,0.9097793698310852,26.905071258544922,0.996484100818634,0.6498413681983948,22.42692756652832,0.8306269645690918,0.002685294486582279,2.2804977893829346,0.08446288108825684,0.8524907231330872,25.724464416503906,0.9527579545974731,0.03773020952939987,10.79556941986084,0.3998359143733978,0.5679296255111694,21.790775299072266,0.8070657253265381,0.17326433956623077,13.099474906921387,0.4851657450199127,3.4758147930015246,2.0,6,6
as_5-e-40_kv_kv-no2-ambala-cantt_22082024-000000-1_EN-OL-RC-434_1,5,to,to,c,32.01,32.22,T UW,c,0,* T UW *,T UW,1600,1611,11,-0.05717453360557556,-0.07519175857305527,-0.006835614331066608,-0.6152116060256958,-2.791884183883667,-0.2538076639175415,2.203691292379517e-05,0.31612688302993774,0.028738807886838913,0.6032600998878479,12.610410690307617,1.1464009284973145,0.9769617319107056,10.9696626663208,0.9972420334815979,0.7084711194038391,8.985616683959961,0.8168742656707764,0.007235672790557146,0.7694554924964905,0.06995049864053726,0.8897299766540527,10.41083812713623,0.946439802646637,0.08629967272281647,3.8509838581085205,0.350089430809021,0.6368060111999512,8.649234771728516,0.7862940430641174,0.23225072026252747,4.920579433441162,0.4473254084587097,0.0,0.0,2,2
as_5-e-40_kv_kv-no2-ambala-cantt_22082024-000000-1_EN-OL-RC-434_1,5,hold,hold,c,32.22,32.64,HH OW L D,c,0,* HH OW L D *,HH OW L D,1611,1632,21,-0.13771606981754303,-0.16293416917324066,-0.007758770138025284,-0.5892589688301086,-5.523373126983643,-0.26301777362823486,4.671193164540455e-05,0.5432118773460388,0.02586723305284977,0.718820333480835,25.442407608032227,1.2115432024002075,0.945061445236206,20.93484115600586,0.9968972206115723,0.6986525654792786,16.95558738708496,0.8074089288711548,0.0061289602890610695,1.1449655294418335,0.05452216789126396,0.9024842381477356,19.82442283630371,0.94402015209198,0.11457096040248871,6.773556709289551,0.32255032658576965,0.6639188528060913,16.313941955566406,0.776854395866394,0.2600861191749573,8.950857162475586,0.4262312948703766,0.0,0.0,4,4
as_5-e-40_kv_kv-no2-ambala-cantt_22082024-000000-1_EN-OL-RC-434_1,5,their,their,c,32.64,33.09,DH EH R,c,0,DH EY R * SIL *,DH EY R,1632,1655,23,-0.07516094297170639,-0.08965320885181427,-0.0038979656528681517,-0.5286821722984314,-4.886124610900879,-0.21244020760059357,2.160839176212903e-05,0.35996919870376587,0.015650834888219833,0.6001679301261902,23.941667556762695,1.0409420728683472,0.9697820544242859,22.96390724182129,0.9984307289123535,0.7061325907707214,19.11048698425293,0.8308907151222229,0.006955179385840893,1.836010217666626,0.07982653379440308,0.9092398285865784,21.919780731201172,0.9530339241027832,0.13312482833862305,8.974720001220703,0.3902052044868469,0.6791833639144897,18.52580451965332,0.8054697513580322,0.27707651257514954,11.011371612548828,0.47875529527664185,1.9619857293066822,1.0,3,3
as_5-e-40_kv_kv-no2-ambala-cantt_22082024-000000-1_EN-OL-RC-434_1,5,temple,temple,c,33.69,34.29,T EH M P AH L,c,0,T EH M P AH L *,T EH M P AH L,1684,1715,31,-0.07502537220716476,-0.1637515127658844,-0.005282307043671608,-0.6255829334259033,-7.274938106536865,-0.23467542231082916,2.7334852347848937e-05,0.6534174680709839,0.02107798308134079,0.6139445304870605,33.94377517700195,1.0949604511260986,0.9698361754417419,30.934038162231445,0.9978721737861633,0.7024129033088684,25.525684356689453,0.8234091997146606,0.0065312571823596954,2.359624147415161,0.0761169046163559,0.8911325931549072,29.4234676361084,0.9491441249847412,0.08903133124113083,11.628074645996094,0.37509918212890625,0.6396864056587219,24.670364379882812,0.7958182096481323,0.23507258296012878,14.438179969787598,0.46574774384498596,0.0,0.0,6,6
as_5-e-40_kv_kv-no2-ambala-cantt_22082024-000000-1_EN-OL-RC-434_1,5,festival,festival,c,34.29,35.04,F EH S T AH V AH L,c,0,* F EH S T IH W AH L *,F EH S T IH W AH L,1714,1752,38,-0.4143310487270355,-0.5695437788963318,-0.014987993985414505,-0.8376911282539368,-9.233962059020996,-0.24299900233745575,1.876196802186314e-05,1.2945661544799805,0.03406753018498421,0.5916315317153931,41.57832717895508,1.0941665172576904,0.8402666449546814,37.777732849121094,0.9941508769989014,0.613394021987915,31.228696823120117,0.8218078017234802,0.001450022216886282,3.0105321407318115,0.07922452688217163,0.8482147455215454,36.02814865112305,0.9481091499328613,0.03431079909205437,14.345392227172852,0.37751030921936035,0.5608268976211548,30.197481155395508,0.794670581817627,0.16801993548870087,17.75410270690918,0.4672132432460785,3.7259438025711393,2.0,8,8
as_5-e-40_kv_kv-no2-ambala-cantt_22082024-000000-1_EN-OL-RC-434_1,5,the,the,c,35.07,35.28,DH AH,c,0,* DH AH *,DH AH,1753,1764,11,-0.0018750712042674422,-0.0037101185880601406,-0.00033728350535966456,-0.32444995641708374,-2.33894419670105,-0.21263128519058228,4.434590300661512e-05,0.03086424618959427,0.0028058404568582773,0.65021151304245,12.06352424621582,1.0966839790344238,0.9992392659187317,10.998493194580078,0.9998630285263062,0.7507817149162292,9.07192325592041,0.8247203230857849,0.014795898459851742,0.6989579200744629,0.06354162842035294,0.9280514121055603,10.473297119140625,0.952117919921875,0.20219537615776062,3.982429027557373,0.3620389997959137,0.7255935668945312,8.785672187805176,0.7986974716186523,0.33527591824531555,5.037466049194336,0.45795145630836487,0.0,0.0,2,2
as_5-e-40_kv_kv-no2-ambala-cantt_22082024-000000-1_EN-OL-RC-434_1,5,festival,festival,c,35.28,36.03,F EH S T AH V AH L,c,0,* F EH S T IH W AH L *,F EH S T IH W AH L,1764,1802,38,-0.11119481176137924,-0.23267818987369537,-0.006123110186308622,-0.6832802891731262,-8.329988479614258,-0.21921022236347198,1.629017606319394e-05,0.8262936472892761,0.02174456976354122,0.5801096558570862,39.76478958129883,1.0464417934417725,0.9554949998855591,37.90660095214844,0.997542142868042,0.6366688013076782,31.424198150634766,0.8269525766372681,0.0021491763181984425,3.2059154510498047,0.08436619490385056,0.8637644648551941,36.14342498779297,0.9511427879333496,0.04846956208348274,15.106592178344727,0.39754191040992737,0.587381899356842,30.54204750061035,0.8037381172180176,0.1883792281150818,18.34226417541504,0.4826911687850952,3.7259438025711393,2.0,8,8
as_5-e-40_kv_kv-no2-ambala-cantt_22082024-000000-1_EN-OL-RC-434_1,5,could,could,c,36.03,36.33,K UH D,c,0,* K UH D *,K UH D,1801,1817,16,-0.004627128131687641,-0.006324474234133959,-0.0003952796396333724,-0.36164477467536926,-3.538320302963257,-0.22114501893520355,4.949798676534556e-05,0.046315956860780716,0.0028947473037987947,0.6350458264350891,18.359758377075195,1.1474848985671997,0.998123288154602,15.997434616088867,0.9998396635055542,0.7270400524139404,13.04185962677002,0.8151162266731262,0.009904214181005955,0.9038972854614258,0.05649358034133911,0.9190323948860168,15.192392349243164,0.9495245218276978,0.1654806137084961,5.520595073699951,0.34503719210624695,0.7025700211524963,12.65408992767334,0.7908806204795837,0.3051118850708008,7.11651611328125,0.4447822570800781,0.0,0.0,3,3
as_5-e-40_kv_kv-no2-ambala-cantt_22082024-000000-1_EN-OL-RC-434_1,5,not,not,c,36.33,36.78,N AA T,c,0,* N AO T *,N AO T,1816,1839,23,-0.03632244095206261,-0.05258343741297722,-0.0022862365003675222,-0.45248836278915405,-4.686282634735107,-0.20375141501426697,2.2711948986398056e-05,0.24637669324874878,0.010712030343711376,0.6128684282302856,23.756376266479492,1.0328859090805054,0.9853259325027466,22.97873878479004,0.9990755915641785,0.701903223991394,19.10027313232422,0.8304466605186462,0.006475225556641817,1.8783774375915527,0.08166858553886414,0.9072819352149963,21.93690299987793,0.9537783861160278,0.12745808064937592,9.098396301269531,0.3955824375152588,0.6746901273727417,18.57892417907715,0.8077793121337891,0.27197176218032837,11.109724044799805,0.4830314815044403,0.406100786224316,1.0,3,3
as_5-e-40_kv_kv-no2-ambala-cantt_22082024-000000-1_EN-OL-RC-434_1,5,start,start,c,36.78,37.29,S T AA R T,c,0,S T AA R T * SIL *,S T AA R T,1839,1865,26,-0.6669448614120483,-0.856476366519928,-0.03294139727950096,-0.9799660444259644,-6.625290870666504,-0.2548188865184784,1.6161171515705064e-05,1.2738008499145508,0.0489923395216465,0.5674822926521301,28.85024642944336,1.1096248626708984,0.7506938576698303,25.67511749267578,0.9875045418739319,0.6823180913925171,21.343915939331055,0.8209198713302612,0.004649989306926727,1.9797778129577637,0.07614529877901077,0.8643258810043335,24.63776397705078,0.9476063251495361,0.04907792806625366,9.55115795135498,0.3673522174358368,0.5883796215057373,20.58393669128418,0.7916898727416992,0.1891852468252182,11.958746910095215,0.45995181798934937,0.0,0.0,5,5
as_5-e-40_kv_kv-no2-ambala-cantt_22082024-000000-1_EN-OL-RC-434_1,5,till,till,c,37.32,37.56,T IH L,c,0,T IH L *,T IH L,1866,1878,12,-0.0018508266657590866,-0.0026170224882662296,-0.00021808520250488073,-0.33213457465171814,-2.4765777587890625,-0.20638148486614227,3.782503699767403e-05,0.022173931822180748,0.001847827690653503,0.6515440940856934,13.04770565032959,1.0873087644577026,0.9992490410804749,11.99893856048584,0.9999115467071533,0.7436454892158508,9.891014099121094,0.8242511749267578,0.013114267028868198,0.7818433046340942,0.06515360623598099,0.9253197908401489,11.431048393249512,0.952587366104126,0.1902892142534256,4.417253494262695,0.3681044578552246,0.7184582948684692,9.607956886291504,0.8006630539894104,0.3256419003009796,5.548574447631836,0.4623812139034271,0.0,0.0,3,3
as_5-e-40_kv_kv-no2-ambala-cantt_22082024-000000-1_EN-OL-RC-434_1,5,the,the,c,37.56,37.77,DH AH,c,0,* DH AH *,DH AH,1878,1889,11,-0.002070303540676832,-0.005275312345474958,-0.0004795738495886326,-0.3103059232234955,-2.4655418395996094,-0.22414016723632812,0.00039362936513498425,0.04239996522665024,0.0038545422721654177,0.745002269744873,12.458309173583984,1.1325736045837402,0.9991600513458252,10.997859954833984,0.9998054504394531,0.755574643611908,9.029428482055664,0.8208571076393127,0.016044748947024345,0.6445042490959167,0.058591295033693314,0.9302312135696411,10.454869270324707,0.9504426717758179,0.2122287005186081,3.79915714263916,0.34537792205810547,0.7313941717147827,8.718880653381348,0.7926254868507385,0.3433043658733368,4.89831018447876,0.4453009366989136,0.0,0.0,2,2
as_5-e-40_kv_kv-no2-ambala-cantt_22082024-000000-1_EN-OL-RC-434_1,5,temple,temple,c,37.77,38.43,T EH M P AH L,c,0,* T EH M P AH L * SIL *,T EH M P AH L,1888,1922,34,-0.2007315307855606,-0.35215944051742554,-0.01035763043910265,-0.6782495379447937,-8.14914321899414,-0.239680677652359,3.430069409660064e-05,1.0472357273101807,0.03080105036497116,0.6292665004730225,37.585609436035156,1.1054590940475464,0.9205470085144043,33.859718322753906,0.9958740472793579,0.7052868604660034,27.96677589416504,0.8225522041320801,0.006856437772512436,2.3909292221069336,0.0703214481472969,0.8835591673851013,32.263919830322266,0.9489388465881348,0.07524320483207703,12.381181716918945,0.3641524016857147,0.6244090795516968,26.975337982177734,0.7933923006057739,0.22045475244522095,15.571150779724121,0.45797502994537354,0.0,0.0,6,6
as_5-e-40_kv_kv-no2-ambala-cantt_22082024-000000-1_EN-OL-RC-434_1,5,flag,flag,c,39.03,39.42,F L AE G,c,0,F L AE G *,F L AE G,1951,1971,20,-0.03412851318717003,-0.06779441237449646,-0.0033897205721586943,-0.6964811682701111,-5.852455139160156,-0.29262274503707886,3.556687806849368e-05,0.36494114995002747,0.018247056752443314,0.6684383749961853,26.124052047729492,1.3062026500701904,0.9862085580825806,19.972557067871094,0.9986278414726257,0.6458611488342285,15.829766273498535,0.7914882898330688,0.002510540187358856,0.9840631484985352,0.04920315742492676,0.8643351793289185,18.740589141845703,0.9370294809341431,0.04908810928463936,6.057057857513428,0.30285289883613586,0.5883962512016296,15.223610877990723,0.7611805200576782,0.18919868767261505,8.16235637664795,0.4081178307533264,0.0,0.0,4,4
as_5-e-40_kv_kv-no2-ambala-cantt_22082024-000000-1_EN-OL-RC-434_1,5,was,was,c,39.42,39.75,W AA Z,c,0,* W AO Z *,W AO Z,1971,1988,17,-0.020903287455439568,-0.026498418301343918,-0.0015587304951623082,-0.5454189777374268,-4.3756327629089355,-0.25739017128944397,4.640926272259094e-05,0.14774292707443237,0.008690760470926762,0.6776502728462219,21.20871353149414,1.247571349143982,0.9915388822555542,16.989269256591797,0.9993687868118286,0.690403938293457,13.593420028686523,0.7996129393577576,0.005331156775355339,0.8842453956604004,0.052014436572790146,0.8945363759994507,16.02680778503418,0.9427533745765686,0.09602542221546173,5.3956618309021,0.31739187240600586,0.6467772126197815,13.152297973632812,0.7736645936965942,0.2421533763408661,7.174667835235596,0.422039270401001,0.406100786224316,1.0,3,3
as_5-e-40_kv_kv-no2-ambala-cantt_22082024-000000-1_EN-OL-RC-434_1,5,put,put,c,39.75,40.14,P UH T,c,0,* P UH T *,P UH T,1987,2007,20,-0.6176398396492004,-0.6203864812850952,-0.03101932443678379,-0.8236480355262756,-4.5609517097473145,-0.22804757952690125,3.5123299312544987e-05,0.7159044742584229,0.03579522296786308,0.6699106693267822,21.531661987304688,1.0765831470489502,0.7677353024482727,19.766620635986328,0.9883310198783875,0.7287921905517578,16.516956329345703,0.8258478045463562,0.010201997123658657,1.335278034210205,0.06676390022039413,0.9042969942092896,19.033039093017578,0.951651930809021,0.11927955597639084,7.3785834312438965,0.3689291775226593,0.6679496765136719,15.982999801635742,0.7991499900817871,0.2644766569137573,9.248861312866211,0.4624430537223816,0.0,0.0,3,3
as_5-e-40_kv_kv-no2-ambala-cantt_22082024-000000-1_EN-OL-RC-434_1,5,up,up,c,40.14,40.38,AH P,c,0,AH P * SIL,AH P,2007,2019,12,-0.5257026553153992,-0.5315372347831726,-0.04429477080702782,-0.9837332963943481,-3.4418275356292725,-0.2868189513683319,4.6232988097472116e-05,0.7963788509368896,0.06636490672826767,0.6589885950088501,14.395999908447266,1.1996666193008423,0.8000780940055847,11.797712326049805,0.9831426739692688,0.7077382802963257,9.698684692382812,0.8082237243652344,0.007146577350795269,0.7375665903091431,0.06146388128399849,0.8622799515724182,11.305868148803711,0.942155659198761,0.04689698666334152,3.993739604949951,0.3328116238117218,0.5847574472427368,9.309814453125,0.77581787109375,0.1862737089395523,5.186888694763184,0.43224072456359863,0.0,0.0,2,2
as_5-e-40_kv_kv-no2-ambala-cantt_22082024-000000-1_EN-OL-RC-434_1,5,the,the,c,40.71,40.89,DH AH,c,0,DH AH,DH AH,2035,2045,10,-0.009711901657283306,-0.010344480164349079,-0.0010344480397179723,-0.34173381328582764,-1.9669981002807617,-0.1966998130083084,2.9653720048372634e-05,0.06157749891281128,0.0061577497981488705,0.6683747172355652,10.087088584899902,1.0087088346481323,0.9960634112358093,9.995807647705078,0.9995807409286499,0.7454684972763062,8.36886215209961,0.8368862271308899,0.013524741865694523,0.8006353974342346,0.08006353676319122,0.924924373626709,9.557044982910156,0.9557045102119446,0.18862468004226685,3.994952440261841,0.3994952440261841,0.7174373865127563,8.12026309967041,0.81202632188797,0.3242848217487335,4.861788749694824,0.4861788749694824,0.0,0.0,2,2
as_5-e-40_kv_kv-no2-ambala-cantt_22082024-000000-1_EN-OL-RC-434_1,5,temple,temple,c,40.89,41.43,T EH M P AH L,c,0,* T EH M P AH L *,T EH M P AH L,2044,2072,28,-0.3079150915145874,-0.3891853094100952,-0.013899475336074829,-0.8275994062423706,-6.5369720458984375,-0.23346328735351562,2.786272125376854e-05,0.9126700162887573,0.03259535878896713,0.6505202054977417,30.522525787353516,1.0900901556015015,0.8797268271446228,27.846981048583984,0.9945350289344788,0.6963169574737549,23.08321762084961,0.8244006037712097,0.005891663953661919,2.011171340942383,0.07182754576206207,0.8713083863258362,26.600801467895508,0.9500285983085632,0.057313911616802216,10.33684253692627,0.36917296051979065,0.601033091545105,22.297752380371094,0.7963482737541199,0.19967912137508392,12.93767261505127,0.46205973625183105,0.0,0.0,6,6
as_5-e-40_kv_kv-no2-ambala-cantt_22082024-000000-1_EN-OL-RC-434_1,5,had,had,c,41.43,41.79,HH AE D,c,0,* HH AE D *,HH AE D,2071,2090,19,-0.21529164910316467,-0.26565420627593994,-0.013981800526380539,-0.6269964575767517,-5.651988506317139,-0.29747307300567627,4.6724195271963254e-05,0.7609564065933228,0.040050338953733444,0.6686520576477051,24.592313766479492,1.2943322658538818,0.914937436580658,18.894554138183594,0.9944502115249634,0.6936037540435791,15.109601020812988,0.7952421307563782,0.005627508740872145,0.9305191040039062,0.04897468909621239,0.8890545964241028,17.82635498046875,0.9382292032241821,0.08501444011926651,5.643084526062012,0.29700446128845215,0.6354275345802307,14.474390029907227,0.7618100047111511,0.2309112548828125,7.702000141143799,0.4053684175014496,0.0,0.0,3,3
as_5-e-40_kv_kv-no2-ambala-cantt_22082024-000000-1_EN-OL-RC-434_1,5,the,the,c,41.79,42.03,DH AH,c,0,* DH AH *,DH AH,2089,2102,13,-0.0025794366374611855,-0.0059766629710793495,-0.000459743314422667,-0.4771885275840759,-2.9430453777313232,-0.2263881117105484,3.0373221306945197e-05,0.048070285469293594,0.003697714302688837,0.7137410044670105,14.722040176391602,1.1324646472930908,0.9989534616470337,12.997574806213379,0.999813437461853,0.693609356880188,10.649333000183105,0.8191794753074646,0.005628040060400963,0.8237798810005188,0.06336767971515656,0.899904727935791,12.343878746032715,0.9495291113853455,0.10818939656019211,4.606208324432373,0.35432371497154236,0.6582623720169067,10.304584503173828,0.7926603555679321,0.2540380358695984,5.864501476287842,0.4511154890060425,0.0,0.0,2,2
as_5-e-40_kv_kv-no2-ambala-cantt_22082024-000000-1_EN-OL-RC-434_1,5,flag,flag,c,42.03,42.54,F L AE G,c,0,* F L AE G * SIL *,F L AE G,2101,2127,26,-0.5047954320907593,-0.7101813554763794,-0.027314666658639908,-0.7631058692932129,-7.624890327453613,-0.2932650148868561,3.016362461494282e-05,1.275147795677185,0.04904414713382721,0.5809910297393799,33.15998458862305,1.2753840684890747,0.8075374364852905,25.72591781616211,0.9894583821296692,0.6632747054100037,20.76201820373535,0.7985391616821289,0.003369971178472042,1.2085329294204712,0.04648203402757645,0.8754450082778931,24.434158325195312,0.9397753477096558,0.06283100694417953,7.765864372253418,0.2986871004104614,0.6087521314620972,19.889400482177734,0.7649769186973572,0.2063349038362503,10.587583541870117,0.4072147607803345,0.0,0.0,4,4
as_5-e-40_kv_kv-no2-ambala-cantt_22082024-000000-1_EN-OL-RC-434_1,5,but,but,c,42.96,43.44,B AH T,c,0,B AH T * SIL *,B AH T,2148,2172,24,-0.02423149161040783,-0.029391296207904816,-0.0012246373808011413,-0.5027626752853394,-4.956296443939209,-0.20651234686374664,2.214460982941091e-05,0.15724365413188934,0.006551818922162056,0.5779386162757874,25.13638687133789,1.047349452972412,0.9901958703994751,23.988101959228516,0.9995042681694031,0.7190927863121033,19.897663116455078,0.8290693163871765,0.0086590014398098,1.8902941942214966,0.07876225560903549,0.9073456525802612,22.87432289123535,0.9530968070030212,0.12763859331607819,9.39574909210205,0.39148953557014465,0.6748354434967041,19.34027099609375,0.8058446049690247,0.272135466337204,11.50781536102295,0.47949230670928955,0.0,0.0,3,3
as_5-e-40_kv_kv-no2-ambala-cantt_22082024-000000-1_EN-OL-RC-434_1,5,no,on,s,43.62,44.19,N OW,s,1,AO N * SIL *,AO N,2181,2210,29,-0.3224092721939087,-0.5623548030853271,-0.01939154416322708,-0.8702998161315918,-6.522061824798584,-0.22489868104457855,2.2549207642441615e-05,1.3035038709640503,0.044948410242795944,0.6057649254798889,29.973020553588867,1.0335524082183838,0.8742902874946594,28.778762817382812,0.992371141910553,0.7078332901000977,24.100770950317383,0.831061065196991,0.0071580675430595875,2.250485420227051,0.07760294526815414,0.8686306476593018,27.61087989807129,0.9520993232727051,0.054003577679395676,11.31546688079834,0.3901885151863098,0.5961260795593262,23.315528869628906,0.803983747959137,0.1955491453409195,13.853137016296387,0.47769439220428467,8.832827547700614,2.0,2,2
as_5-e-40_kv_kv-no2-ambala-cantt_22082024-000000-1_EN-OL-RC-434_1,5,flagpost,flagpost,c,44.34,45.03,F L AE G P OW S T,c,0,F L AE G P OW S T *,F L AE G P OW S T,2217,2252,35,-0.6568436026573181,-1.2772620916366577,-0.036493200808763504,-1.5531593561172485,-11.684772491455078,-0.3338506519794464,4.46598969574552e-05,2.5320606231689453,0.0723445862531662,0.7253130674362183,45.84628677368164,1.3098939657211304,0.7541679739952087,34.511287689208984,0.9860367774963379,0.4737281799316406,27.694232940673828,0.7912638187408447,0.00013669830514118075,1.8131742477416992,0.051804978400468826,0.7054722309112549,32.62373352050781,0.9321066737174988,0.0014391759177669883,10.558609008789062,0.3016745448112488,0.38141077756881714,26.41615104675293,0.7547471523284912,0.07349302619695663,14.165582656860352,0.4047309458255768,0.0,0.0,8,8
bs_5-d-10_kv_kv-afs-begumpet_22082024-000000-1_EN-OL-RC-500_2,5,one,one,c,0.99,1.23,W AH N,c,0,W AH N *,W AH N,49,62,13,-0.011905328370630741,-0.013440079987049103,-0.0010338523425161839,-0.45249322056770325,-2.7748351097106934,-0.21344885230064392,2.0350640625110827e-05,0.07983227074146271,0.006140944082289934,0.6029368042945862,14.004438400268555,1.0772645473480225,0.9951757192611694,12.994551658630371,0.9995809197425842,0.6981488466262817,10.739215850830078,0.8260935544967651,0.006076982710510492,0.9454312324523926,0.07272548228502274,0.9032322764396667,12.376948356628418,0.9520729780197144,0.11649100482463837,4.885836601257324,0.37583357095718384,0.6655765175819397,10.415048599243164,0.8011575937271118,0.26188355684280396,6.081182479858398,0.46778327226638794,0.0,0.0,3,3
bs_5-d-10_kv_kv-afs-begumpet_22082024-000000-1_EN-OL-RC-500_2,5,day,day,c,1.23,1.65,D EY,c,0,* D EY * SIL *,D EY,61,83,22,-0.10297185927629471,-0.158205047249794,-0.007191138342022896,-0.5354506969451904,-4.707352638244629,-0.21397057175636292,2.1279616703395732e-05,0.5807666182518005,0.02639848180115223,0.609602153301239,22.263601303100586,1.0119818449020386,0.9587441086769104,21.936416625976562,0.9971098303794861,0.698232889175415,18.370445251464844,0.8350202441215515,0.006085630040615797,1.8581100702285767,0.08445955067873001,0.9082514047622681,20.984878540039062,0.9538581371307373,0.13023321330547333,8.768068313598633,0.39854857325553894,0.6769077181816101,17.786252975463867,0.8084660172462463,0.2744801938533783,10.673285484313965,0.4851493537425995,0.0,0.0,2,2
bs_5-d-10_kv_kv-afs-begumpet_22082024-000000-1_EN-OL-RC-500_2,5,my,my,c,1.71,1.98,M AY,c,0,M AY *,M AY,85,99,14,-0.01759728603065014,-0.020941825583577156,-0.0014958446845412254,-0.40743738412857056,-2.6128594875335693,-0.18663282692432404,1.39454832606134e-05,0.11359195411205292,0.008113711141049862,0.5707545280456543,13.400707244873047,0.9571933746337891,0.9928741455078125,13.991517066955566,0.9993940591812134,0.7071744203567505,11.770002365112305,0.8407144546508789,0.007078772876411676,1.3432931900024414,0.09594951570034027,0.9100935459136963,13.400465965270996,0.957176148891449,0.1356738656759262,5.989867210388184,0.42784765362739563,0.6811607480049133,11.477274894714355,0.8198053240776062,0.27935105562210083,7.110159873962402,0.5078685879707336,0.0,0.0,2,2
bs_5-d-10_kv_kv-afs-begumpet_22082024-000000-1_EN-OL-RC-500_2,5,uncle,uncle,c,1.98,2.43,AH NG K AH L,c,0,AH NG K AH L *,AH NG K AH L,99,122,23,-0.33458152413368225,-0.43724325299263,-0.019010575488209724,-0.8571527004241943,-5.840967655181885,-0.2539551258087158,1.7990878404816613e-05,1.0478050708770752,0.04555674269795418,0.5939263105392456,25.258026123046875,1.098175048828125,0.8697398900985718,22.828359603881836,0.9925373792648315,0.6061629056930542,18.850269317626953,0.8195769190788269,0.001283155521377921,1.8154866695404053,0.0789342001080513,0.8345824480056763,21.758792877197266,0.9460344910621643,0.02534506842494011,8.732500076293945,0.37967392802238464,0.5391035676002502,18.218297958374023,0.7920998930931091,0.15283748507499695,10.736778259277344,0.4668164551258087,0.0,0.0,5,5
bs_5-d-10_kv_kv-afs-begumpet_22082024-000000-1_EN-OL-RC-500_2,5,bought,bought,c,2.43,2.82,B AA T,c,0,* B AO T *,B AO T,121,141,20,-0.42635607719421387,-0.48262590169906616,-0.02413129433989525,-0.7483601570129395,-5.233097076416016,-0.2616548538208008,4.642920976039022e-05,0.9272366762161255,0.046361833810806274,0.6331261396408081,22.80678939819336,1.1403394937515259,0.8358733654022217,19.813106536865234,0.9906553030014038,0.6420872211456299,16.36986541748047,0.8184932470321655,0.0023553587961941957,1.2906116247177124,0.06453058123588562,0.8662728667259216,18.92873764038086,0.946436882019043,0.051247488707304,6.949691295623779,0.3474845588207245,0.5918618440628052,15.721024513244629,0.7860512137413025,0.1920226663351059,8.892857551574707,0.4446428716182709,0.406100786224316,1.0,3,3
bs_5-d-10_kv_kv-afs-begumpet_22082024-000000-1_EN-OL-RC-500_2,5,a,a,c,2.85,2.97,AH,c,0,AH *,AH,142,149,7,-0.12596042454242706,-0.14199714362621307,-0.020285306498408318,-0.6604136824607849,-2.0870847702026367,-0.2981549799442291,0.0001057708213920705,0.4500761926174164,0.06429659575223923,0.8250046968460083,8.614898681640625,1.2306997776031494,0.9496777057647705,6.943182468414307,0.9918832182884216,0.6464138031005859,5.619516849517822,0.8027881383895874,0.0025341056752949953,0.3747859597206116,0.053540851920843124,0.8681631684303284,6.573625087738037,0.939089298248291,0.05344561114907265,2.2363719940185547,0.3194817006587982,0.5952764749526978,5.3771586418151855,0.7681655287742615,0.1948419213294983,2.9422411918640137,0.42032018303871155,0.0,0.0,1,1
bs_5-d-10_kv_kv-afs-begumpet_22082024-000000-1_EN-OL-RC-500_2,5,black,black,c,2.97,3.39,B L AE K,c,0,* B L AE K *,B L AE K,148,170,22,-0.4520711302757263,-0.5953822731971741,-0.027062831446528435,-0.8696069717407227,-5.736971378326416,-0.26077142357826233,5.6449047406204045e-05,1.1385668516159058,0.05175304040312767,0.734016478061676,24.93206787109375,1.1332758665084839,0.8265226483345032,21.769163131713867,0.9895074367523193,0.6688154935836792,17.999927520751953,0.8181785345077515,0.0037009164225310087,1.4221971035003662,0.06464532017707825,0.8745050430297852,20.822498321533203,0.9464771747589111,0.06153253838419914,7.726629734039307,0.35121044516563416,0.6069831252098083,17.310056686401367,0.7868207693099976,0.20479217171669006,9.835392951965332,0.4470633268356323,0.0,0.0,4,4
bs_5-d-10_kv_kv-afs-begumpet_22082024-000000-1_EN-OL-RC-500_2,5,goat,goat,c,3.39,3.72,G OW T,c,0,G OW T *,G OW T,169,186,17,-0.00925085972994566,-0.024685770273208618,-0.0014521041885018349,-0.5958515405654907,-4.229274749755859,-0.24878086149692535,3.2180771086132154e-05,0.16189426183700562,0.00952319148927927,0.6972734332084656,19.964771270751953,1.1743983030319214,0.9962500333786011,16.989990234375,0.9994111657142639,0.672858715057373,13.81197738647461,0.8124692440032959,0.003962748218327761,1.0131744146347046,0.059598494321107864,0.8816007375717163,16.076953887939453,0.9457031488418579,0.07203950732946396,5.8194966316223145,0.34232333302497864,0.6205652356147766,13.324708938598633,0.7838063836097717,0.2169094979763031,7.4846720695495605,0.44027483463287354,0.0,0.0,3,3
bs_5-d-10_kv_kv-afs-begumpet_22082024-000000-1_EN-OL-RC-500_2,5,from,from,c,3.72,3.99,F R AH M,c,0,F R AO M *,F R AO M,186,200,14,-0.11130519211292267,-0.16178062558174133,-0.011555759236216545,-0.7521929740905762,-4.249634742736816,-0.3035453259944916,6.785230652894825e-05,0.583948016166687,0.04171057417988777,0.6317514777183533,18.266746520996094,1.3047676086425781,0.9554514288902283,13.935032844543457,0.995359480381012,0.6696755886077881,11.100030899047852,0.7928593754768372,0.0037551240529865026,0.7433727979660034,0.053098056465387344,0.8661200404167175,13.114758491516113,0.9367684721946716,0.05107375979423523,4.181614398956299,0.2986867427825928,0.5915873050689697,10.635185241699219,0.7596560716629028,0.19179752469062805,5.684834003448486,0.4060595631599426,2.9596412198778177,1.0,4,4
bs_5-d-10_kv_kv-afs-begumpet_22082024-000000-1_EN-OL-RC-500_2,5,another,another,c,4.02,4.53,AH N AH DH AH R,c,0,* AH N AH DH AH R *,AH N AH DH AH R,200,227,27,-0.4865025281906128,-0.4907364249229431,-0.01817542314529419,-0.7685756683349609,-5.1656928062438965,-0.1913219541311264,2.6825204258784652e-05,0.702612042427063,0.026022668927907944,0.5574128031730652,25.643558502197266,0.9497614502906799,0.814096212387085,26.8123779296875,0.9930510520935059,0.7144604325294495,22.765798568725586,0.8431777358055115,0.008006728254258633,2.4820823669433594,0.09192897379398346,0.906216561794281,25.862045288085938,0.9578535556793213,0.12447663396596909,11.430458068847656,0.4233503043651581,0.672269344329834,22.147287368774414,0.8202698826789856,0.26925769448280334,13.620362281799316,0.5044578909873962,0.0,0.0,6,6
bs_5-d-10_kv_kv-afs-begumpet_22082024-000000-1_EN-OL-RC-500_2,5,farmer,farmer,c,4.53,5.16,F AA R M AH R,c,0,* F AA R M AH R *,F AA R M AH R,226,258,32,-0.043132562190294266,-0.0828397125005722,-0.0025887410156428814,-0.560554027557373,-6.637145519256592,-0.2074107974767685,1.9353277821210213e-05,0.4050561785697937,0.012658005580306053,0.5770398378372192,32.56570053100586,1.017678141593933,0.9825895428657532,31.966516494750977,0.998953640460968,0.6733454465866089,26.672834396362305,0.833526074886322,0.003995491657406092,2.747404098510742,0.0858563780784607,0.8857525587081909,30.520851135253906,0.9537765979766846,0.07900071889162064,12.89011001586914,0.40281593799591064,0.6287651062011719,25.89377784729004,0.8091805577278137,0.2245359569787979,15.615285873413086,0.48797768354415894,0.0,0.0,6,6
bs_5-d-10_kv_kv-afs-begumpet_22082024-000000-1_EN-OL-RC-500_2,5,the,the,c,5.46,5.64,DH AH,c,0,DH AH *,DH AH,273,282,9,-0.10284005850553513,-0.10313869267702103,-0.011459854431450367,-0.5569628477096558,-1.8017289638519287,-0.20019210875034332,2.4148510419763625e-05,0.32375866174697876,0.03597318381071091,0.591080367565155,8.56561279296875,0.9517347812652588,0.9587961435317993,8.958675384521484,0.9954083561897278,0.7564970254898071,7.590392589569092,0.8433769345283508,0.01629692129790783,0.8489174842834473,0.09432416409254074,0.9144911766052246,8.610763549804688,0.9567515254020691,0.1495991200208664,3.7971506118774414,0.42190563678741455,0.6915290355682373,7.3615899085998535,0.817954421043396,0.2915632426738739,4.529445171356201,0.5032716989517212,0.0,0.0,2,2
bs_5-d-10_kv_kv-afs-begumpet_22082024-000000-1_EN-OL-RC-500_2,5,farmer,farmer,c,5.64,6.18,F AA R M AH R,c,0,* F AA R M AH R *,F AA R M AH R,282,309,27,-0.04269485920667648,-0.05236681178212166,-0.00193951150868088,-0.6126731634140015,-5.363372802734375,-0.19864343106746674,1.70371204148978e-05,0.24424271285533905,0.00904602650552988,0.5563717484474182,27.311195373535156,1.0115257501602173,0.9827651977539062,26.978843688964844,0.9992164373397827,0.6585773825645447,22.492389678955078,0.8330514430999756,0.0031126912217587233,2.2913382053375244,0.08486437797546387,0.8763142228126526,25.772579193115234,0.954539954662323,0.06405620276927948,10.958198547363281,0.40585920214653015,0.6103960871696472,21.901660919189453,0.811172604560852,0.20777803659439087,13.24103832244873,0.49040883779525757,0.0,0.0,6,6
bs_5-d-10_kv_kv-afs-begumpet_22082024-000000-1_EN-OL-RC-500_2,5,used,used,c,6.18,6.84,Y UW Z D,c,0,* Y UW Z D * DH AH * SIL,Y UW Z D DH AH,309,342,33,-0.5310391783714294,-1.1766505241394043,-0.035656075924634933,-0.8350017666816711,-10.345584869384766,-0.31350257992744446,3.383120201760903e-05,2.0774741172790527,0.06295376271009445,0.7122225165367126,43.23599624633789,1.310181736946106,0.798180341720581,32.545204162597656,0.9862183332443237,0.6279984712600708,26.203073501586914,0.7940325140953064,0.0018561356700956821,1.4713901281356812,0.04458757862448692,0.8534067273139954,30.917688369750977,0.9368996620178223,0.03850594907999039,9.516653060913086,0.288383424282074,0.5694702863693237,25.017070770263672,0.7580930590629578,0.1744208186864853,13.144570350646973,0.3983203172683716,8.838334476358533,2.0,4,6
bs_5-d-10_kv_kv-afs-begumpet_22082024-000000-1_EN-OL-RC-500_2,5,to,to,c,7.38,7.59,T UW,c,0,T UW *,T UW,369,380,11,-0.2622201442718506,-0.3459051847457886,-0.03144592419266701,-0.6684653162956238,-2.8484909534454346,-0.258953720331192,2.7422212951933034e-05,0.8255857229232788,0.07505324482917786,0.5968135595321655,11.954656600952148,1.0867869853973389,0.8969958424568176,10.863380432128906,0.9875800609588623,0.730449914932251,9.080875396728516,0.8255341053009033,0.010491964407265186,0.8201215863227844,0.07455650717020035,0.9085597991943359,10.433870315551758,0.9485336542129517,0.1311286836862564,3.9956448078155518,0.36324045062065125,0.6776162385940552,8.715948104858398,0.792358934879303,0.27528610825538635,5.036616325378418,0.45787420868873596,0.0,0.0,2,2
bs_5-d-10_kv_kv-afs-begumpet_22082024-000000-1_EN-OL-RC-500_2,5,let,let,c,7.59,7.83,L EH T,c,0,* L EH T,L EH T,379,392,13,-0.2622201442718506,-0.35835134983062744,-0.0275654885917902,-0.6684653162956238,-3.166142463684082,-0.2435494214296341,2.750066778389737e-05,0.8536993265151978,0.06566917896270752,0.5394193530082703,13.587196350097656,1.0451689958572388,0.8969958424568176,12.858440399169922,0.9891108274459839,0.7272040843963623,10.811148643493652,0.831626832485199,0.009931719861924648,1.0772087574005127,0.08286221325397491,0.9085597991943359,12.362166404724121,0.9509359002113342,0.1311286836862564,4.976614952087402,0.38281652331352234,0.6776162385940552,10.40371036529541,0.8002853989601135,0.27528610825538635,6.146023750305176,0.4727710485458374,0.0,0.0,3,3
bs_5-d-10_kv_kv-afs-begumpet_22082024-000000-1_EN-OL-RC-500_2,5,the,the,c,7.83,8.1,DH AH,c,0,* DH AH,DH AH,391,405,14,-0.09533879905939102,-0.11248838901519775,-0.008034884929656982,-0.5104823112487793,-3.081252098083496,-0.22008943557739258,2.0429712094482966e-05,0.40629756450653076,0.029021253809332848,0.5779163837432861,14.325335502624512,1.0232383012771606,0.9617658853530884,13.954815864562988,0.9967725872993469,0.7499485015869141,11.71355152130127,0.8366822600364685,0.014588918536901474,1.1304633617401123,0.08074738085269928,0.9251086115837097,13.353957176208496,0.9538540840148926,0.1893983781337738,5.415079116821289,0.3867913782596588,0.7179126739501953,11.288237571716309,0.8063026666641235,0.32491597533226013,6.675172805786133,0.47679805755615234,0.0,0.0,2,2
bs_5-d-10_kv_kv-afs-begumpet_22082024-000000-1_EN-OL-RC-500_2,5,goat,goat,c,8.1,8.55,G OW T,c,0,* G OW T *,G OW T,405,428,23,-0.6128903031349182,-0.7674493193626404,-0.03336736187338829,-0.8393829464912415,-6.4612812995910645,-0.28092527389526367,2.2934293156140484e-05,1.2989399433135986,0.056475650519132614,0.6190065145492554,27.245635986328125,1.184592843055725,0.7693880200386047,22.707197189331055,0.9872694611549377,0.6231167316436768,18.655702590942383,0.8111175298690796,0.0017090894980356097,1.318192720413208,0.057312726974487305,0.8393656015396118,21.689960479736328,0.9430417418479919,0.028186805546283722,7.643630504608154,0.33233174681663513,0.5465722680091858,17.883512496948242,0.7775440216064453,0.15791557729244232,9.933296203613281,0.43188244104385376,0.0,0.0,3,3
bs_5-d-10_kv_kv-afs-begumpet_22082024-000000-1_EN-OL-RC-500_2,5,run,run,c,8.55,8.97,R AH N,c,0,R AH N *,R AH N,427,449,22,-0.0887601226568222,-0.1234872043132782,-0.0056130546145141125,-0.7486929893493652,-5.081698894500732,-0.2309863120317459,3.521392500260845e-05,0.4681427776813507,0.021279217675328255,0.6147083640098572,23.93412971496582,1.0879149436950684,0.9643750786781311,21.950328826904297,0.997742235660553,0.6062344312667847,18.097036361694336,0.822592556476593,0.001284709433093667,1.7123708724975586,0.07783503830432892,0.8482919931411743,20.88233757019043,0.9491971731185913,0.034369733184576035,8.360750198364258,0.38003408908843994,0.5609539151191711,17.537094116210938,0.7971406579017639,0.16811248660087585,10.320637702941895,0.4691199064254761,0.0,0.0,3,3
bs_5-d-10_kv_kv-afs-begumpet_22082024-000000-1_EN-OL-RC-500_2,5,about,about,c,8.97,9.54,AH B AW T,c,0,* AH B AW T *,AH B AW T,448,477,29,-0.3248301148414612,-0.9698613882064819,-0.03344349563121796,-0.7971376180648804,-10.328913688659668,-0.3561694324016571,0.00011190701479790732,2.6261255741119385,0.0905560553073883,0.762842059135437,39.68257522583008,1.368364691734314,0.8733841776847839,28.615495681762695,0.9867412447929382,0.6019504070281982,22.782487869262695,0.7856030464172363,0.001194947399199009,1.1994038820266724,0.04135875403881073,0.8387060761451721,26.981231689453125,0.9303873181343079,0.02777678892016411,7.786664009094238,0.26850566267967224,0.5455328822135925,21.553712844848633,0.743231475353241,0.15720012784004211,11.033293724060059,0.38045841455459595,0.0,0.0,4,4
bs_5-d-10_kv_kv-afs-begumpet_22082024-000000-1_EN-OL-RC-500_2,5,freely,freely,c,9.54,10.17,F R IY L IY,c,0,* F R IY L IY * SIL *,F R IY L IY,476,509,33,-0.0694158524274826,-0.10521100461483002,-0.0031882121693342924,-0.5240431427955627,-7.072454452514648,-0.21431680023670197,2.08386845770292e-05,0.4585287868976593,0.013894811272621155,0.603425920009613,34.501319885253906,1.045494556427002,0.9720717668533325,32.95756530761719,0.9987140893936157,0.6839760541915894,27.403060913085938,0.8303957581520081,0.004782173316925764,2.598809003829956,0.07875178754329681,0.8924611806869507,31.438779830932617,0.9526903033256531,0.09169851243495941,12.836319923400879,0.38897940516471863,0.6424369215965271,26.554397583007812,0.804678738117218,0.23779642581939697,15.7552490234375,0.4774317741394043,0.0,0.0,5,5
bs_5-d-10_kv_kv-afs-begumpet_22082024-000000-1_EN-OL-RC-500_2,5,when,when,c,10.44,10.77,W EH N,c,0,W EH N *,W EH N,522,539,17,-0.08314112573862076,-0.1639876514673233,-0.009646332822740078,-0.5344321727752686,-3.4878644943237305,-0.20516850054264069,1.2580208931467496e-05,0.559726357460022,0.0329250805079937,0.5510264039039612,16.476261138916016,0.96919184923172,0.9666069149971008,16.934118270874023,0.9961246252059937,0.7174866199493408,14.276569366455078,0.8397982120513916,0.008427029475569725,1.6347341537475586,0.09616082906723022,0.912380576133728,16.243024826049805,0.9554720520973206,0.14274592697620392,7.135642051696777,0.4197436571121216,0.6865143775939941,13.858709335327148,0.8152182102203369,0.28559616208076477,8.52515697479248,0.5014798045158386,0.0,0.0,3,3
bs_5-d-10_kv_kv-afs-begumpet_22082024-000000-1_EN-OL-RC-500_2,5,we,we,c,10.77,10.92,W IY,c,0,W IY *,W IY,538,546,8,-0.044986236840486526,-0.05103087052702904,-0.00637885881587863,-0.44398969411849976,-2.286983013153076,-0.2858728766441345,5.8706737036118284e-05,0.22295159101486206,0.027868948876857758,0.7170820236206055,10.223492622375488,1.277936577796936,0.9818454384803772,7.979393482208252,0.9974241852760315,0.7068641185760498,6.3973541259765625,0.7996692657470703,0.0070417337119579315,0.38946256041526794,0.04868282005190849,0.9094939231872559,7.523908615112305,0.9404885768890381,0.13387854397296906,2.3686063289642334,0.2960757911205292,0.6797707676887512,6.124000072479248,0.765500009059906,0.2777504324913025,3.2511343955993652,0.40639179944992065,0.0,0.0,2,2
bs_5-d-10_kv_kv-afs-begumpet_22082024-000000-1_EN-OL-RC-500_2,5,put,put,c,10.92,11.22,P UH T,c,0,P UH T *,P UH T,546,561,15,-0.05950829014182091,-0.10435256361961365,-0.006956837605684996,-0.4747988283634186,-3.5304338932037354,-0.23536226153373718,3.208887574146502e-05,0.4153610169887543,0.027690734714269638,0.6194022297859192,16.60744285583496,1.1071628332138062,0.9760282635688782,14.957918167114258,0.9971945285797119,0.748051106929779,12.345269203186035,0.823017954826355,0.014128363691270351,1.002794861793518,0.06685299426317215,0.9212556481361389,14.247198104858398,0.949813187122345,0.17385974526405334,5.342441082000732,0.3561627268791199,0.7081056833267212,11.900680541992188,0.7933787107467651,0.31212347745895386,6.797205448150635,0.4531470239162445,0.0,0.0,3,3
bs_5-d-10_kv_kv-afs-begumpet_22082024-000000-1_EN-OL-RC-500_2,5,it,<eps>,d,,,IH T,c,0,,,,,,,,,,,,,,,,,,,,,,,,,,,,,,,,,,,,,,,,,,
bs_5-d-10_kv_kv-afs-begumpet_22082024-000000-1_EN-OL-RC-500_2,5,into,into,c,11.22,11.55,IH N T UW,c,0,IH N T UW *,IH N T UW,561,578,17,-0.011735787615180016,-0.031667038798332214,-0.0018627670360729098,-0.4655209183692932,-4.040621280670166,-0.23768360912799835,4.6593224396929145e-05,0.18624213337898254,0.010955419391393661,0.5639567375183105,19.42505645751953,1.1426503658294678,0.9952442049980164,16.987163543701172,0.9992449283599854,0.7345833778381348,13.910334587097168,0.8182549476623535,0.011251387186348438,1.118513822555542,0.0657949298620224,0.9106320142745972,16.121339797973633,0.9483141303062439,0.13730673491954803,5.950652122497559,0.3500383496284485,0.6824138164520264,13.422932624816895,0.7895842790603638,0.28080135583877563,7.615696907043457,0.44798216223716736,0.0,0.0,4,4
bs_5-d-10_kv_kv-afs-begumpet_22082024-000000-1_EN-OL-RC-500_2,5,the,the,c,11.55,11.73,DH AH,c,0,* DH AH *,DH AH,577,587,10,-0.6630824208259583,-0.7253841757774353,-0.07253842055797577,-0.8406758904457092,-2.9885051250457764,-0.29885050654411316,6.723772821715102e-05,0.9589839577674866,0.09589839726686478,0.620253324508667,11.300658226013184,1.1300657987594604,0.7520212531089783,9.7268705368042,0.9726870656013489,0.7427541017532349,8.235538482666016,0.8235538601875305,0.01291811652481556,0.6821669340133667,0.06821669638156891,0.9040146470069885,9.457715034484863,0.9457715153694153,0.11853359639644623,3.3896446228027344,0.33896446228027344,0.6673187017440796,7.829370975494385,0.7829371094703674,0.2637849450111389,4.39210319519043,0.43921032547950745,0.0,0.0,2,2
bs_5-d-10_kv_kv-afs-begumpet_22082024-000000-1_EN-OL-RC-500_2,5,shed,shed,c,11.73,12.24,SH EH D,c,0,* SH EY D * SIL,SH EY D,586,612,26,-0.6630824208259583,-1.212218999862671,-0.04662380740046501,-1.030983328819275,-8.54142951965332,-0.32851651310920715,3.1312792998505756e-05,2.4092798233032227,0.09266460686922073,0.6218365430831909,32.381168365478516,1.245429515838623,0.7520212531089783,25.533016204833984,0.9820390939712524,0.5881656408309937,20.834688186645508,0.8013341426849365,0.0009465228649787605,1.5234978199005127,0.05859607085585594,0.8057359457015991,24.33017349243164,0.935775876045227,0.013352247886359692,8.263801574707031,0.31783851981163025,0.497169554233551,19.83292007446289,0.7628046274185181,0.1268717646598816,10.86402416229248,0.4178470969200134,1.9619857293066822,1.0,3,3
bs_5-d-10_kv_kv-afs-begumpet_22082024-000000-1_EN-OL-RC-500_2,5,it,it,c,12.54,12.75,IH T,c,0,IH T *,IH T,627,638,11,-0.152888223528862,-0.15580512583255768,-0.014164102263748646,-0.5831116437911987,-2.538766860961914,-0.23079699277877808,1.9815579435089603e-05,0.432272732257843,0.039297521114349365,0.5969401001930237,11.656937599182129,1.05972158908844,0.9391239285469055,10.93794059753418,0.994358241558075,0.7305429577827454,9.130475044250488,0.8300431966781616,0.010508477687835693,0.8413490056991577,0.07648627460002899,0.9161925315856934,10.46770191192627,0.9516092538833618,0.15536220371723175,4.141887664794922,0.37653523683547974,0.6956246495246887,8.804269790649414,0.8003881573677063,0.2965223491191864,5.1513519287109375,0.46830472350120544,0.0,0.0,2,2
bs_5-d-10_kv_kv-afs-begumpet_22082024-000000-1_EN-OL-RC-500_2,5,became,became,c,12.75,13.2,B IH K EY M,c,0,* B IH K EY M *,B IH K EY M,637,660,23,-0.5620982646942139,-1.045594334602356,-0.045460622757673264,-0.8222795724868774,-6.14142370223999,-0.2670184075832367,3.6678582546301186e-05,1.7405219078063965,0.075674869120121,0.5802981853485107,25.4483585357666,1.1064503192901611,0.7871854901313782,22.597274780273438,0.9824901819229126,0.6648243069648743,18.889095306396484,0.8212650418281555,0.0034594268072396517,1.6996290683746338,0.07389691472053528,0.88084876537323,21.78211784362793,0.9470486044883728,0.07084596157073975,8.341893196105957,0.3626910150051117,0.6191005110740662,18.164091110229492,0.7897430658340454,0.21557222306728363,10.495061874389648,0.4563070237636566,0.0,0.0,5,5
bs_5-d-10_kv_kv-afs-begumpet_22082024-000000-1_EN-OL-RC-500_2,5,very,very,c,13.2,13.5,V EH R IY,c,0,W EH R IY *,W EH R IY,660,675,15,-0.003783699357882142,-0.010063058696687222,-0.0006708705914206803,-0.4386220872402191,-3.3089497089385986,-0.22059664130210876,3.969257159042172e-05,0.07444752752780914,0.004963168408721685,0.6134997606277466,16.50670051574707,1.1004467010498047,0.9984652996063232,14.995918273925781,0.9997279047966003,0.7005806565284729,12.320587158203125,0.8213724493980408,0.006332039833068848,1.1019281148910522,0.0734618753194809,0.9054999351501465,14.255776405334473,0.9503850936889648,0.12251032143831253,5.580827236175537,0.37205514311790466,0.6706503033638,11.960192680358887,0.7973461747169495,0.2674564719200134,6.970486640930176,0.4646991193294525,0.9200152371878334,1.0,4,4
bs_5-d-10_kv_kv-afs-begumpet_22082024-000000-1_EN-OL-RC-500_2,5,restless,restless,c,13.5,14.28,R EH S T L AH S,c,0,* R EH S T L EH S * SIL,R EH S T L EH S,675,714,39,-0.6188690662384033,-0.7404069304466248,-0.01898479275405407,-0.8216903805732727,-9.511821746826172,-0.2438928633928299,2.0839823264395818e-05,1.2539111375808716,0.03215156868100166,0.582436740398407,42.617347717285156,1.092752456665039,0.7673077583312988,38.718299865722656,0.9927769303321838,0.6483064293861389,32.0986213684082,0.823041558265686,0.0026165051385760307,3.09550142288208,0.07937183231115341,0.8614535331726074,36.98493957519531,0.9483317732810974,0.0460437647998333,14.774826049804688,0.37884169816970825,0.5833050012588501,31.013378143310547,0.795214831829071,0.1851174533367157,18.253154754638672,0.46802961826324463,3.069714006777209,1.0,7,7
bs_5-d-10_kv_kv-afs-begumpet_22082024-000000-1_EN-OL-RC-500_2,5,it,it,c,14.61,14.82,IH T,c,0,IH T *,IH T,730,741,11,-0.2660525441169739,-0.26696649193763733,-0.02426968142390251,-0.6625543832778931,-2.4558169841766357,-0.22325609624385834,1.4405714864551555e-05,0.5532852411270142,0.05029865726828575,0.5753045082092285,11.173219680786133,1.0157471895217896,0.8955398797988892,10.895169258117676,0.9904699325561523,0.7299813628196716,9.180549621582031,0.8345954418182373,0.010409173555672169,0.9439587593078613,0.08581443130970001,0.9114492535591125,10.4865140914917,0.9533194899559021,0.13982272148132324,4.367492198944092,0.39704474806785583,0.6843243837356567,8.879231452941895,0.8072028756141663,0.2830260694026947,5.325034141540527,0.4840940237045288,0.0,0.0,2,2
bs_5-d-10_kv_kv-afs-begumpet_22082024-000000-1_EN-OL-RC-500_2,5,suddenly,suddenly,c,14.82,15.39,S AH D AH N L IY,c,0,* S AH D AH N L IY *,S AH D AH N L IY,741,770,29,-0.6037940979003906,-0.6074305772781372,-0.02094588242471218,-0.809900164604187,-5.902097225189209,-0.20352059602737427,2.280830085510388e-05,0.7237486243247986,0.024956848472356796,0.5959329605102539,28.860525131225586,0.9951905012130737,0.7725586891174316,28.771081924438477,0.9921062588691711,0.744397759437561,24.28238868713379,0.8373237252235413,0.013282123021781445,2.466592311859131,0.0850549042224884,0.9068858623504639,27.71448516845703,0.9556719064712524,0.12634137272834778,11.784065246582031,0.4063470661640167,0.6737881302833557,23.582935333251953,0.8132046461105347,0.2709575295448303,14.247537612915039,0.49129441380500793,0.0,0.0,7,7
bs_5-d-10_kv_kv-afs-begumpet_22082024-000000-1_EN-OL-RC-500_2,5,ran,ran,c,15.39,15.75,R AE N,c,0,* R AE N *,R AE N,769,788,19,-0.2607491910457611,-0.4108702838420868,-0.021624751389026642,-0.7007707953453064,-4.574050426483154,-0.24073949456214905,3.5435274185147136e-05,1.0309606790542603,0.054261088371276855,0.6235814094543457,20.083972930908203,1.057051181793213,0.8975549340248108,18.837448120117188,0.9914446473121643,0.6992043852806091,15.744758605957031,0.8286715149879456,0.006186407525092363,1.4865020513534546,0.07823695242404938,0.897968053817749,18.05630111694336,0.9503316283226013,0.10363303869962692,7.217649936676025,0.3798763155937195,0.6540752649307251,15.176568031311035,0.7987667322158813,0.24964459240436554,8.929818153381348,0.46999043226242065,0.0,0.0,3,3
bs_5-d-10_kv_kv-afs-begumpet_22082024-000000-1_EN-OL-RC-500_2,5,out,out,c,15.75,16.02,AW T,c,0,AW T *,AW T,787,801,14,-0.12558265030384064,-0.1749579906463623,-0.012496999464929104,-0.5913671255111694,-3.5793797969818115,-0.2556699812412262,3.792772622546181e-05,0.566716730594635,0.04047976806759834,0.7811139822006226,16.32731819152832,1.1662369966506958,0.9498263001441956,13.929905891418457,0.994993269443512,0.6863539218902588,11.386749267578125,0.8133392333984375,0.0049783410504460335,0.7692499160766602,0.0549464225769043,0.9005065560340881,13.244925498962402,0.9460660815238953,0.10964583605527878,4.666938304901123,0.3333527445793152,0.6595739722251892,10.95605182647705,0.7825751304626465,0.25542882084846497,6.083581924438477,0.4345415532588959,0.0,0.0,2,2
bs_5-d-10_kv_kv-afs-begumpet_22082024-000000-1_EN-OL-RC-500_2,5,of,of,c,16.02,16.14,AH V,c,0,AO F,AO F,801,807,6,-0.046729426831007004,-0.04691706970334053,-0.00781951192766428,-0.448189377784729,-1.4700881242752075,-0.24501468241214752,3.495087366900407e-05,0.18804404139518738,0.03134067356586456,0.6616997122764587,6.815056800842285,1.1358428001403809,0.9811460375785828,5.981070041656494,0.996845006942749,0.7316791415214539,4.903746604919434,0.8172910809516907,0.010712286457419395,0.40603041648864746,0.06767173856496811,0.9202858805656433,5.686366081237793,0.9477276802062988,0.1701539307832718,2.1046578884124756,0.3507763147354126,0.705680251121521,4.731425762176514,0.7885709404945374,0.3090330958366394,2.6916303634643555,0.4486050605773926,4.411563432609308,2.0,2,2
bs_5-d-10_kv_kv-afs-begumpet_22082024-000000-1_EN-OL-RC-500_2,5,the,the,c,16.14,16.32,DH AH,c,0,* DH AH,DH AH,807,816,9,-0.4346829950809479,-0.43558967113494873,-0.04839885234832764,-0.7447737455368042,-2.2404136657714844,-0.24893485009670258,7.260089478222653e-05,0.6581925749778748,0.07313250750303268,0.6633085012435913,9.519133567810059,1.0576815605163574,0.8328389525413513,8.832470893859863,0.9813856482505798,0.7474775314331055,7.473260402679443,0.8303622603416443,0.013992022722959518,0.6796480417251587,0.07551644742488861,0.9074371457099915,8.55866813659668,0.9509631395339966,0.12789832055568695,3.3621816635131836,0.37357574701309204,0.6750441789627075,7.188324451446533,0.7987027168273926,0.2723707854747772,4.192543983459473,0.465838223695755,0.0,0.0,2,2
bs_5-d-10_kv_kv-afs-begumpet_22082024-000000-1_EN-OL-RC-500_2,5,shed,shed,c,16.32,16.68,SH EH D,c,0,* SH EH D *,SH EH D,816,834,18,-0.21674612164497375,-0.33732277154922485,-0.018740154802799225,-0.8890484571456909,-4.392119407653809,-0.24400663375854492,3.143487992929295e-05,0.8995826840400696,0.04997681453824043,0.6185768246650696,19.252239227294922,1.0695688724517822,0.9143782258033752,17.866100311279297,0.9925611019134521,0.6044195890426636,14.837060928344727,0.8242811560630798,0.00124588783364743,1.3978333473205566,0.07765740901231766,0.831820547580719,17.06834602355957,0.9482414722442627,0.023836558684706688,6.915528297424316,0.384196013212204,0.534862756729126,14.340103149414062,0.7966724038124084,0.15001805126667023,8.477319717407227,0.47096219658851624,0.0,0.0,3,3
bs_5-d-10_kv_kv-afs-begumpet_22082024-000000-1_EN-OL-RC-500_2,5,into,into,c,16.68,17.07,IH N T UW,c,0,* IH N T UW *,IH N T UW,834,854,20,-0.37632444500923157,-0.4472663402557373,-0.022363316267728806,-0.7186015844345093,-4.704155445098877,-0.23520776629447937,2.016696635109838e-05,0.927323579788208,0.04636617749929428,0.5397996306419373,21.282926559448242,1.0641462802886963,0.8542395234107971,19.825599670410156,0.9912799596786499,0.7304909229278564,16.572174072265625,0.8286086916923523,0.010499231517314911,1.5004054307937622,0.07502026855945587,0.9085562229156494,19.025802612304688,0.9512901306152344,0.13111817836761475,7.4447526931762695,0.3722376227378845,0.6776078939437866,15.979903221130371,0.7989951372146606,0.27527666091918945,9.309944152832031,0.4654971957206726,0.0,0.0,4,4
bs_5-d-10_kv_kv-afs-begumpet_22082024-000000-1_EN-OL-RC-500_2,5,the,the,c,17.07,17.22,DH AH,c,0,DH AH,DH AH,853,861,8,-0.37632444500923157,-0.5608764886856079,-0.07010956108570099,-0.8074344992637634,-2.770374298095703,-0.3462967872619629,4.392411938169971e-05,1.092729926109314,0.13659124076366425,0.6192041635513306,9.9503812789917,1.2437976598739624,0.8542395234107971,7.781008720397949,0.9726260900497437,0.6639618873596191,6.437514305114746,0.8046892881393433,0.0034093493595719337,0.4914941191673279,0.061436764895915985,0.8608666658401489,7.490879535675049,0.9363599419593811,0.04544735699892044,2.469393730163574,0.3086742162704468,0.5822772979736328,6.08980131149292,0.761225163936615,0.18430323898792267,3.2977325916290283,0.41221657395362854,0.0,0.0,2,2
bs_5-d-10_kv_kv-afs-begumpet_22082024-000000-1_EN-OL-RC-500_2,5,fields,fields,c,17.22,17.79,F IY L D Z,c,0,* F IY L D Z * SIL *,F IY L D Z,860,890,30,-0.5278099179267883,-0.5866707563400269,-0.01955569162964821,-0.7830187082290649,-7.466324329376221,-0.24887748062610626,1.938570312631782e-05,1.020999550819397,0.03403331711888313,0.5891516804695129,33.269535064697266,1.1089844703674316,0.7993285059928894,29.775482177734375,0.9925161004066467,0.6797370910644531,24.665096282958984,0.8221698999404907,0.004451444838196039,2.189459800720215,0.07298199087381363,0.8836742043495178,28.447063446044922,0.9482354521751404,0.07543579488992691,10.919502258300781,0.3639834225177765,0.6246362328529358,23.763002395629883,0.7921000719070435,0.22066591680049896,13.732636451721191,0.45775455236434937,0.0,0.0,5,5
bs_5-d-10_kv_kv-afs-begumpet_22082024-000000-1_EN-OL-RC-500_2,5,when,when,c,18.18,18.51,W EH N,c,0,W EH N *,W EH N,909,926,17,-0.1367751955986023,-0.1826411485671997,-0.010743596591055393,-0.5872230529785156,-3.8112404346466064,-0.2241906076669693,1.637076638871804e-05,0.5931128859519958,0.034888993948698044,0.5397242307662964,17.3267879486084,1.0192228555679321,0.9454306364059448,16.926897048950195,0.9956998229026794,0.7103521823883057,14.15115737915039,0.8324210047721863,0.007469485979527235,1.633618712425232,0.09609521925449371,0.900417149066925,16.184398651123047,0.952023446559906,0.10942816734313965,6.92450475692749,0.40732380747795105,0.6593787670135498,13.714371681213379,0.8067277669906616,0.25522133708000183,8.352448463439941,0.49132049083709717,0.0,0.0,3,3
bs_5-d-10_kv_kv-afs-begumpet_22082024-000000-1_EN-OL-RC-500_2,5,we,we,c,18.51,18.69,W IY,c,0,* W IY *,W IY,925,935,10,-0.1367751955986023,-0.2623252868652344,-0.026232529431581497,-0.5872230529785156,-2.7306387424468994,-0.27306386828422546,3.0246135793277062e-05,0.7541669011116028,0.0754166916012764,0.6347996592521667,11.280804634094238,1.1280804872512817,0.9454306364059448,9.895256996154785,0.9895256757736206,0.7199292182922363,8.20121955871582,0.8201219439506531,0.008782323449850082,0.7111151218414307,0.0711115151643753,0.912110447883606,9.459099769592285,0.9459099769592285,0.1418919414281845,3.4937267303466797,0.3493726849555969,0.685877799987793,7.850797653198242,0.7850797772407532,0.2848469316959381,4.4672441482543945,0.44672441482543945,0.0,0.0,2,2
bs_5-d-10_kv_kv-afs-begumpet_22082024-000000-1_EN-OL-RC-500_2,5,were,were,c,18.69,18.99,W AH R,s,1,* W EH R *,W EH R,934,950,16,-0.21441398561000824,-0.35529211163520813,-0.022205756977200508,-0.6280887126922607,-4.317646026611328,-0.269852876663208,3.452522287261672e-05,0.9615588188171387,0.06009742617607117,0.5869430303573608,18.169750213623047,1.1356093883514404,0.9152749180793762,15.858885765075684,0.9911803603172302,0.6723339557647705,13.11298656463623,0.8195616602897644,0.003927749581634998,1.1139477491378784,0.0696217343211174,0.8835020661354065,15.135449409484863,0.945965588092804,0.07514779269695282,5.552217483520508,0.34701359272003174,0.6242963671684265,12.558418273925781,0.7849011421203613,0.22035007178783417,7.117177963256836,0.44482362270355225,3.069714006777209,1.0,3,3
bs_5-d-10_kv_kv-afs-begumpet_22082024-000000-1_EN-OL-RC-500_2,5,not,not,c,18.99,19.35,N AA T,c,0,* N AO T *,N AO T,949,968,19,-0.03541283681988716,-0.04984910786151886,-0.002623637206852436,-0.41647422313690186,-4.173286437988281,-0.2196466475725174,3.1715797376818955e-05,0.2459999918937683,0.012947368435561657,0.6414101719856262,20.608901977539062,1.0846790075302124,0.9856916666030884,18.979835510253906,0.9989387392997742,0.7449579834938049,15.682003021240234,0.8253685832023621,0.013408521190285683,1.3047367334365845,0.068670354783535,0.9230875968933105,18.080543518066406,0.9516075253486633,0.18108214437961578,6.9742431640625,0.3670654296875,0.7127341628074646,15.17426872253418,0.7986457347869873,0.318101167678833,8.769137382507324,0.4615335464477539,0.406100786224316,1.0,3,3
bs_5-d-10_kv_kv-afs-begumpet_22082024-000000-1_EN-OL-RC-500_2,5,looking,looking,c,19.35,19.83,L UH K IH NG,c,0,* L UH K IH NG * SIL,L UH K IH NG,967,992,25,-0.20219363272190094,-0.3272629380226135,-0.013090517371892929,-0.8755667209625244,-6.383832931518555,-0.25535333156585693,3.25032087857835e-05,0.8952850103378296,0.0358114019036293,0.688123881816864,29.25200653076172,1.170080304145813,0.9199827313423157,24.869897842407227,0.9947959184646606,0.6350185871124268,20.251482009887695,0.8100593090057373,0.002090043155476451,1.567191481590271,0.06268765777349472,0.8453623652458191,23.619117736816406,0.9447647333145142,0.03220386058092117,8.66175365447998,0.3464701473712921,0.5561680793762207,19.574995040893555,0.7829998135566711,0.1646566540002823,11.075989723205566,0.44303959608078003,0.0,0.0,5,5
bs_5-d-10_kv_kv-afs-begumpet_22082024-000000-1_EN-OL-RC-500_2,5,but,but,c,20.1,20.37,B AH T,c,0,B AH T *,B AH T,1005,1019,14,-0.11289025843143463,-0.11376883089542389,-0.008126345463097095,-0.5596739649772644,-2.8448736667633057,-0.20320525765419006,2.051692172244657e-05,0.3493109941482544,0.02495078556239605,0.6202602982521057,14.0023193359375,1.0001657009124756,0.9548259377479553,13.954469680786133,0.9967478513717651,0.7379425764083862,11.703283309936523,0.8359488248825073,0.011908874846994877,1.1887595653533936,0.08491139858961105,0.9152370095252991,13.370307922363281,0.9550219774246216,0.1520986706018448,5.664886951446533,0.4046347737312317,0.6933184862136841,11.363635063171387,0.811688244342804,0.29372042417526245,6.859130859375,0.4899379312992096,0.0,0.0,3,3
bs_5-d-10_kv_kv-afs-begumpet_22082024-000000-1_EN-OL-RC-500_2,5,lucky,lucky,c,20.37,20.79,L AH K IY,c,0,* L AH K IY *,L AH K IY,1018,1040,22,-0.014177451841533184,-0.02552148327231407,-0.0011600673897191882,-0.4300278127193451,-5.125370025634766,-0.23297137022018433,4.700994395534508e-05,0.15940582752227783,0.0072457194328308105,0.6769360303878784,25.16815948486328,1.1440072059631348,0.9942565560340881,21.989654541015625,0.9995297789573669,0.7169185876846313,17.9821834564209,0.8173719644546509,0.00834648311138153,1.3602681159973145,0.061830367892980576,0.911217987537384,20.868122100830078,0.9485509991645813,0.13910609483718872,7.692786693572998,0.3496721088886261,0.683782696723938,17.3795223236084,0.7899782657623291,0.28239360451698303,9.845596313476562,0.44752711057662964,0.0,0.0,4,4
bs_5-d-10_kv_kv-afs-begumpet_22082024-000000-1_EN-OL-RC-500_2,5,saw,saw,c,20.79,21.09,S AO,c,0,* S AO *,S AO,1039,1055,16,-0.3100469708442688,-0.6818267107009888,-0.0426141694188118,-0.7369533181190491,-5.178082466125488,-0.323630154132843,6.862650479888543e-05,1.637184500694275,0.10232403129339218,0.7475857138633728,19.644311904907227,1.2277694940567017,0.8789259791374207,15.731045722961426,0.9831903576850891,0.6343454122543335,12.911385536193848,0.8069615960121155,0.002066389424726367,0.8663198947906494,0.05414499342441559,0.8553804755210876,15.016840934753418,0.9385525584220886,0.040232058614492416,4.936073303222656,0.308504581451416,0.5728131532669067,12.239070892333984,0.764941930770874,0.1769537627696991,6.607876777648926,0.41299229860305786,0.0,0.0,2,2
bs_5-d-10_kv_kv-afs-begumpet_22082024-000000-1_EN-OL-RC-500_2,5,it,it,c,21.09,21.3,IH T,c,0,IH T *,IH T,1054,1065,11,-0.0739167332649231,-0.07730516046285629,-0.007027741987258196,-0.48286908864974976,-2.504944086074829,-0.2277221828699112,2.678540477063507e-05,0.2836446762084961,0.02578588016331196,0.574661910533905,11.898116111755371,1.0816469192504883,0.9702776670455933,10.968902587890625,0.9971729516983032,0.7395119667053223,9.10232162475586,0.8274837732315063,0.012229079380631447,0.7635014057159424,0.06940922141075134,0.9230648279190063,10.465510368347168,0.9514100551605225,0.180990532040596,4.011728286743164,0.36470258235931396,0.7126762866973877,8.77651596069336,0.797865092754364,0.31802570819854736,5.0580058097839355,0.4598187208175659,0.0,0.0,2,2
bs_5-d-10_kv_kv-afs-begumpet_22082024-000000-1_EN-OL-RC-500_2,5,running,running,c,21.3,21.87,R AH N IH NG,c,0,R AH N IH NG * SIL *,R AH N IH NG,1065,1094,29,-0.4096154570579529,-0.8528921008110046,-0.029410071671009064,-0.9959147572517395,-7.530807018280029,-0.2596830129623413,3.9409951568813995e-05,1.9099265336990356,0.06585953384637833,0.6195875406265259,32.30815124511719,1.1140742301940918,0.8419930934906006,28.667043685913086,0.9885187745094299,0.7109112739562988,23.806550979614258,0.8209155797958374,0.007540417835116386,2.0517873764038086,0.07075128704309464,0.8556123375892639,27.459142684936523,0.9468669891357422,0.04043986648321152,10.46403694152832,0.36082884669303894,0.5732079744338989,22.89069938659668,0.7893344759941101,0.17725509405136108,13.177325248718262,0.4543905258178711,0.0,0.0,5,5
bs_5-d-10_kv_kv-afs-begumpet_22082024-000000-1_EN-OL-RC-500_2,5,away,away,c,21.93,22.41,AH W EY,c,0,AH W EY * SIL *,AH W EY,1096,1121,25,-0.17133453488349915,-0.1835799366235733,-0.007343197241425514,-0.7769097089767456,-5.051651954650879,-0.2020660787820816,1.816745316318702e-05,0.5873790383338928,0.023495161905884743,0.6020875573158264,24.525367736816406,0.9810147285461426,0.9319350719451904,24.92696762084961,0.9970787167549133,0.7114494442939758,20.93848419189453,0.8375393748283386,0.007609341759234667,2.316100835800171,0.09264403581619263,0.8817141652107239,23.874990463256836,0.9549996256828308,0.07222122699022293,10.471785545349121,0.4188714325428009,0.6207866668701172,20.358692169189453,0.8143476843833923,0.21711228787899017,12.502399444580078,0.5000959634780884,0.0,0.0,3,3
bs_5-d-10_kv_kv-afs-begumpet_22082024-000000-1_EN-OL-RC-500_2,5,at,at,c,22.83,23.1,AE T,c,0,AE T *,AE T,1141,1155,14,-0.003315814072266221,-0.004432077519595623,-0.0003165769740007818,-0.3904181122779846,-2.6047768592834473,-0.1860554963350296,4.611715121427551e-05,0.03336915373802185,0.002383511047810316,0.6065567135810852,13.953060150146484,0.9966471791267395,0.9986549019813538,13.998202323913574,0.9998716115951538,0.7358196973800659,11.707076072692871,0.8362197279930115,0.01148904673755169,1.0874038934707642,0.07767170667648315,0.9176241159439087,13.391971588134766,0.9565693736076355,0.1603831946849823,5.663558483123779,0.40453988313674927,0.6991085410118103,11.403858184814453,0.8145613074302673,0.30080243945121765,6.857908248901367,0.48985058069229126,0.0,0.0,2,2
bs_5-d-10_kv_kv-afs-begumpet_22082024-000000-1_EN-OL-RC-500_2,5,once,once,c,23.1,23.52,W AH N S,c,0,W AH N S *,W AH N S,1155,1176,21,-0.008381164632737637,-0.011934388428926468,-0.0005683042109012604,-0.35188648104667664,-3.6532859802246094,-0.17396600544452667,1.8959675799123943e-05,0.07792268693447113,0.003710604039952159,0.5760543346405029,19.415109634399414,0.9245290160179138,0.9966022372245789,20.995159149169922,0.9997695088386536,0.7366239428520203,17.77646827697754,0.8464984893798828,0.011646325699985027,2.101531982421875,0.1000729501247406,0.9218651056289673,20.14950180053711,0.9595000743865967,0.17623010277748108,9.21866512298584,0.43898406624794006,0.7096387147903442,17.3470516204834,0.8260501027107239,0.3140917122364044,10.850541114807129,0.5166924595832825,0.0,0.0,4,4
bs_5-d-10_kv_kv-afs-begumpet_22082024-000000-1_EN-OL-RC-500_2,5,he,he,c,23.52,23.73,HH IY,c,0,HH IY *,HH IY,1176,1187,11,-0.0013945881510153413,-0.004651028662919998,-0.0004228207981213927,-0.48471298813819885,-2.413018226623535,-0.21936529874801636,3.016424670931883e-05,0.03927129507064819,0.0035701177548617125,0.5969675183296204,12.033378601074219,1.093943476676941,0.999434232711792,10.998112678527832,0.9998283982276917,0.6855374574661255,9.056562423706055,0.8233238458633423,0.004910091869533062,0.7943345904350281,0.07221223413944244,0.8970411419868469,10.458634376525879,0.9507849216461182,0.10152067989110947,4.106082439422607,0.37328022718429565,0.6520888805389404,8.782853126525879,0.7984411716461182,0.24758490920066833,5.117152214050293,0.4651956558227539,0.0,0.0,2,2
bs_5-d-10_kv_kv-afs-begumpet_22082024-000000-1_EN-OL-RC-500_2,5,began,began,c,23.73,24.27,B IH G AE N,c,0,* B IH G AE N *,B IH G AE N,1186,1214,28,-0.6458916068077087,-0.7356855273246765,-0.026274483650922775,-0.8213214874267578,-6.331205368041992,-0.22611448168754578,2.1460775315063074e-05,1.0214927196502686,0.03648188337683678,0.6219440698623657,29.325233459472656,1.0473297834396362,0.7579448223114014,27.72186279296875,0.9900665283203125,0.6724761128425598,23.23215103149414,0.8297196626663208,0.003937198780477047,2.080779790878296,0.07431356608867645,0.8870945572853088,26.66231346130371,0.9522255063056946,0.08139172196388245,10.72684097290039,0.3831014633178711,0.6314574480056763,22.479351043701172,0.8028339743614197,0.22709274291992188,13.236664772033691,0.47273802757263184,0.0,0.0,5,5
bs_5-d-10_kv_kv-afs-begumpet_22082024-000000-1_EN-OL-RC-500_2,5,to,to,c,24.27,24.42,T UW,c,0,* T UW,T UW,1213,1221,8,-0.6458916068077087,-0.6593219041824341,-0.08241523802280426,-0.8213214874267578,-2.630645275115967,-0.32883065938949585,2.943862091342453e-05,0.7701510787010193,0.09626888483762741,0.5551778674125671,10.065519332885742,1.2581899166107178,0.7579448223114014,7.752501964569092,0.9690627455711365,0.7399841547012329,6.4338884353637695,0.8042360544204712,0.01232710387557745,0.44999510049819946,0.05624938756227493,0.9076350927352905,7.516459941864014,0.9395574927330017,0.12846212089061737,2.3763952255249023,0.2970494031906128,0.6754963397979736,6.111289024353027,0.7639111280441284,0.27288123965263367,3.259446620941162,0.40743082761764526,0.0,0.0,2,2
bs_5-d-10_kv_kv-afs-begumpet_22082024-000000-1_EN-OL-RC-500_2,5,run,run,c,24.42,24.72,R AH N,c,0,* R AH N *,R AH N,1221,1236,15,-0.006107225548475981,-0.010199353098869324,-0.0006799568654969335,-0.2996808886528015,-2.8705708980560303,-0.1913713961839676,3.5784225474344566e-05,0.06958954781293869,0.004639303311705589,0.6108577251434326,14.95478630065918,0.9969857335090637,0.9975233674049377,14.995863914489746,0.999724268913269,0.757878303527832,12.566412925720215,0.837760865688324,0.0166819766163826,1.226186752319336,0.08174578100442886,0.9314134120941162,14.348042488098145,0.9565361738204956,0.21787677705287933,6.031287670135498,0.4020858407020569,0.7345809936523438,12.209837913513184,0.8139892220497131,0.347791463136673,7.33003044128418,0.4886687099933624,0.0,0.0,3,3
bs_5-d-10_kv_kv-afs-begumpet_22082024-000000-1_EN-OL-RC-500_2,5,after,after,c,24.75,25.23,AE F T AH R,c,0,AA F T AH R *,AA F T AH R,1237,1262,25,-0.31581351161003113,-0.4261696934700012,-0.017046786844730377,-0.7692494988441467,-5.561783313751221,-0.22247132658958435,2.0659832443925552e-05,1.0114660263061523,0.040458641946315765,0.5652688145637512,25.588367462158203,1.0235346555709839,0.8767617344856262,24.832317352294922,0.9932926893234253,0.6797616481781006,20.823116302490234,0.8329246640205383,0.0044532897882163525,2.0379714965820312,0.08151885867118835,0.8876286149024963,23.817584991455078,0.9527034163475037,0.08236319571733475,9.86695384979248,0.39467814564704895,0.6325346827507019,20.14553451538086,0.8058213591575623,0.22812311351299286,12.035059928894043,0.4814023971557617,1.8273272771167965,1.0,5,5
bs_5-d-10_kv_kv-afs-begumpet_22082024-000000-1_EN-OL-RC-500_2,5,the,the,c,25.26,25.44,DH AH,c,0,DH AH,DH AH,1263,1272,9,-0.021961597725749016,-0.022597061470150948,-0.0025107846595346928,-0.3678884208202362,-1.8237838745117188,-0.20264264941215515,3.3810829336289316e-05,0.11132922023534775,0.012369913049042225,0.6559682488441467,9.150750160217285,1.0167499780654907,0.9911117553710938,8.990854263305664,0.9989838004112244,0.7517989873886108,7.523370742797852,0.8359301090240479,0.01505255326628685,0.7017781734466553,0.07797535508871078,0.9281874895095825,8.596404075622559,0.9551560282707214,0.20280760526657104,3.5332651138305664,0.39258500933647156,0.7259528636932373,7.2878522872924805,0.8097613453865051,0.33576807379722595,4.329824447631836,0.48109161853790283,0.0,0.0,2,2
bs_5-d-10_kv_kv-afs-begumpet_22082024-000000-1_EN-OL-RC-500_2,5,goat,goat,c,25.44,25.89,G OW T,c,0,* G OW T * SIL *,G OW T,1272,1295,23,-0.11767661571502686,-0.1981334239244461,-0.00861449632793665,-0.932529866695404,-6.7199530601501465,-0.2921718657016754,2.5239023671019822e-05,0.7916437983512878,0.03441929444670677,0.6462376117706299,29.022615432739258,1.2618528604507446,0.9529386758804321,22.920400619506836,0.9965391755104065,0.6021223068237305,18.377079010009766,0.7990034222602844,0.001198424375616014,1.1742595434188843,0.05105476453900337,0.8238170146942139,21.581117630004883,0.9383094906806946,0.019953452050685883,7.184308052062988,0.3123612105846405,0.522857666015625,17.61490249633789,0.7658653259277344,0.14228051900863647,9.549654006958008,0.4152023494243622,0.0,0.0,3,3
bs_5-d-10_kv_kv-afs-begumpet_22082024-000000-1_EN-OL-RC-500_2,5,in,in,c,26.13,26.37,IH N,c,0,IH N *,IH N,1306,1319,13,-0.054624538868665695,-0.061249520629644394,-0.004711501765996218,-0.48709625005722046,-2.6873841285705566,-0.20672185719013214,1.5821393390069716e-05,0.2539438307285309,0.019534140825271606,0.566453754901886,12.975727081298828,0.9981328248977661,0.977982223033905,12.975295066833496,0.9980996251106262,0.7250363826751709,10.879472732543945,0.8368825316429138,0.00957433134317398,1.1737152338027954,0.0902857854962349,0.9169301390647888,12.411457061767578,0.9547274708747864,0.15792915225028992,5.299934387207031,0.407687246799469,0.6974152326583862,10.551689147949219,0.8116683959960938,0.2987150549888611,6.401079177856445,0.4923906922340393,0.0,0.0,2,2
bs_5-d-10_kv_kv-afs-begumpet_22082024-000000-1_EN-OL-RC-500_2,5,the,the,c,26.37,26.52,DH AH,c,0,DH AH *,DH AH,1318,1326,8,-0.06861672550439835,-0.07169622927904129,-0.008962028659880161,-0.5092058181762695,-2.0273542404174805,-0.25341928005218506,0.00010676660895114765,0.26956430077552795,0.033695537596940994,0.6410226225852966,9.004203796386719,1.1255254745483398,0.9723906517028809,7.971141338348389,0.9963926672935486,0.7042015790939331,6.571837902069092,0.8214797377586365,0.006731787230819464,0.5809943675994873,0.07262429594993591,0.9002760052680969,7.578911781311035,0.9473639726638794,0.10908561944961548,2.85740327835083,0.35717540979385376,0.6590709686279297,6.313999176025391,0.7892498970031738,0.25489458441734314,3.6187069416046143,0.4523383677005768,0.0,0.0,2,2
bs_5-d-10_kv_kv-afs-begumpet_22082024-000000-1_EN-OL-RC-500_2,5,end,end,c,26.55,26.91,EH N D,c,0,EH N D *,EH N D,1327,1346,19,-0.6285536289215088,-0.9637997150421143,-0.05072630196809769,-0.922660231590271,-5.110416889190674,-0.2689692974090576,2.7295123800286092e-05,1.4462248086929321,0.07611709833145142,0.6075332760810852,20.73060417175293,1.0910844802856445,0.7639449238777161,18.63233184814453,0.9806490540504456,0.6814562082290649,15.630064010620117,0.8226349353790283,0.004582719877362251,1.4716973304748535,0.07745775580406189,0.866643488407135,17.989614486694336,0.9468218088150024,0.05167120322585106,7.081263542175293,0.3726980686187744,0.5925287008285522,15.038585662841797,0.7915045022964478,0.19257032871246338,8.792747497558594,0.46277618408203125,0.0,0.0,3,3
bs_5-d-10_kv_kv-afs-begumpet_22082024-000000-1_EN-OL-RC-500_2,5,lucky,lucky,c,26.91,27.33,L AH K IY,c,0,* L AH K IY *,L AH K IY,1345,1367,22,-0.2982431650161743,-0.33459243178367615,-0.015208747237920761,-0.6782500147819519,-6.230592250823975,-0.2832087278366089,4.180159157840535e-05,0.7765305638313293,0.03529684245586395,0.6888844966888428,27.56203269958496,1.2528196573257446,0.8833656311035156,21.868650436401367,0.9940295815467834,0.6906176805496216,17.685745239257812,0.803897500038147,0.005350458435714245,1.10317063331604,0.050144121050834656,0.8913911581039429,20.710704803466797,0.9413956999778748,0.08954434096813202,6.768459320068359,0.30765724182128906,0.640220046043396,16.9285945892334,0.7694815993309021,0.2355988621711731,9.113360404968262,0.4142436683177948,0.0,0.0,4,4
bs_5-d-10_kv_kv-afs-begumpet_22082024-000000-1_EN-OL-RC-500_2,5,caught,caught,c,27.33,27.69,K AA T,c,0,* K AO T *,K AO T,1366,1385,19,-0.14180588722229004,-0.15539401769638062,-0.008178632706403732,-0.6143790483474731,-4.639151573181152,-0.24416586756706238,3.59626101271715e-05,0.4902585446834564,0.025803081691265106,0.6661103367805481,21.529539108276367,1.1331336498260498,0.9434586763381958,18.93794822692871,0.9967341423034668,0.7339755296707153,15.597702026367188,0.8209316730499268,0.011136351153254509,1.2101292610168457,0.06369101256132126,0.9065201878547668,18.02058219909668,0.9484516978263855,0.12531910836696625,6.614213943481445,0.34811651706695557,0.6729575395584106,15.000707626342773,0.7895109057426453,0.27002668380737305,8.482159614562988,0.44642946124076843,0.406100786224316,1.0,3,3
bs_5-d-10_kv_kv-afs-begumpet_22082024-000000-1_EN-OL-RC-500_2,5,it,it,c,27.69,27.81,IH T,c,0,IH T *,IH T,1384,1391,7,-0.13292375206947327,-0.13347823917865753,-0.019068319350481033,-0.5733960270881653,-1.9579843282699585,-0.279712051153183,5.2310904720798135e-05,0.3823597729206085,0.0546228252351284,0.6149873733520508,8.546398162841797,1.2209140062332153,0.9469417333602905,6.946717262268066,0.9923881888389587,0.7412370443344116,5.659687042236328,0.8085266947746277,0.01259100902825594,0.3896943926811218,0.05567062646150589,0.9156259894371033,6.601314544677734,0.9430449604988098,0.1534188985824585,2.20066237449646,0.31438034772872925,0.6942554712295532,5.414273738861084,0.7734676599502563,0.29485586285591125,2.9442086219787598,0.4206012189388275,0.0,0.0,2,2
bs_5-d-10_kv_kv-afs-begumpet_22082024-000000-1_EN-OL-RC-500_2,5,by,by,c,27.81,28.08,B AY,c,0,* B AY,B AY,1390,1404,14,-0.13292375206947327,-0.14382518827915192,-0.010273227468132973,-0.5733960270881653,-3.0783286094665527,-0.219880610704422,3.5452438169158995e-05,0.44161710143089294,0.03154407814145088,0.6918933391571045,14.64447021484375,1.0460336208343506,0.9469417333602905,13.942522048950195,0.9958944320678711,0.7136654853820801,11.627496719360352,0.8305354714393616,0.007899844087660313,1.0002537965774536,0.07144670188426971,0.9125114679336548,13.337959289550781,0.9527114033699036,0.14316172897815704,5.303896903991699,0.3788497745990753,0.686823308467865,11.240143775939941,0.8028674125671387,0.28596052527427673,6.579848766326904,0.46998921036720276,0.0,0.0,2,2
bs_5-d-10_kv_kv-afs-begumpet_22082024-000000-1_EN-OL-RC-500_2,5,the,the,c,28.08,28.26,DH AH,c,0,* DH AH,DH AH,1403,1413,10,-0.3776974380016327,-0.3895229995250702,-0.0389522984623909,-0.7152337431907654,-2.663991928100586,-0.26639920473098755,6.429198401747271e-05,0.6956824660301208,0.06956824660301208,0.6359704732894897,11.10808277130127,1.110808253288269,0.8537324666976929,9.848938941955566,0.9848939180374146,0.7525292038917542,8.253615379333496,0.8253615498542786,0.015239541418850422,0.6978055238723755,0.06978055089712143,0.9095386862754822,9.482392311096191,0.9482392072677612,0.1340116411447525,3.497363805770874,0.34973639249801636,0.6798743009567261,7.893526077270508,0.7893525958061218,0.277869313955307,4.480807781219482,0.44808077812194824,0.0,0.0,2,2
bs_5-d-10_kv_kv-afs-begumpet_22082024-000000-1_EN-OL-RC-500_2,5,tail,tail,c,28.26,28.68,T EY L,c,0,* T EY L * SIL,T EY L,1413,1434,21,-0.07976631075143814,-0.0843367800116539,-0.0040160370990633965,-0.5167785882949829,-4.2654595375061035,-0.20311711728572845,1.794063973648008e-05,0.30912816524505615,0.014720388688147068,0.5746982097625732,21.300506591796875,1.0143098831176758,0.9679489135742188,20.966094970703125,0.998385488986969,0.7098578214645386,17.528980255126953,0.834713339805603,0.007407308556139469,1.7667068243026733,0.08412889391183853,0.9129109978675842,20.048664093017578,0.9546982645988464,0.14443811774253845,8.41061782836914,0.40050560235977173,0.6877678632736206,17.017332077026367,0.81034916639328,0.2870769798755646,10.223971366882324,0.48685577511787415,0.0,0.0,3,3
bs_5-d-10_kv_kv-afs-begumpet_22082024-000000-1_EN-OL-RC-500_2,5,and,and,c,28.92,29.16,AH N D,c,0,AE N D *,AE N D,1446,1458,12,-0.5480272769927979,-0.5581309795379639,-0.04651091620326042,-0.8092209696769714,-3.415417432785034,-0.2846181094646454,2.0167146431049332e-05,0.7514264583587646,0.06261887401342392,0.6166811585426331,14.345844268798828,1.1954870223999023,0.7921559810638428,11.788057327270508,0.9823381304740906,0.7269077301025391,9.716733932495117,0.8097278475761414,0.009882088750600815,0.723158597946167,0.060263216495513916,0.9014660120010376,11.321856498718262,0.9434880614280701,0.11200819909572601,3.930886745452881,0.32757389545440674,0.6616750955581665,9.320741653442383,0.7767284512519836,0.2576713562011719,5.161068439483643,0.4300890266895294,2.95656721210025,1.0,3,3
bs_5-d-10_kv_kv-afs-begumpet_22082024-000000-1_EN-OL-RC-500_2,5,held,held,c,29.16,29.73,HH EH L D,c,0,* HH EH L D * IH,HH EH L D IH,1458,1487,29,-0.5840474367141724,-1.3169747591018677,-0.04541292414069176,-0.9645366668701172,-7.988285064697266,-0.27545809745788574,2.138421405106783e-05,2.239940643310547,0.07723933458328247,0.5786378979682922,32.76175308227539,1.1297156810760498,0.7794668078422546,28.4923095703125,0.9824934601783752,0.6757290363311768,23.75111961364746,0.8190041184425354,0.004159796051681042,2.003389835357666,0.06908240914344788,0.8608647584915161,27.4238224029541,0.9456490278244019,0.045445386320352554,10.238323211669922,0.35304564237594604,0.5822738409042358,22.78301239013672,0.7856211066246033,0.1843005269765854,13.002862930297852,0.44837456941604614,4.491130047978703,1.0,4,5
bs_5-d-10_kv_kv-afs-begumpet_22082024-000000-1_EN-OL-RC-500_2,5,on,on,c,29.73,29.79,AA N,s,1,T *,T,1486,1490,4,-0.28711891174316406,-0.28751808404922485,-0.07187952101230621,-0.669598400592804,-1.262730360031128,-0.315682590007782,4.175302819930948e-05,0.5661205053329468,0.1415301263332367,0.5776944756507874,4.53453254699707,1.1336331367492676,0.887561559677124,3.887399673461914,0.9718499183654785,0.7472718954086304,3.2912063598632812,0.8228015899658203,0.01394345611333847,0.2987644076347351,0.07469110190868378,0.9116802215576172,3.774972438812256,0.943743109703064,0.14054206013679504,1.357082724571228,0.339270681142807,0.684866189956665,3.1170458793640137,0.7792614698410034,0.283659964799881,1.7559304237365723,0.43898260593414307,10.819905544432569,2.0,2,1
bs_5-d-10_kv_kv-afs-begumpet_22082024-000000-1_EN-OL-RC-500_2,5,tight,tight,c,29.82,30.24,T AY T,c,0,* T AY T *,T AY T,1491,1512,21,-0.0011041297111660242,-0.004862493369728327,-0.00023154731024987996,-0.3941730558872223,-3.7692203521728516,-0.17948667705059052,2.0817988115595654e-05,0.042262885719537735,0.0020125184673815966,0.576930582523346,20.110023498535156,0.9576201438903809,0.9995520710945129,20.998027801513672,0.999906063079834,0.7246301174163818,17.685989379882812,0.8421899676322937,0.009508786723017693,1.8557772636413574,0.08837034553289413,0.9164320230484009,20.123075485229492,0.9582417011260986,0.1561911404132843,8.866533279418945,0.42221587896347046,0.6962050795555115,17.236473083496094,0.8207844495773315,0.2972314655780792,10.574746131896973,0.5035593509674072,0.0,0.0,3,3
bs_5-d-10_kv_kv-afs-begumpet_22082024-000000-1_EN-OL-RC-500_2,5,until,until,c,30.24,30.66,AH N T IH L,c,0,AH N T IH L *,AH N T IH L,1512,1533,21,-0.016697153449058533,-0.021807454526424408,-0.0010384501656517386,-0.40256720781326294,-3.940497875213623,-0.18764275312423706,2.0301567928981967e-05,0.12275693565607071,0.0058455681428313255,0.5544620156288147,20.55406951904297,0.9787651896476746,0.9932377934455872,20.991165161132812,0.9995793104171753,0.7457942962646484,17.61975860595703,0.8390361070632935,0.013599447906017303,1.8686515092849731,0.08898340165615082,0.9249247312545776,20.094758987426758,0.956893265247345,0.18862605094909668,8.724043846130371,0.4154306650161743,0.7174382209777832,17.157625198364258,0.8170297741889954,0.32428592443466187,10.471426010131836,0.4986393451690674,0.0,0.0,5,5
bs_5-d-10_kv_kv-afs-begumpet_22082024-000000-1_EN-OL-RC-500_2,5,we,we,c,30.66,30.84,W IY,c,0,W IY * SIL,W IY,1533,1542,9,-0.011994966305792332,-0.020457789301872253,-0.0022730876225978136,-0.5458580851554871,-2.8235936164855957,-0.3137326240539551,0.0001076109183486551,0.1291840672492981,0.014353785663843155,0.8904839158058167,12.527974128723145,1.3919970989227295,0.9951393008232117,8.991705894470215,0.9990784525871277,0.665343701839447,7.052881240844727,0.7836534976959229,0.0034899378661066294,0.3325950503349304,0.036955006420612335,0.8855326771736145,8.408448219299316,0.934272050857544,0.07861576229333878,2.3515889644622803,0.261287659406662,0.6283259987831116,6.733872413635254,0.7482080459594727,0.22412148118019104,3.403904914855957,0.37821164727211,0.0,0.0,2,2
bs_5-d-10_kv_kv-afs-begumpet_22082024-000000-1_EN-OL-RC-500_2,5,came,came,c,31.17,31.56,K EY M,c,0,K EY M *,K EY M,1558,1578,20,-0.048708051443099976,-0.05439959466457367,-0.0027199797332286835,-0.5004497766494751,-3.66652774810791,-0.18332639336585999,1.9219633031752892e-05,0.23129621148109436,0.011564810760319233,0.589667797088623,18.949817657470703,0.9474908709526062,0.9803525805473328,19.978046417236328,0.9989023208618164,0.7414441108703613,16.85590934753418,0.8427954912185669,0.012635154649615288,1.8344618082046509,0.09172309190034866,0.9159730672836304,19.160446166992188,0.9580222964286804,0.15460644662380219,8.52558422088623,0.426279217004776,0.6950935125350952,16.42182159423828,0.8210910558700562,0.2958749234676361,10.132564544677734,0.5066282153129578,0.0,0.0,3,3
bs_5-d-10_kv_kv-afs-begumpet_22082024-000000-1_EN-OL-RC-500_2,5,with,with,c,31.56,31.8,W IH DH,c,0,W IH DH *,W IH DH,1578,1590,12,-0.6060290336608887,-0.610965371131897,-0.05091378092765808,-0.8619940280914307,-3.6657063961029053,-0.30547553300857544,9.448973287362605e-05,0.7288585901260376,0.0607382170855999,0.8350036144256592,15.501401901245117,1.2917834520339966,0.77177894115448,11.769777297973633,0.9808147549629211,0.6771371960639954,9.552423477172852,0.7960352897644043,0.004260016139596701,0.5399911999702454,0.044999267905950546,0.892797589302063,11.267666816711426,0.9389722347259521,0.09238645434379578,3.5142157077789307,0.2928512990474701,0.6431368589401245,9.149130821228027,0.762427568435669,0.2384941577911377,4.830879211425781,0.40257325768470764,0.0,0.0,3,3
bs_5-d-10_kv_kv-afs-begumpet_22082024-000000-1_EN-OL-RC-500_2,5,a,a,c,31.8,31.89,AH,c,0,AH *,AH,1590,1595,5,-0.07494763284921646,-0.0809483602643013,-0.01618967205286026,-0.5944355726242065,-1.8119888305664062,-0.3623977601528168,0.008615650236606598,0.3063584864139557,0.06127169728279114,1.0355371236801147,7.124200344085693,1.4248400926589966,0.9698670506477356,4.967432022094727,0.9934864044189453,0.7300196886062622,3.9246485233306885,0.7849296927452087,0.010415920987725258,0.16793665289878845,0.03358732908964157,0.9002406001091003,4.652057647705078,0.9304115176200867,0.10899985581636429,1.171124815940857,0.23422496020793915,0.6589938402175903,3.680419683456421,0.7360839247703552,0.25481271743774414,1.7887815237045288,0.3577563166618347,0.0,0.0,1,1
bs_5-d-10_kv_kv-afs-begumpet_22082024-000000-1_EN-OL-RC-500_2,5,rope,rope,c,31.89,32.22,R OW P,c,0,* R OW P *,R OW P,1594,1611,17,-0.6905200481414795,-0.6943050622940063,-0.0408414751291275,-0.8646734952926636,-3.7808432579040527,-0.22240254282951355,2.468123238941189e-05,0.7239206433296204,0.042583566159009933,0.6382522583007812,17.21364974975586,1.0125676393508911,0.742619514465332,16.741085052490234,0.9847697019577026,0.7202317118644714,14.170448303222656,0.8335557579994202,0.008827348239719868,1.4142800569534302,0.08319294452667236,0.899545431137085,16.211376190185547,0.953610360622406,0.1073293387889862,6.8138837814331055,0.4008166790008545,0.6574819087982178,13.744702339172363,0.8085119128227234,0.25321370363235474,8.266732215881348,0.48627835512161255,0.0,0.0,3,3
bs_5-d-10_kv_kv-afs-begumpet_22082024-000000-1_EN-OL-RC-500_2,5,and,and,c,32.25,32.49,AH N D,c,0,AE N D *,AE N D,1612,1625,13,-0.009587203152477741,-0.012112436816096306,-0.0009317258954979479,-0.4425389766693115,-2.660785436630249,-0.2046758085489273,1.7082436897908337e-05,0.07708145678043365,0.005929342936724424,0.5526309013366699,13.433882713317871,1.03337562084198,0.9961138963699341,12.995089530944824,0.9996222853660583,0.7107291221618652,10.81363296508789,0.8318179249763489,0.007517237216234207,1.0709513425827026,0.08238087594509125,0.9069429636001587,12.400891304016113,0.9539147019386292,0.12650175392627716,5.132801532745361,0.3948308825492859,0.6739180088043213,10.50268840789795,0.8078991174697876,0.2711033821105957,6.274481773376465,0.4826524555683136,2.95656721210025,1.0,3,3
bs_5-d-10_kv_kv-afs-begumpet_22082024-000000-1_EN-OL-RC-500_2,5,tied,tied,c,32.49,32.85,T AY D,c,0,* T AY D *,T AY D,1624,1643,19,-0.6824732422828674,-0.6939374804496765,-0.03652302548289299,-0.8560686707496643,-4.3164472579956055,-0.22718143463134766,2.7499223506310955e-05,0.7656474113464355,0.04029723256826401,0.5923173427581787,19.84164810180664,1.044297218322754,0.745370090007782,18.74072265625,0.9863538146018982,0.7382031679153442,15.791687965393066,0.831141471862793,0.011961466632783413,1.3717761039733887,0.07219874113798141,0.9011387825012207,18.105165481567383,0.9529034495353699,0.11119675636291504,7.21487283706665,0.37973013520240784,0.6609569787979126,15.264204025268555,0.8033791780471802,0.25690287351608276,8.946784973144531,0.47088342905044556,0.0,0.0,3,3
bs_5-d-10_kv_kv-afs-begumpet_22082024-000000-1_EN-OL-RC-500_2,5,it,it,c,32.85,33.03,IH T,c,0,IH T *,IH T,1642,1652,10,-0.04185948893427849,-0.049957551062107086,-0.004995754919946194,-0.47203329205513,-2.231257200241089,-0.22312572598457336,5.4044765420258045e-05,0.22093182802200317,0.022093182429671288,0.5399137139320374,10.59166145324707,1.0591661930084229,0.9831005930900574,9.979817390441895,0.9979817271232605,0.749151349067688,8.299983978271484,0.8299983739852905,0.014393631368875504,0.7788289785385132,0.07788290083408356,0.9212648868560791,9.521055221557617,0.9521055221557617,0.17389552295207977,3.780848264694214,0.37808483839035034,0.7081288695335388,8.015179634094238,0.8015179634094238,0.3121531903743744,4.700434684753418,0.47004348039627075,0.0,0.0,2,2
bs_5-d-10_kv_kv-afs-begumpet_22082024-000000-1_EN-OL-RC-500_2,5,up,up,c,33.03,33.33,AH P,c,0,AH P * SIL,AH P,1651,1667,16,-0.14917844533920288,-0.16045475006103516,-0.010028421878814697,-0.7656430602073669,-3.688131809234619,-0.2305082380771637,2.321320425835438e-05,0.5305342078208923,0.03315838798880577,0.5952110886573792,16.948467254638672,1.059279203414917,0.9405736327171326,15.936002731323242,0.9960001707077026,0.6860145330429077,13.237607955932617,0.8273504972457886,0.0049498602747917175,1.3114522695541382,0.08196576684713364,0.8797896504402161,15.20518684387207,0.9503241777420044,0.06919830292463303,6.216207981109619,0.3885129988193512,0.6170478463172913,12.80748176574707,0.8004676103591919,0.2137107402086258,7.614502906799316,0.4759064316749573,0.0,0.0,2,2
mne_5-a-14_kv_kv-no1-vasco-da-gama_22082024-000000-1_EN-OL-RC-500_2,5,one,one,c,1.02,1.41,W AH N,s,1,W AH N S,W AH N S,51,71,20,-0.013224519789218903,-0.015930060297250748,-0.0007965030381456017,-0.45909738540649414,-4.088102340698242,-0.20440511405467987,2.8681733965640888e-05,0.09692859649658203,0.004846429917961359,0.6092795729637146,20.84408187866211,1.0422041416168213,0.994641900062561,19.993545532226562,0.999677300453186,0.7095003128051758,16.62450408935547,0.8312252163887024,0.007362677715718746,1.5843837261199951,0.07921918481588364,0.9073191285133362,19.074960708618164,0.9537480473518372,0.1275634765625,7.833260536193848,0.3916630148887634,0.6747750043869019,16.141204833984375,0.8070602416992188,0.2720673382282257,9.598014831542969,0.4799007475376129,3.496922329682875,1.0,3,4
mne_5-a-14_kv_kv-no1-vasco-da-gama_22082024-000000-1_EN-OL-RC-500_2,5,day,day,c,1.5,1.71,D EY,c,0,D EY *,D EY,75,86,11,-0.5338008403778076,-0.9895968437194824,-0.08996334671974182,-0.9590623378753662,-3.6789305210113525,-0.3344482183456421,6.28081543254666e-05,1.3678539991378784,0.12435036152601242,0.7696197628974915,13.383666038513184,1.216696858406067,0.7971993088722229,10.622209548950195,0.9656553864479065,0.6686903834342957,8.849061965942383,0.8044601678848267,0.0036930982023477554,0.6806458830833435,0.061876896768808365,0.8576020002365112,10.313925743103027,0.9376296401023865,0.042267631739377975,3.612328052520752,0.32839345932006836,0.576614499092102,8.44039249420166,0.7673084139823914,0.17987382411956787,4.685336589813232,0.425939679145813,0.0,0.0,2,2
mne_5-a-14_kv_kv-no1-vasco-da-gama_22082024-000000-1_EN-OL-RC-500_2,5,my,my,c,1.71,2.01,M AY,c,0,* M AY *,M AY,85,101,16,-0.661174476146698,-1.3222403526306152,-0.08264002203941345,-0.8212286829948425,-5.083085536956787,-0.3176928460597992,5.379097274271771e-05,1.864039659500122,0.11650247871875763,0.7415546774864197,19.15839958190918,1.1973999738693237,0.7526775002479553,15.49647045135498,0.9685294032096863,0.7241274118423462,12.99830436706543,0.8123940229415894,0.009428312070667744,0.8632091879844666,0.05395057424902916,0.8992165327072144,15.074461936950684,0.9421538710594177,0.1065477803349495,4.991376876831055,0.3119610548019409,0.6567686796188354,12.344439506530762,0.7715274691581726,0.2524626553058624,6.686947345733643,0.41793420910835266,0.0,0.0,2,2
mne_5-a-14_kv_kv-no1-vasco-da-gama_22082024-000000-1_EN-OL-RC-500_2,5,uncle,uncle,c,2.01,2.55,AH NG K AH L,c,0,AH NG K AH L *,AH NG K AH L,100,128,28,-0.661174476146698,-0.9542182683944702,-0.03407922387123108,-1.0223727226257324,-6.7404608726501465,-0.24073074758052826,2.141408549505286e-05,1.470266342163086,0.05250951275229454,0.5880177617073059,29.098119735717773,1.039218544960022,0.7526775002479553,27.637006759643555,0.9870359301567078,0.5907660722732544,23.206924438476562,0.8288187384605408,0.0009890656219795346,2.3253679275512695,0.08304885774850845,0.8151772022247314,26.59549331665039,0.9498390555381775,0.016468456014990807,11.098867416381836,0.39638811349868774,0.5103464126586914,22.45026397705078,0.8017951250076294,0.134586364030838,13.45865249633789,0.4806661605834961,0.0,0.0,5,5
mne_5-a-14_kv_kv-no1-vasco-da-gama_22082024-000000-1_EN-OL-RC-500_2,5,bought,bought,c,2.55,2.91,B AA T,c,0,* B AO T *,B AO T,127,146,19,-0.6914222836494446,-0.7369028329849243,-0.03878435865044594,-1.1959953308105469,-5.019290447235107,-0.2641731798648834,0.00011082051787525415,0.9399243593215942,0.04946970194578171,0.7484185695648193,21.515640258789062,1.1324020624160767,0.7423114776611328,18.723905563354492,0.9854686856269836,0.5777357816696167,15.535268783569336,0.8176457285881042,0.0007935002795420587,1.1982386112213135,0.06306519359350204,0.8075775504112244,17.96843719482422,0.9457072019577026,0.013909905217587948,6.720386028289795,0.3537045419216156,0.49970102310180664,14.952964782714844,0.7869981527328491,0.12832379341125488,8.50888442993164,0.4478360116481781,0.406100786224316,1.0,3,3
mne_5-a-14_kv_kv-no1-vasco-da-gama_22082024-000000-1_EN-OL-RC-500_2,5,a,a,c,2.91,3.0,AH,c,0,AH,AH,145,150,5,-0.1882590651512146,-0.18862929940223694,-0.03772585839033127,-0.6386969089508057,-1.415130376815796,-0.2830260694026947,0.00016040651826187968,0.46287527680397034,0.0925750583410263,0.7450146675109863,5.7076826095581055,1.1415364742279053,0.9253684282302856,4.92521858215332,0.9850437045097351,0.7762134075164795,4.111603736877441,0.8223207592964172,0.022744232788681984,0.3004509210586548,0.06009018421173096,0.9081007242202759,4.729416847229004,0.9458833932876587,0.12979799509048462,1.6607754230499268,0.3321550786495209,0.6765621304512024,3.909977436065674,0.7819954752922058,0.27408790588378906,2.1688122749328613,0.43376246094703674,0.0,0.0,1,1
mne_5-a-14_kv_kv-no1-vasco-da-gama_22082024-000000-1_EN-OL-RC-500_2,5,black,black,c,3.0,3.48,B L AE K,c,0,* B L AE K *,B L AE K,150,174,24,-0.181547611951828,-0.22922438383102417,-0.009551015682518482,-0.7591857314109802,-6.019109725952148,-0.25079622864723206,3.1235987989930436e-05,0.7145724892616272,0.029773853719234467,0.6313974857330322,27.333026885986328,1.1388760805130005,0.9279691576957703,23.908660888671875,0.9961941838264465,0.6111611127853394,19.61676025390625,0.8173649907112122,0.0013963021337985992,1.5297157764434814,0.06373815983533859,0.8470181226730347,22.717500686645508,0.9465625286102295,0.03341061249375343,8.455456733703613,0.3523106873035431,0.5588648319244385,18.896636962890625,0.787359893321991,0.1665961742401123,10.747925758361816,0.4478302299976349,0.0,0.0,4,4
mne_5-a-14_kv_kv-no1-vasco-da-gama_22082024-000000-1_EN-OL-RC-500_2,5,goat,goat,c,3.48,3.9,G OW T,c,0,G OW T * SIL,G OW T,174,195,21,-0.2797112464904785,-0.3832947611808777,-0.01825213059782982,-0.669170081615448,-4.836550235748291,-0.23031191527843475,2.56169314525323e-05,0.8929272294044495,0.042520344257354736,0.6270842552185059,22.281055450439453,1.0610026121139526,0.8903622031211853,20.848846435546875,0.9928022027015686,0.6999033689498901,17.378501892089844,0.8275477290153503,0.00625994335860014,1.545488715171814,0.07359470427036285,0.9012681245803833,19.972841262817383,0.9510876536369324,0.11151675879955292,7.9630231857299805,0.3791915774345398,0.6612406969070435,16.800321578979492,0.8000153303146362,0.25720614194869995,9.858161926269531,0.46943628787994385,0.0,0.0,3,3
mne_5-a-14_kv_kv-no1-vasco-da-gama_22082024-000000-1_EN-OL-RC-500_2,5,from,from,c,4.14,4.56,F R AH M,c,0,F R AO M * SIL,F R AO M,206,228,22,-0.015020135790109634,-0.04430723190307617,-0.002013965044170618,-0.5497464537620544,-5.02548885345459,-0.2284313142299652,1.5283885659300722e-05,0.2512418031692505,0.011420082300901413,0.5670060515403748,24.117130279541016,1.0962332487106323,0.9939157962799072,21.982044219970703,0.9991838335990906,0.6991412043571472,18.06563377380371,0.821165144443512,0.006179803051054478,1.7846899032592773,0.0811222717165947,0.8932989835739136,20.88232421875,0.9491965770721436,0.09342147409915924,8.371010780334473,0.3805004954338074,0.6441827416419983,17.530244827270508,0.7968292832374573,0.2395402491092682,10.34787654876709,0.4703580141067505,2.9596412198778177,1.0,4,4
mne_5-a-14_kv_kv-no1-vasco-da-gama_22082024-000000-1_EN-OL-RC-500_2,5,another,another,c,4.62,5.07,AH N AH DH AH R,s,1,AH DH AH R * SIL,AH DH AH R,231,254,23,-0.0007944281678646803,-0.0029425681568682194,-0.0001279377465834841,-0.377361923456192,-4.328364372253418,-0.18818975985050201,3.0485693059745245e-05,0.028285201638936996,0.0012297913199290633,0.6467067003250122,23.217681884765625,1.0094643831253052,0.9996776580810547,22.99880599975586,0.9999480843544006,0.717400074005127,19.189836502075195,0.8343406915664673,0.008414706215262413,1.8351027965545654,0.07978707551956177,0.9154528379440308,21.987964630126953,0.9559984803199768,0.1528298556804657,9.25931453704834,0.4025788903236389,0.6938381195068359,18.702016830444336,0.8131311535835266,0.2943495810031891,11.235452651977539,0.48849794268608093,8.436960015361112,2.0,6,4
mne_5-a-14_kv_kv-no1-vasco-da-gama_22082024-000000-1_EN-OL-RC-500_2,5,farmer,farmer,c,5.37,6.15,F AA R M AH R,c,0,F AA R M AH R * SIL,F AA R M AH R,268,308,40,-0.033752866089344025,-0.05643025040626526,-0.0014107562601566315,-0.6495659947395325,-8.038352966308594,-0.20095881819725037,1.9411483663134277e-05,0.3242911398410797,0.008107278496026993,0.5439403057098389,40.177032470703125,1.0044257640838623,0.986359715461731,39.97716522216797,0.9994291067123413,0.6914957761764526,33.39286804199219,0.8348217010498047,0.005430483724921942,3.5608174800872803,0.08902043849229813,0.8859239816665649,38.17636489868164,0.954409122467041,0.07930227369070053,16.471416473388672,0.41178542375564575,0.6291079521179199,32.48038101196289,0.8120095133781433,0.22486013174057007,19.782310485839844,0.49455776810646057,0.0,0.0,6,6
mne_5-a-14_kv_kv-no1-vasco-da-gama_22082024-000000-1_EN-OL-RC-500_2,5,the,the,c,6.45,6.63,DH AH,c,0,DH AH *,DH AH,322,332,10,-0.019049881026148796,-0.022447757422924042,-0.0022447756491601467,-0.4001055657863617,-1.9848253726959229,-0.19848254323005676,2.8919042961206287e-05,0.11823390424251556,0.011823390610516071,0.6284923553466797,9.94354248046875,0.994354248046875,0.992287278175354,9.9909086227417,0.999090850353241,0.7560210227966309,8.384137153625488,0.8384137153625488,0.016166280955076218,0.8488432765007019,0.08488433063030243,0.9301941394805908,9.559354782104492,0.9559354782104492,0.2120538353919983,4.0384087562561035,0.4038408696651459,0.7312946915626526,8.131770133972168,0.8131769895553589,0.3431650400161743,4.899723529815674,0.4899723529815674,0.0,0.0,2,2
mne_5-a-14_kv_kv-no1-vasco-da-gama_22082024-000000-1_EN-OL-RC-500_2,5,farmer,farmer,c,6.63,7.23,F AA R M AH R,c,0,* F AA R M AH R,F AA R M AH R,331,362,31,-0.5110037326812744,-1.1029672622680664,-0.03557958826422691,-0.995773196220398,-10.007879257202148,-0.3228348195552826,2.2544558305526152e-05,2.5234158039093018,0.08140050619840622,0.6470771431922913,39.332481384277344,1.2687897682189941,0.8053183555603027,30.568803787231445,0.9860904216766357,0.6482584476470947,24.742984771728516,0.7981607913970947,0.0026143824215978384,1.68849515914917,0.0544675849378109,0.8503934741020203,29.01298713684082,0.9359028339385986,0.03601248934864998,9.573488235473633,0.3088222146034241,0.5644278526306152,23.58295249938965,0.7607403993606567,0.17066092789173126,12.75706672668457,0.41151827573776245,0.0,0.0,6,6
mne_5-a-14_kv_kv-no1-vasco-da-gama_22082024-000000-1_EN-OL-RC-500_2,5,used,used,c,7.23,7.62,Y UW Z D,c,0,* Y UW Z D,Y UW Z D,361,381,20,-0.5867629647254944,-1.0439379215240479,-0.05219689756631851,-1.0230838060379028,-7.6390485763549805,-0.3819524347782135,8.098095713648945e-05,1.8361377716064453,0.09180688858032227,0.7133599519729614,29.109254837036133,1.4554626941680908,0.7785146236419678,19.59844207763672,0.9799221158027649,0.6427538394927979,15.420636177062988,0.7710317969322205,0.002382052130997181,0.7340404391288757,0.03670202195644379,0.8456863760948181,18.508621215820312,0.9254310727119446,0.0324365496635437,4.9264349937438965,0.24632175266742706,0.5566941499710083,14.609292984008789,0.7304646372795105,0.1650335043668747,7.251110076904297,0.36255550384521484,0.0,0.0,4,4
mne_5-a-14_kv_kv-no1-vasco-da-gama_22082024-000000-1_EN-OL-RC-500_2,5,to,to,c,7.65,7.92,T UW,c,0,* T UW,T UW,382,396,14,-0.00374792143702507,-0.005121992435306311,-0.00036585659836418927,-0.37453699111938477,-2.559103488922119,-0.18279311060905457,3.091359758400358e-05,0.03811280429363251,0.002722343197092414,0.6940652132034302,13.705217361450195,0.9789441227912903,0.9984796643257141,13.997920989990234,0.9998515248298645,0.7310324907302856,11.744361877441406,0.8388829827308655,0.010595811530947685,1.116107702255249,0.07972197979688644,0.9183695316314697,13.40406322479248,0.9574331045150757,0.16306135058403015,5.740479946136475,0.41003426909446716,0.7009363770484924,11.439776420593262,0.8171268701553345,0.30307093262672424,6.918498992919922,0.49417850375175476,0.0,0.0,2,2
mne_5-a-14_kv_kv-no1-vasco-da-gama_22082024-000000-1_EN-OL-RC-500_2,5,let,let,c,7.92,8.43,L EH T,c,0,* L EH T * SIL,L EH T,396,422,26,-0.3092707395553589,-0.5502930879592896,-0.021165119484066963,-0.7147475481033325,-6.535284519195557,-0.2513571083545685,2.642327126523014e-05,1.3715691566467285,0.05275265872478485,0.5742546319961548,28.676795959472656,1.1029536724090576,0.8792175650596619,25.782724380493164,0.9916432499885559,0.7208236455917358,21.381837844848633,0.822378396987915,0.00891613494604826,1.8861329555511475,0.07254357635974884,0.8972299098968506,24.651918411254883,0.9481506943702698,0.10194730758666992,9.436665534973145,0.3629486858844757,0.6524924635887146,20.583938598632812,0.791689932346344,0.24800214171409607,11.885930061340332,0.4571511447429657,0.0,0.0,3,3
mne_5-a-14_kv_kv-no1-vasco-da-gama_22082024-000000-1_EN-OL-RC-500_2,5,the,the,c,8.7,8.88,DH AH,c,0,DH AH *,DH AH,434,445,11,-0.049902912229299545,-0.0511937290430069,-0.0046539753675460815,-0.4819251298904419,-2.407404899597168,-0.21885499358177185,3.3571457606740296e-05,0.20769913494586945,0.018881740048527718,0.6859577298164368,11.692107200622559,1.062918782234192,0.9798736572265625,10.979350090026855,0.9981227517127991,0.7321996688842773,9.123777389526367,0.829434335231781,0.01080696564167738,0.7899768948554993,0.07181607931852341,0.9188385605812073,10.475906372070312,0.952355146408081,0.16476945579051971,4.133853435516357,0.3758048713207245,0.7020915150642395,8.817877769470215,0.8016252517700195,0.30451273918151855,5.14664363861084,0.46787670254707336,0.0,0.0,2,2
mne_5-a-14_kv_kv-no1-vasco-da-gama_22082024-000000-1_EN-OL-RC-500_2,5,goat,goat,c,8.88,9.39,G OW T,c,0,* G OW * SIL *,G OW,444,470,26,-0.6677176356315613,-1.0710060596466064,-0.041192539036273956,-1.1085553169250488,-9.475940704345703,-0.36445924639701843,3.088679659413174e-05,2.010042667388916,0.07730933278799057,0.6719462871551514,36.22199249267578,1.3931535482406616,0.7504284381866455,25.58942413330078,0.9842086434364319,0.603805422782898,20.19570541381836,0.7767578959465027,0.0012330181198194623,1.339940071105957,0.051536157727241516,0.8271390199661255,24.099117279052734,0.9268891215324402,0.021481871604919434,7.392092704772949,0.2843112647533417,0.5277904868125916,19.25496482849121,0.7405755519866943,0.14541685581207275,10.125991821289062,0.3894612193107605,3.9850476336990988,1.0,3,2
mne_5-a-14_kv_kv-no1-vasco-da-gama_22082024-000000-1_EN-OL-RC-500_2,5,run,run,c,9.39,9.66,R AH N,c,0,R AH N * SIL,R AH N,469,483,14,-0.058269303292036057,-0.07290920615196228,-0.005207800306379795,-0.9556758403778076,-4.563552379608154,-0.32596802711486816,0.00012076997518306598,0.3660975694656372,0.026149826124310493,0.7722246646881104,19.223228454589844,1.373087763786316,0.9765238761901855,13.970585823059082,0.9978989958763123,0.5742745399475098,10.987052917480469,0.784789502620697,0.0007483962108381093,0.6236874461174011,0.04454910382628441,0.8099795579910278,13.043968200683594,0.9317120313644409,0.014672387391328812,3.908994436264038,0.27921387553215027,0.5030306577682495,10.47828483581543,0.74844890832901,0.13025520741939545,5.442375183105469,0.38874107599258423,0.0,0.0,3,3
mne_5-a-14_kv_kv-no1-vasco-da-gama_22082024-000000-1_EN-OL-RC-500_2,5,about,about,c,9.69,10.2,AH B AW T,c,0,* AH B AW T * SIL,AH B AW T,484,510,26,-0.01435127668082714,-0.02426598221063614,-0.0009333069901913404,-0.6478241086006165,-5.622965335845947,-0.2162678986787796,2.740862692007795e-05,0.15137843787670135,0.005822247825562954,0.6506836414337158,28.236534118652344,1.086020588874817,0.994186282157898,25.99016571044922,0.9996217489242554,0.6463815569877625,21.415000915527344,0.8236538767814636,0.0025327259209007025,1.8424499034881592,0.07086345553398132,0.868983268737793,24.72709846496582,0.9510422348976135,0.05442839115858078,9.771465301513672,0.37582558393478394,0.5967683792114258,20.786006927490234,0.7994617819786072,0.1960853636264801,12.141186714172363,0.46696871519088745,0.0,0.0,4,4
mne_5-a-14_kv_kv-no1-vasco-da-gama_22082024-000000-1_EN-OL-RC-500_2,5,freely,freely,c,10.47,11.16,F R IY L IY,s,1,F R EY L IY * SIL,F R EY L IY,523,558,35,-0.2380697876214981,-0.619888424873352,-0.01771109737455845,-1.2722537517547607,-20.617538452148438,-0.5890725255012512,7.354808622039855e-05,2.628483772277832,0.07509953528642654,0.8009586334228516,69.65901947021484,1.990257740020752,0.9062025547027588,34.752376556396484,0.9929250478744507,0.46400707960128784,23.77898597717285,0.6793996095657349,0.00011597415141295642,0.5755801796913147,0.01644514873623848,0.7366852760314941,30.714523315429688,0.8775578141212463,0.0028793031815439463,4.731119155883789,0.13517482578754425,0.4135046601295471,22.196346282958984,0.6341813206672668,0.0860072523355484,9.013992309570312,0.2575426399707794,6.111309351166965,1.0,5,5
mne_5-a-14_kv_kv-no1-vasco-da-gama_22082024-000000-1_EN-OL-RC-500_2,5,when,when,c,11.52,12.06,W EH N,c,0,DH EH N *,DH EH N,576,603,27,-0.36951500177383423,-0.5953027606010437,-0.02204824984073639,-1.1606014966964722,-5.445598602294922,-0.20168884098529816,1.3721319191972725e-05,1.2238881587982178,0.04532919079065323,0.5536152124404907,24.636093139648438,0.9124478697776794,0.8567570447921753,26.76727294921875,0.9913804531097412,0.5252033472061157,22.819246292114258,0.845157265663147,0.0003264359256718308,2.8198084831237793,0.10443735122680664,0.782204270362854,25.810962677001953,0.9559615850448608,0.007915869355201721,12.098259925842285,0.44808369874954224,0.4663463234901428,22.21617889404297,0.8228214383125305,0.1102755218744278,14.060164451599121,0.5207468271255493,5.625989969044598,1.0,3,3
mne_5-a-14_kv_kv-no1-vasco-da-gama_22082024-000000-1_EN-OL-RC-500_2,5,we,we,c,12.06,12.33,W IY,c,0,W IY *,W IY,603,617,14,-0.03401004523038864,-0.04155024141073227,-0.002967874286696315,-0.48743265867233276,-3.2195730209350586,-0.22996950149536133,2.713086360017769e-05,0.1986294388771057,0.014187817461788654,0.6754143238067627,15.597611427307129,1.1141151189804077,0.9862561225891113,13.983198165893555,0.9987998604774475,0.6761186122894287,11.475171089172363,0.8196550607681274,0.004187281709164381,0.9321640729904175,0.06658314913511276,0.8948317766189575,13.289273262023926,0.9492338299751282,0.09665768593549728,5.069540500640869,0.36211004853248596,0.6473994255065918,11.109768867492676,0.7935549020767212,0.24278394877910614,6.392380714416504,0.4565986096858978,0.0,0.0,2,2
mne_5-a-14_kv_kv-no1-vasco-da-gama_22082024-000000-1_EN-OL-RC-500_2,5,put,put,c,12.33,12.87,P UH T,c,0,* P UH T * SIL *,P UH T,616,644,28,-0.16101959347724915,-0.2659248113632202,-0.009497314691543579,-0.8034327626228333,-6.476187229156494,-0.23129239678382874,2.2840376914246008e-05,0.8645048141479492,0.030875172466039658,0.6367941498756409,30.668487548828125,1.0953031778335571,0.9359508752822876,27.89385223388672,0.9962090253829956,0.7205811738967896,23.032014846801758,0.8225719332695007,0.00887965876609087,1.9032429456710815,0.06797296553850174,0.8728550672531128,26.59349822998047,0.9497677683830261,0.05931767448782921,10.239511489868164,0.36569684743881226,0.6038992404937744,22.266294479370117,0.7952247858047485,0.202127605676651,12.86657428741455,0.45952051877975464,0.0,0.0,3,3
mne_5-a-14_kv_kv-no1-vasco-da-gama_22082024-000000-1_EN-OL-RC-500_2,5,it,it,c,13.08,13.41,IH T,c,0,IH T *,IH T,654,671,17,-0.654288113117218,-0.6556905508041382,-0.03857003152370453,-0.8232451677322388,-3.3873677253723145,-0.19925692677497864,2.1450854546856135e-05,0.7065035104751587,0.04155902937054634,0.5975816249847412,15.76340103149414,0.9272589087486267,0.7550485134124756,16.754478454589844,0.9855575561523438,0.7135381698608398,14.383365631103516,0.8460803031921387,0.007882857695221901,1.5983643531799316,0.09402143210172653,0.9078389406204224,16.288114547729492,0.9581243991851807,0.12904521822929382,7.33588171005249,0.4315224587917328,0.675962507724762,13.97885513305664,0.8222855925559998,0.2734084129333496,8.673171043395996,0.5101865530014038,0.0,0.0,2,2
mne_5-a-14_kv_kv-no1-vasco-da-gama_22082024-000000-1_EN-OL-RC-500_2,5,into,into,c,13.62,14.13,IH N T UW,c,0,IH N T UW *,IH N T UW,681,707,26,-0.30703428387641907,-0.4178410768508911,-0.016070811077952385,-0.6760985851287842,-5.904421329498291,-0.22709313035011292,1.9451270418358035e-05,1.0266958475112915,0.0394883006811142,0.6007637977600098,26.92940902709961,1.035746455192566,0.8800578117370605,25.83540153503418,0.9936692714691162,0.6809985637664795,21.591175079345703,0.8304297924041748,0.004547397140413523,2.1859984397888184,0.08407686650753021,0.8830314874649048,24.744644165039062,0.9517170786857605,0.0743662416934967,10.232211112976074,0.39354658126831055,0.6233692169189453,20.897830963134766,0.8037627339363098,0.21949049830436707,12.495485305786133,0.48059558868408203,0.0,0.0,4,4
mne_5-a-14_kv_kv-no1-vasco-da-gama_22082024-000000-1_EN-OL-RC-500_2,5,the,the,c,14.13,14.34,DH AH,c,0,DH AH *,DH AH,706,717,11,-0.34234142303466797,-0.6508758664131165,-0.05917053297162056,-0.7142466902732849,-3.074603796005249,-0.27950942516326904,6.447404302889481e-05,1.1942700147628784,0.10857000201940536,0.6319813132286072,11.919010162353516,1.0835464000701904,0.8668460845947266,10.746295928955078,0.9769359827041626,0.7534881830215454,9.118864059448242,0.8289876580238342,0.015488633885979652,0.8078597784042358,0.07344179600477219,0.9061717391014099,10.429267883300781,0.9481152892112732,0.12435273826122284,3.9298813343048096,0.35726192593574524,0.6721678972244263,8.696085929870605,0.7905532717704773,0.2691444754600525,4.9842023849487305,0.4531092941761017,0.0,0.0,2,2
mne_5-a-14_kv_kv-no1-vasco-da-gama_22082024-000000-1_EN-OL-RC-500_2,5,shed,shed,c,14.34,14.85,SH EH D,c,0,* SH EY D *,SH EY D,717,743,26,-0.3857094645500183,-0.39350712299346924,-0.015134889632463455,-0.8914812803268433,-5.691313743591309,-0.21889668703079224,2.503011273802258e-05,0.73597252368927,0.028306635096669197,0.6312974691390991,27.263402938842773,1.048592448234558,0.8507770299911499,25.847614288330078,0.9941390156745911,0.6731731295585632,21.52609634399414,0.827926754951477,0.003983869682997465,1.9360367059707642,0.07446295022964478,0.8712000846862793,24.74844741821289,0.9518633484840393,0.05717621371150017,10.084016799926758,0.38784679770469666,0.6008332967758179,20.884801864624023,0.8032616376876831,0.19950948655605316,12.364367485046387,0.47555258870124817,1.9619857293066822,1.0,3,3
mne_5-a-14_kv_kv-no1-vasco-da-gama_22082024-000000-1_EN-OL-RC-500_2,5,it,it,c,15.33,15.63,IH T,c,0,IH T *,IH T,766,782,16,-0.011913713067770004,-0.023144220933318138,-0.0014465138083323836,-0.4363964796066284,-3.270625114440918,-0.20441406965255737,3.328664388391189e-05,0.13545989990234375,0.008466243743896484,0.5685224533081055,16.37251853942871,1.0232824087142944,0.9951723217964172,15.990620613098145,0.999413788318634,0.7096277475357056,13.318392753601074,0.8323995471000671,0.007378553040325642,1.3206263780593872,0.0825391486287117,0.9075402617454529,15.263144493103027,0.9539465308189392,0.1281917840242386,6.394264221191406,0.3996415138244629,0.6752797365188599,12.941781997680664,0.8088613748550415,0.2726365625858307,7.771235942840576,0.485702246427536,0.0,0.0,2,2
mne_5-a-14_kv_kv-no1-vasco-da-gama_22082024-000000-1_EN-OL-RC-500_2,5,became,became,c,15.63,16.29,B IH K EY M,s,1,* B IH K AH M *,B IH K AH M,781,815,34,-0.21576820313930511,-0.28514811396598816,-0.008386708796024323,-0.6433066129684448,-6.750964641571045,-0.1985577791929245,1.736367448756937e-05,0.7585546970367432,0.02231043204665184,0.5564783811569214,33.82358932495117,0.994811475276947,0.9147542119026184,33.88682556152344,0.9966713190078735,0.7060813903808594,28.4104061126709,0.8356001973152161,0.006949158851057291,2.838261842727661,0.08347828686237335,0.9061983823776245,32.48362731933594,0.955400824546814,0.1244262233376503,13.835001945495605,0.40691182017326355,0.6722280979156494,27.636280059814453,0.8128317594528198,0.26921164989471436,16.71178436279297,0.49152305722236633,3.700824394105958,1.0,5,5
mne_5-a-14_kv_kv-no1-vasco-da-gama_22082024-000000-1_EN-OL-RC-500_2,5,very,very,c,16.29,16.8,V EH R IY,c,0,W EH R IY *,W EH R IY,814,840,26,-0.001979401335120201,-0.0061936164274811745,-0.00023821601644158363,-0.4010717272758484,-4.494246482849121,-0.17285563051700592,1.736367448756937e-05,0.050828542560338974,0.001954943872988224,0.5691916942596436,24.375967025756836,0.9375371932983398,0.9991968870162964,25.997486114501953,0.9999033212661743,0.7241262793540955,21.914302825927734,0.8428577780723572,0.009428136982023716,2.4001197814941406,0.0923122987151146,0.9147909283638,24.931589126586914,0.9589072465896606,0.1505986899137497,11.26563549041748,0.4332936704158783,0.6922471523284912,21.423566818237305,0.8239833116531372,0.29242709279060364,13.310507774353027,0.5119426250457764,0.9200152371878334,1.0,4,4
mne_5-a-14_kv_kv-no1-vasco-da-gama_22082024-000000-1_EN-OL-RC-500_2,5,restless,restless,c,16.8,17.61,R EH S T L AH S,c,0,R EH S T L EH S,R EH S T L EH S,840,881,41,-0.31535792350769043,-0.48874467611312866,-0.011920602060854435,-1.1854380369186401,-13.841788291931152,-0.3376045823097229,4.722766243503429e-05,1.5861726999282837,0.03868713974952698,0.7154607176780701,56.56591033935547,1.3796563148498535,0.8769326210021973,40.807228088378906,0.9952982664108276,0.4970186948776245,31.994136810302734,0.7803447842597961,0.00020268361549824476,2.1078755855560303,0.051411598920822144,0.7712631821632385,38.07627868652344,0.92868971824646,0.0062076635658741,11.973889350891113,0.29204607009887695,0.45289403200149536,30.596885681152344,0.7462655305862427,0.1036241203546524,16.234066009521484,0.39595282077789307,3.069714006777209,1.0,7,7
mne_5-a-14_kv_kv-no1-vasco-da-gama_22082024-000000-1_EN-OL-RC-500_2,5,it,it,c,19.41,19.68,IH T,c,0,IH T *,IH T,970,984,14,-0.5101613998413086,-0.512028157711029,-0.036573439836502075,-0.8250685930252075,-3.382838726043701,-0.24163134396076202,3.408416887396015e-05,0.6936115622520447,0.04954368248581886,0.6920716762542725,15.0689697265625,1.07635498046875,0.8056192994117737,13.804861068725586,0.9860615134239197,0.6933352947235107,11.56775188446045,0.8262680172920227,0.0056020282208919525,1.0053880214691162,0.0718134269118309,0.8949919939041138,13.302318572998047,0.9501656293869019,0.097002312541008,5.238934516906738,0.37420961260795593,0.6477373242378235,11.165719032287598,0.7975513339042664,0.2431270033121109,6.512943267822266,0.4652102291584015,0.0,0.0,2,2
mne_5-a-14_kv_kv-no1-vasco-da-gama_22082024-000000-1_EN-OL-RC-500_2,5,suddenly,suddenly,c,19.68,20.46,S AH D AH N L IY,c,0,* S AH D AH N L IY *,S AH D AH N L IY,984,1023,39,-0.36467063426971436,-0.5261663794517517,-0.01349144522100687,-0.7023412585258484,-8.581024169921875,-0.22002625465393066,1.766135756042786e-05,1.2183977365493774,0.03124096803367138,0.5562712550163269,40.53784942626953,1.0394320487976074,0.8585506677627563,38.79359817504883,0.9947076439857483,0.7287747263908386,32.410400390625,0.8310359120368958,0.010198976844549179,3.0918941497802734,0.0792793408036232,0.9033756256103516,37.1531867980957,0.9526458382606506,0.11686262488365173,15.153432846069336,0.3885495662689209,0.6658951044082642,31.373947143554688,0.8044601678848267,0.26223024725914,18.61786651611328,0.4773811995983124,0.0,0.0,7,7
mne_5-a-14_kv_kv-no1-vasco-da-gama_22082024-000000-1_EN-OL-RC-500_2,5,ran,ran,c,20.46,20.97,R AE N,s,1,R AE *,R AE,1023,1049,26,-0.6045306324958801,-1.7432491779327393,-0.06704804301261902,-1.1286284923553467,-10.674761772155762,-0.4105677604675293,8.423050167039037e-05,3.428704023361206,0.1318732351064682,0.8647801876068115,37.95881271362305,1.4599543809890747,0.7723015546798706,25.32467269897461,0.9740258455276489,0.5413943529129028,19.980945587158203,0.768497884273529,0.0004292330995667726,0.8973250389099121,0.03451250120997429,0.7787860631942749,23.925851821899414,0.9202250838279724,0.007336956448853016,6.479963302612305,0.24922935664653778,0.4620874524116516,18.837018966674805,0.7245007157325745,0.10813257098197937,9.375617027282715,0.36060065031051636,4.869609413363383,1.0,3,2
mne_5-a-14_kv_kv-no1-vasco-da-gama_22082024-000000-1_EN-OL-RC-500_2,5,out,out,c,22.44,22.83,AW T,c,0,AW T *,AW T,1122,1142,20,-0.629602313041687,-0.9452520608901978,-0.04726260155439377,-0.8837348222732544,-4.968890190124512,-0.24844451248645782,2.4408658646279946e-05,1.3331682682037354,0.06665841490030289,0.7006773352622986,21.300119400024414,1.0650060176849365,0.7635812759399414,19.640125274658203,0.9820062518119812,0.6449614763259888,16.52154541015625,0.8260772824287415,0.002472641644999385,1.3474401235580444,0.06737200915813446,0.8737149238586426,18.99602699279785,0.9498013257980347,0.060461703687906265,7.45501708984375,0.372750848531723,0.6055028438568115,15.936173439025879,0.796808660030365,0.20350922644138336,9.271790504455566,0.46358951926231384,0.0,0.0,2,2
mne_5-a-14_kv_kv-no1-vasco-da-gama_22082024-000000-1_EN-OL-RC-500_2,5,of,of,c,22.83,23.01,AH V,c,0,* AO F *,AO F,1141,1151,10,-0.629602313041687,-1.1141160726547241,-0.11141160875558853,-0.8837348222732544,-3.7174577713012695,-0.371745765209198,4.1692943341331556e-05,1.3781431913375854,0.13781431317329407,0.7611780166625977,13.296767234802246,1.3296767473220825,0.7635812759399414,9.57829761505127,0.9578297734260559,0.7050127983093262,7.918449401855469,0.7918449640274048,0.006824745796620846,0.4555138945579529,0.04555138945579529,0.8898299932479858,9.330863952636719,0.9330863952636719,0.0864916518330574,2.770799398422241,0.2770799398422241,0.6370105743408203,7.490278720855713,0.7490278482437134,0.23245012760162354,3.885690450668335,0.38856905698776245,4.411563432609308,2.0,2,2
mne_5-a-14_kv_kv-no1-vasco-da-gama_22082024-000000-1_EN-OL-RC-500_2,5,the,a,s,23.64,23.73,DH AH,s,1,,,1182,1187,5,-7.987054232216906e-06,-3.0636882001999766e-05,-6.127376309450483e-06,-0.16016161441802979,-0.6980122923851013,-0.1396024525165558,7.431265112245455e-05,0.00046906224451959133,9.381245035910979e-05,0.7050045728683472,4.21949577331543,0.843899130821228,0.9999969005584717,4.999987602233887,0.9999974966049194,0.8426721096038818,4.281586170196533,0.8563172221183777,0.06995800137519836,0.44957834482192993,0.0899156704545021,0.9604513645172119,4.823760509490967,0.9647520780563354,0.41533365845680237,2.292255163192749,0.4584510326385498,0.8237084150314331,4.196685314178467,0.8393370509147644,0.49827104806900024,2.6554250717163086,0.5310850143432617,,,2,0
mne_5-a-14_kv_kv-no1-vasco-da-gama_22082024-000000-1_EN-OL-RC-500_2,5,shed,<eps>,d,,,SH EH D,d,1,,,,,,,,,,,,,,,,,,,,,,,,,,,,,,,,,,,,,,,,,,
mne_5-a-14_kv_kv-no1-vasco-da-gama_22082024-000000-1_EN-OL-RC-500_2,5,into,<eps>,d,,,IH N T UW,d,1,,,,,,,,,,,,,,,,,,,,,,,,,,,,,,,,,,,,,,,,,,
mne_5-a-14_kv_kv-no1-vasco-da-gama_22082024-000000-1_EN-OL-RC-500_2,5,the,<eps>,d,,,DH AH,d,1,,,,,,,,,,,,,,,,,,,,,,,,,,,,,,,,,,,,,,,,,,
mne_5-a-14_kv_kv-no1-vasco-da-gama_22082024-000000-1_EN-OL-RC-500_2,5,fields,<eps>,d,,,F IY L D Z,s,1,,,,,,,,,,,,,,,,,,,,,,,,,,,,,,,,,,,,,,,,,,
mne_5-a-14_kv_kv-no1-vasco-da-gama_22082024-000000-1_EN-OL-RC-500_2,5,when,<eps>,d,,,W EH N,s,1,,,,,,,,,,,,,,,,,,,,,,,,,,,,,,,,,,,,,,,,,,
mne_5-a-14_kv_kv-no1-vasco-da-gama_22082024-000000-1_EN-OL-RC-500_2,5,we,<eps>,d,,,W IY,s,1,,,,,,,,,,,,,,,,,,,,,,,,,,,,,,,,,,,,,,,,,,
mne_5-a-14_kv_kv-no1-vasco-da-gama_22082024-000000-1_EN-OL-RC-500_2,5,were,<eps>,d,,,W AH R,s,1,,,,,,,,,,,,,,,,,,,,,,,,,,,,,,,,,,,,,,,,,,
mne_5-a-14_kv_kv-no1-vasco-da-gama_22082024-000000-1_EN-OL-RC-500_2,5,not,<eps>,d,,,N AA T,s,1,,,,,,,,,,,,,,,,,,,,,,,,,,,,,,,,,,,,,,,,,,
mne_5-a-14_kv_kv-no1-vasco-da-gama_22082024-000000-1_EN-OL-RC-500_2,5,looking,<eps>,d,,,L UH K IH NG,s,1,,,,,,,,,,,,,,,,,,,,,,,,,,,,,,,,,,,,,,,,,,
mne_5-a-14_kv_kv-no1-vasco-da-gama_22082024-000000-1_EN-OL-RC-500_2,5,but,but,c,23.73,24.12,B AH T,s,1,B AH T *,B AH T,1186,1206,20,-0.0013452275888994336,-0.005663610529154539,-0.00028318053227849305,-0.3805871605873108,-3.8396947383880615,-0.19198474287986755,2.5471383196418174e-05,0.048887114971876144,0.0024443557485938072,0.6027778387069702,20.021461486816406,1.0010731220245361,0.999454140663147,19.99770164489746,0.999885082244873,0.7328682541847229,16.758337020874023,0.8379168510437012,0.010929820127785206,1.6388837099075317,0.08194418251514435,0.9180337190628052,19.126832962036133,0.9563416242599487,0.16184937953948975,8.063241004943848,0.40316206216812134,0.7001117467880249,16.27709197998047,0.8138545751571655,0.3020455539226532,9.783342361450195,0.48916712403297424,0.0,0.0,3,3
mne_5-a-14_kv_kv-no1-vasco-da-gama_22082024-000000-1_EN-OL-RC-500_2,5,lucky,lucky,c,24.12,24.87,L AH K IY,s,1,L AH K IY *,L AH K IY,1206,1244,38,-0.05849355831742287,-0.1967162936925888,-0.005176744423806667,-0.7080340385437012,-9.402774810791016,-0.24744144082069397,4.5734919694950804e-05,0.8479331731796265,0.022314030677080154,0.6755383014678955,44.01173400878906,1.1582034826278687,0.9764341115951538,37.92060089111328,0.9979105591773987,0.6761581897735596,30.959726333618164,0.814729630947113,0.0041900817304849625,2.223052501678467,0.05850138142704964,0.8707594275474548,35.96783447265625,0.9465219378471375,0.056619126349687576,13.03763484954834,0.34309566020965576,0.600021481513977,29.841474533081055,0.7853019833564758,0.19882133603096008,16.775909423828125,0.44147130846977234,0.0,0.0,4,4
mne_5-a-14_kv_kv-no1-vasco-da-gama_22082024-000000-1_EN-OL-RC-500_2,5,saw,saw,c,26.79,27.21,S AO,d,1,SH OW *,SH OW,1339,1361,22,-0.5429640412330627,-1.066466212272644,-0.04847573861479759,-1.182989239692688,-6.366300582885742,-0.2893773019313812,3.6532852391246706e-05,1.6366565227508545,0.07439348101615906,0.7113062143325806,26.3057918548584,1.1957178115844727,0.7939488887786865,21.59186363220215,0.9814483523368835,0.5696128606796265,17.744897842407227,0.8065862655639648,0.0006916741258464754,1.241507887840271,0.056432176381349564,0.7990125417709351,20.706035614013672,0.9411834478378296,0.011499554850161076,7.325986385345459,0.3329993784427643,0.48808103799819946,17.053024291992188,0.7751374840736389,0.12177298963069916,9.487056732177734,0.4312298595905304,8.369824852362346,2.0,2,2
mne_5-a-14_kv_kv-no1-vasco-da-gama_22082024-000000-1_EN-OL-RC-500_2,5,it,it,c,27.21,27.57,IH T,c,0,* IH T *,IH T,1360,1379,19,-0.06551308184862137,-0.12427042424678802,-0.006540548522025347,-0.5706900358200073,-4.898649215698242,-0.257823646068573,0.00011485003778943792,0.5046316385269165,0.026559559628367424,0.764663577079773,22.43697738647461,1.1808935403823853,0.9736291766166687,18.949893951416016,0.9973628520965576,0.6571133136749268,15.45255184173584,0.8132922053337097,0.0030365886632353067,1.0657243728637695,0.05609075725078583,0.8805850148200989,17.964807510375977,0.9455161690711975,0.07043199241161346,6.291412830352783,0.33112698793411255,0.6185882091522217,14.843795776367188,0.781252384185791,0.21510624885559082,8.219629287719727,0.4326120615005493,0.0,0.0,2,2
mne_5-a-14_kv_kv-no1-vasco-da-gama_22082024-000000-1_EN-OL-RC-500_2,5,running,running,c,27.57,28.29,R AH N IH NG,c,0,R AH N IH NG * SIL *,R AH N IH NG,1378,1415,37,-0.5373799204826355,-0.7621164321899414,-0.02059774100780487,-0.8871774673461914,-11.066133499145508,-0.29908469319343567,4.680803613155149e-05,1.7067691087722778,0.04612889513373375,0.6657456755638123,46.51416778564453,1.2571396827697754,0.7959286570549011,36.70518112182617,0.9920319318771362,0.6233372688293457,29.649045944213867,0.8013255596160889,0.0017154745291918516,2.034421682357788,0.05498436838388443,0.8471642732620239,34.73537826538086,0.9387940168380737,0.03351929783821106,11.571500778198242,0.31274327635765076,0.5591039657592773,28.352863311767578,0.7662935853004456,0.1667690873146057,15.398770332336426,0.4161829948425293,0.0,0.0,5,5
mne_5-a-14_kv_kv-no1-vasco-da-gama_22082024-000000-1_EN-OL-RC-500_2,5,away,away,c,28.44,29.19,AH W EY,s,1,AO L W EH Z *,AO L W EH Z,1422,1460,38,-0.4332561194896698,-0.45006710290908813,-0.01184387132525444,-1.0886030197143555,-9.85158634185791,-0.25925227999687195,2.878840132325422e-05,0.8187841773033142,0.021546952426433563,0.6489988565444946,45.46282196044922,1.1963900327682495,0.8333585262298584,37.8265380859375,0.9954352378845215,0.6028199195861816,30.67681884765625,0.8072847127914429,0.0012126434594392776,2.216153621673584,0.058319833129644394,0.8167124390602112,35.847206115722656,0.9433475136756897,0.017039870843291283,12.931313514709473,0.34029772877693176,0.512536883354187,29.634952545166016,0.7798671722412109,0.13590705394744873,16.619672775268555,0.4373598098754883,18.175843508194987,4.0,3,5
mne_5-a-14_kv_kv-no1-vasco-da-gama_22082024-000000-1_EN-OL-RC-500_2,5,at,at,c,29.79,30.27,AE T,c,0,AE T *,AE T,1489,1514,25,-0.024674322456121445,-0.038847893476486206,-0.0015539157902821898,-0.5675647258758545,-5.335858345031738,-0.2134343385696411,4.1608585888752714e-05,0.2087346315383911,0.008349385112524033,0.668472409248352,26.922271728515625,1.0768908262252808,0.9900172352790833,24.984272003173828,0.9993708729743958,0.6876144409179688,20.663555145263672,0.8265421986579895,0.005085575394332409,1.6737661361694336,0.06695064902305603,0.887981653213501,23.80333137512207,0.9521332383155823,0.08301179111003876,9.301207542419434,0.3720482885837555,0.6332486867904663,20.0169620513916,0.8006784915924072,0.22880835831165314,11.616866111755371,0.4646746516227722,0.0,0.0,2,2
mne_5-a-14_kv_kv-no1-vasco-da-gama_22082024-000000-1_EN-OL-RC-500_2,5,once,once,c,30.27,30.72,W AH N S,c,0,* W AH N S,W AH N S,1513,1536,23,-0.024674322456121445,-0.02724483050405979,-0.0011845577973872423,-0.4141670763492584,-4.222757816314697,-0.18359816074371338,2.7951435185968876e-05,0.13959215581417084,0.006069224327802658,0.5909665822982788,22.07831573486328,0.9599267840385437,0.9900172352790833,22.988977432250977,0.9995207786560059,0.7226712703704834,19.361373901367188,0.8417988419532776,0.009199041873216629,2.08834171295166,0.09079746901988983,0.9140579700469971,22.02764129638672,0.9577235579490662,0.14816606044769287,9.72996997833252,0.4230421781539917,0.6904938220977783,18.859375,0.819972813129425,0.2903219759464264,11.594182968139648,0.5040948987007141,0.0,0.0,4,4
mne_5-a-14_kv_kv-no1-vasco-da-gama_22082024-000000-1_EN-OL-RC-500_2,5,he,he,c,30.75,31.14,HH IY,c,0,* HH IY *,HH IY,1537,1557,20,-0.48404833674430847,-0.50669926404953,-0.02533496357500553,-0.8948419094085693,-5.950858116149902,-0.29754289984703064,7.346590427914634e-05,0.8318018317222595,0.041590090841054916,0.7983736395835876,25.581106185913086,1.2790553569793701,0.8149781823158264,19.8057918548584,0.990289568901062,0.6014023423194885,15.942788124084473,0.7971394062042236,0.0011839258950203657,0.9570885896682739,0.047854430973529816,0.844841718673706,18.767148971557617,0.9383574724197388,0.031833477318286896,6.087291717529297,0.3043645918369293,0.5553243160247803,15.281896591186523,0.7640948295593262,0.16405397653579712,8.193998336791992,0.4096999168395996,0.0,0.0,2,2
mne_5-a-14_kv_kv-no1-vasco-da-gama_22082024-000000-1_EN-OL-RC-500_2,5,began,began,c,31.14,31.71,B IH G AE N,s,1,* B IH G IH N *,B IH G IH N,1557,1586,29,-0.31581345200538635,-0.4912044405937195,-0.016938084736466408,-0.697658360004425,-8.790854454040527,-0.30313292145729065,3.6842939152847975e-05,1.2711430788040161,0.04383251816034317,0.6386996507644653,37.773868560791016,1.3025472164154053,0.8767618536949158,28.806251525878906,0.993319034576416,0.6298784017562866,23.025318145751953,0.7939764857292175,0.001916076522320509,1.391390085220337,0.0479789674282074,0.8585653901100159,27.175071716308594,0.9370714426040649,0.04318208992481232,8.612184524536133,0.2969718873500824,0.5782760381698608,22.041908264160156,0.7600657939910889,0.18116351962089539,11.725237846374512,0.40431854128837585,6.152350158446714,1.0,5,5
mne_5-a-14_kv_kv-no1-vasco-da-gama_22082024-000000-1_EN-OL-RC-500_2,5,to,to,c,31.74,32.04,T UW,c,0,T UW *,T UW,1587,1602,15,-0.3319825232028961,-0.3366558849811554,-0.022443724796175957,-0.843643069267273,-3.8718934059143066,-0.25812622904777527,3.243371975258924e-05,0.634139895439148,0.042275991290807724,0.668561577796936,17.59676170349121,1.1731173992156982,0.8707101941108704,14.868815422058105,0.9912543892860413,0.6905018091201782,12.149170875549316,0.809944748878479,0.005339990369975567,0.9466685056686401,0.06311123073101044,0.869017481803894,14.172816276550293,0.9448544383049011,0.0544697642326355,5.175047397613525,0.3450031578540802,0.5968307256698608,11.740949630737305,0.782729983329773,0.196137472987175,6.634540557861328,0.4423027038574219,0.0,0.0,2,2
mne_5-a-14_kv_kv-no1-vasco-da-gama_22082024-000000-1_EN-OL-RC-500_2,5,run,run,c,32.04,32.43,R AH N,c,0,* R AH N *,R AH N,1602,1622,20,-0.0030002854764461517,-0.00805154349654913,-0.0004025771631859243,-0.3650478422641754,-3.7427237033843994,-0.1871361881494522,2.423073601676151e-05,0.061583682894706726,0.0030791840981692076,0.5816845297813416,19.623241424560547,0.9811620712280273,0.9987828731536865,19.996734619140625,0.9998367428779602,0.730452835559845,16.797632217407227,0.8398815989494324,0.010492474772036076,1.718910574913025,0.08594553172588348,0.9192230105400085,19.14273452758789,0.9571367502212524,0.16618284583091736,8.242376327514648,0.4121188223361969,0.703041136264801,16.33818244934082,0.81690913438797,0.3057028651237488,9.921289443969727,0.4960644841194153,0.0,0.0,3,3
mne_5-a-14_kv_kv-no1-vasco-da-gama_22082024-000000-1_EN-OL-RC-500_2,5,after,after,c,32.82,33.84,AE F T AH R,c,0,AA F T AH R * SIL *,AA F T AH R,1641,1693,52,-0.08932221680879593,-0.12871314585208893,-0.002475252840667963,-0.6977387070655823,-9.731066703796387,-0.18713590502738953,2.7539257644093595e-05,0.5364571213722229,0.010316482745110989,0.5244945287704468,50.54670333862305,0.9720519781112671,0.9641519784927368,51.9482307434082,0.9990044236183167,0.6885125041007996,43.66663360595703,0.8397429585456848,0.005163377150893211,4.4694743156433105,0.08595143258571625,0.8882637619972229,49.7609977722168,0.9569422602653503,0.08353370428085327,21.675748825073242,0.4168413281440735,0.6338201761245728,42.51118469238281,0.8175227642059326,0.22935828566551208,25.949310302734375,0.4990251958370209,1.8273272771167965,1.0,5,5
mne_5-a-14_kv_kv-no1-vasco-da-gama_22082024-000000-1_EN-OL-RC-500_2,5,the,the,c,34.02,34.2,DH AH,c,0,DH AH,DH AH,1701,1710,9,-0.012594343163073063,-0.013963446021080017,-0.0015514940023422241,-0.34334009885787964,-1.75712251663208,-0.19523583352565765,2.7623624191619456e-05,0.07905787229537964,0.008784208446741104,0.6655995845794678,8.947681427001953,0.9941868185997009,0.9948969483375549,8.994341850280762,0.9993712902069092,0.754362165927887,7.547947883605957,0.8386608958244324,0.01571919210255146,0.7368454337120056,0.08187171816825867,0.9297695755958557,8.606849670410156,0.9563166499137878,0.2100631296634674,3.6228997707366943,0.40254440903663635,0.7301576137542725,7.323084354400635,0.8136760592460632,0.3415779173374176,4.399261474609375,0.4888068437576294,0.0,0.0,2,2
mne_5-a-14_kv_kv-no1-vasco-da-gama_22082024-000000-1_EN-OL-RC-500_2,5,goat,goat,c,34.2,34.83,G OW T,c,0,* G OW T * SIL,G OW T,1710,1742,32,-0.3891299366950989,-0.41127461194992065,-0.01285233162343502,-0.8284128904342651,-6.259153366088867,-0.1955985426902771,2.3097532903193496e-05,0.7596641182899475,0.02373950369656086,0.6119359731674194,30.869474411010742,0.9646710753440857,0.8495169281959534,31.840547561645508,0.9950171113014221,0.6759308576583862,26.858407974243164,0.8393252491950989,0.0041740150190889835,2.8080568313598633,0.08775177597999573,0.8786087036132812,30.5989990234375,0.9562187194824219,0.06740628927946091,13.479211807250977,0.421225368976593,0.6147732734680176,26.147817611694336,0.817119300365448,0.21166501939296722,16.050195693969727,0.501568615436554,0.0,0.0,3,3
mne_5-a-14_kv_kv-no1-vasco-da-gama_22082024-000000-1_EN-OL-RC-500_2,5,in,in,c,34.86,35.31,IH N,c,0,* IH N *,IH N,1743,1766,23,-0.01153269037604332,-0.01874666102230549,-0.0008150722132995725,-0.384186327457428,-4.2866950035095215,-0.18637804687023163,3.377151733729988e-05,0.11285313218832016,0.004906658083200455,0.6818167567253113,22.669456481933594,0.9856285452842712,0.9953263998031616,22.992401123046875,0.99966961145401,0.7336217761039734,19.267070770263672,0.837698757648468,0.011069953441619873,1.8442094326019287,0.08018302172422409,0.9184858202934265,22.00677490234375,0.9568163156509399,0.16348332166671753,9.402510643005371,0.4088048040866852,0.7012224793434143,18.762662887573242,0.8157679438591003,0.303427517414093,11.34077262878418,0.4930770695209503,0.0,0.0,2,2
mne_5-a-14_kv_kv-no1-vasco-da-gama_22082024-000000-1_EN-OL-RC-500_2,5,the,the,c,35.31,35.58,DH AH,c,0,DH AH *,DH AH,1765,1779,14,-0.2788257598876953,-0.37053245306015015,-0.026466604322195053,-0.7008683085441589,-4.041144847869873,-0.2886531949043274,8.200872980523854e-05,0.8864421844482422,0.06331729888916016,0.7557257413864136,16.988262176513672,1.2134473323822021,0.8906973004341125,13.853853225708008,0.9895609617233276,0.7214784026145935,11.341493606567383,0.8101066946983337,0.009015378542244434,0.7559608221054077,0.05399719998240471,0.892339825630188,13.19413948059082,0.942438542842865,0.09145164489746094,4.423901557922363,0.31599298119544983,0.642184853553772,10.820226669311523,0.7728733420372009,0.23754560947418213,5.888978004455566,0.4206412732601166,0.0,0.0,2,2
mne_5-a-14_kv_kv-no1-vasco-da-gama_22082024-000000-1_EN-OL-RC-500_2,5,end,end,c,35.61,36.0,EH N D,c,0,AE N D * SIL,AE N D,1780,1800,20,-0.2708420157432556,-0.32494068145751953,-0.016247034072875977,-1.0091726779937744,-5.624533176422119,-0.28122666478157043,4.68564685434103e-05,0.875609815120697,0.04378049075603485,0.6912555694580078,24.08794593811035,1.2043973207473755,0.8937223553657532,19.871828079223633,0.9935914278030396,0.6207701563835144,16.134014129638672,0.8067007064819336,0.001642612274736166,1.2398638725280762,0.06199319288134575,0.8247476816177368,18.81805419921875,0.9409027099609375,0.02037031576037407,6.744692802429199,0.33723464608192444,0.5242325067520142,15.50004768371582,0.7750023603439331,0.14314872026443481,8.682982444763184,0.4341491162776947,2.4288608895336603,1.0,3,3
mne_5-a-14_kv_kv-no1-vasco-da-gama_22082024-000000-1_EN-OL-RC-500_2,5,lucky,lucky,c,36.24,36.84,L AH K IY,c,0,L AH K IY *,L AH K IY,1812,1843,31,-0.009017832577228546,-0.0331910103559494,-0.0010706777684390545,-0.5896391868591309,-8.79106330871582,-0.2835826873779297,6.93160982336849e-05,0.23930753767490387,0.007719597779214382,0.6945637464523315,40.35552978515625,1.3017913103103638,0.9963443875312805,30.986539840698242,0.9995657801628113,0.6735038757324219,24.660367965698242,0.7954957485198975,0.004006211645901203,1.5664215087890625,0.05052972584962845,0.8841435313224792,29.10478973388672,0.9388641715049744,0.07622648030519485,9.40695571899414,0.30345019698143005,0.6255643367767334,23.69091796875,0.7642231583595276,0.2215304970741272,12.71026611328125,0.41000857949256897,0.0,0.0,4,4
mne_5-a-14_kv_kv-no1-vasco-da-gama_22082024-000000-1_EN-OL-RC-500_2,5,caught,caught,c,36.84,37.5,K AA T,s,1,* K AA N T *,K AA N T,1842,1875,33,-0.6526161432266235,-0.9415161609649658,-0.028530793264508247,-1.0066367387771606,-8.837427139282227,-0.26780080795288086,3.1627285352442414e-05,1.6204499006271362,0.049104541540145874,0.6658339500427246,38.325416564941406,1.1613762378692627,0.7556246519088745,32.64011764526367,0.9890944957733154,0.6623363494873047,26.841638565063477,0.8133829832077026,0.003316928166896105,2.158900737762451,0.06542123109102249,0.8552659749984741,31.173492431640625,0.9446513056755066,0.04012983292341232,11.463178634643555,0.3473690450191498,0.5726182460784912,25.83551788330078,0.782894492149353,0.1768052577972412,14.641433715820312,0.4436798095703125,5.1273135987356975,1.0,3,4
mne_5-a-14_kv_kv-no1-vasco-da-gama_22082024-000000-1_EN-OL-RC-500_2,5,it,it,c,37.86,38.19,IH T,c,0,IH T *,IH T,1893,1910,17,-0.10221413522958755,-0.19302639365196228,-0.011354493908584118,-0.8125935792922974,-4.135284900665283,-0.24325205385684967,2.231868165836204e-05,0.658242404460907,0.03872014209628105,0.5519373416900635,18.417211532592773,1.0833654403686523,0.9590437412261963,16.922565460205078,0.9954450130462646,0.6517001390457153,14.01127815246582,0.8241928219795227,0.0027710224967449903,1.3007551431655884,0.07651501148939133,0.8530060648918152,16.1175537109375,0.9480913877487183,0.038164686411619186,6.448180198669434,0.3793047070503235,0.5687955021858215,13.519781112670898,0.7952812314033508,0.17391349375247955,7.947837829589844,0.4675198793411255,0.0,0.0,2,2
mne_5-a-14_kv_kv-no1-vasco-da-gama_22082024-000000-1_EN-OL-RC-500_2,5,by,by,c,38.4,38.82,B AY,c,0,B AY *,B AY,1920,1941,21,-0.006279053632169962,-0.007610142230987549,-0.0003623877128120512,-0.39286887645721436,-3.454580783843994,-0.16450384259223938,2.1133679183549248e-05,0.050701599568128586,0.0024143618065863848,0.6134018301963806,19.23526382446289,0.9159649610519409,0.9974538087844849,20.99691390991211,0.9998530149459839,0.7226566672325134,17.764556884765625,0.8459312915802002,0.009196770377457142,1.8616023063659668,0.08864773064851761,0.9147769808769226,20.168460845947266,0.9604029059410095,0.1505521684885025,9.158830642700195,0.43613478541374207,0.692213773727417,17.372699737548828,0.8272714018821716,0.29238688945770264,10.798089027404785,0.5141947269439697,0.0,0.0,2,2
mne_5-a-14_kv_kv-no1-vasco-da-gama_22082024-000000-1_EN-OL-RC-500_2,5,the,the,c,38.82,39.06,DH AH,c,0,* DH AH *,DH AH,1941,1953,12,-0.005251643247902393,-0.010658754967153072,-0.0008882295805960894,-0.35941073298454285,-2.5492680072784424,-0.21243900060653687,3.977633605245501e-05,0.07480379194021225,0.006233649328351021,0.6842444539070129,12.665355682373047,1.0554462671279907,0.9978700876235962,11.99567699432373,0.9996397495269775,0.7516192197799683,9.983015060424805,0.831917941570282,0.015006880275905132,0.8912550806999207,0.07427125424146652,0.9280112981796265,11.440999031066895,0.9534165859222412,0.20201534032821655,4.5452961921691895,0.3787746727466583,0.7254877090454102,9.648994445800781,0.8040828704833984,0.3351311683654785,5.646509170532227,0.47054243087768555,0.0,0.0,2,2
mne_5-a-14_kv_kv-no1-vasco-da-gama_22082024-000000-1_EN-OL-RC-500_2,5,tail,tail,c,39.06,39.57,T EY L,c,0,* T EY L * SIL,T EY L,1953,1979,26,-0.13856568932533264,-0.15541933476924896,-0.005977666936814785,-0.7544230818748474,-5.524651050567627,-0.21248658001422882,1.890524617920164e-05,0.4983416199684143,0.019166985526680946,0.6044501066207886,27.13965606689453,1.0438328981399536,0.944728434085846,25.937894821166992,0.9976113438606262,0.6730175018310547,21.56681251525879,0.8294928073883057,0.003973399288952351,1.964112639427185,0.07554279267787933,0.8682119250297546,24.771198272705078,0.9527384042739868,0.05350352078676224,10.08065128326416,0.3877173662185669,0.5953649878501892,20.922086715698242,0.8046956658363342,0.19491547346115112,12.383512496948242,0.47628894448280334,0.0,0.0,3,3
mne_5-a-14_kv_kv-no1-vasco-da-gama_22082024-000000-1_EN-OL-RC-500_2,5,and,at,s,39.6,40.02,AH N D,s,1,AE T * SIL,AE T,1980,2002,22,-0.7218002676963806,-0.8032012581825256,-0.03650914877653122,-1.1521137952804565,-6.108226299285889,-0.27764666080474854,4.9985592340817675e-05,1.3176580667495728,0.05989354848861694,0.7012437582015991,25.738157272338867,1.1699162721633911,0.7319793105125427,21.699169158935547,0.9863258600234985,0.6915356516838074,17.910463333129883,0.8141119480133057,0.005434143822640181,1.3628568649291992,0.06194803863763809,0.8431069254875183,20.76557731628418,0.943889856338501,0.030629893764853477,7.48486852645874,0.3402212858200073,0.552527904510498,17.169330596923828,0.7804241180419922,0.16207025945186615,9.636251449584961,0.43801143765449524,12.309717155552573,3.0,3,2
mne_5-a-14_kv_kv-no1-vasco-da-gama_22082024-000000-1_EN-OL-RC-500_2,5,held,him,s,40.26,40.65,HH EH L D,d,1,HH IH L * SIL,HH IH L,2012,2033,21,-0.07240399718284607,-0.1518539935350418,-0.007231142371892929,-1.1273576021194458,-9.039011001586914,-0.4304291009902954,2.9901657399022952e-05,0.800014317035675,0.03809592127799988,0.6974335312843323,34.75642776489258,1.655068039894104,0.9708804488182068,20.938703536987305,0.9970811009407043,0.5064923763275146,15.509105682373047,0.738528847694397,0.00023789875558577478,0.5526326894760132,0.0263158418238163,0.7633005380630493,19.10811424255371,0.9099102020263672,0.005201123654842377,4.319305419921875,0.2056812047958374,0.4434205889701843,14.67322063446045,0.6987248063087463,0.09914140403270721,6.828887462615967,0.3251851201057434,8.39265641968621,2.0,4,3
mne_5-a-14_kv_kv-no1-vasco-da-gama_22082024-000000-1_EN-OL-RC-500_2,5,on,on,c,40.98,41.55,AA N,c,0,AO N AH * SIL,AO N AH,2049,2078,29,-0.6640953421592712,-1.5918949842453003,-0.05489293113350868,-1.101940393447876,-12.685919761657715,-0.4374455213546753,7.91524289525114e-05,2.6740646362304688,0.09220912307500839,0.8104503750801086,45.55497741699219,1.5708613395690918,0.7516730427742004,28.396270751953125,0.9791817665100098,0.6237742900848389,21.96809959411621,0.7575206756591797,0.0017281975597143173,0.8805665373802185,0.03036436252295971,0.8330031037330627,26.57787322998047,0.9164783954620361,0.024471145123243332,6.1558942794799805,0.21227221190929413,0.5366722345352173,20.550926208496094,0.7086526155471802,0.15121546387672424,9.680525779724121,0.3338112235069275,4.464653876545038,2.0,2,3
mne_5-a-14_kv_kv-no1-vasco-da-gama_22082024-000000-1_EN-OL-RC-500_2,5,tight,tight,c,42.81,43.41,T AY T,s,1,T AY D * SIL *,T AY D,2140,2171,31,-0.0348207987844944,-0.07974611967802048,-0.002572455443441868,-1.0070514678955078,-9.205294609069824,-0.2969449758529663,5.280665936879814e-05,0.4600067734718323,0.0148389283567667,0.7563959956169128,41.37284469604492,1.3346078395843506,0.9859299063682556,30.96773910522461,0.9989593029022217,0.5416796207427979,24.459331512451172,0.7890107035636902,0.00043130837730132043,1.345166563987732,0.04339246824383736,0.791685938835144,29.009845733642578,0.9358014464378357,0.009772066958248615,8.989595413208008,0.2899869382381439,0.4784398078918457,23.47602081298828,0.7572910189628601,0.1165546327829361,12.360217094421387,0.39871668815612793,3.8933488049826166,1.0,3,3
mne_5-a-14_kv_kv-no1-vasco-da-gama_22082024-000000-1_EN-OL-RC-500_2,5,until,until,c,43.59,44.37,AH N T IH L,c,0,AH N T IH L *,AH N T IH L,2179,2219,40,-0.03850068897008896,-0.04479367658495903,-0.0011198419379070401,-0.4575731158256531,-6.352906227111816,-0.1588226556777954,2.3121074264054187e-05,0.20725299417972565,0.005181324668228626,0.5832335948944092,35.052894592285156,0.8763223886489868,0.9844501614570618,39.981895446777344,0.9995473623275757,0.7418264150619507,34.09128952026367,0.8522822260856628,0.012717093341052532,3.9382195472717285,0.09845548868179321,0.922853410243988,38.48285675048828,0.962071418762207,0.18014226853847504,18.126129150390625,0.45315322279930115,0.7121389508247375,33.33466339111328,0.8333665728569031,0.31732648611068726,21.090293884277344,0.5272573232650757,0.0,0.0,5,5
mne_5-a-14_kv_kv-no1-vasco-da-gama_22082024-000000-1_EN-OL-RC-500_2,5,we,we,c,44.37,44.64,W IY,c,0,W IY *,W IY,2218,2232,14,-0.12470685690641403,-0.13843098282814026,-0.00988792721182108,-0.708398699760437,-3.7676148414611816,-0.2691153585910797,3.1047602533362806e-05,0.45291924476623535,0.03235137462615967,0.6546382904052734,16.91607093811035,1.2082908153533936,0.9501707553863525,13.944605827331543,0.9960432648658752,0.6729654669761658,11.289178848266602,0.8063699007034302,0.003969908691942692,0.8202179074287415,0.05858699232339859,0.878795325756073,13.197744369506836,0.9426960349082947,0.06768639385700226,4.640017986297607,0.3314298689365387,0.6151317358016968,10.869256019592285,0.776375412940979,0.21198628842830658,6.0396809577941895,0.43140578269958496,0.0,0.0,2,2
mne_5-a-14_kv_kv-no1-vasco-da-gama_22082024-000000-1_EN-OL-RC-500_2,5,came,came,c,45.45,45.87,K EY M,c,0,K EY M *,K EY M,2272,2294,22,-0.018336676061153412,-0.02213461324572563,-0.001006118836812675,-0.41962888836860657,-4.177311420440674,-0.18987779319286346,2.121353281836491e-05,0.12299809604883194,0.005590822547674179,0.6077439785003662,21.8044376373291,0.9911108016967773,0.992575466632843,21.99103355407715,0.9995924234390259,0.7343146800994873,18.412494659423828,0.836931586265564,0.011200389824807644,1.8471598625183105,0.08396181464195251,0.918999195098877,21.03793716430664,0.9562698602676392,0.16535845398902893,9.018073081970215,0.4099124073982239,0.7024879455566406,17.928537368774414,0.8149335384368896,0.30500900745391846,10.869963645935059,0.4940892457962036,0.0,0.0,3,3
mne_5-a-14_kv_kv-no1-vasco-da-gama_22082024-000000-1_EN-OL-RC-500_2,5,with,with,c,45.87,46.2,W IH DH,c,0,W IH DH * SIL,W IH DH,2293,2310,17,-0.06169191747903824,-0.06368429958820343,-0.0037461351603269577,-0.5090463757514954,-4.143335819244385,-0.24372564256191254,4.560081288218498e-05,0.24802885949611664,0.01458993274718523,0.7214035391807556,20.076723098754883,1.1809836626052856,0.9751554727554321,16.974346160888672,0.9984909296035767,0.6658474206924438,13.772222518920898,0.8101307153701782,0.0035197832621634007,0.994331419467926,0.0584900826215744,0.8900336027145386,16.083433151245117,0.9460843205451965,0.0868837833404541,5.775835990905762,0.3397550582885742,0.6374274492263794,13.324728012084961,0.7838075160980225,0.23285694420337677,7.4649977684021,0.43911752104759216,0.0,0.0,3,3
mne_5-a-14_kv_kv-no1-vasco-da-gama_22082024-000000-1_EN-OL-RC-500_2,5,a,a,c,46.56,46.8,AH,c,0,AH *,AH,2328,2340,12,-0.10241082310676575,-0.11866815388202667,-0.009889013133943081,-0.6237050294876099,-2.6490046977996826,-0.22075039148330688,4.539407746051438e-05,0.4169928729534149,0.034749407321214676,0.6260417699813843,12.135601997375488,1.0113002061843872,0.9589660167694092,11.952375411987305,0.9960312843322754,0.735977828502655,10.03913688659668,0.8365947604179382,0.011519799940288067,0.9668135046958923,0.08056779205799103,0.8967874646186829,11.440995216369629,0.9534162878990173,0.10095007717609406,4.735827445983887,0.39465227723121643,0.6515471935272217,9.685331344604492,0.8071109652519226,0.24702590703964233,5.777795314788818,0.48148295283317566,0.0,0.0,1,1
mne_5-a-14_kv_kv-no1-vasco-da-gama_22082024-000000-1_EN-OL-RC-500_2,5,rope,rope,c,46.8,47.25,R OW P,c,0,R OW P * SIL,R OW P,2340,2363,23,-0.6510647535324097,-1.112241506576538,-0.04835832491517067,-0.8304949402809143,-6.002021312713623,-0.2609574496746063,1.8525872292229906e-05,1.7388368844985962,0.07560160011053085,0.5882751941680908,24.520706176757812,1.0661176443099976,0.7561596632003784,22.57445526123047,0.9814980626106262,0.672153115272522,18.986312866210938,0.8254918456077576,0.003915755078196526,1.918811559677124,0.0834265872836113,0.8682217597961426,21.80455780029297,0.9480242729187012,0.05351525545120239,8.861995697021484,0.38530415296554565,0.5953829288482666,18.3056640625,0.7958984375,0.19493037462234497,10.867069244384766,0.47248128056526184,0.0,0.0,3,3
mne_5-a-14_kv_kv-no1-vasco-da-gama_22082024-000000-1_EN-OL-RC-500_2,5,and,and,c,47.28,47.73,AH N D,c,0,AE N D *,AE N D,2364,2387,23,-0.004083734937012196,-0.01107566338032484,-0.00048155058175325394,-0.42029327154159546,-4.036662578582764,-0.1755070686340332,1.9888932001776993e-05,0.08048524707555771,0.0034993586596101522,0.5754303336143494,21.410213470458984,0.9308788180351257,0.9983435869216919,22.995506286621094,0.9998046159744263,0.7187354564666748,19.44915008544922,0.8456152081489563,0.00860685296356678,2.1873836517333984,0.09510363638401031,0.9110286831855774,22.062175750732422,0.959225058555603,0.138522207736969,9.977724075317383,0.43381407856941223,0.6833398342132568,18.967060089111328,0.824654757976532,0.2818776071071625,11.789490699768066,0.5125865340232849,2.95656721210025,1.0,3,3
mne_5-a-14_kv_kv-no1-vasco-da-gama_22082024-000000-1_EN-OL-RC-500_2,5,tied,tied,c,47.73,48.15,T AY D,c,0,T AY D *,T AY D,2386,2408,22,-0.6497039794921875,-0.6554581522941589,-0.029793553054332733,-0.94514000415802,-5.020135879516602,-0.22818799316883087,2.7106410925625823e-05,0.7378703355789185,0.033539559692144394,0.6408443450927734,23.72842025756836,1.0785645246505737,0.7566289901733398,21.754295349121094,0.9888315796852112,0.7081012725830078,18.141374588012695,0.8246079087257385,0.007190566975623369,1.464136004447937,0.06655163317918777,0.8736844062805176,20.924854278564453,0.9511297345161438,0.060420822352170944,8.161066055297852,0.37095755338668823,0.605445921421051,17.572551727294922,0.7987523674964905,0.20346003770828247,10.193469047546387,0.46333950757980347,0.0,0.0,3,3
mne_5-a-14_kv_kv-no1-vasco-da-gama_22082024-000000-1_EN-OL-RC-500_2,5,it,it,c,48.15,48.24,IH T,s,1,* IH,IH,2407,2412,5,-0.0014730807160958648,-0.0029906509444117546,-0.0005981301655992866,-0.32548028230667114,-1.2376421689987183,-0.24752843379974365,0.00015794883074704558,0.023749230429530144,0.004749846179038286,0.9818613529205322,6.131613731384277,1.2263227701187134,0.9994022846221924,4.998786926269531,0.9997574090957642,0.7466994524002075,4.0324249267578125,0.8064849972724915,0.013809163123369217,0.2291390597820282,0.04582781344652176,0.9266549944877625,4.727797985076904,0.9455596208572388,0.19601863622665405,1.5554901361465454,0.31109803915023804,0.7219277024269104,3.8874361515045166,0.7774872183799744,0.3302934765815735,2.0943479537963867,0.41886958479881287,3.9850476336990988,1.0,2,1
mne_5-a-14_kv_kv-no1-vasco-da-gama_22082024-000000-1_EN-OL-RC-500_2,5,up,up,c,48.6,48.84,AH P,c,0,AH *,AH,2430,2442,12,-0.4844357371330261,-0.8016802668571472,-0.06680668890476227,-1.0552678108215332,-4.883414268493652,-0.4069511890411377,0.00012402405263856053,1.44422447681427,0.12035203725099564,0.8199726343154907,17.66014289855957,1.471678614616394,0.8148389458656311,11.689894676208496,0.9741578698158264,0.5906158685684204,9.218884468078613,0.7682403922080994,0.0009865578031167388,0.4497191607952118,0.03747659549117088,0.8097133636474609,11.057095527648926,0.9214246273040771,0.014585861004889011,2.964578628540039,0.24704821407794952,0.5026600360870361,8.698624610900879,0.7248854041099548,0.1300390213727951,4.323650360107422,0.36030420660972595,4.423776893499696,1.0,2,1
