WavFileName,canonical_word,decoded_word,start_time,end_time,GT_label,costed_neglog,entropy_gibbs_exp_min,miscue_forced,miscue_prob,miscue_label,miscue_pred
aa_3-a-1_kv_kv-no1-gorakhpur_06082025-000000-1_EN-OL-RC-235_1,long,<eps>,,,s,,,1,1.0,1,S
aa_3-a-1_kv_kv-no1-gorakhpur_06082025-000000-1_EN-OL-RC-235_1,long,long,1.14,1.56,c,0.0,0.0036709301639348,0,0.170065,0,C
aa_3-a-1_kv_kv-no1-gorakhpur_06082025-000000-1_EN-OL-RC-235_1,ago,ago,1.56,2.01,c,0.0,0.0067128622904419,0,0.13149,0,C
aa_3-a-1_kv_kv-no1-gorakhpur_06082025-000000-1_EN-OL-RC-235_1,the,the,2.01,2.28,c,0.0,0.0002124385064234,0,0.520826,0,C
aa_3-a-1_kv_kv-no1-gorakhpur_06082025-000000-1_EN-OL-RC-235_1,peacock,peacock,2.28,2.79,c,14.537215364168077,0.0007798951119184,0,0.932574,1,S
aa_3-a-1_kv_kv-no1-gorakhpur_06082025-000000-1_EN-OL-RC-235_1,had,had,2.79,3.09,c,0.0,0.0043419548310339,0,0.171941,0,C
aa_3-a-1_kv_kv-no1-gorakhpur_06082025-000000-1_EN-OL-RC-235_1,a,a,3.09,3.21,c,0.0,0.0147496173158288,0,0.035019,0,C
aa_3-a-1_kv_kv-no1-gorakhpur_06082025-000000-1_EN-OL-RC-235_1,lovely,lovely,3.21,3.69,c,0.0,0.0007406115182675,0,0.377337,0,C
aa_3-a-1_kv_kv-no1-gorakhpur_06082025-000000-1_EN-OL-RC-235_1,voice,voice,3.69,4.14,c,0.9200152371878334,0.0026397141627967,0,0.264961,0,C
aa_3-a-1_kv_kv-no1-gorakhpur_06082025-000000-1_EN-OL-RC-235_1,and,and,4.14,4.38,c,2.95656721210025,0.0081225810572505,0,0.099496,0,C
aa_3-a-1_kv_kv-no1-gorakhpur_06082025-000000-1_EN-OL-RC-235_1,beautiful,beautiful,4.38,4.95,c,7.293274914435145,0.0014755645534023,0,0.825054,0,C
aa_3-a-1_kv_kv-no1-gorakhpur_06082025-000000-1_EN-OL-RC-235_1,feathers,feathers,4.95,5.58,s,2.250333956628733,0.0004961101221852,0,0.567361,0,C
aa_3-a-1_kv_kv-no1-gorakhpur_06082025-000000-1_EN-OL-RC-235_1,every,every,5.94,6.39,c,3.56735060199773,0.0026815554592758,0,0.675666,0,C
aa_3-a-1_kv_kv-no1-gorakhpur_06082025-000000-1_EN-OL-RC-235_1,day,day,6.39,6.72,c,0.0,0.0054655857384204,0,0.128221,0,C
aa_3-a-1_kv_kv-no1-gorakhpur_06082025-000000-1_EN-OL-RC-235_1,he,he,6.72,6.9,c,0.0,0.0025319037958979,0,0.267299,0,C
aa_3-a-1_kv_kv-no1-gorakhpur_06082025-000000-1_EN-OL-RC-235_1,walked,walked,6.9,7.47,c,3.8933488049826166,0.0008483477286063,0,0.709299,0,C
aa_3-a-1_kv_kv-no1-gorakhpur_06082025-000000-1_EN-OL-RC-235_1,in,in,7.71,8.07,c,0.0,0.0031000636518001,0,0.172023,0,C
aa_3-a-1_kv_kv-no1-gorakhpur_06082025-000000-1_EN-OL-RC-235_1,front,front,8.22,8.7,c,0.0,0.0013331531081348,0,0.388764,0,C
aa_3-a-1_kv_kv-no1-gorakhpur_06082025-000000-1_EN-OL-RC-235_1,of,of,8.73,9.06,c,4.411563432609308,0.0068923118524253,0,0.228652,0,C
aa_3-a-1_kv_kv-no1-gorakhpur_06082025-000000-1_EN-OL-RC-235_1,all,all,9.21,9.57,c,0.0,0.0107678724452853,0,0.052143,0,C
aa_3-a-1_kv_kv-no1-gorakhpur_06082025-000000-1_EN-OL-RC-235_1,the,the,9.57,10.02,c,0.0,0.0057865832932293,0,0.127876,0,C
aa_3-a-1_kv_kv-no1-gorakhpur_06082025-000000-1_EN-OL-RC-235_1,other,other,10.02,10.47,c,0.0,0.0080041708424687,0,0.105428,0,C
aa_3-a-1_kv_kv-no1-gorakhpur_06082025-000000-1_EN-OL-RC-235_1,animals,animals,10.47,11.28,c,2.8059285653833057,0.0046763611026108,0,0.511318,0,C
aa_3-a-1_kv_kv-no1-gorakhpur_06082025-000000-1_EN-OL-RC-235_1,he,he,11.58,11.88,c,0.0,0.0047386516816914,0,0.149343,0,C
aa_3-a-1_kv_kv-no1-gorakhpur_06082025-000000-1_EN-OL-RC-235_1,liked,liked,11.88,12.63,s,3.8933488049826166,0.0058551346883177,0,0.789076,0,C
aa_3-a-1_kv_kv-no1-gorakhpur_06082025-000000-1_EN-OL-RC-235_1,to,to,12.66,12.93,c,0.0,0.0106086935847997,0,0.059093,0,C
aa_3-a-1_kv_kv-no1-gorakhpur_06082025-000000-1_EN-OL-RC-235_1,show,show,12.93,13.44,s,0.0,0.0009969626553356,0,0.377337,0,C
aa_3-a-1_kv_kv-no1-gorakhpur_06082025-000000-1_EN-OL-RC-235_1,off,off,13.5,13.89,c,0.0,0.000632106908597,0,0.433402,0,C
aa_3-a-1_kv_kv-no1-gorakhpur_06082025-000000-1_EN-OL-RC-235_1,his,his,14.19,14.73,c,0.0,0.0041410480625927,0,0.171941,0,C
aa_3-a-1_kv_kv-no1-gorakhpur_06082025-000000-1_EN-OL-RC-235_1,beautiful,beautiful,14.73,15.39,c,7.293274914435145,0.0017374869203194,0,0.735886,0,C
aa_3-a-1_kv_kv-no1-gorakhpur_06082025-000000-1_EN-OL-RC-235_1,feathers,feathers,15.39,16.02,c,7.543764285102983,0.002229286590591,0,0.887907,1,S
aa_3-a-1_kv_kv-no1-gorakhpur_06082025-000000-1_EN-OL-RC-235_1,the,the,16.26,16.89,c,0.0,0.0025631240569055,0,0.267299,0,C
aa_3-a-1_kv_kv-no1-gorakhpur_06082025-000000-1_EN-OL-RC-235_1,animals,animals,16.89,17.49,c,2.8059285653833057,0.0074726208113133,0,0.223174,0,C
aa_3-a-1_kv_kv-no1-gorakhpur_06082025-000000-1_EN-OL-RC-235_1,always,always,17.49,17.97,c,0.0,0.0008944525034166,0,0.377337,0,C
aa_3-a-1_kv_kv-no1-gorakhpur_06082025-000000-1_EN-OL-RC-235_1,smiled,smiled,18.0,18.57,c,0.0,0.0081129698082804,0,0.105428,0,C
aa_3-a-1_kv_kv-no1-gorakhpur_06082025-000000-1_EN-OL-RC-235_1,at,at,18.57,18.93,c,0.0,0.0055350041948258,0,0.122798,0,C
aa_3-a-1_kv_kv-no1-gorakhpur_06082025-000000-1_EN-OL-RC-235_1,him,him,18.93,19.35,c,0.0,0.0074227387085556,0,0.1273,0,C
aa_3-a-1_kv_kv-no1-gorakhpur_06082025-000000-1_EN-OL-RC-235_1,but,but,19.35,19.74,c,0.0,0.0033493896480649,0,0.170065,0,C
aa_3-a-1_kv_kv-no1-gorakhpur_06082025-000000-1_EN-OL-RC-235_1,one,one,20.04,20.46,c,0.0,0.0103835193440318,0,0.057197,0,C
aa_3-a-1_kv_kv-no1-gorakhpur_06082025-000000-1_EN-OL-RC-235_1,day,day,20.46,20.85,c,0.0,0.0096207223832607,0,0.06149,0,C
aa_3-a-1_kv_kv-no1-gorakhpur_06082025-000000-1_EN-OL-RC-235_1,the,the,21.6,22.14,c,0.0,0.0079266801476478,0,0.105428,0,C
aa_3-a-1_kv_kv-no1-gorakhpur_06082025-000000-1_EN-OL-RC-235_1,animals,animals,22.14,22.83,c,2.8059285653833057,0.0051486082375049,0,0.400647,0,C
aa_3-a-1_kv_kv-no1-gorakhpur_06082025-000000-1_EN-OL-RC-235_1,were,were,23.1,23.4,c,0.0,0.0059330817312002,0,0.127876,0,C
aa_3-a-1_kv_kv-no1-gorakhpur_06082025-000000-1_EN-OL-RC-235_1,angry,angry,23.4,24.06,c,3.5357451304938885,0.0011261574691161,0,0.713562,0,C
aa_3-a-1_kv_kv-no1-gorakhpur_06082025-000000-1_EN-OL-RC-235_1,with,with,24.06,24.57,c,0.0,0.0049094948917627,0,0.159218,0,C
aa_3-a-1_kv_kv-no1-gorakhpur_06082025-000000-1_EN-OL-RC-235_1,him,him,24.57,25.05,c,0.0,0.0073107192292809,0,0.1273,0,C
aa_3-a-1_kv_kv-no1-gorakhpur_06082025-000000-1_EN-OL-RC-235_1,because,because,25.23,25.89,c,0.0,0.0039322958327829,0,0.189236,0,C
aa_3-a-1_kv_kv-no1-gorakhpur_06082025-000000-1_EN-OL-RC-235_1,he,he,25.89,26.25,c,0.0,0.0051428787410259,0,0.133009,0,C
aa_3-a-1_kv_kv-no1-gorakhpur_06082025-000000-1_EN-OL-RC-235_1,was,was,26.25,26.76,c,0.406100786224316,0.0050284643657505,0,0.080005,0,C
aa_3-a-1_kv_kv-no1-gorakhpur_06082025-000000-1_EN-OL-RC-235_1,proud,proud,26.94,27.42,c,0.0,0.0022582947276532,0,0.285092,0,C
aa_3-a-1_kv_kv-no1-gorakhpur_06082025-000000-1_EN-OL-RC-235_1,and,and,27.42,27.81,c,2.95656721210025,0.0069714258424937,0,0.127194,0,C
aa_3-a-1_kv_kv-no1-gorakhpur_06082025-000000-1_EN-OL-RC-235_1,they,they,27.81,28.05,c,0.0,0.0103948442265391,0,0.057197,0,C
aa_3-a-1_kv_kv-no1-gorakhpur_06082025-000000-1_EN-OL-RC-235_1,ran,ran,28.05,28.59,s,0.0,0.0072614159435033,0,0.1273,0,C
aa_3-a-1_kv_kv-no1-gorakhpur_06082025-000000-1_EN-OL-RC-235_1,away,away,28.77,29.34,c,0.0,0.0080863162875175,0,0.105428,0,C
aa_3-a-1_kv_kv-no1-gorakhpur_06082025-000000-1_EN-OL-RC-235_1,the,the,29.52,29.79,c,0.0,0.0094483448192477,0,0.06149,0,C
aa_3-a-1_kv_kv-no1-gorakhpur_06082025-000000-1_EN-OL-RC-235_1,peacock,peacock,29.79,30.33,c,3.650352984817883,0.002563573885709,0,0.704721,0,C
aa_3-a-1_kv_kv-no1-gorakhpur_06082025-000000-1_EN-OL-RC-235_1,shouted,shouted,30.33,30.93,s,3.069714006777209,0.0007809624657966,0,0.679919,0,C
aa_3-a-1_kv_kv-no1-gorakhpur_06082025-000000-1_EN-OL-RC-235_1,and,and,30.93,31.17,c,2.95656721210025,0.0076873474754393,0,0.132458,0,C
aa_3-a-1_kv_kv-no1-gorakhpur_06082025-000000-1_EN-OL-RC-235_1,shouted,shouted,31.17,31.68,s,3.069714006777209,0.0008945637964643,0,0.679919,0,C
aa_3-a-1_kv_kv-no1-gorakhpur_06082025-000000-1_EN-OL-RC-235_1,all,all,32.79,33.12,c,0.0,0.0017792147118598,0,0.285649,0,C
aa_3-a-1_kv_kv-no1-gorakhpur_06082025-000000-1_EN-OL-RC-235_1,day,day,33.12,33.54,c,0.0,0.0102041037753224,0,0.057197,0,C
aa_3-a-1_kv_kv-no1-gorakhpur_06082025-000000-1_EN-OL-RC-235_1,long,long,33.87,34.32,c,0.0,0.0007943789823912,0,0.377337,0,C
aa_3-a-1_kv_kv-no1-gorakhpur_06082025-000000-1_EN-OL-RC-235_1,hoping,hoping,34.32,35.01,c,0.0,0.0017887151334434,0,0.285649,0,C
aa_3-a-1_kv_kv-no1-gorakhpur_06082025-000000-1_EN-OL-RC-235_1,for,for,35.25,35.61,c,0.0,0.0110257342457771,0,0.071016,0,C
aa_3-a-1_kv_kv-no1-gorakhpur_06082025-000000-1_EN-OL-RC-235_1,them,them,35.61,36.0,c,0.0,0.0094720087945461,0,0.06149,0,C
aa_3-a-1_kv_kv-no1-gorakhpur_06082025-000000-1_EN-OL-RC-235_1,to,to,36.0,36.33,c,0.0,0.0022674135398119,0,0.285092,0,C
aa_3-a-1_kv_kv-no1-gorakhpur_06082025-000000-1_EN-OL-RC-235_1,come,come,36.33,36.72,c,0.0,0.0022674135398119,0,0.285092,0,C
aa_3-a-1_kv_kv-no1-gorakhpur_06082025-000000-1_EN-OL-RC-235_1,back,back,36.72,37.08,c,0.0,0.0054397750645875,0,0.128221,0,C
aa_3-a-1_kv_kv-no1-gorakhpur_06082025-000000-1_EN-OL-RC-235_1,but,but,37.08,37.44,c,0.0,0.0145497573539614,0,0.035019,0,C
aa_3-a-1_kv_kv-no1-gorakhpur_06082025-000000-1_EN-OL-RC-235_1,the,the,37.44,37.92,c,0.0,0.0095144109800457,0,0.06149,0,C
aa_3-a-1_kv_kv-no1-gorakhpur_06082025-000000-1_EN-OL-RC-235_1,animals,animals,38.34,38.91,c,2.8059285653833057,0.0065414742566645,0,0.213293,0,C
aa_3-a-1_kv_kv-no1-gorakhpur_06082025-000000-1_EN-OL-RC-235_1,did,did,38.91,39.21,c,0.0,0.0125918677076697,0,0.020343,0,C
aa_3-a-1_kv_kv-no1-gorakhpur_06082025-000000-1_EN-OL-RC-235_1,not,not,39.21,39.6,c,0.406100786224316,0.0093740122392773,0,0.042256,0,C
aa_3-a-1_kv_kv-no1-gorakhpur_06082025-000000-1_EN-OL-RC-235_1,come,come,39.6,39.87,c,0.0,0.0129541773349046,0,0.039524,0,C
aa_3-a-1_kv_kv-no1-gorakhpur_06082025-000000-1_EN-OL-RC-235_1,back,back,39.87,40.2,c,0.0,0.0050052953884005,0,0.129835,0,C
as_3-a-8_kv_kv-no2-3brd-chandigarh_06082025-000000-1_EN-OL-RC-235_1,long,long,0.99,1.44,c,0.0,0.0081589734181761,0,0.105428,0,C
as_3-a-8_kv_kv-no2-3brd-chandigarh_06082025-000000-1_EN-OL-RC-235_1,long,long,1.44,1.98,c,0.0,0.00698535842821,0,0.1273,0,C
as_3-a-8_kv_kv-no2-3brd-chandigarh_06082025-000000-1_EN-OL-RC-235_1,ago,ago,2.16,2.73,c,0.0,0.0089570004492998,0,0.038673,0,C
as_3-a-8_kv_kv-no2-3brd-chandigarh_06082025-000000-1_EN-OL-RC-235_1,the,the,3.03,3.3,c,0.0,0.0158802736550569,0,0.047179,0,C
as_3-a-8_kv_kv-no2-3brd-chandigarh_06082025-000000-1_EN-OL-RC-235_1,peacock,peacock,3.3,3.93,c,3.650352984817883,0.0019086390966549,0,0.715002,0,C
as_3-a-8_kv_kv-no2-3brd-chandigarh_06082025-000000-1_EN-OL-RC-235_1,had,had,3.93,4.35,c,0.0,0.002967303385958,0,0.172023,0,C
as_3-a-8_kv_kv-no2-3brd-chandigarh_06082025-000000-1_EN-OL-RC-235_1,a,a,4.35,4.5,c,0.0,0.0227968003600835,0,0.061841,0,C
as_3-a-8_kv_kv-no2-3brd-chandigarh_06082025-000000-1_EN-OL-RC-235_1,lovely,lovely,4.5,5.01,c,0.9200152371878334,0.0003888676292262,0,0.460003,0,C
as_3-a-8_kv_kv-no2-3brd-chandigarh_06082025-000000-1_EN-OL-RC-235_1,voice,voice,5.01,5.43,c,0.9200152371878334,0.0010715893004089,0,0.316313,0,C
as_3-a-8_kv_kv-no2-3brd-chandigarh_06082025-000000-1_EN-OL-RC-235_1,and,and,5.43,5.7,c,2.95656721210025,0.0088134221732616,0,0.093948,0,C
as_3-a-8_kv_kv-no2-3brd-chandigarh_06082025-000000-1_EN-OL-RC-235_1,beautiful,beautiful,5.7,6.42,c,7.293274914435145,0.0017197942361235,0,0.735886,0,C
as_3-a-8_kv_kv-no2-3brd-chandigarh_06082025-000000-1_EN-OL-RC-235_1,feathers,feathers,6.42,7.02,c,2.250333956628733,0.0027312643360346,0,0.376562,0,C
as_3-a-8_kv_kv-no2-3brd-chandigarh_06082025-000000-1_EN-OL-RC-235_1,every,every,7.23,7.77,c,3.56735060199773,0.0014125960879027,0,0.701934,0,C
as_3-a-8_kv_kv-no2-3brd-chandigarh_06082025-000000-1_EN-OL-RC-235_1,day,day,7.77,8.04,c,0.0,0.0106690730899572,0,0.059093,0,C
as_3-a-8_kv_kv-no2-3brd-chandigarh_06082025-000000-1_EN-OL-RC-235_1,he,he,8.04,8.31,c,0.0,0.0083638736978173,0,0.105428,0,C
as_3-a-8_kv_kv-no2-3brd-chandigarh_06082025-000000-1_EN-OL-RC-235_1,walked,walked,8.31,9.06,c,3.8933488049826166,0.003909972961992,0,0.717937,0,C
as_3-a-8_kv_kv-no2-3brd-chandigarh_06082025-000000-1_EN-OL-RC-235_1,in,in,9.93,10.26,c,0.0,0.0108725577592849,0,0.052143,0,C
as_3-a-8_kv_kv-no2-3brd-chandigarh_06082025-000000-1_EN-OL-RC-235_1,front,front,10.26,10.89,s,4.049981288321418,0.000437264854554,0,0.749561,0,C
as_3-a-8_kv_kv-no2-3brd-chandigarh_06082025-000000-1_EN-OL-RC-235_1,of,of,10.92,11.31,c,4.411563432609308,0.0065750102512538,0,0.263115,0,C
as_3-a-8_kv_kv-no2-3brd-chandigarh_06082025-000000-1_EN-OL-RC-235_1,all,all,11.37,11.94,c,0.0,0.0007042845827527,0,0.377337,0,C
as_3-a-8_kv_kv-no2-3brd-chandigarh_06082025-000000-1_EN-OL-RC-235_1,the,the,12.12,12.48,s,0.0,0.0147981131449341,0,0.035019,0,C
as_3-a-8_kv_kv-no2-3brd-chandigarh_06082025-000000-1_EN-OL-RC-235_1,other,other,12.48,12.87,c,0.0,0.0083505632355809,0,0.105428,0,C
as_3-a-8_kv_kv-no2-3brd-chandigarh_06082025-000000-1_EN-OL-RC-235_1,animals,animals,12.87,13.74,c,2.8059285653833057,0.00663059996441,0,0.213293,0,C
as_3-a-8_kv_kv-no2-3brd-chandigarh_06082025-000000-1_EN-OL-RC-235_1,he,he,13.86,14.64,c,10.082365760938966,0.0013488497352227,0,0.87432,1,S
as_3-a-8_kv_kv-no2-3brd-chandigarh_06082025-000000-1_EN-OL-RC-235_1,liked,liked,14.7,15.36,c,3.8933488049826166,0.0047611175104975,0,0.674125,0,C
as_3-a-8_kv_kv-no2-3brd-chandigarh_06082025-000000-1_EN-OL-RC-235_1,to,to,15.87,16.14,c,0.0,0.0126767409965395,0,0.020343,0,C
as_3-a-8_kv_kv-no2-3brd-chandigarh_06082025-000000-1_EN-OL-RC-235_1,show,show,16.14,16.68,c,0.0,0.0043541104532778,0,0.171941,0,C
as_3-a-8_kv_kv-no2-3brd-chandigarh_06082025-000000-1_EN-OL-RC-235_1,off,off,16.68,17.07,c,0.0,0.0100677274167537,0,0.084144,0,C
as_3-a-8_kv_kv-no2-3brd-chandigarh_06082025-000000-1_EN-OL-RC-235_1,his,his,17.1,17.61,c,0.0,0.0054854997433722,0,0.128221,0,C
as_3-a-8_kv_kv-no2-3brd-chandigarh_06082025-000000-1_EN-OL-RC-235_1,beautiful,beautiful,18.09,18.84,c,7.293274914435145,0.0027826428413391,0,0.801612,0,C
as_3-a-8_kv_kv-no2-3brd-chandigarh_06082025-000000-1_EN-OL-RC-235_1,feathers,feathers,18.84,19.65,c,2.250333956628733,0.0021043026354163,0,0.383276,0,C
as_3-a-8_kv_kv-no2-3brd-chandigarh_06082025-000000-1_EN-OL-RC-235_1,the,the,20.07,20.4,c,0.0,0.0115437479689717,0,0.062217,0,C
as_3-a-8_kv_kv-no2-3brd-chandigarh_06082025-000000-1_EN-OL-RC-235_1,animals,animals,20.4,21.03,c,2.8059285653833057,0.0038216181565076,0,0.511318,0,C
as_3-a-8_kv_kv-no2-3brd-chandigarh_06082025-000000-1_EN-OL-RC-235_1,always,always,21.09,21.9,c,0.0,0.0011351305292919,0,0.3798,0,C
as_3-a-8_kv_kv-no2-3brd-chandigarh_06082025-000000-1_EN-OL-RC-235_1,smiled,smiled,22.26,22.92,c,0.0,0.0009012106456793,0,0.377337,0,C
as_3-a-8_kv_kv-no2-3brd-chandigarh_06082025-000000-1_EN-OL-RC-235_1,at,at,22.95,23.28,c,0.0,0.0086398478597402,0,0.118587,0,C
as_3-a-8_kv_kv-no2-3brd-chandigarh_06082025-000000-1_EN-OL-RC-235_1,him,him,23.28,23.67,c,0.0,0.0069020963273942,0,0.1273,0,C
as_3-a-8_kv_kv-no2-3brd-chandigarh_06082025-000000-1_EN-OL-RC-235_1,but,but,23.82,24.3,c,0.0,0.0054714162833988,0,0.128221,0,C
as_3-a-8_kv_kv-no2-3brd-chandigarh_06082025-000000-1_EN-OL-RC-235_1,one,one,24.33,24.78,c,0.0,0.0106653338298201,0,0.059093,0,C
as_3-a-8_kv_kv-no2-3brd-chandigarh_06082025-000000-1_EN-OL-RC-235_1,day,day,24.78,25.14,c,0.0,0.0090123275294899,0,0.038673,0,C
as_3-a-8_kv_kv-no2-3brd-chandigarh_06082025-000000-1_EN-OL-RC-235_1,the,the,25.14,25.44,c,0.0,0.0144562106579542,0,0.035019,0,C
as_3-a-8_kv_kv-no2-3brd-chandigarh_06082025-000000-1_EN-OL-RC-235_1,animals,animals,25.44,26.28,c,2.8059285653833057,0.0055906469933688,0,0.242627,0,C
as_3-a-8_kv_kv-no2-3brd-chandigarh_06082025-000000-1_EN-OL-RC-235_1,were,were,26.28,26.61,c,0.0,0.0039654872380197,0,0.189236,0,C
as_3-a-8_kv_kv-no2-3brd-chandigarh_06082025-000000-1_EN-OL-RC-235_1,angry,angry,26.61,27.12,c,3.5357451304938885,0.0029227382037788,0,0.689434,0,C
as_3-a-8_kv_kv-no2-3brd-chandigarh_06082025-000000-1_EN-OL-RC-235_1,with,with,27.12,27.45,c,0.0,0.0056582451798021,0,0.127876,0,C
as_3-a-8_kv_kv-no2-3brd-chandigarh_06082025-000000-1_EN-OL-RC-235_1,him,him,27.45,27.84,c,0.0,0.0074148145504295,0,0.1273,0,C
as_3-a-8_kv_kv-no2-3brd-chandigarh_06082025-000000-1_EN-OL-RC-235_1,because,because,28.35,28.98,c,0.0,0.0051070260815322,0,0.133009,0,C
as_3-a-8_kv_kv-no2-3brd-chandigarh_06082025-000000-1_EN-OL-RC-235_1,he,he,28.98,29.25,c,0.0,0.0063819224014878,0,0.124182,0,C
as_3-a-8_kv_kv-no2-3brd-chandigarh_06082025-000000-1_EN-OL-RC-235_1,was,was,29.25,29.67,c,0.406100786224316,0.00495495647192,0,0.078595,0,C
as_3-a-8_kv_kv-no2-3brd-chandigarh_06082025-000000-1_EN-OL-RC-235_1,proud,proud,29.67,30.18,c,0.0,0.0034580577630549,0,0.170065,0,C
as_3-a-8_kv_kv-no2-3brd-chandigarh_06082025-000000-1_EN-OL-RC-235_1,and,and,30.21,30.63,c,2.95656721210025,0.0073264720849692,0,0.127194,0,C
as_3-a-8_kv_kv-no2-3brd-chandigarh_06082025-000000-1_EN-OL-RC-235_1,they,they,30.63,31.11,c,0.0,0.0085294879972934,0,0.113525,0,C
as_3-a-8_kv_kv-no2-3brd-chandigarh_06082025-000000-1_EN-OL-RC-235_1,ran,ran,31.32,31.77,c,0.0,0.0033184390049427,0,0.170065,0,C
as_3-a-8_kv_kv-no2-3brd-chandigarh_06082025-000000-1_EN-OL-RC-235_1,away,away,31.8,32.34,c,0.0,0.0066962824203073,0,0.13149,0,C
as_3-a-8_kv_kv-no2-3brd-chandigarh_06082025-000000-1_EN-OL-RC-235_1,the,the,32.67,32.94,c,0.0,0.0100249862298369,0,0.10098,0,C
as_3-a-8_kv_kv-no2-3brd-chandigarh_06082025-000000-1_EN-OL-RC-235_1,peacock,peacock,32.94,33.45,c,3.650352984817883,0.0036331652663648,0,0.720019,0,C
as_3-a-8_kv_kv-no2-3brd-chandigarh_06082025-000000-1_EN-OL-RC-235_1,shouted,shouted,33.45,34.29,c,3.069714006777209,0.0018548102816566,0,0.583174,0,C
as_3-a-8_kv_kv-no2-3brd-chandigarh_06082025-000000-1_EN-OL-RC-235_1,and,and,36.33,36.78,c,2.95656721210025,0.0071952454745769,0,0.127194,0,C
as_3-a-8_kv_kv-no2-3brd-chandigarh_06082025-000000-1_EN-OL-RC-235_1,shouted,shouted,36.78,37.47,c,3.069714006777209,0.0024584415368735,0,0.575331,0,C
as_3-a-8_kv_kv-no2-3brd-chandigarh_06082025-000000-1_EN-OL-RC-235_1,all,all,37.62,38.16,c,0.0,0.0087528200820088,0,0.118587,0,C
as_3-a-8_kv_kv-no2-3brd-chandigarh_06082025-000000-1_EN-OL-RC-235_1,day,day,38.19,38.58,c,0.0,0.0063420720398426,0,0.124182,0,C
as_3-a-8_kv_kv-no2-3brd-chandigarh_06082025-000000-1_EN-OL-RC-235_1,long,long,38.58,39.09,c,0.0,0.0078058489598333,0,0.105428,0,C
as_3-a-8_kv_kv-no2-3brd-chandigarh_06082025-000000-1_EN-OL-RC-235_1,hoping,hoping,39.09,39.75,s,3.8512170750087504,0.003578872885555,0,0.717937,0,C
as_3-a-8_kv_kv-no2-3brd-chandigarh_06082025-000000-1_EN-OL-RC-235_1,for,for,39.75,40.26,c,0.0,0.008604509755969,0,0.113525,0,C
as_3-a-8_kv_kv-no2-3brd-chandigarh_06082025-000000-1_EN-OL-RC-235_1,them,them,40.56,41.01,c,0.0,0.0086437501013278,0,0.118587,0,C
as_3-a-8_kv_kv-no2-3brd-chandigarh_06082025-000000-1_EN-OL-RC-235_1,to,to,41.22,41.52,c,0.0,0.0123375412076711,0,0.020343,0,C
as_3-a-8_kv_kv-no2-3brd-chandigarh_06082025-000000-1_EN-OL-RC-235_1,come,come,41.52,41.82,c,0.0,0.012816241942346,0,0.072999,0,C
as_3-a-8_kv_kv-no2-3brd-chandigarh_06082025-000000-1_EN-OL-RC-235_1,back,back,41.82,42.15,c,0.0,0.0066161728464066,0,0.13149,0,C
as_3-a-8_kv_kv-no2-3brd-chandigarh_06082025-000000-1_EN-OL-RC-235_1,but,but,42.15,42.57,c,0.0,0.0113227050751447,0,0.062217,0,C
as_3-a-8_kv_kv-no2-3brd-chandigarh_06082025-000000-1_EN-OL-RC-235_1,the,the,42.72,43.17,c,0.0,0.0088689820840954,0,0.110977,0,C
as_3-a-8_kv_kv-no2-3brd-chandigarh_06082025-000000-1_EN-OL-RC-235_1,animals,animals,43.47,44.13,c,2.8059285653833057,0.0069032814353704,0,0.219786,0,C
as_3-a-8_kv_kv-no2-3brd-chandigarh_06082025-000000-1_EN-OL-RC-235_1,did,did,44.13,44.46,c,0.0,0.0096904803067445,0,0.06149,0,C
as_3-a-8_kv_kv-no2-3brd-chandigarh_06082025-000000-1_EN-OL-RC-235_1,not,not,44.46,44.82,c,0.406100786224316,0.0107261836528778,0,0.036203,0,C
as_3-a-8_kv_kv-no2-3brd-chandigarh_06082025-000000-1_EN-OL-RC-235_1,come,come,44.82,45.15,c,0.0,0.0105084078386425,0,0.059093,0,C
as_3-a-8_kv_kv-no2-3brd-chandigarh_06082025-000000-1_EN-OL-RC-235_1,back,back,45.15,45.66,c,0.0,0.0050157266668975,0,0.132032,0,C
gw_3-a-2_kv_kv-no2-crpf-langjing-imphal_22082024-000000-1_EN-OL-RC-235_2,soon,soon,0.99,1.86,c,0.0,0.0054893721826374,0,0.128221,0,C
gw_3-a-2_kv_kv-no2-crpf-langjing-imphal_22082024-000000-1_EN-OL-RC-235_2,his,his,2.34,3.24,c,0.0,0.0049201110377907,0,0.159218,0,C
gw_3-a-2_kv_kv-no2-crpf-langjing-imphal_22082024-000000-1_EN-OL-RC-235_2,voice,voice,3.33,4.05,c,0.9200152371878334,0.0018010474741458,0,0.246042,0,C
gw_3-a-2_kv_kv-no2-crpf-langjing-imphal_22082024-000000-1_EN-OL-RC-235_2,became,became,4.14,4.92,c,16.021504272064167,0.0005381925730034,0,0.948417,1,S
gw_3-a-2_kv_kv-no2-crpf-langjing-imphal_22082024-000000-1_EN-OL-RC-235_2,bad,bad,5.13,5.76,c,9.661927391906842,0.0001516137417638,0,0.855186,1,S
gw_3-a-2_kv_kv-no2-crpf-langjing-imphal_22082024-000000-1_EN-OL-RC-235_2,days,days,6.33,7.08,c,8.082003433862631,0.0008521975832991,0,0.874332,1,S
gw_3-a-2_kv_kv-no2-crpf-langjing-imphal_22082024-000000-1_EN-OL-RC-235_2,went,went,7.08,7.53,c,0.0,0.0073396195657551,0,0.1273,0,C
gw_3-a-2_kv_kv-no2-crpf-langjing-imphal_22082024-000000-1_EN-OL-RC-235_2,by,by,7.56,8.1,c,0.0,0.006666996050626,0,0.13149,0,C
gw_3-a-2_kv_kv-no2-crpf-langjing-imphal_22082024-000000-1_EN-OL-RC-235_2,the,the,8.55,8.97,c,0.0,0.0014593192609027,0,0.317066,0,C
gw_3-a-2_kv_kv-no2-crpf-langjing-imphal_22082024-000000-1_EN-OL-RC-235_2,peacock,peacock,8.97,9.72,c,0.406100786224316,0.0005811917362734,0,0.412924,0,C
gw_3-a-2_kv_kv-no2-crpf-langjing-imphal_22082024-000000-1_EN-OL-RC-235_2,was,was,9.78,10.47,c,0.406100786224316,0.0033515081740915,0,0.14339,0,C
gw_3-a-2_kv_kv-no2-crpf-langjing-imphal_22082024-000000-1_EN-OL-RC-235_2,very,very,10.74,11.19,c,0.9200152371878334,0.0074165472760796,0,0.07431,0,C
gw_3-a-2_kv_kv-no2-crpf-langjing-imphal_22082024-000000-1_EN-OL-RC-235_2,sad,sad,11.19,11.7,c,0.0,0.0025581107474863,0,0.267299,0,C
gw_3-a-2_kv_kv-no2-crpf-langjing-imphal_22082024-000000-1_EN-OL-RC-235_2,he,he,12.36,12.78,c,0.0,0.0036631140392273,0,0.170065,0,C
gw_3-a-2_kv_kv-no2-crpf-langjing-imphal_22082024-000000-1_EN-OL-RC-235_2,did,did,12.78,13.11,c,0.0,0.0024063878227025,0,0.285092,0,C
gw_3-a-2_kv_kv-no2-crpf-langjing-imphal_22082024-000000-1_EN-OL-RC-235_2,not,not,13.14,13.71,c,0.406100786224316,0.0062563028186559,0,0.076861,0,C
gw_3-a-2_kv_kv-no2-crpf-langjing-imphal_22082024-000000-1_EN-OL-RC-235_2,shout,shout,13.83,14.64,c,0.0,0.0004349889059085,0,0.488769,0,C
gw_3-a-2_kv_kv-no2-crpf-langjing-imphal_22082024-000000-1_EN-OL-RC-235_2,any,any,14.7,15.27,c,0.0,0.0051092915236949,0,0.133009,0,C
gw_3-a-2_kv_kv-no2-crpf-langjing-imphal_22082024-000000-1_EN-OL-RC-235_2,more,more,15.27,15.81,c,2.9381690051141307,0.0007377148722298,0,0.545934,0,C
gw_3-a-2_kv_kv-no2-crpf-langjing-imphal_22082024-000000-1_EN-OL-RC-235_2,he,he,16.62,17.22,c,0.0,0.0025092726573348,0,0.267299,0,C
gw_3-a-2_kv_kv-no2-crpf-langjing-imphal_22082024-000000-1_EN-OL-RC-235_2,had,had,17.37,17.79,c,0.0,0.0012687592534348,0,0.388764,0,C
gw_3-a-2_kv_kv-no2-crpf-langjing-imphal_22082024-000000-1_EN-OL-RC-235_2,lost,lost,17.85,18.48,c,0.0,0.0044310949742794,0,0.171941,0,C
gw_3-a-2_kv_kv-no2-crpf-langjing-imphal_22082024-000000-1_EN-OL-RC-235_2,his,his,18.48,18.87,c,0.0,0.0051320730708539,0,0.133009,0,C
gw_3-a-2_kv_kv-no2-crpf-langjing-imphal_22082024-000000-1_EN-OL-RC-235_2,lovely,lovely,18.87,19.5,c,0.0,0.0006253033643588,0,0.433402,0,C
gw_3-a-2_kv_kv-no2-crpf-langjing-imphal_22082024-000000-1_EN-OL-RC-235_2,voice,voice,19.5,19.95,c,0.9200152371878334,0.0032393396832048,0,0.125262,0,C
gw_3-a-2_kv_kv-no2-crpf-langjing-imphal_22082024-000000-1_EN-OL-RC-235_2,a,a,20.79,21.06,c,0.0,0.0087203383445739,0,0.118587,0,C
gw_3-a-2_kv_kv-no2-crpf-langjing-imphal_22082024-000000-1_EN-OL-RC-235_2,monkey,monkey,21.06,21.87,c,2.668363644587786,0.0027975437697023,0,0.491959,0,C
gw_3-a-2_kv_kv-no2-crpf-langjing-imphal_22082024-000000-1_EN-OL-RC-235_2,saw,saw,22.02,22.68,c,0.0,0.0048517091199755,0,0.178198,0,C
gw_3-a-2_kv_kv-no2-crpf-langjing-imphal_22082024-000000-1_EN-OL-RC-235_2,the,the,22.68,22.92,c,0.0,0.0161233842372894,0,0.047179,0,C
gw_3-a-2_kv_kv-no2-crpf-langjing-imphal_22082024-000000-1_EN-OL-RC-235_2,sad,sad,22.92,23.43,c,0.0,0.0002601079759187,0,0.520826,0,C
gw_3-a-2_kv_kv-no2-crpf-langjing-imphal_22082024-000000-1_EN-OL-RC-235_2,peacock,peacock,23.52,24.27,c,9.29275020359602,0.0001409023825544,0,0.855186,1,S
gw_3-a-2_kv_kv-no2-crpf-langjing-imphal_22082024-000000-1_EN-OL-RC-235_2,and,and,24.27,24.57,c,2.95656721210025,0.0077722915448248,0,0.132458,0,C
gw_3-a-2_kv_kv-no2-crpf-langjing-imphal_22082024-000000-1_EN-OL-RC-235_2,smiled,smiled,24.57,25.2,c,5.941145938565743,5.445202623377554e-05,0,0.826071,0,C
gw_3-a-2_kv_kv-no2-crpf-langjing-imphal_22082024-000000-1_EN-OL-RC-235_2,he,he,25.47,25.74,c,0.0,0.0049553345888853,0,0.129835,0,C
gw_3-a-2_kv_kv-no2-crpf-langjing-imphal_22082024-000000-1_EN-OL-RC-235_2,told,told,25.74,26.25,c,0.0,0.0010124759282916,0,0.377337,0,C
gw_3-a-2_kv_kv-no2-crpf-langjing-imphal_22082024-000000-1_EN-OL-RC-235_2,the,the,26.43,26.82,c,0.0,0.0087652206420898,0,0.110977,0,C
gw_3-a-2_kv_kv-no2-crpf-langjing-imphal_22082024-000000-1_EN-OL-RC-235_2,animals,animals,26.97,27.78,c,2.8059285653833057,0.0040924381464719,0,0.511318,0,C
gw_3-a-2_kv_kv-no2-crpf-langjing-imphal_22082024-000000-1_EN-OL-RC-235_2,how,how,27.78,28.26,c,0.0,0.0033835174981504,0,0.170065,0,C
gw_3-a-2_kv_kv-no2-crpf-langjing-imphal_22082024-000000-1_EN-OL-RC-235_2,sad,sad,28.26,28.71,c,0.0,0.0010999352671205,0,0.3798,0,C
gw_3-a-2_kv_kv-no2-crpf-langjing-imphal_22082024-000000-1_EN-OL-RC-235_2,the,the,28.71,28.95,c,0.0,0.0045462870039045,0,0.171941,0,C
gw_3-a-2_kv_kv-no2-crpf-langjing-imphal_22082024-000000-1_EN-OL-RC-235_2,peacock,peacock,28.95,29.58,c,0.406100786224316,0.0010347231291234,0,0.37303,0,C
gw_3-a-2_kv_kv-no2-crpf-langjing-imphal_22082024-000000-1_EN-OL-RC-235_2,was,was,29.58,30.12,c,0.406100786224316,0.001931510050781,0,0.271479,0,C
gw_3-a-2_kv_kv-no2-crpf-langjing-imphal_22082024-000000-1_EN-OL-RC-235_2,soon,soon,30.57,31.35,c,0.0,0.0061942772008478,0,0.124182,0,C
gw_3-a-2_kv_kv-no2-crpf-langjing-imphal_22082024-000000-1_EN-OL-RC-235_2,they,they,31.71,32.28,c,0.0,0.009754154831171,0,0.06149,0,C
gw_3-a-2_kv_kv-no2-crpf-langjing-imphal_22082024-000000-1_EN-OL-RC-235_2,all,all,32.31,32.7,c,0.0,0.0094440206885337,0,0.06149,0,C
gw_3-a-2_kv_kv-no2-crpf-langjing-imphal_22082024-000000-1_EN-OL-RC-235_2,came,came,32.7,33.27,c,0.0,0.0105683114379644,0,0.059093,0,C
gw_3-a-2_kv_kv-no2-crpf-langjing-imphal_22082024-000000-1_EN-OL-RC-235_2,back,back,33.27,33.72,c,0.0,0.0053580128587782,0,0.121527,0,C
gw_3-a-2_kv_kv-no2-crpf-langjing-imphal_22082024-000000-1_EN-OL-RC-235_2,the,the,34.38,34.86,c,0.0,0.0048706773668527,0,0.178198,0,C
gw_3-a-2_kv_kv-no2-crpf-langjing-imphal_22082024-000000-1_EN-OL-RC-235_2,peacock,peacock,34.89,35.55,c,9.10211909198395,0.0005876291543245,0,0.873533,1,S
gw_3-a-2_kv_kv-no2-crpf-langjing-imphal_22082024-000000-1_EN-OL-RC-235_2,was,was,35.55,35.91,c,0.406100786224316,0.0029243135359138,0,0.146692,0,C
gw_3-a-2_kv_kv-no2-crpf-langjing-imphal_22082024-000000-1_EN-OL-RC-235_2,very,very,35.91,36.45,c,0.9200152371878334,0.0073320814408361,0,0.07431,0,C
gw_3-a-2_kv_kv-no2-crpf-langjing-imphal_22082024-000000-1_EN-OL-RC-235_2,happy,happy,36.45,37.14,c,0.0,0.0070650279521942,0,0.1273,0,C
gw_3-a-2_kv_kv-no2-crpf-langjing-imphal_22082024-000000-1_EN-OL-RC-235_2,but,but,37.83,38.31,c,0.0,0.0045179850421845,0,0.171941,0,C
gw_3-a-2_kv_kv-no2-crpf-langjing-imphal_22082024-000000-1_EN-OL-RC-235_2,his,his,38.31,38.82,c,0.0,0.0056433118879795,0,0.122798,0,C
gw_3-a-2_kv_kv-no2-crpf-langjing-imphal_22082024-000000-1_EN-OL-RC-235_2,voice,voice,38.82,39.39,c,0.9200152371878334,0.0025868562515825,0,0.264961,0,C
gw_3-a-2_kv_kv-no2-crpf-langjing-imphal_22082024-000000-1_EN-OL-RC-235_2,never,never,39.39,40.14,c,0.9200152371878334,0.0053626857697963,0,0.062265,0,C
gw_3-a-2_kv_kv-no2-crpf-langjing-imphal_22082024-000000-1_EN-OL-RC-235_2,became,became,40.2,40.62,s,8.74028336825827,0.0084542166441679,0,0.964394,1,S
gw_3-a-2_kv_kv-no2-crpf-langjing-imphal_22082024-000000-1_EN-OL-RC-235_2,lovely,lovely,40.86,41.46,c,0.9200152371878334,0.0008115230011753,0,0.327262,0,C
gw_3-a-2_kv_kv-no2-crpf-langjing-imphal_22082024-000000-1_EN-OL-RC-235_2,again,again,41.46,42.42,c,1.9619857293066825,0.00347735802643,0,0.782751,0,C
ut_3-b-36_kv_kv-no2-crpf-langjing-imphal_22082024-000000-1_EN-OL-RC-244_2,when,when,0.99,1.26,c,0.0,0.0091210361570119,0,0.038673,0,C
ut_3-b-36_kv_kv-no2-crpf-langjing-imphal_22082024-000000-1_EN-OL-RC-244_2,you,you,1.26,1.41,c,0.0,0.0096149761229753,0,0.06149,0,C
ut_3-b-36_kv_kv-no2-crpf-langjing-imphal_22082024-000000-1_EN-OL-RC-244_2,eat,eat,1.41,1.68,c,0.0,0.0037118848413228,0,0.170065,0,C
ut_3-b-36_kv_kv-no2-crpf-langjing-imphal_22082024-000000-1_EN-OL-RC-244_2,a,a,1.68,1.8,c,0.0,0.0014988770708441,0,0.317066,0,C
ut_3-b-36_kv_kv-no2-crpf-langjing-imphal_22082024-000000-1_EN-OL-RC-244_2,banana,banana,1.8,2.4,c,6.104000205878067,0.0039724367670714,0,0.468547,0,C
ut_3-b-36_kv_kv-no2-crpf-langjing-imphal_22082024-000000-1_EN-OL-RC-244_2,you,you,2.4,2.61,c,0.0,0.0061836675740778,0,0.144049,0,C
ut_3-b-36_kv_kv-no2-crpf-langjing-imphal_22082024-000000-1_EN-OL-RC-244_2,see,see,2.61,2.85,c,0.0,0.0013733060332015,0,0.327633,0,C
ut_3-b-36_kv_kv-no2-crpf-langjing-imphal_22082024-000000-1_EN-OL-RC-244_2,small,small,2.85,3.48,c,0.0,0.0050828312523663,0,0.133009,0,C
ut_3-b-36_kv_kv-no2-crpf-langjing-imphal_22082024-000000-1_EN-OL-RC-244_2,soft,soft,3.48,4.02,c,0.406100786224316,0.0024334902409464,0,0.268384,0,C
ut_3-b-36_kv_kv-no2-crpf-langjing-imphal_22082024-000000-1_EN-OL-RC-244_2,black,black,4.02,4.47,c,0.0,0.0041903797537088,0,0.171941,0,C
ut_3-b-36_kv_kv-no2-crpf-langjing-imphal_22082024-000000-1_EN-OL-RC-244_2,seeds,seeds,4.47,4.89,c,12.165530333965886,0.000561773951631,0,0.926959,1,S
ut_3-b-36_kv_kv-no2-crpf-langjing-imphal_22082024-000000-1_EN-OL-RC-244_2,inside,inside,4.89,5.43,c,0.0,0.0088190594688057,0,0.110977,0,C
ut_3-b-36_kv_kv-no2-crpf-langjing-imphal_22082024-000000-1_EN-OL-RC-244_2,the,the,5.43,5.61,c,0.0,0.0053457431495189,0,0.121527,0,C
ut_3-b-36_kv_kv-no2-crpf-langjing-imphal_22082024-000000-1_EN-OL-RC-244_2,fruit,fruit,5.61,6.06,c,0.0,0.0041878465563058,0,0.171941,0,C
ut_3-b-36_kv_kv-no2-crpf-langjing-imphal_22082024-000000-1_EN-OL-RC-244_2,these,these,6.39,6.72,c,0.0,0.0020280035678297,0,0.288304,0,C
ut_3-b-36_kv_kv-no2-crpf-langjing-imphal_22082024-000000-1_EN-OL-RC-244_2,seeds,seeds,6.72,7.11,c,6.7338744867176725,0.0007678651018068,0,0.872138,1,S
ut_3-b-36_kv_kv-no2-crpf-langjing-imphal_22082024-000000-1_EN-OL-RC-244_2,are,are,7.11,7.53,c,0.0,0.0051861894316971,0,0.133009,0,C
ut_3-b-36_kv_kv-no2-crpf-langjing-imphal_22082024-000000-1_EN-OL-RC-244_2,of,of,7.71,7.98,c,4.411563432609308,0.0061091892421245,0,0.248749,0,C
ut_3-b-36_kv_kv-no2-crpf-langjing-imphal_22082024-000000-1_EN-OL-RC-244_2,no,no,7.98,8.31,c,0.0,0.0045125246979296,0,0.171941,0,C
ut_3-b-36_kv_kv-no2-crpf-langjing-imphal_22082024-000000-1_EN-OL-RC-244_2,use,use,8.31,8.58,c,0.0,0.0071303751319646,0,0.1273,0,C
ut_3-b-36_kv_kv-no2-crpf-langjing-imphal_22082024-000000-1_EN-OL-RC-244_2,at,at,8.61,8.85,c,0.0,0.012039553374052,0,0.028374,0,C
ut_3-b-36_kv_kv-no2-crpf-langjing-imphal_22082024-000000-1_EN-OL-RC-244_2,all,all,8.85,9.24,c,0.0,0.0090516610071063,0,0.038673,0,C
ut_3-b-36_kv_kv-no2-crpf-langjing-imphal_22082024-000000-1_EN-OL-RC-244_2,to,to,9.51,9.69,c,0.0,0.0063450094312429,0,0.124182,0,C
ut_3-b-36_kv_kv-no2-crpf-langjing-imphal_22082024-000000-1_EN-OL-RC-244_2,the,the,9.69,9.78,c,0.0,0.0077263973653316,0,0.105428,0,C
ut_3-b-36_kv_kv-no2-crpf-langjing-imphal_22082024-000000-1_EN-OL-RC-244_2,banana,banana,9.81,10.29,c,6.104000205878067,0.0029733711853623,0,0.389903,0,C
ut_3-b-36_kv_kv-no2-crpf-langjing-imphal_22082024-000000-1_EN-OL-RC-244_2,plant,plant,10.29,10.8,c,1.8273272771167963,0.0031916673760861,0,0.315271,0,C
ut_3-b-36_kv_kv-no2-crpf-langjing-imphal_22082024-000000-1_EN-OL-RC-244_2,new,new,11.04,11.37,c,5.016703330405624,0.0038602978456765,0,0.780188,0,C
ut_3-b-36_kv_kv-no2-crpf-langjing-imphal_22082024-000000-1_EN-OL-RC-244_2,plants,plants,11.37,11.94,c,1.8273272771167963,0.0034132779110223,0,0.311668,0,C
ut_3-b-36_kv_kv-no2-crpf-langjing-imphal_22082024-000000-1_EN-OL-RC-244_2,do,do,11.94,12.15,c,0.0,0.0124041875824332,0,0.020343,0,C
ut_3-b-36_kv_kv-no2-crpf-langjing-imphal_22082024-000000-1_EN-OL-RC-244_2,not,not,12.15,12.45,c,0.406100786224316,0.0097086522728204,0,0.042256,0,C
ut_3-b-36_kv_kv-no2-crpf-langjing-imphal_22082024-000000-1_EN-OL-RC-244_2,grow,grow,12.45,12.72,c,0.0,0.0085962666198611,0,0.113525,0,C
ut_3-b-36_kv_kv-no2-crpf-langjing-imphal_22082024-000000-1_EN-OL-RC-244_2,from,from,12.72,12.99,c,2.9596412198778177,0.0098152477294206,0,0.05719,0,C
ut_3-b-36_kv_kv-no2-crpf-langjing-imphal_22082024-000000-1_EN-OL-RC-244_2,the,the,12.99,13.11,c,0.0,0.0059794159606099,0,0.137818,0,C
ut_3-b-36_kv_kv-no2-crpf-langjing-imphal_22082024-000000-1_EN-OL-RC-244_2,seeds,seeds,13.11,13.65,c,2.250333956628733,0.0004090345173608,0,0.686768,0,C
ut_3-b-36_kv_kv-no2-crpf-langjing-imphal_22082024-000000-1_EN-OL-RC-244_2,new,new,13.92,14.13,c,5.016703330405624,0.0022567282430827,0,0.768393,0,C
ut_3-b-36_kv_kv-no2-crpf-langjing-imphal_22082024-000000-1_EN-OL-RC-244_2,banana,banana,14.13,14.58,c,6.104000205878067,0.0039295838214457,0,0.468547,0,C
ut_3-b-36_kv_kv-no2-crpf-langjing-imphal_22082024-000000-1_EN-OL-RC-244_2,plants,plants,14.58,15.21,c,1.8273272771167963,0.0030591797549277,0,0.317408,0,C
ut_3-b-36_kv_kv-no2-crpf-langjing-imphal_22082024-000000-1_EN-OL-RC-244_2,grow,grow,15.24,15.57,c,0.0,0.008323467336595,0,0.105428,0,C
ut_3-b-36_kv_kv-no2-crpf-langjing-imphal_22082024-000000-1_EN-OL-RC-244_2,from,from,15.57,15.84,c,2.9596412198778177,0.0044859987683594,0,0.370614,0,C
ut_3-b-36_kv_kv-no2-crpf-langjing-imphal_22082024-000000-1_EN-OL-RC-244_2,the,the,15.84,15.96,c,0.0,0.0065213297493755,0,0.13149,0,C
ut_3-b-36_kv_kv-no2-crpf-langjing-imphal_22082024-000000-1_EN-OL-RC-244_2,old,old,15.96,16.32,c,0.0,0.0002233581908512,0,0.520826,0,C
ut_3-b-36_kv_kv-no2-crpf-langjing-imphal_22082024-000000-1_EN-OL-RC-244_2,plant,plant,16.38,16.83,c,1.8273272771167963,0.0023341032210737,0,0.438058,0,C
ut_3-b-36_kv_kv-no2-crpf-langjing-imphal_22082024-000000-1_EN-OL-RC-244_2,they,they,17.07,17.25,c,0.0,0.0109129156917333,0,0.052143,0,C
ut_3-b-36_kv_kv-no2-crpf-langjing-imphal_22082024-000000-1_EN-OL-RC-244_2,look,look,17.25,17.46,c,0.0,0.0035634839441627,0,0.170065,0,C
ut_3-b-36_kv_kv-no2-crpf-langjing-imphal_22082024-000000-1_EN-OL-RC-244_2,just,<eps>,,,d,,,1,1.0,1,S
ut_3-b-36_kv_kv-no2-crpf-langjing-imphal_22082024-000000-1_EN-OL-RC-244_2,like,like,17.46,17.79,c,0.0,0.0052677979692816,0,0.121527,0,C
ut_3-b-36_kv_kv-no2-crpf-langjing-imphal_22082024-000000-1_EN-OL-RC-244_2,the,the,17.79,18.12,c,0.0,0.0071947136893868,0,0.1273,0,C
ut_3-b-36_kv_kv-no2-crpf-langjing-imphal_22082024-000000-1_EN-OL-RC-244_2,full,full,18.3,18.69,c,0.0,0.0081463465467095,0,0.105428,0,C
ut_3-b-36_kv_kv-no2-crpf-langjing-imphal_22082024-000000-1_EN-OL-RC-244_2,grown,grown,18.69,19.05,c,0.0,0.0089123854413628,0,0.038673,0,C
ut_3-b-36_kv_kv-no2-crpf-langjing-imphal_22082024-000000-1_EN-OL-RC-244_2,plant,plant,19.05,19.44,c,5.324249606799672,0.0028827050700783,0,0.789243,0,C
ut_3-b-36_kv_kv-no2-crpf-langjing-imphal_22082024-000000-1_EN-OL-RC-244_2,there,they,19.44,19.68,c,6.03928414024006,0.0005287373787723,0,0.827386,0,C
ut_3-b-36_kv_kv-no2-crpf-langjing-imphal_22082024-000000-1_EN-OL-RC-244_2,are,are,19.68,19.89,c,0.0,0.0015183390351012,0,0.272784,0,C
ut_3-b-36_kv_kv-no2-crpf-langjing-imphal_22082024-000000-1_EN-OL-RC-244_2,some,some,19.89,20.13,c,0.0,0.0099404798820614,0,0.10098,0,C
ut_3-b-36_kv_kv-no2-crpf-langjing-imphal_22082024-000000-1_EN-OL-RC-244_2,bananas,bananas,21.75,22.5,s,8.960736928941769,0.0028903745114803,0,0.918796,1,S
ut_3-b-36_kv_kv-no2-crpf-langjing-imphal_22082024-000000-1_EN-OL-RC-244_2,which,which,22.53,22.8,c,0.0,0.0049225916154682,0,0.159218,0,C
ut_3-b-36_kv_kv-no2-crpf-langjing-imphal_22082024-000000-1_EN-OL-RC-244_2,are,are,22.8,22.98,c,0.0,0.0064016939140856,0,0.124182,0,C
ut_3-b-36_kv_kv-no2-crpf-langjing-imphal_22082024-000000-1_EN-OL-RC-244_2,called,called,22.98,23.4,c,0.0,0.0017605882603675,0,0.285649,0,C
ut_3-b-36_kv_kv-no2-crpf-langjing-imphal_22082024-000000-1_EN-OL-RC-244_2,plantains,plantains,23.46,24.51,c,8.947270647108912,0.0006354434881359,0,0.873533,1,S
ut_3-b-36_kv_kv-no2-crpf-langjing-imphal_22082024-000000-1_EN-OL-RC-244_2,in,in,24.78,24.96,c,0.0,0.0083963731303811,0,0.105428,0,C
ut_3-b-36_kv_kv-no2-crpf-langjing-imphal_22082024-000000-1_EN-OL-RC-244_2,many,many,24.96,25.26,c,0.0,0.0077062635682523,0,0.105428,0,C
ut_3-b-36_kv_kv-no2-crpf-langjing-imphal_22082024-000000-1_EN-OL-RC-244_2,countries,countries,25.26,25.89,c,0.0,0.0052972920238971,0,0.121527,0,C
ut_3-b-36_kv_kv-no2-crpf-langjing-imphal_22082024-000000-1_EN-OL-RC-244_2,plantains,plantains,25.89,26.61,c,13.581359621057654,0.0005708948592655,0,0.929119,1,S
ut_3-b-36_kv_kv-no2-crpf-langjing-imphal_22082024-000000-1_EN-OL-RC-244_2,are,are,26.61,26.79,c,0.0,0.0061335447244346,0,0.115823,0,C
ut_3-b-36_kv_kv-no2-crpf-langjing-imphal_22082024-000000-1_EN-OL-RC-244_2,not,not,26.79,27.06,c,0.406100786224316,0.0090704131871461,0,0.026376,0,C
ut_3-b-36_kv_kv-no2-crpf-langjing-imphal_22082024-000000-1_EN-OL-RC-244_2,eaten,eaten,27.06,27.45,c,0.0,0.0085188383236527,0,0.105428,0,C
ut_3-b-36_kv_kv-no2-crpf-langjing-imphal_22082024-000000-1_EN-OL-RC-244_2,as,as,27.45,27.66,c,0.0,0.0064715459011495,0,0.124182,0,C
ut_3-b-36_kv_kv-no2-crpf-langjing-imphal_22082024-000000-1_EN-OL-RC-244_2,fruit,fruit,27.66,28.05,s,3.496922329682875,0.00068023923086,0,0.711418,0,C
ut_3-b-36_kv_kv-no2-crpf-langjing-imphal_22082024-000000-1_EN-OL-RC-244_2,they,they,28.32,28.47,c,0.0,0.007949792779982,0,0.105428,0,C
ut_3-b-36_kv_kv-no2-crpf-langjing-imphal_22082024-000000-1_EN-OL-RC-244_2,are,are,28.47,28.65,c,0.0,0.0052619557827711,0,0.121527,0,C
ut_3-b-36_kv_kv-no2-crpf-langjing-imphal_22082024-000000-1_EN-OL-RC-244_2,cooked,cooked,28.65,28.92,c,3.8933488049826166,0.0010507688857614,0,0.709299,0,C
ut_3-b-36_kv_kv-no2-crpf-langjing-imphal_22082024-000000-1_EN-OL-RC-244_2,as,as,28.95,29.19,c,0.0,0.0034872880205512,0,0.170065,0,C
ut_3-b-36_kv_kv-no2-crpf-langjing-imphal_22082024-000000-1_EN-OL-RC-244_2,vegetables,vegetables,29.19,30.24,c,0.9200152371878334,0.0019135400652885,0,0.285854,0,C
an_4-a-1_kv_kv-no2-hubli_06082025-000000-1_EN-OL-RC-300_2,it,it,0.99,1.2,c,0.0,0.005975151900202,0,0.137818,0,C
an_4-a-1_kv_kv-no2-hubli_06082025-000000-1_EN-OL-RC-300_2,is,is,1.2,1.41,c,0.0,0.0031654417980462,0,0.172023,0,C
an_4-a-1_kv_kv-no2-hubli_06082025-000000-1_EN-OL-RC-300_2,a,a,1.44,1.62,c,0.0,0.0146936271339654,0,0.035019,0,C
an_4-a-1_kv_kv-no2-hubli_06082025-000000-1_EN-OL-RC-300_2,thick,thick,1.62,1.92,c,0.0,0.0077796853147447,0,0.105428,0,C
an_4-a-1_kv_kv-no2-hubli_06082025-000000-1_EN-OL-RC-300_2,coat,coat,1.92,2.25,c,0.0,0.0079500544816255,0,0.105428,0,C
an_4-a-1_kv_kv-no2-hubli_06082025-000000-1_EN-OL-RC-300_2,of,of,2.25,2.49,c,4.411563432609308,0.0103279817849397,0,0.069479,0,C
an_4-a-1_kv_kv-no2-hubli_06082025-000000-1_EN-OL-RC-300_2,short,short,2.49,3.06,c,0.0,0.0012273403117433,0,0.377901,0,C
an_4-a-1_kv_kv-no2-hubli_06082025-000000-1_EN-OL-RC-300_2,soft,soft,3.45,3.9,c,0.406100786224316,0.0033428431488573,0,0.14339,0,C
an_4-a-1_kv_kv-no2-hubli_06082025-000000-1_EN-OL-RC-300_2,hair,hair,3.93,4.35,c,1.9619857293066825,0.0059481742791831,0,0.82946,0,C
an_4-a-1_kv_kv-no2-hubli_06082025-000000-1_EN-OL-RC-300_2,it,it,4.35,4.68,c,0.0,0.0075341393239796,0,0.105428,0,C
an_4-a-1_kv_kv-no2-hubli_06082025-000000-1_EN-OL-RC-300_2,keeps,keSIL,4.68,5.07,c,0.0,0.0075727105140686,0,0.105428,0,C
an_4-a-1_kv_kv-no2-hubli_06082025-000000-1_EN-OL-RC-300_2,the,the,5.1,5.34,c,0.0,0.0140321524813771,0,0.044785,0,C
an_4-a-1_kv_kv-no2-hubli_06082025-000000-1_EN-OL-RC-300_2,yak,yak,5.34,5.79,c,1.8273272771167963,0.0014621870359405,0,0.433796,0,C
an_4-a-1_kv_kv-no2-hubli_06082025-000000-1_EN-OL-RC-300_2,very,very,5.79,6.15,c,0.9200152371878334,0.0093296999111771,0,0.033442,0,C
an_4-a-1_kv_kv-no2-hubli_06082025-000000-1_EN-OL-RC-300_2,warm,warm,6.15,6.54,c,0.0,0.0075058289803564,0,0.1273,0,C
an_4-a-1_kv_kv-no2-hubli_06082025-000000-1_EN-OL-RC-300_2,as,as,6.81,7.08,c,0.0,0.0026071954052895,0,0.267299,0,C
an_4-a-1_kv_kv-no2-hubli_06082025-000000-1_EN-OL-RC-300_2,the,the,7.08,7.38,c,0.0,0.0042873132042586,0,0.171941,0,C
an_4-a-1_kv_kv-no2-hubli_06082025-000000-1_EN-OL-RC-300_2,harsh,harsh,7.38,7.98,s,2.3964357087511416,0.0003066246863454,0,0.632778,0,C
an_4-a-1_kv_kv-no2-hubli_06082025-000000-1_EN-OL-RC-300_2,winter,winter,8.49,8.94,c,0.0,0.0100352261215448,0,0.10098,0,C
an_4-a-1_kv_kv-no2-hubli_06082025-000000-1_EN-OL-RC-300_2,slowly,slowly,8.94,9.42,c,0.0,0.0083916094154119,0,0.105428,0,C
an_4-a-1_kv_kv-no2-hubli_06082025-000000-1_EN-OL-RC-300_2,fades,fades,9.42,9.84,c,7.783370945761439,0.0007408368983305,0,0.874606,1,S
an_4-a-1_kv_kv-no2-hubli_06082025-000000-1_EN-OL-RC-300_2,the,the,9.87,10.11,c,0.0,0.0119893737137317,0,0.035606,0,C
an_4-a-1_kv_kv-no2-hubli_06082025-000000-1_EN-OL-RC-300_2,yak's,yak's,10.11,10.68,s,3.6603203302623726,0.000568043149542,0,0.712523,0,C
an_4-a-1_kv_kv-no2-hubli_06082025-000000-1_EN-OL-RC-300_2,thick,thick,11.43,11.82,c,0.0,0.0047348369844257,0,0.149343,0,C
an_4-a-1_kv_kv-no2-hubli_06082025-000000-1_EN-OL-RC-300_2,winter,winter,11.82,12.24,c,0.0,0.0089844241738319,0,0.038673,0,C
an_4-a-1_kv_kv-no2-hubli_06082025-000000-1_EN-OL-RC-300_2,coat,coat,12.24,12.6,c,0.0,0.0076827448792755,0,0.105428,0,C
an_4-a-1_kv_kv-no2-hubli_06082025-000000-1_EN-OL-RC-300_2,starts,starts,12.6,13.08,c,0.0,0.0043953577987849,0,0.171941,0,C
an_4-a-1_kv_kv-no2-hubli_06082025-000000-1_EN-OL-RC-300_2,to,to,13.08,13.29,c,0.0,0.0058058751747012,0,0.127876,0,C
an_4-a-1_kv_kv-no2-hubli_06082025-000000-1_EN-OL-RC-300_2,shed,shed,13.29,13.62,c,6.879976238840081,0.0002240538306068,0,0.853738,1,S
an_4-a-1_kv_kv-no2-hubli_06082025-000000-1_EN-OL-RC-300_2,the,the,13.8,14.1,c,0.0,0.0031336527317762,0,0.172023,0,C
an_4-a-1_kv_kv-no2-hubli_06082025-000000-1_EN-OL-RC-300_2,yak,yak,14.1,14.49,s,3.6603203302623726,0.0004322190943639,0,0.773451,0,C
an_4-a-1_kv_kv-no2-hubli_06082025-000000-1_EN-OL-RC-300_2,stands,stands,14.49,14.97,c,2.250333956628733,0.0016901596682146,0,0.415065,0,C
an_4-a-1_kv_kv-no2-hubli_06082025-000000-1_EN-OL-RC-300_2,in,in,15.0,15.24,c,0.0,0.0130907008424401,0,0.039524,0,C
an_4-a-1_kv_kv-no2-hubli_06082025-000000-1_EN-OL-RC-300_2,the,the,15.24,15.48,c,0.0,0.0068139010109007,0,0.13149,0,C
an_4-a-1_kv_kv-no2-hubli_06082025-000000-1_EN-OL-RC-300_2,sun,sun,15.6,15.96,c,0.0,0.0139591824263334,0,0.044785,0,C
an_4-a-1_kv_kv-no2-hubli_06082025-000000-1_EN-OL-RC-300_2,and,and,15.99,16.38,c,2.95656721210025,0.0064376625232398,0,0.162691,0,C
an_4-a-1_kv_kv-no2-hubli_06082025-000000-1_EN-OL-RC-300_2,the,the,16.38,16.74,c,0.0,0.0069984779693186,0,0.1273,0,C
an_4-a-1_kv_kv-no2-hubli_06082025-000000-1_EN-OL-RC-300_2,old,old,16.89,17.34,c,0.0,0.0076599265448749,0,0.105428,0,C
an_4-a-1_kv_kv-no2-hubli_06082025-000000-1_EN-OL-RC-300_2,coat,coat,17.34,17.76,c,0.0,0.0091489795595407,0,0.061945,0,C
an_4-a-1_kv_kv-no2-hubli_06082025-000000-1_EN-OL-RC-300_2,gradually,gradually,17.79,18.63,s,17.93442958721898,0.0005383627722039,0,0.962619,1,S
an_4-a-1_kv_kv-no2-hubli_06082025-000000-1_EN-OL-RC-300_2,falls,falls,19.11,19.62,c,2.250333956628733,0.0015070638619363,0,0.40147,0,C
an_4-a-1_kv_kv-no2-hubli_06082025-000000-1_EN-OL-RC-300_2,off,off,19.62,19.98,c,0.0,0.0057729603722691,0,0.127876,0,C
an_4-a-1_kv_kv-no2-hubli_06082025-000000-1_EN-OL-RC-300_2,leaving,leaving,20.01,20.55,c,3.2442521985935677,0.0024967084173113,0,0.64574,0,C
an_4-a-1_kv_kv-no2-hubli_06082025-000000-1_EN-OL-RC-300_2,a,a,20.61,21.03,c,0.0,0.0047102035023272,0,0.149343,0,C
an_4-a-1_kv_kv-no2-hubli_06082025-000000-1_EN-OL-RC-300_2,lighter,lighter,21.18,21.84,c,5.429883512383896,0.002000828506425,0,0.773003,0,C
an_4-a-1_kv_kv-no2-hubli_06082025-000000-1_EN-OL-RC-300_2,summer,summer,21.99,22.56,c,0.0,0.0116742039099335,0,0.062217,0,C
an_4-a-1_kv_kv-no2-hubli_06082025-000000-1_EN-OL-RC-300_2,coat,coat,22.56,23.13,c,0.0,0.00330351293087,0,0.170065,0,C
an_4-a-1_kv_kv-no2-hubli_06082025-000000-1_EN-OL-RC-300_2,behind,behind,23.4,23.94,c,0.0,0.0065911295823752,0,0.13149,0,C
an_4-a-1_kv_kv-no2-hubli_06082025-000000-1_EN-OL-RC-300_2,the,the,24.09,24.69,c,5.334334063551648,0.0008988826884888,0,0.766736,0,C
an_4-a-1_kv_kv-no2-hubli_06082025-000000-1_EN-OL-RC-300_2,yak,yak,24.69,25.26,c,1.8273272771167963,0.0003800394770223,0,0.55722,0,C
an_4-a-1_kv_kv-no2-hubli_06082025-000000-1_EN-OL-RC-300_2,enjoys,enjoys,25.5,26.07,c,0.0,0.0016290612984448,0,0.347484,0,C
an_4-a-1_kv_kv-no2-hubli_06082025-000000-1_EN-OL-RC-300_2,this,this,26.07,26.46,c,0.0,0.0094056855887174,0,0.06149,0,C
an_4-a-1_kv_kv-no2-hubli_06082025-000000-1_EN-OL-RC-300_2,change,change,26.46,26.88,c,0.0,0.0016997461207211,0,0.285649,0,C
an_4-a-1_kv_kv-no2-hubli_06082025-000000-1_EN-OL-RC-300_2,as,as,27.15,27.48,c,0.0,0.0034015856217592,0,0.170065,0,C
an_4-a-1_kv_kv-no2-hubli_06082025-000000-1_EN-OL-RC-300_2,it,it,27.48,27.66,c,0.0,0.0099986772984266,0,0.10098,0,C
an_4-a-1_kv_kv-no2-hubli_06082025-000000-1_EN-OL-RC-300_2,can,can,27.66,27.96,c,0.0,0.0059482166543602,0,0.127876,0,C
an_4-a-1_kv_kv-no2-hubli_06082025-000000-1_EN-OL-RC-300_2,now,now,27.96,28.23,c,0.0,0.0021850282792001,0,0.288304,0,C
an_4-a-1_kv_kv-no2-hubli_06082025-000000-1_EN-OL-RC-300_2,move,move,28.23,28.65,c,4.280670803477605,0.0003011242370121,0,0.698184,0,C
an_4-a-1_kv_kv-no2-hubli_06082025-000000-1_EN-OL-RC-300_2,more,more,28.65,29.16,c,2.9381690051141307,0.0006589777767658,0,0.571375,0,C
an_4-a-1_kv_kv-no2-hubli_06082025-000000-1_EN-OL-RC-300_2,freely,freely,29.4,30.0,c,6.111309351166965,0.0007301582954823,0,0.530882,0,C
an_4-a-1_kv_kv-no2-hubli_06082025-000000-1_EN-OL-RC-300_2,and,and,30.0,30.45,c,2.95656721210025,0.0082342624664306,0,0.087253,0,C
an_4-a-1_kv_kv-no2-hubli_06082025-000000-1_EN-OL-RC-300_2,is,is,30.48,30.78,c,0.0,0.0025217139627784,0,0.267299,0,C
an_4-a-1_kv_kv-no2-hubli_06082025-000000-1_EN-OL-RC-300_2,more,more,30.78,31.26,c,2.9381690051141307,0.0006531904218718,0,0.571375,0,C
an_4-a-1_kv_kv-no2-hubli_06082025-000000-1_EN-OL-RC-300_2,comfortable,comfortable,31.5,32.34,c,0.0,0.0010812361724674,0,0.3798,0,C
an_4-a-1_kv_kv-no2-hubli_06082025-000000-1_EN-OL-RC-300_2,in,in,32.97,33.27,c,4.779781386037812,0.0108314920216798,0,0.579535,0,C
an_4-a-1_kv_kv-no2-hubli_06082025-000000-1_EN-OL-RC-300_2,the,the,33.27,33.57,c,0.0,0.0094268647953867,0,0.06149,0,C
an_4-a-1_kv_kv-no2-hubli_06082025-000000-1_EN-OL-RC-300_2,warmer,warmer,33.69,34.29,s,7.644649012931108,0.0090768421068787,0,0.968874,1,S
an_4-a-1_kv_kv-no2-hubli_06082025-000000-1_EN-OL-RC-300_2,weather,weather,34.38,34.92,c,0.0,0.0038784609641879,0,0.170065,0,C
ay_4-a-3_kv_kv-dlw-varanasi_22082024-000000-1_EN-OL-RC-313_1,jacob,jacob,0.99,1.5,c,4.572332468261702,0.0007060870411805,0,0.667532,0,C
ay_4-a-3_kv_kv-dlw-varanasi_22082024-000000-1_EN-OL-RC-313_1,the,the,1.5,1.62,c,0.0,0.0144559489563107,0,0.035019,0,C
ay_4-a-3_kv_kv-dlw-varanasi_22082024-000000-1_EN-OL-RC-313_1,beggar,beggar,1.62,2.04,c,0.0,0.0077700978145003,0,0.105428,0,C
ay_4-a-3_kv_kv-dlw-varanasi_22082024-000000-1_EN-OL-RC-313_1,who,who,2.31,2.64,c,0.0,0.0063469824381172,0,0.124182,0,C
ay_4-a-3_kv_kv-dlw-varanasi_22082024-000000-1_EN-OL-RC-313_1,could,could,2.82,3.06,c,0.0,0.0099055226892232,0,0.10098,0,C
ay_4-a-3_kv_kv-dlw-varanasi_22082024-000000-1_EN-OL-RC-313_1,not,not,3.06,3.39,c,0.406100786224316,0.0089452974498271,0,0.026376,0,C
ay_4-a-3_kv_kv-dlw-varanasi_22082024-000000-1_EN-OL-RC-313_1,see,see,3.39,3.78,c,0.0,0.0077195111662149,0,0.105428,0,C
ay_4-a-3_kv_kv-dlw-varanasi_22082024-000000-1_EN-OL-RC-313_1,sat,sat,4.65,4.98,c,0.0,0.0010461965575814,0,0.377337,0,C
ay_4-a-3_kv_kv-dlw-varanasi_22082024-000000-1_EN-OL-RC-313_1,by,by,4.98,5.61,c,0.0,0.0084742596372962,0,0.105428,0,C
ay_4-a-3_kv_kv-dlw-varanasi_22082024-000000-1_EN-OL-RC-313_1,the,the,5.64,5.91,c,0.0,0.0157842673361301,0,0.017518,0,C
ay_4-a-3_kv_kv-dlw-varanasi_22082024-000000-1_EN-OL-RC-313_1,roadside,roadside,5.91,6.57,c,0.0,0.0059017892926931,0,0.127876,0,C
ay_4-a-3_kv_kv-dlw-varanasi_22082024-000000-1_EN-OL-RC-313_1,he,he,6.9,7.17,c,0.0,0.0057448185980319,0,0.127876,0,C
ay_4-a-3_kv_kv-dlw-varanasi_22082024-000000-1_EN-OL-RC-313_1,heard,heard,7.17,7.56,s,4.491130047978703,0.0022396903950721,0,0.665726,0,C
ay_4-a-3_kv_kv-dlw-varanasi_22082024-000000-1_EN-OL-RC-313_1,the,the,7.56,7.65,c,0.0,0.0104445740580558,0,0.059093,0,C
ay_4-a-3_kv_kv-dlw-varanasi_22082024-000000-1_EN-OL-RC-313_1,people,people,7.65,8.04,c,0.0,0.007799363695085,0,0.105428,0,C
ay_4-a-3_kv_kv-dlw-varanasi_22082024-000000-1_EN-OL-RC-313_1,walking,walking,8.04,8.49,c,0.0,0.0072447592392563,0,0.1273,0,C
ay_4-a-3_kv_kv-dlw-varanasi_22082024-000000-1_EN-OL-RC-313_1,by,by,8.49,8.79,c,0.0,0.0021875221282243,0,0.288304,0,C
ay_4-a-3_kv_kv-dlw-varanasi_22082024-000000-1_EN-OL-RC-313_1,and,and,8.97,9.27,c,2.95656721210025,0.0090729566290974,0,0.060856,0,C
ay_4-a-3_kv_kv-dlw-varanasi_22082024-000000-1_EN-OL-RC-313_1,listened,listened,9.9,10.47,c,0.0,0.0070698033086955,0,0.1273,0,C
ay_4-a-3_kv_kv-dlw-varanasi_22082024-000000-1_EN-OL-RC-313_1,to,to,10.71,10.89,c,0.0,0.0125900665298104,0,0.020343,0,C
ay_4-a-3_kv_kv-dlw-varanasi_22082024-000000-1_EN-OL-RC-313_1,the,the,10.89,11.01,c,0.0,0.0143315009772777,0,0.035019,0,C
ay_4-a-3_kv_kv-dlw-varanasi_22082024-000000-1_EN-OL-RC-313_1,sound,sound,11.01,11.64,c,0.0,0.0044820751063525,0,0.171941,0,C
ay_4-a-3_kv_kv-dlw-varanasi_22082024-000000-1_EN-OL-RC-313_1,of,of,11.73,12.03,c,4.411563432609308,0.0079761631786823,0,0.213799,0,C
ay_4-a-3_kv_kv-dlw-varanasi_22082024-000000-1_EN-OL-RC-313_1,the,the,12.18,12.48,c,0.0,0.0130634382367134,0,0.039524,0,C
ay_4-a-3_kv_kv-dlw-varanasi_22082024-000000-1_EN-OL-RC-313_1,small,small,12.48,12.99,c,0.0,0.0084616178646683,0,0.105428,0,C
ay_4-a-3_kv_kv-dlw-varanasi_22082024-000000-1_EN-OL-RC-313_1,coins,coins,12.99,13.44,c,2.250333956628733,0.0019609166774898,0,0.383276,0,C
ay_4-a-3_kv_kv-dlw-varanasi_22082024-000000-1_EN-OL-RC-313_1,which,which,13.71,13.98,c,0.0,0.0044396328739821,0,0.171941,0,C
ay_4-a-3_kv_kv-dlw-varanasi_22082024-000000-1_EN-OL-RC-313_1,they,they,13.98,14.16,c,0.0,0.0120126530528068,0,0.028374,0,C
ay_4-a-3_kv_kv-dlw-varanasi_22082024-000000-1_EN-OL-RC-313_1,dropped,dropped,14.16,14.55,c,4.391148419923415,0.003815955016762,0,0.556338,0,C
ay_4-a-3_kv_kv-dlw-varanasi_22082024-000000-1_EN-OL-RC-313_1,in,in,14.73,14.94,c,0.0,0.0096664121374487,0,0.06149,0,C
ay_4-a-3_kv_kv-dlw-varanasi_22082024-000000-1_EN-OL-RC-313_1,his,his,14.94,15.15,c,0.0,0.0064479606226086,0,0.124182,0,C
ay_4-a-3_kv_kv-dlw-varanasi_22082024-000000-1_EN-OL-RC-313_1,plate,plate,15.15,15.51,c,0.0,0.0101053342223167,0,0.084144,0,C
ay_4-a-3_kv_kv-dlw-varanasi_22082024-000000-1_EN-OL-RC-313_1,suddenly,suddenly,15.72,16.29,c,0.0,0.0116638541221618,0,0.062217,0,C
ay_4-a-3_kv_kv-dlw-varanasi_22082024-000000-1_EN-OL-RC-313_1,he,he,16.29,16.71,c,9.25444792782029,0.0019671793561428,0,0.891032,1,S
ay_4-a-3_kv_kv-dlw-varanasi_22082024-000000-1_EN-OL-RC-313_1,heard,heard,16.71,16.89,s,3.693372022612706,0.0039296755567193,0,0.720019,0,C
ay_4-a-3_kv_kv-dlw-varanasi_22082024-000000-1_EN-OL-RC-313_1,many,many,18.96,19.26,c,0.0,0.0031148472335189,0,0.172023,0,C
ay_4-a-3_kv_kv-dlw-varanasi_22082024-000000-1_EN-OL-RC-313_1,men,men,19.26,19.47,c,0.0,0.0015154543798416,0,0.272784,0,C
ay_4-a-3_kv_kv-dlw-varanasi_22082024-000000-1_EN-OL-RC-313_1,coming,coming,19.47,19.89,c,0.0,0.0094662113115191,0,0.06149,0,C
ay_4-a-3_kv_kv-dlw-varanasi_22082024-000000-1_EN-OL-RC-313_1,they,they,19.89,20.07,c,0.0,0.0118259228765964,0,0.08079,0,C
ay_4-a-3_kv_kv-dlw-varanasi_22082024-000000-1_EN-OL-RC-313_1,stopped,stopped,20.07,20.58,c,4.299449591206932,0.0025477425660938,0,0.649411,0,C
ay_4-a-3_kv_kv-dlw-varanasi_22082024-000000-1_EN-OL-RC-313_1,near,near,20.58,21.27,c,4.058553090320721,0.0045624771155416,0,0.691156,0,C
ay_4-a-3_kv_kv-dlw-varanasi_22082024-000000-1_EN-OL-RC-313_1,him,him,21.27,21.57,c,0.0,0.0083214277401566,0,0.105428,0,C
ay_4-a-3_kv_kv-dlw-varanasi_22082024-000000-1_EN-OL-RC-313_1,he,he,21.84,22.14,c,0.0,0.0069340453483164,0,0.1273,0,C
ay_4-a-3_kv_kv-dlw-varanasi_22082024-000000-1_EN-OL-RC-313_1,then,then,22.14,22.47,c,0.0,0.0060896039940416,0,0.137818,0,C
ay_4-a-3_kv_kv-dlw-varanasi_22082024-000000-1_EN-OL-RC-313_1,overheard,overheard,22.56,23.28,s,7.147012417710586,0.0007956494227983,0,0.872138,1,S
ay_4-a-3_kv_kv-dlw-varanasi_22082024-000000-1_EN-OL-RC-313_1,one,one,23.31,24.0,c,0.0,0.0038302675820887,0,0.170065,0,C
ay_4-a-3_kv_kv-dlw-varanasi_22082024-000000-1_EN-OL-RC-313_1,man,man,24.06,24.51,c,0.0,0.0054537714459002,0,0.128221,0,C
ay_4-a-3_kv_kv-dlw-varanasi_22082024-000000-1_EN-OL-RC-313_1,asking,asking,24.54,25.14,c,1.8273272771167963,0.006014454178512,0,0.104406,0,C
ay_4-a-3_kv_kv-dlw-varanasi_22082024-000000-1_EN-OL-RC-313_1,why,why,25.14,25.5,c,4.763317879841589,0.0019286854658275,0,0.663196,0,C
ay_4-a-3_kv_kv-dlw-varanasi_22082024-000000-1_EN-OL-RC-313_1,he,he,25.5,25.74,c,0.0,0.0065207513980567,0,0.13149,0,C
ay_4-a-3_kv_kv-dlw-varanasi_22082024-000000-1_EN-OL-RC-313_1,was,was,26.01,26.31,c,0.406100786224316,0.0044902618974447,0,0.139127,0,C
ay_4-a-3_kv_kv-dlw-varanasi_22082024-000000-1_EN-OL-RC-313_1,blind,blind,26.31,26.7,s,6.805119385901156,0.0004543638788163,0,0.867429,1,S
ay_4-a-3_kv_kv-dlw-varanasi_22082024-000000-1_EN-OL-RC-313_1,and,and,26.7,27.03,c,2.95656721210025,0.0088140526786446,0,0.093948,0,C
ay_4-a-3_kv_kv-dlw-varanasi_22082024-000000-1_EN-OL-RC-313_1,if,if,27.03,27.33,c,0.0,0.0028183644171804,0,0.218548,0,C
ay_4-a-3_kv_kv-dlw-varanasi_22082024-000000-1_EN-OL-RC-313_1,he,he,27.33,27.51,c,0.0,0.0069176484830677,0,0.1273,0,C
ay_4-a-3_kv_kv-dlw-varanasi_22082024-000000-1_EN-OL-RC-313_1,was,was,27.51,27.93,c,0.406100786224316,0.0012090082745999,0,0.373592,0,C
ay_4-a-3_kv_kv-dlw-varanasi_22082024-000000-1_EN-OL-RC-313_1,a,a,27.96,28.11,c,0.0,0.012119154445827,0,0.028374,0,C
ay_4-a-3_kv_kv-dlw-varanasi_22082024-000000-1_EN-OL-RC-313_1,sinner,sinner,28.11,28.65,c,0.0,0.0066401488147675,0,0.13149,0,C
ay_4-a-3_kv_kv-dlw-varanasi_22082024-000000-1_EN-OL-RC-313_1,another,another,28.98,29.85,c,0.0,0.0107941422611474,0,0.052143,0,C
ay_4-a-3_kv_kv-dlw-varanasi_22082024-000000-1_EN-OL-RC-313_1,kind,kind,29.85,30.18,c,0.0,0.0070287943817675,0,0.1273,0,C
ay_4-a-3_kv_kv-dlw-varanasi_22082024-000000-1_EN-OL-RC-313_1,man,man,30.18,30.51,c,0.0,0.0051675173453986,0,0.133009,0,C
ay_4-a-3_kv_kv-dlw-varanasi_22082024-000000-1_EN-OL-RC-313_1,responded,responded,30.51,31.26,c,4.3263971000780606,0.008718617260456,0,0.165577,0,C
ay_4-a-3_kv_kv-dlw-varanasi_22082024-000000-1_EN-OL-RC-313_1,that,that,31.26,31.68,c,0.0,0.0061504170298576,0,0.144049,0,C
ay_4-a-3_kv_kv-dlw-varanasi_22082024-000000-1_EN-OL-RC-313_1,the,the,31.92,32.1,c,0.0,0.0157839972525835,0,0.017518,0,C
ay_4-a-3_kv_kv-dlw-varanasi_22082024-000000-1_EN-OL-RC-313_1,beggar,beggar,32.1,32.58,c,0.0,0.0018053967505693,0,0.285649,0,C
ay_4-a-3_kv_kv-dlw-varanasi_22082024-000000-1_EN-OL-RC-313_1,had,had,32.58,32.97,c,0.0,0.0083878170698881,0,0.105428,0,C
ay_4-a-3_kv_kv-dlw-varanasi_22082024-000000-1_EN-OL-RC-313_1,not,not,32.97,33.33,c,0.406100786224316,0.0027708599809557,0,0.193816,0,C
ay_4-a-3_kv_kv-dlw-varanasi_22082024-000000-1_EN-OL-RC-313_1,sinned,sinned,34.29,34.77,c,3.517057290274197,0.0009503921028226,0,0.711418,0,C
ay_4-a-3_kv_kv-dlw-varanasi_22082024-000000-1_EN-OL-RC-313_1,and,and,35.04,35.43,c,2.95656721210025,0.0074271219782531,0,0.127194,0,C
ay_4-a-3_kv_kv-dlw-varanasi_22082024-000000-1_EN-OL-RC-313_1,that,that,35.46,36.06,c,0.0,0.0075101214461028,0,0.1273,0,C
ay_4-a-3_kv_kv-dlw-varanasi_22082024-000000-1_EN-OL-RC-313_1,god,god,36.06,36.48,c,0.406100786224316,0.0039871460758149,0,0.139127,0,C
ay_4-a-3_kv_kv-dlw-varanasi_22082024-000000-1_EN-OL-RC-313_1,could,could,37.17,37.56,c,0.0,0.0036431266926229,0,0.170065,0,C
ay_4-a-3_kv_kv-dlw-varanasi_22082024-000000-1_EN-OL-RC-313_1,restore,restore,38.16,38.97,c,2.9381690051141307,0.0021123797632753,0,0.475894,0,C
ay_4-a-3_kv_kv-dlw-varanasi_22082024-000000-1_EN-OL-RC-313_1,his,his,38.97,39.21,c,0.0,0.0070137083530426,0,0.1273,0,C
ay_4-a-3_kv_kv-dlw-varanasi_22082024-000000-1_EN-OL-RC-313_1,sight,sight,39.21,39.54,c,3.8933488049826166,0.0009709877194836,0,0.709299,0,C
lk_4-a-3_kv_kv-dappar_22082024-000000-1_EN-OL-RC-331_1,scientists,scientists,0.99,1.74,c,3.56735060199773,0.0021547391079366,0,0.701352,0,C
lk_4-a-3_kv_kv-dappar_22082024-000000-1_EN-OL-RC-331_1,have,have,1.74,2.13,c,0.0,0.0010743209859356,0,0.3798,0,C
lk_4-a-3_kv_kv-dappar_22082024-000000-1_EN-OL-RC-331_1,watched,watched,2.13,2.73,c,4.299449591206932,0.0031355957034975,0,0.649411,0,C
lk_4-a-3_kv_kv-dappar_22082024-000000-1_EN-OL-RC-331_1,a,a,2.73,2.88,c,0.0,0.0224985238164663,0,0.061841,0,C
lk_4-a-3_kv_kv-dappar_22082024-000000-1_EN-OL-RC-331_1,number,number,2.88,3.51,c,0.0,0.010592957958579,0,0.059093,0,C
lk_4-a-3_kv_kv-dappar_22082024-000000-1_EN-OL-RC-331_1,of,of,3.51,3.78,c,4.411563432609308,0.008086085319519,0,0.213799,0,C
lk_4-a-3_kv_kv-dappar_22082024-000000-1_EN-OL-RC-331_1,animals,animals,3.84,4.59,c,2.8059285653833057,0.0031526603270322,0,0.627712,0,C
lk_4-a-3_kv_kv-dappar_22082024-000000-1_EN-OL-RC-331_1,and,and,4.62,4.95,c,2.95656721210025,0.0093736499547958,0,0.05719,0,C
lk_4-a-3_kv_kv-dappar_22082024-000000-1_EN-OL-RC-331_1,insects,insects,5.25,5.97,c,0.0,0.0020819453056901,0,0.288304,0,C
lk_4-a-3_kv_kv-dappar_22082024-000000-1_EN-OL-RC-331_1,to,to,6.84,6.99,c,0.0,0.0067889094352722,0,0.13149,0,C
lk_4-a-3_kv_kv-dappar_22082024-000000-1_EN-OL-RC-331_1,find,find,6.99,7.56,c,0.0,0.0041973767802119,0,0.171941,0,C
lk_4-a-3_kv_kv-dappar_22082024-000000-1_EN-OL-RC-331_1,out,out,7.59,7.98,c,0.0,0.0034219638910144,0,0.170065,0,C
lk_4-a-3_kv_kv-dappar_22082024-000000-1_EN-OL-RC-331_1,how,how,8.04,8.4,c,0.0,0.003997994121164,0,0.171941,0,C
lk_4-a-3_kv_kv-dappar_22082024-000000-1_EN-OL-RC-331_1,long,long,8.4,8.91,c,4.779781386037812,0.0008493017521686,0,0.667532,0,C
lk_4-a-3_kv_kv-dappar_22082024-000000-1_EN-OL-RC-331_1,they,they,8.91,9.42,c,17.31676102230361,0.0006056493730284,0,0.961434,1,S
lk_4-a-3_kv_kv-dappar_22082024-000000-1_EN-OL-RC-331_1,live,<eps>,,,c,,,1,1.0,1,S
lk_4-a-3_kv_kv-dappar_22082024-000000-1_EN-OL-RC-331_1,they,they,9.84,10.02,c,0.0,0.0059542185626924,0,0.127876,0,C
lk_4-a-3_kv_kv-dappar_22082024-000000-1_EN-OL-RC-331_1,found,found,10.02,10.53,c,0.0,0.0031173464376479,0,0.172023,0,C
lk_4-a-3_kv_kv-dappar_22082024-000000-1_EN-OL-RC-331_1,out,out,10.56,11.01,c,0.0,0.0038049749564379,0,0.170065,0,C
lk_4-a-3_kv_kv-dappar_22082024-000000-1_EN-OL-RC-331_1,that,that,11.55,12.03,c,0.0,0.006627413444221,0,0.13149,0,C
lk_4-a-3_kv_kv-dappar_22082024-000000-1_EN-OL-RC-331_1,some,some,12.09,12.75,c,0.0,0.0046658036299049,0,0.178769,0,C
lk_4-a-3_kv_kv-dappar_22082024-000000-1_EN-OL-RC-331_1,houseflies,houseflies,12.96,13.74,s,26.05655340883232,3.905632911482826e-05,0,0.954157,1,S
lk_4-a-3_kv_kv-dappar_22082024-000000-1_EN-OL-RC-331_1,lived,lived,14.19,14.67,s,6.359845171261206,0.0009110160171985,0,0.820135,0,C
lk_4-a-3_kv_kv-dappar_22082024-000000-1_EN-OL-RC-331_1,for,for,14.7,15.03,s,2.9381690051141307,0.0003073288826271,0,0.664369,0,C
lk_4-a-3_kv_kv-dappar_22082024-000000-1_EN-OL-RC-331_1,as,as,15.06,15.42,c,0.0,0.0036559158470481,0,0.170065,0,C
lk_4-a-3_kv_kv-dappar_22082024-000000-1_EN-OL-RC-331_1,long,long,15.42,15.9,c,0.0,0.0011258337181061,0,0.3798,0,C
lk_4-a-3_kv_kv-dappar_22082024-000000-1_EN-OL-RC-331_1,as,as,15.93,16.35,c,0.0,0.0006771031767129,0,0.423576,0,C
lk_4-a-3_kv_kv-dappar_22082024-000000-1_EN-OL-RC-331_1,seventy,seventy,16.35,16.8,s,1.9619857293066825,0.0012034851824864,0,0.80703,0,C
lk_4-a-3_kv_kv-dappar_22082024-000000-1_EN-OL-RC-331_1,three,three,16.8,17.16,s,0.0,0.0057856617495417,0,0.127876,0,C
lk_4-a-3_kv_kv-dappar_22082024-000000-1_EN-OL-RC-331_1,days,days,17.16,17.58,s,0.0,0.0054828319698572,0,0.128221,0,C
lk_4-a-3_kv_kv-dappar_22082024-000000-1_EN-OL-RC-331_1,the,the,17.76,18.03,c,0.0,0.0137706827372312,0,0.044785,0,C
lk_4-a-3_kv_kv-dappar_22082024-000000-1_EN-OL-RC-331_1,animal,animal,18.03,18.75,c,2.8059285653833057,0.0083556184545159,0,0.175673,0,C
lk_4-a-3_kv_kv-dappar_22082024-000000-1_EN-OL-RC-331_1,that,that,19.86,20.19,c,0.0,0.0081492876634001,0,0.105428,0,C
lk_4-a-3_kv_kv-dappar_22082024-000000-1_EN-OL-RC-331_1,lives,lives,20.25,20.61,s,2.856736723063702,0.0006306797149591,0,0.919362,1,S
lk_4-a-3_kv_kv-dappar_22082024-000000-1_EN-OL-RC-331_1,the,the,21.06,21.3,c,0.0,0.0159608721733093,0,0.047179,0,C
lk_4-a-3_kv_kv-dappar_22082024-000000-1_EN-OL-RC-331_1,longest,longest,21.3,22.11,c,3.069714006777209,0.0031643116381019,0,0.575331,0,C
lk_4-a-3_kv_kv-dappar_22082024-000000-1_EN-OL-RC-331_1,is,in,22.17,22.56,s,5.73583507890633,0.0084815928712487,0,0.938986,1,S
lk_4-a-3_kv_kv-dappar_22082024-000000-1_EN-OL-RC-331_1,the,the,22.56,22.86,c,0.0,0.0075860721990466,0,0.105428,0,C
lk_4-a-3_kv_kv-dappar_22082024-000000-1_EN-OL-RC-331_1,tortoise,tortoise,22.92,23.61,s,18.66247739592543,0.0020877870265394,0,0.973122,1,S
lk_4-a-3_kv_kv-dappar_22082024-000000-1_EN-OL-RC-331_1,some,some,23.85,24.39,c,0.0,0.0117717254906892,0,0.08079,0,C
lk_4-a-3_kv_kv-dappar_22082024-000000-1_EN-OL-RC-331_1,kinds,kinds,24.39,25.14,c,2.856736723063702,0.001469173352234,0,0.92944,1,S
lk_4-a-3_kv_kv-dappar_22082024-000000-1_EN-OL-RC-331_1,of,of,25.35,25.74,c,4.411563432609308,0.0042696739546954,0,0.561591,0,C
lk_4-a-3_kv_kv-dappar_22082024-000000-1_EN-OL-RC-331_1,tortoises,tortoises,26.01,26.43,s,24.852450392647636,0.0035125552676618,0,0.98726,1,S
lk_4-a-3_kv_kv-dappar_22082024-000000-1_EN-OL-RC-331_1,have,have,26.85,27.27,c,0.0,0.0004344637854956,0,0.488769,0,C
lk_4-a-3_kv_kv-dappar_22082024-000000-1_EN-OL-RC-331_1,lived,lived,27.3,27.84,c,3.241594093000049,0.0005562650621868,0,0.4473,0,C
lk_4-a-3_kv_kv-dappar_22082024-000000-1_EN-OL-RC-331_1,for,for,28.08,28.5,c,0.0,0.0035529134329408,0,0.170065,0,C
lk_4-a-3_kv_kv-dappar_22082024-000000-1_EN-OL-RC-331_1,a,a,28.53,28.86,c,0.0,0.0058866878971457,0,0.127876,0,C
lk_4-a-3_kv_kv-dappar_22082024-000000-1_EN-OL-RC-331_1,hundred,hundred,28.98,29.55,c,3.069714006777209,0.0021413322538137,0,0.586324,0,C
lk_4-a-3_kv_kv-dappar_22082024-000000-1_EN-OL-RC-331_1,and,and,29.61,30.0,c,2.95656721210025,0.008295489475131,0,0.087253,0,C
lk_4-a-3_kv_kv-dappar_22082024-000000-1_EN-OL-RC-331_1,fifty,fifty,30.03,30.42,c,0.0,0.0047965999692678,0,0.152918,0,C
lk_4-a-3_kv_kv-dappar_22082024-000000-1_EN-OL-RC-331_1,two,two,30.42,30.75,c,0.0,0.0016318089328706,0,0.347484,0,C
lk_4-a-3_kv_kv-dappar_22082024-000000-1_EN-OL-RC-331_1,years,years,30.75,31.11,c,10.836583977985944,0.0007145286072045,0,0.858674,1,S
lk_4-a-3_kv_kv-dappar_22082024-000000-1_EN-OL-RC-331_1,most,most,31.53,31.98,c,0.0,0.0047123464755713,0,0.149343,0,C
lk_4-a-3_kv_kv-dappar_22082024-000000-1_EN-OL-RC-331_1,animals,animals,31.98,32.76,c,2.8059285653833057,0.0031910527031868,0,0.6254,0,C
lk_4-a-3_kv_kv-dappar_22082024-000000-1_EN-OL-RC-331_1,die,die,32.79,33.21,c,0.0,0.0044709495268762,0,0.171941,0,C
lk_4-a-3_kv_kv-dappar_22082024-000000-1_EN-OL-RC-331_1,because,because,33.21,33.93,c,0.0,0.0015375586226582,0,0.272784,0,C
lk_4-a-3_kv_kv-dappar_22082024-000000-1_EN-OL-RC-331_1,they,they,33.96,34.2,c,0.0,0.0007401874754577,0,0.377337,0,C
lk_4-a-3_kv_kv-dappar_22082024-000000-1_EN-OL-RC-331_1,fall,fall,34.2,34.74,c,5.685286734316879,0.0004319423751439,0,0.845337,1,S
lk_4-a-3_kv_kv-dappar_22082024-000000-1_EN-OL-RC-331_1,ill,ill,34.77,35.25,c,0.0,0.0003060102753806,0,0.605909,0,C
lk_4-a-3_kv_kv-dappar_22082024-000000-1_EN-OL-RC-331_1,some,some,35.64,36.12,c,0.0,0.0073131355457007,0,0.1273,0,C
lk_4-a-3_kv_kv-dappar_22082024-000000-1_EN-OL-RC-331_1,are,are,36.21,36.6,c,0.0,0.0069820084609091,0,0.1273,0,C
lk_4-a-3_kv_kv-dappar_22082024-000000-1_EN-OL-RC-331_1,killed,killed,37.26,37.71,c,0.0,0.0062061357311904,0,0.124182,0,C
lk_4-a-3_kv_kv-dappar_22082024-000000-1_EN-OL-RC-331_1,by,by,37.74,38.19,c,0.0,0.0085830949246883,0,0.113525,0,C
lk_4-a-3_kv_kv-dappar_22082024-000000-1_EN-OL-RC-331_1,other,other,38.22,38.64,c,0.0,0.0070762182585895,0,0.1273,0,C
lk_4-a-3_kv_kv-dappar_22082024-000000-1_EN-OL-RC-331_1,animals,animals,38.64,39.51,s,2.8059285653833057,0.0023824225645512,0,0.627712,0,C
lk_4-a-3_kv_kv-dappar_22082024-000000-1_EN-OL-RC-331_1,or,or,40.32,40.71,c,0.0,0.0020459271036088,0,0.288304,0,C
lk_4-a-3_kv_kv-dappar_22082024-000000-1_EN-OL-RC-331_1,by,by,40.71,41.13,c,0.0,0.0002483841381035,0,0.520826,0,C
lk_4-a-3_kv_kv-dappar_22082024-000000-1_EN-OL-RC-331_1,man,man,41.16,41.64,c,0.0,0.0029610262718051,0,0.172023,0,C
lk_4-a-3_kv_kv-dappar_22082024-000000-1_EN-OL-RC-331_1,few,few,41.79,42.21,c,10.5869692830498,0.0001058251800714,0,0.845488,1,S
lk_4-a-3_kv_kv-dappar_22082024-000000-1_EN-OL-RC-331_1,die,die,42.27,42.78,c,0.0,0.0065979594364762,0,0.13149,0,C
lk_4-a-3_kv_kv-dappar_22082024-000000-1_EN-OL-RC-331_1,of,of,42.81,43.14,c,4.411563432609308,0.0026029779110103,0,0.512478,0,C
lk_4-a-3_kv_kv-dappar_22082024-000000-1_EN-OL-RC-331_1,old,old,43.41,43.86,c,7.88948339045774,0.001270422944799,0,0.87611,1,S
lk_4-a-3_kv_kv-dappar_22082024-000000-1_EN-OL-RC-331_1,age,age,43.89,44.4,c,0.0,0.0034978599287569,0,0.170065,0,C
ab_5-a-1_kv_kv-hasimara_06082025-000000-1_EN-OL-RC-500_1,many,many,1.02,1.68,c,0.0,0.0035309337545186,0,0.170065,0,C
ab_5-a-1_kv_kv-hasimara_06082025-000000-1_EN-OL-RC-500_1,years,years,1.68,2.28,s,11.442986744420914,0.0011137477122247,0,0.898084,1,S
ab_5-a-1_kv_kv-hasimara_06082025-000000-1_EN-OL-RC-500_1,ago,ago,5.46,6.18,c,0.0,0.0057860813103616,0,0.127876,0,C
ab_5-a-1_kv_kv-hasimara_06082025-000000-1_EN-OL-RC-500_1,i,i,6.78,7.05,c,0.0,0.0048973271623253,0,0.159218,0,C
ab_5-a-1_kv_kv-hasimara_06082025-000000-1_EN-OL-RC-500_1,used,used,7.05,7.56,c,0.0,0.0035925772972404,0,0.170065,0,C
ab_5-a-1_kv_kv-hasimara_06082025-000000-1_EN-OL-RC-500_1,to,to,7.56,7.74,c,0.0,0.0109145399183034,0,0.052143,0,C
ab_5-a-1_kv_kv-hasimara_06082025-000000-1_EN-OL-RC-500_1,live,live,7.74,8.16,c,2.3215788558122163,0.0011252872645854,0,0.420483,0,C
ab_5-a-1_kv_kv-hasimara_06082025-000000-1_EN-OL-RC-500_1,with,we,8.22,8.55,s,9.82112725951074,0.0005645023775286,0,0.873533,1,S
ab_5-a-1_kv_kv-hasimara_06082025-000000-1_EN-OL-RC-500_1,my,many,8.55,9.24,s,16.19538726589508,0.0042115473188459,0,0.982621,1,S
ab_5-a-1_kv_kv-hasimara_06082025-000000-1_EN-OL-RC-500_1,uncle,uncle,9.63,10.11,c,2.668363644587786,0.0007922208169475,0,0.521373,0,C
ab_5-a-1_kv_kv-hasimara_06082025-000000-1_EN-OL-RC-500_1,in,in,10.11,10.41,c,0.0,0.0103668319061398,0,0.057197,0,C
ab_5-a-1_kv_kv-hasimara_06082025-000000-1_EN-OL-RC-500_1,a,a,10.41,10.65,c,0.0,0.0066289245150983,0,0.13149,0,C
ab_5-a-1_kv_kv-hasimara_06082025-000000-1_EN-OL-RC-500_1,village,village,10.68,11.28,c,3.9897292439650425,0.0007642402197234,0,0.683662,0,C
ab_5-a-1_kv_kv-hasimara_06082025-000000-1_EN-OL-RC-500_1,most,most,11.31,11.82,c,0.0,0.0067572807893157,0,0.13149,0,C
ab_5-a-1_kv_kv-hasimara_06082025-000000-1_EN-OL-RC-500_1,of,of,11.82,12.15,c,4.411563432609308,0.0100180860608816,0,0.099815,0,C
ab_5-a-1_kv_kv-hasimara_06082025-000000-1_EN-OL-RC-500_1,the,the,12.15,12.36,c,0.0,0.0130939967930316,0,0.039524,0,C
ab_5-a-1_kv_kv-hasimara_06082025-000000-1_EN-OL-RC-500_1,people,people,12.36,12.93,c,0.0,0.0106591824442148,0,0.059093,0,C
ab_5-a-1_kv_kv-hasimara_06082025-000000-1_EN-OL-RC-500_1,in,in,12.96,13.26,c,0.0,0.0113071827217936,0,0.062217,0,C
ab_5-a-1_kv_kv-hasimara_06082025-000000-1_EN-OL-RC-500_1,the,the,13.26,13.47,c,0.0,0.0157085601240396,0,0.017518,0,C
ab_5-a-1_kv_kv-hasimara_06082025-000000-1_EN-OL-RC-500_1,village,village,13.47,13.98,c,5.923646064322975,0.0005572679219767,0,0.827386,0,C
ab_5-a-1_kv_kv-hasimara_06082025-000000-1_EN-OL-RC-500_1,used,used,14.28,14.64,c,0.0,0.0039450726471841,0,0.189236,0,C
ab_5-a-1_kv_kv-hasimara_06082025-000000-1_EN-OL-RC-500_1,to,to,14.64,14.79,c,0.0,0.0099576534703373,0,0.10098,0,C
ab_5-a-1_kv_kv-hasimara_06082025-000000-1_EN-OL-RC-500_1,grow,grow,14.79,15.12,c,0.0,0.00784264318645,0,0.105428,0,C
ab_5-a-1_kv_kv-hasimara_06082025-000000-1_EN-OL-RC-500_1,rice,rice,15.12,15.54,c,4.146610407304694,0.001118081388995,0,0.647899,0,C
ab_5-a-1_kv_kv-hasimara_06082025-000000-1_EN-OL-RC-500_1,they,they,15.57,16.02,c,0.0,0.0097375502809882,0,0.06149,0,C
ab_5-a-1_kv_kv-hasimara_06082025-000000-1_EN-OL-RC-500_1,worked,worked,16.29,16.71,c,3.8933488049826166,0.0074504511430859,0,0.789769,0,C
ab_5-a-1_kv_kv-hasimara_06082025-000000-1_EN-OL-RC-500_1,hard,hard,16.71,17.16,c,0.0,0.0058515788987278,0,0.127876,0,C
ab_5-a-1_kv_kv-hasimara_06082025-000000-1_EN-OL-RC-500_1,in,in,17.19,17.58,c,0.0,0.0119840865954756,0,0.035606,0,C
ab_5-a-1_kv_kv-hasimara_06082025-000000-1_EN-OL-RC-500_1,the,the,17.58,17.76,c,0.0,0.0157408453524112,0,0.017518,0,C
ab_5-a-1_kv_kv-hasimara_06082025-000000-1_EN-OL-RC-500_1,fields,fields,17.76,18.36,c,2.250333956628733,0.0012439935235306,0,0.422278,0,C
ab_5-a-1_kv_kv-hasimara_06082025-000000-1_EN-OL-RC-500_1,every,every,18.75,19.26,c,3.56735060199773,0.000725851743482,0,0.711418,0,C
ab_5-a-1_kv_kv-hasimara_06082025-000000-1_EN-OL-RC-500_1,day,day,19.26,19.59,c,0.0,0.0111337276175618,0,0.102952,0,C
ab_5-a-1_kv_kv-hasimara_06082025-000000-1_EN-OL-RC-500_1,but,but,19.62,19.98,c,0.0,0.0169343333691358,0,0.014517,0,C
ab_5-a-1_kv_kv-hasimara_06082025-000000-1_EN-OL-RC-500_1,my,my,19.98,20.37,c,0.0,0.0085062142461538,0,0.105428,0,C
ab_5-a-1_kv_kv-hasimara_06082025-000000-1_EN-OL-RC-500_1,uncle,uncle,20.37,20.88,c,0.0,0.0012129829265177,0,0.377901,0,C
ab_5-a-1_kv_kv-hasimara_06082025-000000-1_EN-OL-RC-500_1,made,made,20.88,21.3,s,0.0,0.0044548590667545,0,0.171941,0,C
ab_5-a-1_kv_kv-hasimara_06082025-000000-1_EN-OL-RC-500_1,his,his,22.53,22.89,c,0.0,0.0062736147083342,0,0.124182,0,C
ab_5-a-1_kv_kv-hasimara_06082025-000000-1_EN-OL-RC-500_1,money,money,22.89,23.43,c,0.0,0.0041638785041868,0,0.171941,0,C
ab_5-a-1_kv_kv-hasimara_06082025-000000-1_EN-OL-RC-500_1,by,by,23.7,23.97,c,0.0,0.0018775035860016,0,0.288304,0,C
ab_5-a-1_kv_kv-hasimara_06082025-000000-1_EN-OL-RC-500_1,keeping,keeping,23.97,24.51,c,0.0,0.0100266262888908,0,0.10098,0,C
ab_5-a-1_kv_kv-hasimara_06082025-000000-1_EN-OL-RC-500_1,goats,goats,24.51,24.96,c,0.0,0.0014023904222995,0,0.327633,0,C
ab_5-a-1_kv_kv-hasimara_06082025-000000-1_EN-OL-RC-500_1,as,as,25.05,25.44,s,0.0,0.0027128134388476,0,0.218548,0,C
ab_5-a-1_kv_kv-hasimara_06082025-000000-1_EN-OL-RC-500_1,he,he,25.44,25.71,c,0.0,0.0005892401095479,0,0.417385,0,C
ab_5-a-1_kv_kv-hasimara_06082025-000000-1_EN-OL-RC-500_1,could,could,26.37,26.82,s,10.523824038627245,0.000336927419994,0,0.858767,1,S
ab_5-a-1_kv_kv-hasimara_06082025-000000-1_EN-OL-RC-500_1,not,not,27.93,28.38,c,0.406100786224316,0.0088307708501815,0,0.078104,0,C
ab_5-a-1_kv_kv-hasimara_06082025-000000-1_EN-OL-RC-500_1,keep,keep,28.38,28.77,c,0.0,0.0090971905738115,0,0.038673,0,C
ab_5-a-1_kv_kv-hasimara_06082025-000000-1_EN-OL-RC-500_1,a,a,28.83,29.22,c,0.0,0.0056822602637112,0,0.127876,0,C
ab_5-a-1_kv_kv-hasimara_06082025-000000-1_EN-OL-RC-500_1,watch,watch,29.49,29.97,c,0.406100786224316,0.0043843663297593,0,0.139127,0,C
ab_5-a-1_kv_kv-hasimara_06082025-000000-1_EN-OL-RC-500_1,on,on,30.0,30.33,c,0.406100786224316,0.0116620194166898,0,0.043338,0,C
ab_5-a-1_kv_kv-hasimara_06082025-000000-1_EN-OL-RC-500_1,the,the,30.33,30.63,c,0.0,0.0080520380288362,0,0.105428,0,C
ab_5-a-1_kv_kv-hasimara_06082025-000000-1_EN-OL-RC-500_1,animals,animals,30.93,31.59,c,2.8059285653833057,0.0041852775029838,0,0.511318,0,C
ab_5-a-1_kv_kv-hasimara_06082025-000000-1_EN-OL-RC-500_1,all,all,31.59,31.95,c,0.0,0.0106585826724767,0,0.059093,0,C
ab_5-a-1_kv_kv-hasimara_06082025-000000-1_EN-OL-RC-500_1,the,the,31.95,32.07,c,0.0,0.0138064697384834,0,0.044785,0,C
ab_5-a-1_kv_kv-hasimara_06082025-000000-1_EN-OL-RC-500_1,time,time,32.07,32.49,c,0.0,0.0085434215143322,0,0.113525,0,C
ab_5-a-1_kv_kv-hasimara_06082025-000000-1_EN-OL-RC-500_1,my,my,32.49,32.85,c,0.0,0.0090212961658835,0,0.038673,0,C
ab_5-a-1_kv_kv-hasimara_06082025-000000-1_EN-OL-RC-500_1,uncle,uncle,32.85,33.36,c,0.0,0.0014322764473035,0,0.317066,0,C
ab_5-a-1_kv_kv-hasimara_06082025-000000-1_EN-OL-RC-500_1,bought,bought,33.36,33.81,s,5.110080790866428,0.0021200852934271,0,0.777795,0,C
ab_5-a-1_kv_kv-hasimara_06082025-000000-1_EN-OL-RC-500_1,a,a,33.84,34.14,c,0.0,0.0043664816766977,0,0.171941,0,C
ab_5-a-1_kv_kv-hasimara_06082025-000000-1_EN-OL-RC-500_1,dog,dog,34.56,35.01,c,0.0,0.0047327512875199,0,0.149343,0,C
ab_5-a-1_kv_kv-hasimara_06082025-000000-1_EN-OL-RC-500_1,to,to,35.01,35.25,c,0.0,0.0130344675853848,0,0.039524,0,C
ab_5-a-1_kv_kv-hasimara_06082025-000000-1_EN-OL-RC-500_1,help,help,35.25,35.61,c,0.0,0.0083500975742936,0,0.105428,0,C
ab_5-a-1_kv_kv-hasimara_06082025-000000-1_EN-OL-RC-500_1,us,us,35.67,36.09,c,0.0,0.0072152758948504,0,0.1273,0,C
ab_5-a-1_kv_kv-hasimara_06082025-000000-1_EN-OL-RC-500_1,look,look,36.36,36.72,c,0.0,0.0071633602492511,0,0.1273,0,C
ab_5-a-1_kv_kv-hasimara_06082025-000000-1_EN-OL-RC-500_1,after,after,36.72,37.2,c,1.8273272771167963,0.0062713744118809,0,0.102896,0,C
ab_5-a-1_kv_kv-hasimara_06082025-000000-1_EN-OL-RC-500_1,them,them,37.2,37.59,c,0.0,0.0077672861516475,0,0.105428,0,C
ab_5-a-1_kv_kv-hasimara_06082025-000000-1_EN-OL-RC-500_1,the,the,37.59,37.74,c,0.0,0.015432097017765,0,0.017518,0,C
ab_5-a-1_kv_kv-hasimara_06082025-000000-1_EN-OL-RC-500_1,dog,dog,37.74,38.13,c,0.0,0.0043651200830936,0,0.171941,0,C
ab_5-a-1_kv_kv-hasimara_06082025-000000-1_EN-OL-RC-500_1,was,was,38.13,38.43,c,0.406100786224316,0.0033701334614306,0,0.139127,0,C
ab_5-a-1_kv_kv-hasimara_06082025-000000-1_EN-OL-RC-500_1,named,named,38.43,38.91,c,0.0,0.0085454015061259,0,0.113525,0,C
ab_5-a-1_kv_kv-hasimara_06082025-000000-1_EN-OL-RC-500_1,lucky,lucky,38.91,39.36,c,0.0,0.0091788945719599,0,0.061945,0,C
ab_5-a-1_kv_kv-hasimara_06082025-000000-1_EN-OL-RC-500_1,he,he,39.6,39.84,c,0.0,0.0070636570453643,0,0.1273,0,C
ab_5-a-1_kv_kv-hasimara_06082025-000000-1_EN-OL-RC-500_1,was,was,39.84,40.17,c,0.406100786224316,0.0051712370477616,0,0.08602,0,C
ab_5-a-1_kv_kv-hasimara_06082025-000000-1_EN-OL-RC-500_1,a,a,40.2,40.38,c,0.0,0.0188977904617786,0,0.014517,0,C
ab_5-a-1_kv_kv-hasimara_06082025-000000-1_EN-OL-RC-500_1,good,good,40.38,40.74,c,0.0,0.0083353510126471,0,0.105428,0,C
ab_5-a-1_kv_kv-hasimara_06082025-000000-1_EN-OL-RC-500_1,watchdog,watchdog,41.22,42.06,c,0.406100786224316,0.0039435774087905,0,0.139127,0,C
an_5-a-10_kv_kv-kaduthuruthy_06082025-000000-1_EN-OL-RC-434_2,so,so,0.99,1.5,c,0.0,0.0076493485830724,0,0.105428,0,C
an_5-a-10_kv_kv-kaduthuruthy_06082025-000000-1_EN-OL-RC-434_2,the,the,1.65,1.83,c,0.0,0.014314692467451,0,0.035019,0,C
an_5-a-10_kv_kv-kaduthuruthy_06082025-000000-1_EN-OL-RC-434_2,villagers,villagers,1.83,2.67,c,3.170349193816566,0.0006825651507824,0,0.239633,0,C
an_5-a-10_kv_kv-kaduthuruthy_06082025-000000-1_EN-OL-RC-434_2,went,went,2.67,2.97,c,4.634088973948741,0.0106776738539338,0,0.420176,0,C
an_5-a-10_kv_kv-kaduthuruthy_06082025-000000-1_EN-OL-RC-434_2,to,to,2.97,3.06,c,0.0,0.0073651815764606,0,0.1273,0,C
an_5-a-10_kv_kv-kaduthuruthy_06082025-000000-1_EN-OL-RC-434_2,the,the,3.06,3.18,c,0.0,0.0134093910455703,0,0.014291,0,C
an_5-a-10_kv_kv-kaduthuruthy_06082025-000000-1_EN-OL-RC-434_2,forest,forest,3.18,3.84,c,3.069714006777209,0.006863500457257,0,0.169108,0,C
an_5-a-10_kv_kv-kaduthuruthy_06082025-000000-1_EN-OL-RC-434_2,and,and,3.84,4.14,c,2.95656721210025,0.0085129216313362,0,0.089912,0,C
an_5-a-10_kv_kv-kaduthuruthy_06082025-000000-1_EN-OL-RC-434_2,made,made,4.14,4.5,c,0.0,0.0096292961388826,0,0.06149,0,C
an_5-a-10_kv_kv-kaduthuruthy_06082025-000000-1_EN-OL-RC-434_2,a,a,4.5,4.68,c,5.003630827135142,0.0008954110089689,0,0.74555,0,C
an_5-a-10_kv_kv-kaduthuruthy_06082025-000000-1_EN-OL-RC-434_2,fine,fine,4.71,5.07,c,0.0,0.0031671298202127,0,0.172023,0,C
an_5-a-10_kv_kv-kaduthuruthy_06082025-000000-1_EN-OL-RC-434_2,flagpost,flagpost,5.07,5.85,c,0.0,0.0004011162382084,0,0.556188,0,C
an_5-a-10_kv_kv-kaduthuruthy_06082025-000000-1_EN-OL-RC-434_2,out,out,5.85,6.21,c,0.0,0.0041450071148574,0,0.171941,0,C
an_5-a-10_kv_kv-kaduthuruthy_06082025-000000-1_EN-OL-RC-434_2,of,of,6.21,6.54,c,4.411563432609308,0.0094701889902353,0,0.072621,0,C
an_5-a-10_kv_kv-kaduthuruthy_06082025-000000-1_EN-OL-RC-434_2,a,eight,6.54,6.87,c,5.003630827135142,0.0003600800409913,0,0.799792,0,C
an_5-a-10_kv_kv-kaduthuruthy_06082025-000000-1_EN-OL-RC-434_2,tall,tall,7.29,7.68,c,0.0,0.007431223988533,0,0.1273,0,C
an_5-a-10_kv_kv-kaduthuruthy_06082025-000000-1_EN-OL-RC-434_2,tree,tree,7.68,8.13,c,0.0,0.0106034437194466,0,0.059093,0,C
an_5-a-10_kv_kv-kaduthuruthy_06082025-000000-1_EN-OL-RC-434_2,the,the,8.43,8.58,c,0.0,0.0093252025544643,0,0.06149,0,C
an_5-a-10_kv_kv-kaduthuruthy_06082025-000000-1_EN-OL-RC-434_2,flagpost,flagpost,8.58,9.33,c,0.0,0.0014477712102234,0,0.317066,0,C
an_5-a-10_kv_kv-kaduthuruthy_06082025-000000-1_EN-OL-RC-434_2,was,was,9.33,9.72,c,0.406100786224316,0.0052421013824641,0,0.08426,0,C
an_5-a-10_kv_kv-kaduthuruthy_06082025-000000-1_EN-OL-RC-434_2,too,too,9.72,10.02,c,0.0,0.0090419510379433,0,0.038673,0,C
an_5-a-10_kv_kv-kaduthuruthy_06082025-000000-1_EN-OL-RC-434_2,heavy,heavy,10.02,10.41,c,0.0,0.0012293804902583,0,0.377901,0,C
an_5-a-10_kv_kv-kaduthuruthy_06082025-000000-1_EN-OL-RC-434_2,for,for,10.41,10.65,c,0.0,0.0099546005949378,0,0.10098,0,C
an_5-a-10_kv_kv-kaduthuruthy_06082025-000000-1_EN-OL-RC-434_2,the,the,10.65,10.74,c,0.0,0.0063051613979041,0,0.124182,0,C
an_5-a-10_kv_kv-kaduthuruthy_06082025-000000-1_EN-OL-RC-434_2,villagers,villagers,10.74,11.43,c,3.170349193816566,0.001030049752444,0,0.239633,0,C
an_5-a-10_kv_kv-kaduthuruthy_06082025-000000-1_EN-OL-RC-434_2,to,to,11.43,11.58,c,0.0,0.0128594972193241,0,0.072999,0,C
an_5-a-10_kv_kv-kaduthuruthy_06082025-000000-1_EN-OL-RC-434_2,carry,carry,11.58,12.0,c,0.0,0.0058976202271878,0,0.127876,0,C
an_5-a-10_kv_kv-kaduthuruthy_06082025-000000-1_EN-OL-RC-434_2,so,so,12.0,12.45,c,0.0,0.0010843914933502,0,0.3798,0,C
an_5-a-10_kv_kv-kaduthuruthy_06082025-000000-1_EN-OL-RC-434_2,mahagiri,mahagiri,12.45,13.26,c,10.215903673111187,0.0001512308081146,0,0.855186,1,S
an_5-a-10_kv_kv-kaduthuruthy_06082025-000000-1_EN-OL-RC-434_2,brought,brought,13.86,14.34,c,0.0,0.0038717128336429,0,0.170065,0,C
an_5-a-10_kv_kv-kaduthuruthy_06082025-000000-1_EN-OL-RC-434_2,it,it,14.37,14.76,c,0.0,0.0078618517145514,0,0.105428,0,C
an_5-a-10_kv_kv-kaduthuruthy_06082025-000000-1_EN-OL-RC-434_2,to,to,14.94,15.12,c,0.0,0.0064898496493697,0,0.13149,0,C
an_5-a-10_kv_kv-kaduthuruthy_06082025-000000-1_EN-OL-RC-434_2,the,the,15.12,15.3,c,0.0,0.0161247458308935,0,0.047179,0,C
an_5-a-10_kv_kv-kaduthuruthy_06082025-000000-1_EN-OL-RC-434_2,temple,temple,15.3,15.81,c,0.0,0.004188819322735,0,0.171941,0,C
an_5-a-10_kv_kv-kaduthuruthy_06082025-000000-1_EN-OL-RC-434_2,the,the,16.11,16.29,c,0.0,0.0167253222316503,0,0.014517,0,C
an_5-a-10_kv_kv-kaduthuruthy_06082025-000000-1_EN-OL-RC-434_2,villagers,villagers,16.29,17.22,c,7.696627187701647,0.0004502224037423,0,0.872953,1,S
an_5-a-10_kv_kv-kaduthuruthy_06082025-000000-1_EN-OL-RC-434_2,also,also,17.73,18.36,c,0.0,0.0033449286129325,0,0.170065,0,C
an_5-a-10_kv_kv-kaduthuruthy_06082025-000000-1_EN-OL-RC-434_2,wanted,wanted,18.36,18.87,c,3.4758147930015246,0.0019947972614318,0,0.717938,0,C
an_5-a-10_kv_kv-kaduthuruthy_06082025-000000-1_EN-OL-RC-434_2,the,the,19.05,19.32,c,0.0,0.0042995107360184,0,0.171941,0,C
an_5-a-10_kv_kv-kaduthuruthy_06082025-000000-1_EN-OL-RC-434_2,elephant's,elephant's,19.38,20.07,c,5.8756425721605146,0.0017229741206392,0,0.782145,0,C
an_5-a-10_kv_kv-kaduthuruthy_06082025-000000-1_EN-OL-RC-434_2,help,help,20.34,20.73,c,0.0,0.0031496265437453,0,0.172023,0,C
an_5-a-10_kv_kv-kaduthuruthy_06082025-000000-1_EN-OL-RC-434_2,to,to,20.76,20.94,c,0.0,0.0067996717989444,0,0.13149,0,C
an_5-a-10_kv_kv-kaduthuruthy_06082025-000000-1_EN-OL-RC-434_2,fix,fix,20.94,21.3,c,5.5431889237423855,0.0001130861419369,0,0.761837,0,C
an_5-a-10_kv_kv-kaduthuruthy_06082025-000000-1_EN-OL-RC-434_2,the,the,21.3,21.42,c,0.0,0.0145752001553773,0,0.035019,0,C
an_5-a-10_kv_kv-kaduthuruthy_06082025-000000-1_EN-OL-RC-434_2,flagpost,flagpost,21.42,22.08,c,9.145018693690307,0.0002073291543638,0,0.859823,1,S
an_5-a-10_kv_kv-kaduthuruthy_06082025-000000-1_EN-OL-RC-434_2,in,in,22.08,22.29,c,0.0,0.0095773031935095,0,0.06149,0,C
an_5-a-10_kv_kv-kaduthuruthy_06082025-000000-1_EN-OL-RC-434_2,the,the,22.29,22.38,c,0.0,0.015047738328576,0,0.035019,0,C
an_5-a-10_kv_kv-kaduthuruthy_06082025-000000-1_EN-OL-RC-434_2,ground,ground,22.38,22.74,c,0.0,0.0026697791181504,0,0.218548,0,C
an_5-a-10_kv_kv-kaduthuruthy_06082025-000000-1_EN-OL-RC-434_2,they,they,23.13,23.43,c,0.0,0.0107280863448977,0,0.052143,0,C
an_5-a-10_kv_kv-kaduthuruthy_06082025-000000-1_EN-OL-RC-434_2,had,had,23.43,23.79,c,0.0,0.0054148915223777,0,0.121527,0,C
an_5-a-10_kv_kv-kaduthuruthy_06082025-000000-1_EN-OL-RC-434_2,already,already,23.79,24.33,c,0.0,0.0069936537183821,0,0.1273,0,C
an_5-a-10_kv_kv-kaduthuruthy_06082025-000000-1_EN-OL-RC-434_2,dug,dug,24.33,24.69,c,0.0,0.004010877572,0,0.171941,0,C
an_5-a-10_kv_kv-kaduthuruthy_06082025-000000-1_EN-OL-RC-434_2,a,a,24.72,24.87,c,0.0,0.0039684288203716,0,0.189236,0,C
an_5-a-10_kv_kv-kaduthuruthy_06082025-000000-1_EN-OL-RC-434_2,hole,hole,24.87,25.23,c,0.0,0.0072133801877498,0,0.1273,0,C
an_5-a-10_kv_kv-kaduthuruthy_06082025-000000-1_EN-OL-RC-434_2,in,in,25.23,25.47,c,0.0,0.0078141205012798,0,0.105428,0,C
an_5-a-10_kv_kv-kaduthuruthy_06082025-000000-1_EN-OL-RC-434_2,front,front,25.47,25.8,c,0.0,0.0084937792271375,0,0.105428,0,C
an_5-a-10_kv_kv-kaduthuruthy_06082025-000000-1_EN-OL-RC-434_2,of,of,25.83,26.07,c,4.411563432609308,0.0046591758728027,0,0.531253,0,C
an_5-a-10_kv_kv-kaduthuruthy_06082025-000000-1_EN-OL-RC-434_2,the,the,26.07,26.19,c,0.0,0.0140180476009845,0,0.044785,0,C
an_5-a-10_kv_kv-kaduthuruthy_06082025-000000-1_EN-OL-RC-434_2,temple,temple,26.19,26.76,c,0.0,0.0040174890309572,0,0.171941,0,C
an_5-a-10_kv_kv-kaduthuruthy_06082025-000000-1_EN-OL-RC-434_2,with,with,27.36,27.66,c,0.0,0.0017815892351791,0,0.285649,0,C
an_5-a-10_kv_kv-kaduthuruthy_06082025-000000-1_EN-OL-RC-434_2,a,a,27.69,27.9,c,5.003630827135142,0.0014276689616963,0,0.736637,0,C
an_5-a-10_kv_kv-kaduthuruthy_06082025-000000-1_EN-OL-RC-434_2,gentle,gentle,27.9,28.56,c,2.8059285653833057,0.0025399064179509,0,0.627712,0,C
an_5-a-10_kv_kv-kaduthuruthy_06082025-000000-1_EN-OL-RC-434_2,but,but,28.56,28.92,c,0.0,0.0052765039727091,0,0.121527,0,C
an_5-a-10_kv_kv-kaduthuruthy_06082025-000000-1_EN-OL-RC-434_2,firm,firm,29.04,29.49,c,4.077298410933378,0.0002025245485128,0,0.691191,0,C
an_5-a-10_kv_kv-kaduthuruthy_06082025-000000-1_EN-OL-RC-434_2,grip,grip,29.49,29.94,c,8.951473824536185,3.225309046683833e-05,0,0.840857,0,C
an_5-a-10_kv_kv-kaduthuruthy_06082025-000000-1_EN-OL-RC-434_2,mahagiri,mahagiri,30.15,30.81,c,9.715503755854618,0.0001615819346625,0,0.859823,1,S
an_5-a-10_kv_kv-kaduthuruthy_06082025-000000-1_EN-OL-RC-434_2,lowered,lowered,30.81,31.53,c,0.0,0.000867748982273,0,0.377337,0,C
an_5-a-10_kv_kv-kaduthuruthy_06082025-000000-1_EN-OL-RC-434_2,the,the,32.07,32.4,c,0.0,0.0067853266373276,0,0.13149,0,C
an_5-a-10_kv_kv-kaduthuruthy_06082025-000000-1_EN-OL-RC-434_2,flagpost,flagpost,32.58,33.3,c,0.0,0.0004830106045119,0,0.436996,0,C
an_5-a-10_kv_kv-kaduthuruthy_06082025-000000-1_EN-OL-RC-434_2,into,into,33.3,33.63,c,0.0,0.011114552617073,0,0.102952,0,C
an_5-a-10_kv_kv-kaduthuruthy_06082025-000000-1_EN-OL-RC-434_2,the,the,33.63,33.72,c,0.0,0.0128839686512947,0,0.072999,0,C
an_5-a-10_kv_kv-kaduthuruthy_06082025-000000-1_EN-OL-RC-434_2,hole,hole,33.72,34.02,c,0.0,0.005336289294064,0,0.121527,0,C
as_5-e-40_kv_kv-no2-ambala-cantt_22082024-000000-1_EN-OL-RC-434_1,mahagiri,mahagiri,0.96,1.44,c,18.539501225298253,0.0003082818584516,0,0.945934,1,S
as_5-e-40_kv_kv-no2-ambala-cantt_22082024-000000-1_EN-OL-RC-434_1,was,was,1.44,1.89,c,0.406100786224316,0.0011017773067578,0,0.375481,0,C
as_5-e-40_kv_kv-no2-ambala-cantt_22082024-000000-1_EN-OL-RC-434_1,an,an,1.92,2.22,c,0.0,0.0046510007232427,0,0.178769,0,C
as_5-e-40_kv_kv-no2-ambala-cantt_22082024-000000-1_EN-OL-RC-434_1,elephant,elephant,2.22,3.24,s,14.666983232349006,0.0005140128196217,0,0.927052,1,S
as_5-e-40_kv_kv-no2-ambala-cantt_22082024-000000-1_EN-OL-RC-434_1,who,who,3.24,3.6,c,0.0,0.0059545482508838,0,0.127876,0,C
as_5-e-40_kv_kv-no2-ambala-cantt_22082024-000000-1_EN-OL-RC-434_1,was,was,3.6,4.05,c,0.406100786224316,0.0046483292244374,0,0.139127,0,C
as_5-e-40_kv_kv-no2-ambala-cantt_22082024-000000-1_EN-OL-RC-434_1,owned,owned,4.62,5.1,c,0.0,0.001616634777747,0,0.347484,0,C
as_5-e-40_kv_kv-no2-ambala-cantt_22082024-000000-1_EN-OL-RC-434_1,by,by,5.1,5.52,c,0.0,0.0012191290734335,0,0.377901,0,C
as_5-e-40_kv_kv-no2-ambala-cantt_22082024-000000-1_EN-OL-RC-434_1,a,a,5.55,5.88,c,0.0,0.0095010325312614,0,0.06149,0,C
as_5-e-40_kv_kv-no2-ambala-cantt_22082024-000000-1_EN-OL-RC-434_1,merchant,merchant,6.96,7.74,c,0.0,0.0058867158368229,0,0.127876,0,C
as_5-e-40_kv_kv-no2-ambala-cantt_22082024-000000-1_EN-OL-RC-434_1,the,the,7.77,7.95,c,0.0,0.012239160016179,0,0.028374,0,C
as_5-e-40_kv_kv-no2-ambala-cantt_22082024-000000-1_EN-OL-RC-434_1,merchant,merchant,7.95,8.55,c,0.0,0.0032274215482175,0,0.157152,0,C
as_5-e-40_kv_kv-no2-ambala-cantt_22082024-000000-1_EN-OL-RC-434_1,made,made,8.55,8.91,c,0.0,0.0090065700933337,0,0.038673,0,C
as_5-e-40_kv_kv-no2-ambala-cantt_22082024-000000-1_EN-OL-RC-434_1,a,a,8.91,9.0,c,0.0,0.0228121001273393,0,0.061841,0,C
as_5-e-40_kv_kv-no2-ambala-cantt_22082024-000000-1_EN-OL-RC-434_1,lot,lot,9.0,9.42,c,0.406100786224316,0.0086783748120069,0,0.086124,0,C
as_5-e-40_kv_kv-no2-ambala-cantt_22082024-000000-1_EN-OL-RC-434_1,of,of,9.42,9.66,c,4.411563432609308,0.0097825592383742,0,0.072621,0,C
as_5-e-40_kv_kv-no2-ambala-cantt_22082024-000000-1_EN-OL-RC-434_1,money,money,9.66,10.08,c,0.0,0.0074684638530015,0,0.1273,0,C
as_5-e-40_kv_kv-no2-ambala-cantt_22082024-000000-1_EN-OL-RC-434_1,by,by,10.08,10.5,c,0.0,0.0105124469846487,0,0.059093,0,C
as_5-e-40_kv_kv-no2-ambala-cantt_22082024-000000-1_EN-OL-RC-434_1,putting,putting,10.86,11.28,c,10.973597890340873,0.0003232279850635,0,0.855058,1,S
as_5-e-40_kv_kv-no2-ambala-cantt_22082024-000000-1_EN-OL-RC-434_1,mahagiri,mahagiri,11.94,12.78,c,15.717720821922985,4.460349737200886e-05,0,0.905124,1,S
as_5-e-40_kv_kv-no2-ambala-cantt_22082024-000000-1_EN-OL-RC-434_1,to,to,13.86,14.22,c,0.0,0.0015565389767289,0,0.272784,0,C
as_5-e-40_kv_kv-no2-ambala-cantt_22082024-000000-1_EN-OL-RC-434_1,work,work,14.22,14.58,c,4.508910626359664,0.0002200803428422,0,0.703032,0,C
as_5-e-40_kv_kv-no2-ambala-cantt_22082024-000000-1_EN-OL-RC-434_1,the,the,14.85,15.06,c,0.0,0.0113964257761836,0,0.062217,0,C
as_5-e-40_kv_kv-no2-ambala-cantt_22082024-000000-1_EN-OL-RC-434_1,elephant,elephant,15.06,15.63,c,5.762495777483556,0.0010901008499786,0,0.790997,0,C
as_5-e-40_kv_kv-no2-ambala-cantt_22082024-000000-1_EN-OL-RC-434_1,was,was,15.63,16.02,c,0.406100786224316,0.0049837469123303,0,0.078595,0,C
as_5-e-40_kv_kv-no2-ambala-cantt_22082024-000000-1_EN-OL-RC-434_1,sent,sent,16.02,16.44,c,0.0,0.0050581088289618,0,0.133009,0,C
as_5-e-40_kv_kv-no2-ambala-cantt_22082024-000000-1_EN-OL-RC-434_1,to,to,16.83,17.01,c,0.0,0.0097839590162038,0,0.06149,0,C
as_5-e-40_kv_kv-no2-ambala-cantt_22082024-000000-1_EN-OL-RC-434_1,the,the,17.01,17.19,c,0.0,0.0130649209022521,0,0.039524,0,C
as_5-e-40_kv_kv-no2-ambala-cantt_22082024-000000-1_EN-OL-RC-434_1,forest,forest,17.19,17.82,c,3.069714006777209,0.0092665990814566,0,0.072702,0,C
as_5-e-40_kv_kv-no2-ambala-cantt_22082024-000000-1_EN-OL-RC-434_1,to,to,17.88,18.18,c,0.0,0.0022580986842513,0,0.285092,0,C
as_5-e-40_kv_kv-no2-ambala-cantt_22082024-000000-1_EN-OL-RC-434_1,carry,carry,18.51,18.99,c,0.0,0.006628680974245,0,0.13149,0,C
as_5-e-40_kv_kv-no2-ambala-cantt_22082024-000000-1_EN-OL-RC-434_1,heavy,lives,18.99,19.53,s,18.42364439655762,0.0006657415069639,0,0.966325,1,S
as_5-e-40_kv_kv-no2-ambala-cantt_22082024-000000-1_EN-OL-RC-434_1,logs,logs,19.53,20.13,c,5.976967485178836,0.0012038185959681,0,0.826625,0,C
as_5-e-40_kv_kv-no2-ambala-cantt_22082024-000000-1_EN-OL-RC-434_1,of,of,20.4,20.64,c,4.411563432609308,0.0092203365638852,0,0.075747,0,C
as_5-e-40_kv_kv-no2-ambala-cantt_22082024-000000-1_EN-OL-RC-434_1,wood,wood,20.64,21.0,c,3.496922329682875,0.0011987192556262,0,0.706722,0,C
as_5-e-40_kv_kv-no2-ambala-cantt_22082024-000000-1_EN-OL-RC-434_1,sometimes,sometimes,21.36,22.23,c,7.809164843163618,0.000381320453016,0,0.869074,1,S
as_5-e-40_kv_kv-no2-ambala-cantt_22082024-000000-1_EN-OL-RC-434_1,he,he,23.01,23.28,c,7.528394014040221,5.821736340294592e-05,0,0.843925,0,C
as_5-e-40_kv_kv-no2-ambala-cantt_22082024-000000-1_EN-OL-RC-434_1,carried,carried,23.67,24.15,c,0.0,0.0064051379449665,0,0.124182,0,C
as_5-e-40_kv_kv-no2-ambala-cantt_22082024-000000-1_EN-OL-RC-434_1,people,people,24.15,24.75,s,0.0,0.001109134638682,0,0.3798,0,C
as_5-e-40_kv_kv-no2-ambala-cantt_22082024-000000-1_EN-OL-RC-434_1,from,from,25.02,25.41,c,2.9596412198778177,0.0102455122396349,0,0.066707,0,C
as_5-e-40_kv_kv-no2-ambala-cantt_22082024-000000-1_EN-OL-RC-434_1,one,one,25.41,25.71,c,0.0,0.010420074686408,0,0.057197,0,C
as_5-e-40_kv_kv-no2-ambala-cantt_22082024-000000-1_EN-OL-RC-434_1,place,place,25.71,26.19,c,0.0,0.008860794827342,0,0.110977,0,C
as_5-e-40_kv_kv-no2-ambala-cantt_22082024-000000-1_EN-OL-RC-434_1,to,to,26.22,26.58,c,0.0,0.002122513949871,0,0.288304,0,C
as_5-e-40_kv_kv-no2-ambala-cantt_22082024-000000-1_EN-OL-RC-434_1,another,another,27.27,27.93,c,0.0,0.009485188871622,0,0.06149,0,C
as_5-e-40_kv_kv-no2-ambala-cantt_22082024-000000-1_EN-OL-RC-434_1,once,once,29.19,29.64,c,0.0,0.0075421729125082,0,0.105428,0,C
as_5-e-40_kv_kv-no2-ambala-cantt_22082024-000000-1_EN-OL-RC-434_1,the,the,29.7,30.03,c,0.0,0.0080292858183383,0,0.105428,0,C
as_5-e-40_kv_kv-no2-ambala-cantt_22082024-000000-1_EN-OL-RC-434_1,people,people,30.03,30.57,s,0.0,0.0017446542624384,0,0.285649,0,C
as_5-e-40_kv_kv-no2-ambala-cantt_22082024-000000-1_EN-OL-RC-434_1,of,of,30.57,30.84,c,4.411563432609308,0.0100916679948568,0,0.099815,0,C
as_5-e-40_kv_kv-no2-ambala-cantt_22082024-000000-1_EN-OL-RC-434_1,a,a,30.84,30.96,c,0.0,0.0083922296762466,0,0.105428,0,C
as_5-e-40_kv_kv-no2-ambala-cantt_22082024-000000-1_EN-OL-RC-434_1,village,village,30.96,31.44,c,0.9200152371878334,0.0017696018330752,0,0.246042,0,C
as_5-e-40_kv_kv-no2-ambala-cantt_22082024-000000-1_EN-OL-RC-434_1,wanted,wanted,31.44,31.98,c,3.4758147930015246,0.0026852944865822,0,0.711088,0,C
as_5-e-40_kv_kv-no2-ambala-cantt_22082024-000000-1_EN-OL-RC-434_1,to,to,32.01,32.22,c,0.0,0.0072356727905571,0,0.1273,0,C
as_5-e-40_kv_kv-no2-ambala-cantt_22082024-000000-1_EN-OL-RC-434_1,hold,hold,32.22,32.64,c,0.0,0.006128960289061,0,0.115823,0,C
as_5-e-40_kv_kv-no2-ambala-cantt_22082024-000000-1_EN-OL-RC-434_1,their,their,32.64,33.09,c,1.9619857293066825,0.0069551793858408,0,0.807074,0,C
as_5-e-40_kv_kv-no2-ambala-cantt_22082024-000000-1_EN-OL-RC-434_1,temple,temple,33.69,34.29,c,0.0,0.0065312571823596,0,0.13149,0,C
as_5-e-40_kv_kv-no2-ambala-cantt_22082024-000000-1_EN-OL-RC-434_1,festival,festival,34.29,35.04,c,3.7259438025711393,0.0014500222168862,0,0.701934,0,C
as_5-e-40_kv_kv-no2-ambala-cantt_22082024-000000-1_EN-OL-RC-434_1,the,the,35.07,35.28,c,0.0,0.0147958984598517,0,0.035019,0,C
as_5-e-40_kv_kv-no2-ambala-cantt_22082024-000000-1_EN-OL-RC-434_1,festival,festival,35.28,36.03,c,3.7259438025711393,0.0021491763181984,0,0.715002,0,C
as_5-e-40_kv_kv-no2-ambala-cantt_22082024-000000-1_EN-OL-RC-434_1,could,could,36.03,36.33,c,0.0,0.0099042141810059,0,0.10098,0,C
as_5-e-40_kv_kv-no2-ambala-cantt_22082024-000000-1_EN-OL-RC-434_1,not,not,36.33,36.78,c,0.406100786224316,0.0064752255566418,0,0.07998,0,C
as_5-e-40_kv_kv-no2-ambala-cantt_22082024-000000-1_EN-OL-RC-434_1,start,start,36.78,37.29,c,0.0,0.0046499893069267,0,0.178769,0,C
as_5-e-40_kv_kv-no2-ambala-cantt_22082024-000000-1_EN-OL-RC-434_1,till,till,37.32,37.56,c,0.0,0.0131142670288681,0,0.039524,0,C
as_5-e-40_kv_kv-no2-ambala-cantt_22082024-000000-1_EN-OL-RC-434_1,the,the,37.56,37.77,c,0.0,0.0160447489470243,0,0.047179,0,C
as_5-e-40_kv_kv-no2-ambala-cantt_22082024-000000-1_EN-OL-RC-434_1,temple,temple,37.77,38.43,c,0.0,0.0068564377725124,0,0.143283,0,C
as_5-e-40_kv_kv-no2-ambala-cantt_22082024-000000-1_EN-OL-RC-434_1,flag,flag,39.03,39.42,c,0.0,0.0025105401873588,0,0.267299,0,C
as_5-e-40_kv_kv-no2-ambala-cantt_22082024-000000-1_EN-OL-RC-434_1,was,was,39.42,39.75,c,0.406100786224316,0.0053311567753553,0,0.078229,0,C
as_5-e-40_kv_kv-no2-ambala-cantt_22082024-000000-1_EN-OL-RC-434_1,put,put,39.75,40.14,c,0.0,0.0102019971236586,0,0.057197,0,C
as_5-e-40_kv_kv-no2-ambala-cantt_22082024-000000-1_EN-OL-RC-434_1,up,up,40.14,40.38,c,0.0,0.0071465773507952,0,0.1273,0,C
as_5-e-40_kv_kv-no2-ambala-cantt_22082024-000000-1_EN-OL-RC-434_1,the,the,40.71,40.89,c,0.0,0.0135247418656945,0,0.014291,0,C
as_5-e-40_kv_kv-no2-ambala-cantt_22082024-000000-1_EN-OL-RC-434_1,temple,temple,40.89,41.43,c,0.0,0.0058916639536619,0,0.127876,0,C
as_5-e-40_kv_kv-no2-ambala-cantt_22082024-000000-1_EN-OL-RC-434_1,had,had,41.43,41.79,c,0.0,0.0056275087408721,0,0.122798,0,C
as_5-e-40_kv_kv-no2-ambala-cantt_22082024-000000-1_EN-OL-RC-434_1,the,the,41.79,42.03,c,0.0,0.0056280400604009,0,0.122798,0,C
as_5-e-40_kv_kv-no2-ambala-cantt_22082024-000000-1_EN-OL-RC-434_1,flag,flag,42.03,42.54,c,0.0,0.003369971178472,0,0.170065,0,C
as_5-e-40_kv_kv-no2-ambala-cantt_22082024-000000-1_EN-OL-RC-434_1,but,but,42.96,43.44,c,0.0,0.0086590014398098,0,0.118587,0,C
as_5-e-40_kv_kv-no2-ambala-cantt_22082024-000000-1_EN-OL-RC-434_1,no,on,43.62,44.19,s,8.832827547700614,0.0071580675430595,0,0.961934,1,S
as_5-e-40_kv_kv-no2-ambala-cantt_22082024-000000-1_EN-OL-RC-434_1,flagpost,flagpost,44.34,45.03,c,0.0,0.0001366983051411,0,0.532696,0,C
bs_5-d-10_kv_kv-afs-begumpet_22082024-000000-1_EN-OL-RC-500_2,one,one,0.99,1.23,c,0.0,0.0060769827105104,0,0.137818,0,C
bs_5-d-10_kv_kv-afs-begumpet_22082024-000000-1_EN-OL-RC-500_2,day,day,1.23,1.65,c,0.0,0.0060856300406157,0,0.137818,0,C
bs_5-d-10_kv_kv-afs-begumpet_22082024-000000-1_EN-OL-RC-500_2,my,my,1.71,1.98,c,0.0,0.0070787728764116,0,0.1273,0,C
bs_5-d-10_kv_kv-afs-begumpet_22082024-000000-1_EN-OL-RC-500_2,uncle,uncle,1.98,2.43,c,0.0,0.0012831555213779,0,0.388764,0,C
bs_5-d-10_kv_kv-afs-begumpet_22082024-000000-1_EN-OL-RC-500_2,bought,bought,2.43,2.82,c,0.406100786224316,0.0023553587961941,0,0.268384,0,C
bs_5-d-10_kv_kv-afs-begumpet_22082024-000000-1_EN-OL-RC-500_2,a,a,2.85,2.97,c,0.0,0.0025341056752949,0,0.267299,0,C
bs_5-d-10_kv_kv-afs-begumpet_22082024-000000-1_EN-OL-RC-500_2,black,black,2.97,3.39,c,0.0,0.003700916422531,0,0.170065,0,C
bs_5-d-10_kv_kv-afs-begumpet_22082024-000000-1_EN-OL-RC-500_2,goat,goat,3.39,3.72,c,0.0,0.0039627482183277,0,0.189236,0,C
bs_5-d-10_kv_kv-afs-begumpet_22082024-000000-1_EN-OL-RC-500_2,from,from,3.72,3.99,c,2.9596412198778177,0.0037551240529865,0,0.370614,0,C
bs_5-d-10_kv_kv-afs-begumpet_22082024-000000-1_EN-OL-RC-500_2,another,another,4.02,4.53,c,0.0,0.0080067282542586,0,0.105428,0,C
bs_5-d-10_kv_kv-afs-begumpet_22082024-000000-1_EN-OL-RC-500_2,farmer,farmer,4.53,5.16,c,0.0,0.003995491657406,0,0.171941,0,C
bs_5-d-10_kv_kv-afs-begumpet_22082024-000000-1_EN-OL-RC-500_2,the,the,5.46,5.64,c,0.0,0.0162969212979078,0,0.015238,0,C
bs_5-d-10_kv_kv-afs-begumpet_22082024-000000-1_EN-OL-RC-500_2,farmer,farmer,5.64,6.18,c,0.0,0.0031126912217587,0,0.172023,0,C
bs_5-d-10_kv_kv-afs-begumpet_22082024-000000-1_EN-OL-RC-500_2,used,used,6.18,6.84,c,8.838334476358533,0.0018561356700956,0,0.871263,1,S
bs_5-d-10_kv_kv-afs-begumpet_22082024-000000-1_EN-OL-RC-500_2,to,to,7.38,7.59,c,0.0,0.0104919644072651,0,0.059093,0,C
bs_5-d-10_kv_kv-afs-begumpet_22082024-000000-1_EN-OL-RC-500_2,let,let,7.59,7.83,c,0.0,0.0099317198619246,0,0.10098,0,C
bs_5-d-10_kv_kv-afs-begumpet_22082024-000000-1_EN-OL-RC-500_2,the,the,7.83,8.1,c,0.0,0.0145889185369014,0,0.035019,0,C
bs_5-d-10_kv_kv-afs-begumpet_22082024-000000-1_EN-OL-RC-500_2,goat,goat,8.1,8.55,c,0.0,0.0017090894980356,0,0.285649,0,C
bs_5-d-10_kv_kv-afs-begumpet_22082024-000000-1_EN-OL-RC-500_2,run,run,8.55,8.97,c,0.0,0.0012847094330936,0,0.388764,0,C
bs_5-d-10_kv_kv-afs-begumpet_22082024-000000-1_EN-OL-RC-500_2,about,about,8.97,9.54,c,0.0,0.001194947399199,0,0.377901,0,C
bs_5-d-10_kv_kv-afs-begumpet_22082024-000000-1_EN-OL-RC-500_2,freely,freely,9.54,10.17,c,0.0,0.0047821733169257,0,0.149343,0,C
bs_5-d-10_kv_kv-afs-begumpet_22082024-000000-1_EN-OL-RC-500_2,when,when,10.44,10.77,c,0.0,0.0084270294755697,0,0.105428,0,C
bs_5-d-10_kv_kv-afs-begumpet_22082024-000000-1_EN-OL-RC-500_2,we,we,10.77,10.92,c,0.0,0.0070417337119579,0,0.1273,0,C
bs_5-d-10_kv_kv-afs-begumpet_22082024-000000-1_EN-OL-RC-500_2,put,put,10.92,11.22,c,0.0,0.0141283636912703,0,0.044785,0,C
bs_5-d-10_kv_kv-afs-begumpet_22082024-000000-1_EN-OL-RC-500_2,it,<eps>,,,c,,,1,1.0,1,S
bs_5-d-10_kv_kv-afs-begumpet_22082024-000000-1_EN-OL-RC-500_2,into,into,11.22,11.55,c,0.0,0.0112513871863484,0,0.062217,0,C
bs_5-d-10_kv_kv-afs-begumpet_22082024-000000-1_EN-OL-RC-500_2,the,the,11.55,11.73,c,0.0,0.0129181165248155,0,0.039524,0,C
bs_5-d-10_kv_kv-afs-begumpet_22082024-000000-1_EN-OL-RC-500_2,shed,shed,11.73,12.24,c,1.9619857293066825,0.0009465228649787,0,0.805686,0,C
bs_5-d-10_kv_kv-afs-begumpet_22082024-000000-1_EN-OL-RC-500_2,it,it,12.54,12.75,c,0.0,0.0105084776878356,0,0.059093,0,C
bs_5-d-10_kv_kv-afs-begumpet_22082024-000000-1_EN-OL-RC-500_2,became,became,12.75,13.2,c,0.0,0.0034594268072396,0,0.170065,0,C
bs_5-d-10_kv_kv-afs-begumpet_22082024-000000-1_EN-OL-RC-500_2,very,very,13.2,13.5,c,0.9200152371878334,0.0063320398330688,0,0.062901,0,C
bs_5-d-10_kv_kv-afs-begumpet_22082024-000000-1_EN-OL-RC-500_2,restless,restless,13.5,14.28,c,3.069714006777209,0.002616505138576,0,0.575331,0,C
bs_5-d-10_kv_kv-afs-begumpet_22082024-000000-1_EN-OL-RC-500_2,it,it,14.61,14.82,c,0.0,0.0104091735556721,0,0.057197,0,C
bs_5-d-10_kv_kv-afs-begumpet_22082024-000000-1_EN-OL-RC-500_2,suddenly,suddenly,14.82,15.39,c,0.0,0.0132821230217814,0,0.014291,0,C
bs_5-d-10_kv_kv-afs-begumpet_22082024-000000-1_EN-OL-RC-500_2,ran,ran,15.39,15.75,c,0.0,0.0061864075250923,0,0.144049,0,C
bs_5-d-10_kv_kv-afs-begumpet_22082024-000000-1_EN-OL-RC-500_2,out,out,15.75,16.02,c,0.0,0.004978341050446,0,0.129835,0,C
bs_5-d-10_kv_kv-afs-begumpet_22082024-000000-1_EN-OL-RC-500_2,of,of,16.02,16.14,c,4.411563432609308,0.0107122864574193,0,0.063412,0,C
bs_5-d-10_kv_kv-afs-begumpet_22082024-000000-1_EN-OL-RC-500_2,the,the,16.14,16.32,c,0.0,0.0139920227229595,0,0.044785,0,C
bs_5-d-10_kv_kv-afs-begumpet_22082024-000000-1_EN-OL-RC-500_2,shed,shed,16.32,16.68,c,0.0,0.0012458878336474,0,0.377901,0,C
bs_5-d-10_kv_kv-afs-begumpet_22082024-000000-1_EN-OL-RC-500_2,into,into,16.68,17.07,c,0.0,0.0104992315173149,0,0.059093,0,C
bs_5-d-10_kv_kv-afs-begumpet_22082024-000000-1_EN-OL-RC-500_2,the,the,17.07,17.22,c,0.0,0.0034093493595719,0,0.170065,0,C
bs_5-d-10_kv_kv-afs-begumpet_22082024-000000-1_EN-OL-RC-500_2,fields,fields,17.22,17.79,c,0.0,0.004451444838196,0,0.171941,0,C
bs_5-d-10_kv_kv-afs-begumpet_22082024-000000-1_EN-OL-RC-500_2,when,when,18.18,18.51,c,0.0,0.0074694859795272,0,0.1273,0,C
bs_5-d-10_kv_kv-afs-begumpet_22082024-000000-1_EN-OL-RC-500_2,we,we,18.51,18.69,c,0.0,0.00878232344985,0,0.110977,0,C
bs_5-d-10_kv_kv-afs-begumpet_22082024-000000-1_EN-OL-RC-500_2,were,were,18.69,18.99,s,3.069714006777209,0.0039277495816349,0,0.545824,0,C
bs_5-d-10_kv_kv-afs-begumpet_22082024-000000-1_EN-OL-RC-500_2,not,not,18.99,19.35,c,0.406100786224316,0.0134085211902856,0,0.014664,0,C
bs_5-d-10_kv_kv-afs-begumpet_22082024-000000-1_EN-OL-RC-500_2,looking,looking,19.35,19.83,c,0.0,0.0020900431554764,0,0.288304,0,C
bs_5-d-10_kv_kv-afs-begumpet_22082024-000000-1_EN-OL-RC-500_2,but,but,20.1,20.37,c,0.0,0.0119088748469948,0,0.035606,0,C
bs_5-d-10_kv_kv-afs-begumpet_22082024-000000-1_EN-OL-RC-500_2,lucky,lucky,20.37,20.79,c,0.0,0.0083464831113815,0,0.105428,0,C
bs_5-d-10_kv_kv-afs-begumpet_22082024-000000-1_EN-OL-RC-500_2,saw,saw,20.79,21.09,c,0.0,0.0020663894247263,0,0.288304,0,C
bs_5-d-10_kv_kv-afs-begumpet_22082024-000000-1_EN-OL-RC-500_2,it,it,21.09,21.3,c,0.0,0.0122290793806314,0,0.028374,0,C
bs_5-d-10_kv_kv-afs-begumpet_22082024-000000-1_EN-OL-RC-500_2,running,running,21.3,21.87,c,0.0,0.0075404178351163,0,0.105428,0,C
bs_5-d-10_kv_kv-afs-begumpet_22082024-000000-1_EN-OL-RC-500_2,away,away,21.93,22.41,c,0.0,0.0076093417592346,0,0.105428,0,C
bs_5-d-10_kv_kv-afs-begumpet_22082024-000000-1_EN-OL-RC-500_2,at,at,22.83,23.1,c,0.0,0.0114890467375516,0,0.062217,0,C
bs_5-d-10_kv_kv-afs-begumpet_22082024-000000-1_EN-OL-RC-500_2,once,once,23.1,23.52,c,0.0,0.011646325699985,0,0.062217,0,C
bs_5-d-10_kv_kv-afs-begumpet_22082024-000000-1_EN-OL-RC-500_2,he,he,23.52,23.73,c,0.0,0.004910091869533,0,0.159218,0,C
bs_5-d-10_kv_kv-afs-begumpet_22082024-000000-1_EN-OL-RC-500_2,began,began,23.73,24.27,c,0.0,0.003937198780477,0,0.189236,0,C
bs_5-d-10_kv_kv-afs-begumpet_22082024-000000-1_EN-OL-RC-500_2,to,to,24.27,24.42,c,0.0,0.0123271038755774,0,0.020343,0,C
bs_5-d-10_kv_kv-afs-begumpet_22082024-000000-1_EN-OL-RC-500_2,run,run,24.42,24.72,c,0.0,0.0166819766163826,0,0.014517,0,C
bs_5-d-10_kv_kv-afs-begumpet_22082024-000000-1_EN-OL-RC-500_2,after,after,24.75,25.23,c,1.8273272771167963,0.0044532897882163,0,0.278709,0,C
bs_5-d-10_kv_kv-afs-begumpet_22082024-000000-1_EN-OL-RC-500_2,the,the,25.26,25.44,c,0.0,0.0150525532662868,0,0.035019,0,C
bs_5-d-10_kv_kv-afs-begumpet_22082024-000000-1_EN-OL-RC-500_2,goat,goat,25.44,25.89,c,0.0,0.001198424375616,0,0.377901,0,C
bs_5-d-10_kv_kv-afs-begumpet_22082024-000000-1_EN-OL-RC-500_2,in,in,26.13,26.37,c,0.0,0.0095743313431739,0,0.06149,0,C
bs_5-d-10_kv_kv-afs-begumpet_22082024-000000-1_EN-OL-RC-500_2,the,the,26.37,26.52,c,0.0,0.0067317872308194,0,0.13149,0,C
bs_5-d-10_kv_kv-afs-begumpet_22082024-000000-1_EN-OL-RC-500_2,end,end,26.55,26.91,c,0.0,0.0045827198773622,0,0.171941,0,C
bs_5-d-10_kv_kv-afs-begumpet_22082024-000000-1_EN-OL-RC-500_2,lucky,lucky,26.91,27.33,c,0.0,0.0053504584357142,0,0.121527,0,C
bs_5-d-10_kv_kv-afs-begumpet_22082024-000000-1_EN-OL-RC-500_2,caught,caught,27.33,27.69,c,0.406100786224316,0.0111363511532545,0,0.051694,0,C
bs_5-d-10_kv_kv-afs-begumpet_22082024-000000-1_EN-OL-RC-500_2,it,it,27.69,27.81,c,0.0,0.0125910090282559,0,0.020343,0,C
bs_5-d-10_kv_kv-afs-begumpet_22082024-000000-1_EN-OL-RC-500_2,by,by,27.81,28.08,c,0.0,0.0078998440876603,0,0.105428,0,C
bs_5-d-10_kv_kv-afs-begumpet_22082024-000000-1_EN-OL-RC-500_2,the,the,28.08,28.26,c,0.0,0.0152395414188504,0,0.017518,0,C
bs_5-d-10_kv_kv-afs-begumpet_22082024-000000-1_EN-OL-RC-500_2,tail,tail,28.26,28.68,c,0.0,0.0074073085561394,0,0.1273,0,C
bs_5-d-10_kv_kv-afs-begumpet_22082024-000000-1_EN-OL-RC-500_2,and,and,28.92,29.16,c,2.95656721210025,0.0098820887506008,0,0.05719,0,C
bs_5-d-10_kv_kv-afs-begumpet_22082024-000000-1_EN-OL-RC-500_2,held,held,29.16,29.73,c,4.491130047978703,0.004159796051681,0,0.652526,0,C
bs_5-d-10_kv_kv-afs-begumpet_22082024-000000-1_EN-OL-RC-500_2,on,on,29.73,29.79,s,10.819905544432569,0.0139434561133384,0,0.989937,1,S
bs_5-d-10_kv_kv-afs-begumpet_22082024-000000-1_EN-OL-RC-500_2,tight,tight,29.82,30.24,c,0.0,0.0095087867230176,0,0.06149,0,C
bs_5-d-10_kv_kv-afs-begumpet_22082024-000000-1_EN-OL-RC-500_2,until,until,30.24,30.66,c,0.0,0.0135994479060173,0,0.014291,0,C
bs_5-d-10_kv_kv-afs-begumpet_22082024-000000-1_EN-OL-RC-500_2,we,we,30.66,30.84,c,0.0,0.0034899378661066,0,0.170065,0,C
bs_5-d-10_kv_kv-afs-begumpet_22082024-000000-1_EN-OL-RC-500_2,came,came,31.17,31.56,c,0.0,0.0126351546496152,0,0.020343,0,C
bs_5-d-10_kv_kv-afs-begumpet_22082024-000000-1_EN-OL-RC-500_2,with,with,31.56,31.8,c,0.0,0.0042600161395967,0,0.171941,0,C
bs_5-d-10_kv_kv-afs-begumpet_22082024-000000-1_EN-OL-RC-500_2,a,a,31.8,31.89,c,0.0,0.0104159209877252,0,0.057197,0,C
bs_5-d-10_kv_kv-afs-begumpet_22082024-000000-1_EN-OL-RC-500_2,rope,rope,31.89,32.22,c,0.0,0.0088273482397198,0,0.110977,0,C
bs_5-d-10_kv_kv-afs-begumpet_22082024-000000-1_EN-OL-RC-500_2,and,and,32.25,32.49,c,2.95656721210025,0.0075172372162342,0,0.127194,0,C
bs_5-d-10_kv_kv-afs-begumpet_22082024-000000-1_EN-OL-RC-500_2,tied,tied,32.49,32.85,c,0.0,0.0119614666327834,0,0.035606,0,C
bs_5-d-10_kv_kv-afs-begumpet_22082024-000000-1_EN-OL-RC-500_2,it,it,32.85,33.03,c,0.0,0.0143936313688755,0,0.035019,0,C
bs_5-d-10_kv_kv-afs-begumpet_22082024-000000-1_EN-OL-RC-500_2,up,up,33.03,33.33,c,0.0,0.0049498602747917,0,0.129835,0,C
mne_5-a-14_kv_kv-no1-vasco-da-gama_22082024-000000-1_EN-OL-RC-500_2,one,one,1.02,1.41,s,3.496922329682875,0.0073626777157187,0,0.79651,0,C
mne_5-a-14_kv_kv-no1-vasco-da-gama_22082024-000000-1_EN-OL-RC-500_2,day,day,1.5,1.71,c,0.0,0.0036930982023477,0,0.170065,0,C
mne_5-a-14_kv_kv-no1-vasco-da-gama_22082024-000000-1_EN-OL-RC-500_2,my,my,1.71,2.01,c,0.0,0.0094283120706677,0,0.06149,0,C
mne_5-a-14_kv_kv-no1-vasco-da-gama_22082024-000000-1_EN-OL-RC-500_2,uncle,uncle,2.01,2.55,c,0.0,0.0009890656219795,0,0.377337,0,C
mne_5-a-14_kv_kv-no1-vasco-da-gama_22082024-000000-1_EN-OL-RC-500_2,bought,bought,2.55,2.91,c,0.406100786224316,0.000793500279542,0,0.37303,0,C
mne_5-a-14_kv_kv-no1-vasco-da-gama_22082024-000000-1_EN-OL-RC-500_2,a,a,2.91,3.0,c,0.0,0.0227442327886819,0,0.061841,0,C
mne_5-a-14_kv_kv-no1-vasco-da-gama_22082024-000000-1_EN-OL-RC-500_2,black,black,3.0,3.48,c,0.0,0.0013963021337985,0,0.327633,0,C
mne_5-a-14_kv_kv-no1-vasco-da-gama_22082024-000000-1_EN-OL-RC-500_2,goat,goat,3.48,3.9,c,0.0,0.0062599433586001,0,0.124182,0,C
mne_5-a-14_kv_kv-no1-vasco-da-gama_22082024-000000-1_EN-OL-RC-500_2,from,from,4.14,4.56,c,2.9596412198778177,0.0061798030510544,0,0.158278,0,C
mne_5-a-14_kv_kv-no1-vasco-da-gama_22082024-000000-1_EN-OL-RC-500_2,another,another,4.62,5.07,s,8.436960015361112,0.0084147062152624,0,0.964394,1,S
mne_5-a-14_kv_kv-no1-vasco-da-gama_22082024-000000-1_EN-OL-RC-500_2,farmer,farmer,5.37,6.15,c,0.0,0.0054304837249219,0,0.128221,0,C
mne_5-a-14_kv_kv-no1-vasco-da-gama_22082024-000000-1_EN-OL-RC-500_2,the,the,6.45,6.63,c,0.0,0.0161662809550762,0,0.015238,0,C
mne_5-a-14_kv_kv-no1-vasco-da-gama_22082024-000000-1_EN-OL-RC-500_2,farmer,farmer,6.63,7.23,c,0.0,0.0026143824215978,0,0.267299,0,C
mne_5-a-14_kv_kv-no1-vasco-da-gama_22082024-000000-1_EN-OL-RC-500_2,used,used,7.23,7.62,c,0.0,0.0023820521309971,0,0.285092,0,C
mne_5-a-14_kv_kv-no1-vasco-da-gama_22082024-000000-1_EN-OL-RC-500_2,to,to,7.65,7.92,c,0.0,0.0105958115309476,0,0.059093,0,C
mne_5-a-14_kv_kv-no1-vasco-da-gama_22082024-000000-1_EN-OL-RC-500_2,let,let,7.92,8.43,c,0.0,0.0089161349460482,0,0.038673,0,C
mne_5-a-14_kv_kv-no1-vasco-da-gama_22082024-000000-1_EN-OL-RC-500_2,the,the,8.7,8.88,c,0.0,0.0108069656416773,0,0.052143,0,C
mne_5-a-14_kv_kv-no1-vasco-da-gama_22082024-000000-1_EN-OL-RC-500_2,goat,goat,8.88,9.39,c,3.9850476336990983,0.0012330181198194,0,0.672427,0,C
mne_5-a-14_kv_kv-no1-vasco-da-gama_22082024-000000-1_EN-OL-RC-500_2,run,run,9.39,9.66,c,0.0,0.0007483962108381,0,0.377337,0,C
mne_5-a-14_kv_kv-no1-vasco-da-gama_22082024-000000-1_EN-OL-RC-500_2,about,about,9.69,10.2,c,0.0,0.0025327259209007,0,0.267299,0,C
mne_5-a-14_kv_kv-no1-vasco-da-gama_22082024-000000-1_EN-OL-RC-500_2,freely,freely,10.47,11.16,s,6.111309351166965,0.0001159741514129,0,0.608672,0,C
mne_5-a-14_kv_kv-no1-vasco-da-gama_22082024-000000-1_EN-OL-RC-500_2,when,when,11.52,12.06,c,5.625989969044598,0.0003264359256718,0,0.845337,1,S
mne_5-a-14_kv_kv-no1-vasco-da-gama_22082024-000000-1_EN-OL-RC-500_2,we,we,12.06,12.33,c,0.0,0.0041872817091643,0,0.171941,0,C
mne_5-a-14_kv_kv-no1-vasco-da-gama_22082024-000000-1_EN-OL-RC-500_2,put,put,12.33,12.87,c,0.0,0.0088796587660908,0,0.110977,0,C
mne_5-a-14_kv_kv-no1-vasco-da-gama_22082024-000000-1_EN-OL-RC-500_2,it,it,13.08,13.41,c,0.0,0.0078828576952219,0,0.105428,0,C
mne_5-a-14_kv_kv-no1-vasco-da-gama_22082024-000000-1_EN-OL-RC-500_2,into,into,13.62,14.13,c,0.0,0.0045473971404135,0,0.171941,0,C
mne_5-a-14_kv_kv-no1-vasco-da-gama_22082024-000000-1_EN-OL-RC-500_2,the,the,14.13,14.34,c,0.0,0.0154886338859796,0,0.017518,0,C
mne_5-a-14_kv_kv-no1-vasco-da-gama_22082024-000000-1_EN-OL-RC-500_2,shed,shed,14.34,14.85,c,1.9619857293066825,0.0039838696829974,0,0.782751,0,C
mne_5-a-14_kv_kv-no1-vasco-da-gama_22082024-000000-1_EN-OL-RC-500_2,it,it,15.33,15.63,c,0.0,0.0073785530403256,0,0.1273,0,C
mne_5-a-14_kv_kv-no1-vasco-da-gama_22082024-000000-1_EN-OL-RC-500_2,became,became,15.63,16.29,s,3.700824394105958,0.0069491588510572,0,0.791474,0,C
mne_5-a-14_kv_kv-no1-vasco-da-gama_22082024-000000-1_EN-OL-RC-500_2,very,very,16.29,16.8,c,0.9200152371878334,0.0094281369820237,0,0.033442,0,C
mne_5-a-14_kv_kv-no1-vasco-da-gama_22082024-000000-1_EN-OL-RC-500_2,restless,restless,16.8,17.61,c,3.069714006777209,0.0002026836154982,0,0.732224,0,C
mne_5-a-14_kv_kv-no1-vasco-da-gama_22082024-000000-1_EN-OL-RC-500_2,it,it,19.41,19.68,c,0.0,0.0056020282208919,0,0.122798,0,C
mne_5-a-14_kv_kv-no1-vasco-da-gama_22082024-000000-1_EN-OL-RC-500_2,suddenly,suddenly,19.68,20.46,c,0.0,0.0101989768445491,0,0.057197,0,C
mne_5-a-14_kv_kv-no1-vasco-da-gama_22082024-000000-1_EN-OL-RC-500_2,ran,ran,20.46,20.97,s,4.869609413363383,0.0004292330995667,0,0.799792,0,C
mne_5-a-14_kv_kv-no1-vasco-da-gama_22082024-000000-1_EN-OL-RC-500_2,out,out,22.44,22.83,c,0.0,0.0024726416449993,0,0.267299,0,C
mne_5-a-14_kv_kv-no1-vasco-da-gama_22082024-000000-1_EN-OL-RC-500_2,of,of,22.83,23.01,c,4.411563432609308,0.0068247457966208,0,0.240527,0,C
mne_5-a-14_kv_kv-no1-vasco-da-gama_22082024-000000-1_EN-OL-RC-500_2,the,a,23.64,23.73,s,,0.0699580013751983,0,0.967752,1,S
mne_5-a-14_kv_kv-no1-vasco-da-gama_22082024-000000-1_EN-OL-RC-500_2,shed,<eps>,,,d,,,1,1.0,1,S
mne_5-a-14_kv_kv-no1-vasco-da-gama_22082024-000000-1_EN-OL-RC-500_2,into,<eps>,,,d,,,1,1.0,1,S
mne_5-a-14_kv_kv-no1-vasco-da-gama_22082024-000000-1_EN-OL-RC-500_2,the,<eps>,,,d,,,1,1.0,1,S
mne_5-a-14_kv_kv-no1-vasco-da-gama_22082024-000000-1_EN-OL-RC-500_2,fields,<eps>,,,s,,,1,1.0,1,S
mne_5-a-14_kv_kv-no1-vasco-da-gama_22082024-000000-1_EN-OL-RC-500_2,when,<eps>,,,s,,,1,1.0,1,S
mne_5-a-14_kv_kv-no1-vasco-da-gama_22082024-000000-1_EN-OL-RC-500_2,we,<eps>,,,s,,,1,1.0,1,S
mne_5-a-14_kv_kv-no1-vasco-da-gama_22082024-000000-1_EN-OL-RC-500_2,were,<eps>,,,s,,,1,1.0,1,S
mne_5-a-14_kv_kv-no1-vasco-da-gama_22082024-000000-1_EN-OL-RC-500_2,not,<eps>,,,s,,,1,1.0,1,S
mne_5-a-14_kv_kv-no1-vasco-da-gama_22082024-000000-1_EN-OL-RC-500_2,looking,<eps>,,,s,,,1,1.0,1,S
mne_5-a-14_kv_kv-no1-vasco-da-gama_22082024-000000-1_EN-OL-RC-500_2,but,but,23.73,24.12,s,0.0,0.0109298201277852,0,0.052143,0,C
mne_5-a-14_kv_kv-no1-vasco-da-gama_22082024-000000-1_EN-OL-RC-500_2,lucky,lucky,24.12,24.87,s,0.0,0.0041900817304849,0,0.171941,0,C
mne_5-a-14_kv_kv-no1-vasco-da-gama_22082024-000000-1_EN-OL-RC-500_2,saw,saw,26.79,27.21,d,8.369824852362346,0.0006916741258464,0,0.874332,1,S
mne_5-a-14_kv_kv-no1-vasco-da-gama_22082024-000000-1_EN-OL-RC-500_2,it,it,27.21,27.57,c,0.0,0.0030365886632353,0,0.172023,0,C
mne_5-a-14_kv_kv-no1-vasco-da-gama_22082024-000000-1_EN-OL-RC-500_2,running,running,27.57,28.29,c,0.0,0.0017154745291918,0,0.285649,0,C
mne_5-a-14_kv_kv-no1-vasco-da-gama_22082024-000000-1_EN-OL-RC-500_2,away,away,28.44,29.19,s,18.175843508194987,0.0012126434594392,0,0.968788,1,S
mne_5-a-14_kv_kv-no1-vasco-da-gama_22082024-000000-1_EN-OL-RC-500_2,at,at,29.79,30.27,c,0.0,0.0050855753943324,0,0.133009,0,C
mne_5-a-14_kv_kv-no1-vasco-da-gama_22082024-000000-1_EN-OL-RC-500_2,once,once,30.27,30.72,c,0.0,0.0091990418732166,0,0.061945,0,C
mne_5-a-14_kv_kv-no1-vasco-da-gama_22082024-000000-1_EN-OL-RC-500_2,he,he,30.75,31.14,c,0.0,0.0011839258950203,0,0.3798,0,C
mne_5-a-14_kv_kv-no1-vasco-da-gama_22082024-000000-1_EN-OL-RC-500_2,began,began,31.14,31.71,s,6.152350158446714,0.0019160765223205,0,0.550988,0,C
mne_5-a-14_kv_kv-no1-vasco-da-gama_22082024-000000-1_EN-OL-RC-500_2,to,to,31.74,32.04,c,0.0,0.0053399903699755,0,0.121527,0,C
mne_5-a-14_kv_kv-no1-vasco-da-gama_22082024-000000-1_EN-OL-RC-500_2,run,run,32.04,32.43,c,0.0,0.010492474772036,0,0.059093,0,C
mne_5-a-14_kv_kv-no1-vasco-da-gama_22082024-000000-1_EN-OL-RC-500_2,after,after,32.82,33.84,c,1.8273272771167963,0.0051633771508932,0,0.142606,0,C
mne_5-a-14_kv_kv-no1-vasco-da-gama_22082024-000000-1_EN-OL-RC-500_2,the,the,34.02,34.2,c,0.0,0.0157191921025514,0,0.017518,0,C
mne_5-a-14_kv_kv-no1-vasco-da-gama_22082024-000000-1_EN-OL-RC-500_2,goat,goat,34.2,34.83,c,0.0,0.0041740150190889,0,0.171941,0,C
mne_5-a-14_kv_kv-no1-vasco-da-gama_22082024-000000-1_EN-OL-RC-500_2,in,in,34.86,35.31,c,0.0,0.0110699534416198,0,0.071016,0,C
mne_5-a-14_kv_kv-no1-vasco-da-gama_22082024-000000-1_EN-OL-RC-500_2,the,the,35.31,35.58,c,0.0,0.0090153785422444,0,0.038673,0,C
mne_5-a-14_kv_kv-no1-vasco-da-gama_22082024-000000-1_EN-OL-RC-500_2,end,end,35.61,36.0,c,2.4288608895336603,0.0016426122747361,0,0.506001,0,C
mne_5-a-14_kv_kv-no1-vasco-da-gama_22082024-000000-1_EN-OL-RC-500_2,lucky,lucky,36.24,36.84,c,0.0,0.0040062116459012,0,0.171941,0,C
mne_5-a-14_kv_kv-no1-vasco-da-gama_22082024-000000-1_EN-OL-RC-500_2,caught,caught,36.84,37.5,s,5.1273135987356975,0.0033169281668961,0,0.789243,0,C
mne_5-a-14_kv_kv-no1-vasco-da-gama_22082024-000000-1_EN-OL-RC-500_2,it,it,37.86,38.19,c,0.0,0.0027710224967449,0,0.218548,0,C
mne_5-a-14_kv_kv-no1-vasco-da-gama_22082024-000000-1_EN-OL-RC-500_2,by,by,38.4,38.82,c,0.0,0.0091967703774571,0,0.061945,0,C
mne_5-a-14_kv_kv-no1-vasco-da-gama_22082024-000000-1_EN-OL-RC-500_2,the,the,38.82,39.06,c,0.0,0.0150068802759051,0,0.035019,0,C
mne_5-a-14_kv_kv-no1-vasco-da-gama_22082024-000000-1_EN-OL-RC-500_2,tail,tail,39.06,39.57,c,0.0,0.0039733992889523,0,0.189236,0,C
mne_5-a-14_kv_kv-no1-vasco-da-gama_22082024-000000-1_EN-OL-RC-500_2,and,at,39.6,40.02,s,12.309717155552573,0.0054341438226401,0,0.976265,1,S
mne_5-a-14_kv_kv-no1-vasco-da-gama_22082024-000000-1_EN-OL-RC-500_2,held,him,40.26,40.65,d,8.39265641968621,0.0002378987555857,0,0.859823,1,S
mne_5-a-14_kv_kv-no1-vasco-da-gama_22082024-000000-1_EN-OL-RC-500_2,on,on,40.98,41.55,c,4.464653876545038,0.0017281975597143,0,0.640881,0,C
mne_5-a-14_kv_kv-no1-vasco-da-gama_22082024-000000-1_EN-OL-RC-500_2,tight,tight,42.81,43.41,s,3.8933488049826166,0.0004313083773013,0,0.771641,0,C
mne_5-a-14_kv_kv-no1-vasco-da-gama_22082024-000000-1_EN-OL-RC-500_2,until,until,43.59,44.37,c,0.0,0.0127170933410525,0,0.072999,0,C
mne_5-a-14_kv_kv-no1-vasco-da-gama_22082024-000000-1_EN-OL-RC-500_2,we,we,44.37,44.64,c,0.0,0.0039699086919426,0,0.189236,0,C
mne_5-a-14_kv_kv-no1-vasco-da-gama_22082024-000000-1_EN-OL-RC-500_2,came,came,45.45,45.87,c,0.0,0.0112003898248076,0,0.102952,0,C
mne_5-a-14_kv_kv-no1-vasco-da-gama_22082024-000000-1_EN-OL-RC-500_2,with,with,45.87,46.2,c,0.0,0.0035197832621634,0,0.170065,0,C
mne_5-a-14_kv_kv-no1-vasco-da-gama_22082024-000000-1_EN-OL-RC-500_2,a,a,46.56,46.8,c,0.0,0.011519799940288,0,0.062217,0,C
mne_5-a-14_kv_kv-no1-vasco-da-gama_22082024-000000-1_EN-OL-RC-500_2,rope,rope,46.8,47.25,c,0.0,0.0039157550781965,0,0.170065,0,C
mne_5-a-14_kv_kv-no1-vasco-da-gama_22082024-000000-1_EN-OL-RC-500_2,and,and,47.28,47.73,c,2.95656721210025,0.0086068529635667,0,0.096947,0,C
mne_5-a-14_kv_kv-no1-vasco-da-gama_22082024-000000-1_EN-OL-RC-500_2,tied,tied,47.73,48.15,c,0.0,0.0071905669756233,0,0.1273,0,C
mne_5-a-14_kv_kv-no1-vasco-da-gama_22082024-000000-1_EN-OL-RC-500_2,it,it,48.15,48.24,s,3.9850476336990983,0.0138091631233692,0,0.854476,1,S
mne_5-a-14_kv_kv-no1-vasco-da-gama_22082024-000000-1_EN-OL-RC-500_2,up,up,48.6,48.84,c,4.423776893499696,0.0009865578031167,0,0.670311,0,C
